{"type":"FeatureCollection", "features": [
{"type":"Feature","geometry":{"type":"Polygon","coordinates":[[[1.485537886619568,42.62621307373047],[1.488844156265259,42.56119155883789],[1.575427651405334,42.43117141723633],[1.80907130241394,42.56119155883789],[1.72901451587677,42.56119155883789],[1.725796341896057,42.62621307373047],[1.645710229873657,42.62621307373047],[1.565624117851257,42.62621307373047],[1.485537886619568,42.62621307373047]]]},"properties":{"Name":"County of Urgell","FromYear":1344,"ToYear":1515,"Area":332.50452742783244,"Type":"POLITY","Wikipedia":"County of Urgell","Wikidata":"Q1514510","SeshatID":"","Components":"","MemberOf":""}},
{"type":"Feature","geometry":{"type":"MultiPolygon","coordinates":[[[[2.610407114028931,34.42197799682617],[2.608296155929565,34.48630142211914],[2.531259059906006,34.48630142211914],[2.533390045166016,34.42197799682617],[2.610407114028931,34.42197799682617]]],[[[4.453888416290283,34.614952087402344],[4.604804992675781,34.743614196777344],[4.673835277557373,35.065311431884766],[4.672201633453369,35.12965774536133],[4.641877174377441,36.28839111328125],[4.562509536743164,36.3527946472168],[4.560747623443604,36.417205810546875],[4.638402462005615,36.417205810546875],[4.633151531219482,36.61045455932617],[4.475908756256104,36.67487716674805],[4.390811920166016,36.932613372802734],[4.31298303604126,36.932613372802734],[3.850007295608521,36.80373764038086],[3.458978891372681,36.8681755065918],[3.229894161224365,36.73930740356445],[2.841080188751221,36.73930740356445],[2.690169095993042,36.61045455932617],[2.376901149749756,36.67487716674805],[1.529616475105286,36.48161697387695],[1.216211557388306,36.5460319519043],[0.913757801055908,36.3527946472168],[0.678023815155029,36.417205810546875],[0.683685302734375,36.28839111328125],[0.376142233610153,36.2239875793457],[0.083524890244007,35.837650299072266],[-0.458719998598099,35.837650299072266],[-0.530006587505341,35.708900451660156],[-0.917115688323975,35.708900451660156],[-1.065529465675354,35.58015823364258],[-1.223541498184204,35.644527435302734],[-1.136477708816528,35.45143127441406],[-1.358735799789429,35.258358001708984],[-2.044016122817993,35.065311431884766],[-2.121232748031616,35.065311431884766],[-2.114432096481323,34.93662643432617],[-1.715473294258118,34.679283142089844],[-1.578816890716553,33.45735549926758],[-1.502088189125061,33.45735549926758],[-0.683780312538147,34.03607940673828],[-0.689594328403473,34.164703369140625],[-0.53571629524231,34.164703369140625],[-0.467391967773438,34.3576545715332],[0.302583903074265,34.3576545715332],[0.451262414455414,34.48630142211914],[0.684976637363434,34.42197799682617],[1.293753147125244,34.614952087402344],[2.449900150299072,34.614952087402344],[2.920501947402954,34.3576545715332],[4.455537796020508,34.55062484741211],[4.453888416290283,34.614952087402344]]]]},"properties":{"Name":"Zayyanid dynasty","FromYear":1363,"ToYear":1506,"Area":126172.03510638671,"Type":"POLITY","Wikipedia":"Zayyanid dynasty","Wikidata":"Q307697","SeshatID":"dz_zayyanid_dyn;dz_tlemcen","Components":"","MemberOf":""}},
{"type":"Feature","geometry":{"type":"Polygon","coordinates":[[[27.861310958862305,45.300437927246094],[27.630565643310547,45.431331634521484],[26.659894943237305,45.496795654296875],[26.41556167602539,45.496795654296875],[26.240449905395508,45.36587905883789],[26.10191535949707,45.62776184082031],[25.93889808654785,45.62776184082031],[25.84545135498047,45.496795654296875],[25.438228607177734,45.496795654296875],[25.34526824951172,45.36587905883789],[25.042299270629883,45.62776184082031],[23.483562469482422,45.496795654296875],[23.47352409362793,45.36587905883789],[23.138248443603516,45.23500442504883],[22.650352478027344,45.23500442504883],[22.531999588012695,44.71194839477539],[22.689453125,44.64661407470703],[22.518192291259766,44.5159797668457],[22.50443458557129,44.32010269165039],[22.894636154174805,44.12431716918945],[22.951791763305664,43.79821014404297],[23.601760864257812,43.86341094970703],[24.15087890625,43.6678352355957],[24.881397247314453,43.73301696777344],[25.434297561645508,43.6026611328125],[25.84855079650879,43.73301696777344],[26.281423568725586,44.05907440185547],[27.492671966552734,44.05907440185547],[27.828874588012695,44.18956756591797],[27.943035125732422,44.5159797668457],[27.787734985351562,44.58129119873047],[27.801036834716797,44.71194839477539],[27.969886779785156,44.77729415893555],[27.99687957763672,45.03877639770508],[27.847858428955078,45.169586181640625],[27.861310958862305,45.300437927246094]]]},"properties":{"Name":"Principality of Wallachia","FromYear":1422,"ToYear":1528,"Area":74280.00536401017,"Type":"POLITY","Wikipedia":"Wallachia","Wikidata":"Q171393","SeshatID":"ro_wallachia_principality_2","Components":"","MemberOf":""}},
{"type":"Feature","geometry":{"type":"MultiPolygon","coordinates":[[[[27.54010581970215,58.528167724609375],[27.450220108032227,58.528167724609375],[27.370315551757812,59.15507125854492],[27.641536712646484,59.15507125854492],[27.731943130493164,59.15507125854492],[28.026525497436523,59.294734954833984],[28.03827770943572,59.36459514969338],[28.061809539794922,59.504478454589844],[27.88040542602539,59.504478454589844],[26.79198455810547,59.504478454589844],[26.45072364807129,59.64447021484375],[25.54251480102539,59.64447021484375],[25.552736282348633,59.714515686035156],[25.370975494384766,59.714515686035156],[25.350799560546875,59.574459075927734],[24.161630630493164,59.504478454589844],[23.961997985839844,59.36461639404297],[23.409774780273438,59.294734954833984],[23.405317306518555,58.528167724609375],[23.666316986083984,58.45867156982422],[23.819801330566406,58.2503662109375],[24.268098831176758,58.2503662109375],[24.23385238647461,57.28189468383789],[23.9417724609375,57.07511901855469],[23.57867431640625,57.00625228881836],[22.51758575439453,57.8345832824707],[21.788402557373047,57.696231842041016],[21.41047477722168,57.488929748535156],[21.280134201049805,57.07511901855469],[21.000686645507812,56.937416076660156],[20.954788208007812,56.45634460449219],[20.866546630859375,56.45634460449219],[20.92256736755371,56.11355972290039],[20.916179656982422,56.04508590698242],[21.18651008605957,56.11355972290039],[21.382530212402344,56.319149017333984],[21.74201202392578,56.387733459472656],[23.41761016845703,56.387733459472656],[24.1064510345459,56.25059127807617],[24.82863998413086,56.387733459472656],[25.066509246826172,56.182064056396484],[25.761505126953125,56.11355972290039],[25.8309326171875,55.97663879394531],[26.495513916015625,55.70311737060547],[26.865774154663086,55.83982467651367],[27.470035552978516,55.77145767211914],[27.971586227416992,56.182064056396484],[28.14765167236328,56.182064056396484],[28.19062614440918,56.45634460449219],[27.880273818969727,56.731075286865234],[27.901763916015625,56.86860656738281],[27.646713256835938,56.937416076660156],[27.800064086914062,57.35087585449219],[27.3873348236084,57.55800247192383],[27.72037696838379,57.97305679321289],[27.731441497802734,58.042335510253906],[27.641950607299805,58.042335510253906],[27.65298843383789,58.11164855957031],[27.664058685302734,58.180992126464844],[27.484853744506836,58.180992126464844],[27.54010581970215,58.528167724609375]]],[[[21.847291946411133,58.2503662109375],[21.929460525512695,58.180992126464844],[22.01906394958496,58.180992126464844],[21.899707794189453,57.903804779052734],[22.078466415405273,57.903804779052734],[22.287872314453125,58.180992126464844],[23.119043350219727,58.38920593261719],[23.23394203186035,58.59769821166992],[22.252349853515625,58.66725540161133],[22.146902084350586,58.528167724609375],[21.877241134643555,58.528167724609375],[21.847291946411133,58.2503662109375]]],[[[22.350223541259766,58.73685073852539],[22.620399475097656,58.73685073852539],[22.710458755493164,58.73685073852539],[22.898815155029297,58.80647277832031],[22.841659545898438,59.08528518676758],[22.488330841064453,59.15507125854492],[22.201353073120117,59.015533447265625],[22.185684204101562,58.876129150390625],[22.36603355407715,58.876129150390625],[22.350223541259766,58.73685073852539]]]]},"properties":{"Name":"Livonian Conference","FromYear":1422,"ToYear":1511,"Area":116337.92982875183,"Type":"POLITY","Wikipedia":"Livonian language","Wikidata":"Q33698","SeshatID":"","Components":"","MemberOf":""}},
{"type":"Feature","geometry":{"type":"MultiPolygon","coordinates":[[[[18.303630828857422,42.62621307373047],[18.30077362060547,42.56119155883789],[18.380830764770508,42.56119155883789],[18.38198386309512,42.58717247217962],[18.383716583251953,42.62621307373047],[18.303630828857422,42.62621307373047]]],[[[17.745683670043945,42.691246032714844],[17.748348236083984,42.75628662109375],[17.668203353881836,42.75628662109375],[17.665569305419922,42.691246032714844],[17.745683670043945,42.691246032714844]]],[[[17.510494232177734,42.82133865356445],[17.83389663696289,42.88639831542969],[18.143457412719727,42.62621307373047],[18.303630828857422,42.62621307373047],[18.306493759155273,42.691246032714844],[18.080114364624023,43.016544342041016],[17.518270340175995,43.016544342041016],[17.518268585205078,43.016544342041016],[17.515670776367188,42.95146560668945],[17.510494232177734,42.82133865356445]]]]},"properties":{"Name":"Republic of Ragusa","FromYear":1429,"ToYear":1771,"Area":1539.520179708215,"Type":"POLITY","Wikipedia":"Republic of Ragusa","Wikidata":"Q208169","SeshatID":"","Components":"","MemberOf":""}},
{"type":"Feature","geometry":{"type":"Polygon","coordinates":[[[4.453888416290283,34.614952087402344],[4.530964851379395,34.614952087402344],[6.920335292816162,34.614952087402344],[7.153473854064941,34.48630142211914],[7.846806526184082,34.48630142211914],[8.001612663269043,34.42197799682617],[8.0807523727417,34.22901916503906],[8.773378372192383,34.22901916503906],[8.927783012390137,34.164703369140625],[8.928751945495605,34.03607940673828],[9.082552909851074,34.03607940673828],[9.315913200378418,33.5859489440918],[9.623573303222656,33.45735549926758],[9.547471046447754,33.32876968383789],[9.62503719329834,33.13589859008789],[10.08484935760498,33.13589859008789],[10.008606910705566,33.00732421875],[10.391599655151367,33.00732421875],[11.157184600830078,32.685909271240234],[11.309853553771973,32.493072509765625],[11.462910652160645,32.557350158691406],[11.539045333862305,32.428794860839844],[11.768352508544922,32.428794860839844],[11.767910957336426,32.30024337768555],[12.455889701843262,32.36451721191406],[13.0667085647583,32.30024337768555],[13.06567096710205,32.171695709228516],[13.29533576965332,32.23596954345703],[13.82862377166748,32.107421875],[14.586112022399902,31.65752601623535],[14.584433555603027,31.528987884521484],[15.187263488769531,31.079113006591797],[15.184454917907715,30.886310577392578],[15.489551544189453,30.950578689575195],[16.701202392578125,30.69350814819336],[18.28125762939453,30.050809860229492],[18.69953052650482,30],[18.813359252879877,30],[18.8246491043041,30.050809860229492],[18.869278136051307,30.25166235864125],[18.896053314208984,30.372163772583008],[18.592470169067383,30.372163772583008],[17.99736785888672,30.886310577392578],[17.469486236572266,31.079113006591797],[16.178552627563477,31.20764923095703],[15.64897632598877,31.40045166015625],[15.575982093811035,31.593257904052734],[15.424593925476074,31.65752601623535],[15.206924438476562,32.36451721191406],[14.749334335327148,32.428794860839844],[14.674704551696777,32.557350158691406],[14.444439888000488,32.493072509765625],[14.065231323242188,32.75019073486328],[13.759129524230957,32.75019073486328],[13.760527610778809,32.878753662109375],[13.453653335571289,32.81447219848633],[13.301749229431152,32.94303894042969],[13.072009086608887,32.94303894042969],[12.841785430908203,32.878753662109375],[12.840824127197266,32.75019073486328],[12.534722328186035,32.75019073486328],[12.612099647521973,32.878753662109375],[12.228955268859863,32.81447219848633],[11.464441299438477,33.20018768310547],[11.157825469970703,33.20018768310547],[11.081541061401367,33.5859489440918],[10.697741508483887,33.52165222167969],[10.544031143188477,33.71455001831055],[10.23681354522705,33.71455001831055],[10.005777359008789,33.90746307373047],[10.081672668457031,34.22901916503906],[10.004497528076172,34.2933349609375],[10.543014526367188,34.55062484741211],[10.851213455200195,34.80794906616211],[10.85119342803955,34.93662643432617],[11.082771301269531,35.00096893310547],[11.005731582641602,35.38706970214844],[11.083049774169922,35.38706970214844],[11.08318042755127,35.58015823364258],[10.851019859313965,35.644527435302734],[10.851000785827637,35.708900451660156],[10.463515281677246,35.902034759521484],[10.540250778198242,36.3527946472168],[10.462488174438477,36.417205810546875],[11.006199836730957,36.80373764038086],[11.006271362304688,36.9970588684082],[10.850569725036621,36.9970588684082],[10.539600372314453,36.73930740356445],[10.228352546691895,36.80373764038086],[10.305440902709961,37.06150817871094],[10.227567672729492,37.06150817871094],[10.226980209350586,37.254878997802734],[9.993423461914062,37.1904182434082],[9.603086471557617,37.3193473815918],[9.05947494506836,37.06150817871094],[8.903155326843262,37.12596130371094],[8.516410827636719,36.8681755065918],[7.738344192504883,36.8681755065918],[7.658689975738525,36.9970588684082],[7.346271514892578,37.06150817871094],[7.193697929382324,36.8681755065918],[6.804664611816406,36.8681755065918],[6.333924293518066,37.06150817871094],[6.103042125701904,36.932613372802734],[6.105763912200928,36.80373764038086],[5.639055728912354,36.80373764038086],[5.56428337097168,36.67487716674805],[5.097836971282959,36.67487716674805],[4.859498500823975,36.8681755065918],[4.468640327453613,36.932613372802734],[4.390811920166016,36.932613372802734],[4.475908756256104,36.67487716674805],[4.633151531219482,36.61045455932617],[4.638402462005615,36.417205810546875],[4.640142440795898,36.3527946472168],[4.562509536743164,36.3527946472168],[4.641877174377441,36.28839111328125],[4.672201633453369,35.12965774536133],[4.673835277557373,35.065311431884766],[4.604804992675781,34.743614196777344],[4.453888416290283,34.614952087402344]]]},"properties":{"Name":"Hafsid Dynasty","FromYear":1453,"ToYear":1511,"Area":224190.0243258465,"Type":"POLITY","Wikipedia":"Hafsid dynasty","Wikidata":"Q752662","SeshatID":"","Components":"","MemberOf":""}},
{"type":"Feature","geometry":{"type":"Polygon","coordinates":[[[38.540340423583984,54.74907684326172],[38.57921600341797,54.545284271240234],[38.91038131713867,54.47740173339844],[38.87825393676758,54.341712951660156],[38.964935302734375,54.341712951660156],[38.987548828125,54.07062530517578],[39.14453125,54.00291442871094],[39.167301177978516,53.732303619384766],[39.33979797363281,53.732303619384766],[39.46449661254883,53.52959060668945],[39.72282791137695,53.52959060668945],[39.75492477416992,53.664710998535156],[39.841129302978516,53.664710998535156],[39.8572998046875,53.732303619384766],[39.885311126708984,54.20612335205078],[40.29879379272461,54.47740173339844],[40.47011184692383,55.15733337402344],[40.33022689819336,55.29362487792969],[40.50532913208008,55.63479995727539],[40.43535232543945,55.70311737060547],[40.260005950927734,55.70311737060547],[40.13740158081055,55.56651306152344],[39.89198303222656,55.63479995727539],[39.665321350097656,55.430015563964844],[39.29860305786133,55.36180877685547],[39.073822021484375,55.15733337402344],[38.89928436279297,55.15733337402344],[38.540340423583984,54.74907684326172]]]},"properties":{"Name":"Ryazan","FromYear":1453,"ToYear":1501,"Area":17025.867411538013,"Type":"POLITY","Wikipedia":"Ryazan","Wikidata":"Q269109","SeshatID":"","Components":"","MemberOf":""}},
{"type":"Feature","geometry":{"type":"Polygon","coordinates":[[[39.8572998046875,53.732303619384766],[40.02980041503906,53.732303619384766],[40.08347702026367,53.597137451171875],[40.633548736572266,53.732303619384766],[40.858882904052734,53.597137451171875],[41.06480026245117,53.732303619384766],[41.04619216918945,54.00291442871094],[41.77260208129883,54.138362884521484],[41.79012680053711,54.20612335205078],[42.2338752746582,55.225467681884766],[41.79728317260742,55.225467681884766],[41.85204315185547,55.430015563964844],[41.71366500854492,55.56651306152344],[41.805965423583984,55.90821838378906],[41.191184997558594,55.90821838378906],[40.43535232543945,55.70311737060547],[40.50532913208008,55.63479995727539],[40.33022689819336,55.29362487792969],[40.47011184692383,55.15733337402344],[40.29879379272461,54.47740173339844],[39.885311126708984,54.20612335205078],[39.8572998046875,53.732303619384766]]]},"properties":{"Name":"Qasim Khanate","FromYear":1453,"ToYear":1501,"Area":23756.8355341701,"Type":"POLITY","Wikipedia":"Qasim Khanate","Wikidata":"Q836169","SeshatID":"","Components":"","MemberOf":""}},
{"type":"Feature","geometry":{"type":"MultiPolygon","coordinates":[[[[26.111188888549805,38.157840728759766],[26.217344284057617,38.54513168334961],[25.99143409729004,38.67427444458008],[25.912982940673828,38.67427444458008],[25.820756912231445,38.48057174682617],[25.89913558959961,38.48057174682617],[25.876405715942383,38.157840728759766],[26.111188888549805,38.157840728759766]]],[[[24.973936080932617,39.8376350402832],[25.447328567504883,39.8376350402832],[25.46186065673828,40.031734466552734],[25.145954132080078,40.031734466552734],[25.066978454589844,40.031734466552734],[24.973936080932617,39.8376350402832]]],[[[26.082168579101562,40.873565673828125],[26.06629753112793,40.6791877746582],[26.12574023238567,40.6791877746582],[26.22477912902832,40.6791877746582],[26.230104446411133,40.74397277832031],[26.082168579101562,40.873565673828125]]],[[[9.5735502243042,42.75628662109375],[9.49340534210205,42.75628662109375],[9.491888999938965,43.016544342041016],[9.331360816955566,43.016544342041016],[9.251097679138184,43.016544342041016],[9.17282485961914,42.75628662109375],[8.772740364074707,42.691246032714844],[8.534564018249512,42.496177673339844],[8.538846015930176,42.10627746582031],[8.700496673583984,41.911441802978516],[8.622743606567383,41.71668243408203],[8.782108306884766,41.71668243408203],[8.783942222595215,41.521995544433594],[9.1038236618042,41.32738494873047],[9.262411117553711,41.39224624633789],[9.49889087677002,41.781593322753906],[9.497812271118164,41.97637939453125],[9.577608108520508,41.97637939453125],[9.5735502243042,42.75628662109375]]],[[[7.310199737548828,43.79821014404297],[7.229573249816895,43.79821014404297],[7.230842113494873,43.73301696777344],[7.31143856048584,43.73301696777344],[7.310199737548828,43.79821014404297]]],[[[9.969943046569824,44.05907440185547],[9.889193534851074,44.05907440185547],[9.889463424682617,43.99384307861328],[9.970182418823242,43.99384307861328],[9.969943046569824,44.05907440185547]]],[[[9.969700813293457,44.12431716918945],[9.96945571899414,44.18956756591797],[9.64546012878418,44.32010269165039],[9.644309997558594,44.5159797668457],[9.481462478637695,44.64661407470703],[9.156752586364746,44.71194839477539],[8.994627952575684,44.71194839477539],[8.914925575256348,44.58129119873047],[8.590126037597656,44.64661407470703],[8.429792404174805,44.5159797668457],[8.105920791625977,44.5159797668457],[8.030961036682129,44.12431716918945],[7.950180053710938,44.12431716918945],[7.869399070739746,44.12431716918945],[7.788618564605713,44.12431716918945],[7.707837581634521,44.12431716918945],[7.62705659866333,44.12431716918945],[7.629331111907959,43.99384307861328],[7.388396263122559,43.92862319946289],[7.310199737548828,43.79821014404297],[7.39082670211792,43.79821014404297],[8.033902168273926,43.92862319946289],[8.065429538939915,43.980793520906275],[8.112696640069434,44.05900936344351],[8.112735943835727,44.05907440185547],[8.152163205391814,44.12431716918945],[8.191595077514648,44.18956756591797],[8.271687035285549,44.241728319532974],[8.291803533811333,44.25482940673828],[8.3518255608292,44.29391940091357],[8.39202956231803,44.32010269165039],[8.592522621154785,44.45067596435547],[9.159077644348145,44.45067596435547],[9.63990758187848,44.1745396319326],[9.7273588180542,44.12431716918945],[9.888919830322266,44.12431716918945],[9.969700813293457,44.12431716918945]]],[[[27.012035369873047,37.641746520996094],[27.026260375976562,37.835243225097656],[26.635540008544922,37.835243225097656],[26.55739402770996,37.835243225097656],[26.62165641784668,37.641746520996094],[27.012035369873047,37.641746520996094]]],[[[26.24588966369629,38.93262481689453],[26.643573760986328,38.997230529785156],[26.511207580566406,39.320335388183594],[26.122615814208984,39.38497543334961],[26.043895721435547,39.38497543334961],[25.793418884277344,39.19107437133789],[26.103172302246094,39.1264533996582],[26.09356689453125,38.997230529785156],[26.24588966369629,38.93262481689453]]],[[[33.52981185913086,44.5159797668457],[33.53867721557617,44.58129119873047],[33.48467410096275,44.58129119873047],[33.457679748535156,44.58129119873047],[33.44884490966797,44.5159797668457],[33.50281899102185,44.5159797668457],[33.52981185913086,44.5159797668457]]],[[[33.52096176147461,44.45067596435547],[33.92564392089844,44.45067596435547],[34.376285552978516,44.77729415893555],[34.95339584350586,44.842647552490234],[35.387939453125,45.03877639770508],[35.39760208129883,45.10417556762695],[34.55707931518555,44.908016204833984],[34.475921630859375,44.908016204833984],[34.12426874419686,44.71216362783144],[34.12388229370117,44.71194839477539],[34.12387227405638,44.71187656285562],[34.114768981933594,44.64661407470703],[34.03373718261719,44.64661407470703],[33.85368347167969,44.5159797668457],[33.52981185913086,44.5159797668457],[33.52096176147461,44.45067596435547]]],[[[36.778892517089844,45.10417556762695],[36.86014175415039,45.10417556762695],[36.9413948059082,45.10417556762695],[37.097006942742574,45.06057100298558],[37.17478561401367,45.03877639770508],[37.17651599041221,45.04967254278036],[37.216339111328125,45.300437927246094],[36.93586748092214,45.3789491163904],[36.74873733520508,45.431331634521484],[36.778892517089844,45.10417556762695]]],[[[36.23013687133789,45.23500442504883],[36.3826904296875,45.169586181640625],[36.42308807373047,45.431331634521484],[36.2602653503418,45.431331634521484],[36.250205993652344,45.36587905883789],[36.23013687133789,45.23500442504883]]],[[[39.385501861572266,47.46647262573242],[39.30305862426758,47.46647262573242],[39.214670714251604,47.43354035500728],[39.12632369995117,47.4006233215332],[39.149861151642114,47.37866029409693],[39.26741409301758,47.26897048950195],[39.25559616088867,47.20316696166992],[39.243812561035156,47.13737487792969],[39.232059478759766,47.07159423828125],[39.2203369140625,47.005828857421875],[39.47877502441406,47.07159423828125],[39.52638626098633,47.33478927612305],[39.385501861572266,47.46647262573242]]]]},"properties":{"Name":"Republic of Genoa","FromYear":1453,"ToYear":1525,"Area":26048.744148078295,"Type":"POLITY","Wikipedia":"Republic of Genoa","Wikidata":"Q174306","SeshatID":"it_genoa_rep_2","Components":"","MemberOf":""}},
{"type":"Feature","geometry":{"type":"MultiPolygon","coordinates":[[[[7.015303134918213,49.58156967163086],[7.016964435577393,49.51522445678711],[7.100532054901123,49.51522445678711],[7.10215425491333,49.44889450073242],[7.357261657714844,49.2500114440918],[7.688215255737305,49.38258361816406],[7.690926074981689,49.2500114440918],[8.029407501220703,48.98506164550781],[8.112674713134766,48.98506164550781],[8.2748384475708,49.2500114440918],[8.774468421936035,49.316287994384766],[8.605683326721191,49.44889450073242],[8.355094909667969,49.44889450073242],[8.267212867736816,49.71431350708008],[7.848801136016846,49.71431350708008],[7.761168956756592,49.91355895996094],[7.509773254394531,49.91355895996094],[7.600542545318604,49.58156967163086],[7.015303134918213,49.58156967163086]]],[[[11.277556419372559,49.18375015258789],[11.527325630187988,49.11750411987305],[11.692716598510742,48.91886520385742],[12.109475135803223,48.98506164550781],[12.275324821472168,48.91886520385742],[12.27397346496582,48.786521911621094],[12.35783863067627,48.852684020996094],[12.441031455993652,48.852684020996094],[12.524224281311035,48.852684020996094],[12.610759735107422,49.11750411987305],[12.860783576965332,49.11750411987305],[13.02955150604248,49.2500114440918],[12.532414436340332,49.51522445678711],[12.534139633178711,49.64793395996094],[12.36764907836914,49.71431350708008],[12.370920181274414,49.98000717163086],[12.12159538269043,50.17946243286133],[11.869729042053223,50.17946243286133],[11.699701309204102,49.91355895996094],[11.19636058807373,49.78071212768555],[11.278903007507324,49.51522445678711],[11.028035163879395,49.44889450073242],[11.027566909790039,49.2500114440918],[11.277556419372559,49.18375015258789]]]]},"properties":{"Name":"Electorate of Trier","FromYear":1459,"ToYear":1555,"Area":17043.146627744925,"Type":"POLITY","Wikipedia":"Electorate of Trier","Wikidata":"Q1794352","SeshatID":"","Components":"","MemberOf":""}},
{"type":"Feature","geometry":{"type":"Polygon","coordinates":[[[4.799726963043213,44.12431716918945],[4.99188536214119,44.17651569530577],[5.039933204650879,44.18956756591797],[5.012281908400454,44.21131287729043],[4.973548851088087,44.241773018617515],[4.95694637298584,44.25482940673828],[4.876103401184082,44.25482940673828],[4.8542766863815885,44.21753186502837],[4.799726963043213,44.12431716918945]]]},"properties":{"Name":"Principality of Orange","FromYear":1459,"ToYear":1563,"Area":140.52605969985626,"Type":"POLITY","Wikipedia":"Principality of Orange","Wikidata":"Q2281221","SeshatID":"","Components":"","MemberOf":""}},
{"type":"Feature","geometry":{"type":"Polygon","coordinates":[[[13.02955150604248,49.2500114440918],[12.860783576965332,49.11750411987305],[12.610759735107422,49.11750411987305],[12.524224281311035,48.852684020996094],[12.441031455993652,48.852684020996094],[12.35783863067627,48.852684020996094],[12.27397346496582,48.786521911621094],[12.275324821472168,48.91886520385742],[12.109475135803223,48.98506164550781],[11.692716598510742,48.91886520385742],[11.527325630187988,49.11750411987305],[11.277556419372559,49.18375015258789],[10.860533714294434,49.051273345947266],[11.027008056640625,48.98506164550781],[10.943561553955078,48.852684020996094],[10.61073112487793,48.91886520385742],[10.360239028930664,49.2500114440918],[10.027185440063477,49.11750411987305],[10.02780818939209,48.98506164550781],[10.278019905090332,48.852684020996094],[10.2784423828125,48.72037124633789],[10.444967269897461,48.5881233215332],[10.528592109680176,48.257774353027344],[10.52871322631836,48.191749572753906],[10.44686222076416,47.79592514038086],[10.694778442382812,47.730003356933594],[10.61239242553711,47.598209381103516],[10.694906234741211,47.598209381103516],[11.024916641328776,47.56055918803566],[11.272320747375488,47.53233337402344],[11.272144317626953,47.46647262573242],[11.437032699584961,47.46647262573242],[11.436545372009277,47.33478927612305],[11.600985527038574,47.26897048950195],[11.848007202148438,47.26897048950195],[12.014627456665039,47.53233337402344],[12.262062072753906,47.53233337402344],[12.342669486999512,47.33478927612305],[12.508110046386719,47.4006233215332],[12.510897636413574,47.664100646972656],[12.75854206085205,47.664100646972656],[12.839411735534668,47.53233337402344],[13.087788581848145,47.598209381103516],[12.924517631530762,47.730003356933594],[12.927179336547852,47.92780685424805],[12.762627601623535,47.993770599365234],[12.765129089355469,48.191749572753906],[12.928975105285645,48.059749603271484],[13.177251815795898,48.059749603271484],[13.847192764282227,48.455936431884766],[13.76682186126709,48.5881233215332],[13.26854419708252,48.5881233215332],[13.189766883850098,48.852684020996094],[13.356151580810547,48.852684020996094],[13.358475685119629,48.98506164550781],[13.02955150604248,49.2500114440918]]]},"properties":{"Name":"Duchy of Bavaria","FromYear":1459,"ToYear":1506,"Area":36100.41615771284,"Type":"POLITY","Wikipedia":"Duchy of Bavaria","Wikidata":"Q47261","SeshatID":"","Components":"","MemberOf":""}},
{"type":"Feature","geometry":{"type":"Polygon","coordinates":[[[38.082881927490234,37.51277160644531],[38.39500427246094,37.51277160644531],[39.06048583984375,37.835243225097656],[39.16379165649414,38.028785705566406],[39.50235366821289,38.22237777709961],[39.441314697265625,38.351463317871094],[39.36298370361328,38.351463317871094],[39.310611724853516,38.54513168334961],[38.84877014160156,38.60969924926758],[36.82565689086914,38.738853454589844],[36.480289459228516,38.48057174682617],[36.15907287597656,38.416015625],[36.050289154052734,38.157840728759766],[35.722381591796875,38.028785705566406],[35.622135162353516,37.835243225097656],[36.012855529785156,37.835243225097656],[36.1468620300293,37.641746520996094],[37.01334762573242,37.706241607666016],[37.64599609375,37.7707405090332],[38.02067565917969,37.641746520996094],[38.082881927490234,37.51277160644531]]]},"properties":{"Name":"Beylik of Dulkadir","FromYear":1463,"ToYear":1511,"Area":30414.404688234095,"Type":"POLITY","Wikipedia":"Beylik of Dulkadir","Wikidata":"Q1264808","SeshatID":"","Components":"","MemberOf":""}},
{"type":"Feature","geometry":{"type":"Polygon","coordinates":[[[43.20489501953125,41.71668243408203],[43.228172302246094,41.84651184082031],[43.47916793823242,41.911441802978516],[43.6983642578125,42.236209869384766],[43.67877960205078,42.56119155883789],[43.78324508666992,42.691246032714844],[43.79549789428711,42.75628662109375],[43.73988342285156,42.88639831542969],[43.51148986816406,42.95146560668945],[43.43125534057617,42.95146560668945],[43.24655532836914,42.82133865356445],[42.697227478027344,42.88639831542969],[42.61702346801758,42.88639831542969],[42.581512451171875,42.691246032714844],[42.72990798950195,42.62621307373047],[42.706321716308594,42.496177673339844],[42.534576416015625,42.43117141723633],[42.38526916503906,42.041324615478516],[42.65854263305664,41.781593322753906],[42.62437438964844,41.586883544921875],[43.20489501953125,41.71668243408203]]]},"properties":{"Name":"Kingdom of Imereti","FromYear":1468,"ToYear":1578,"Area":11561.12012326642,"Type":"POLITY","Wikipedia":"Kingdom of Imereti","Wikidata":"Q1069959","SeshatID":"","Components":"","MemberOf":""}},
{"type":"Feature","geometry":{"type":"Polygon","coordinates":[[[41.72419357299805,43.276947021484375],[41.73588943481445,43.342071533203125],[41.41423416137695,43.342071533203125],[41.27650833129883,43.472347259521484],[40.735965728759766,43.6026611328125],[40.17222213745117,43.6026611328125],[39.988922119140625,43.472347259521484],[40.219173431396484,43.407203674316406],[40.41570281982422,43.146724700927734],[40.81732177734375,43.146724700927734],[40.95529556274414,43.016544342041016],[41.035560607910156,43.016544342041016],[41.11582565307617,43.016544342041016],[41.104469299316406,42.95146560668945],[41.1847038269043,42.95146560668945],[41.173343658447266,42.88639831542969],[41.25354766845703,42.88639831542969],[41.3337516784668,42.88639831542969],[41.505638122558594,42.95146560668945],[41.72419357299805,43.276947021484375]]]},"properties":{"Name":"Principality of Abkhazia","FromYear":1468,"ToYear":1571,"Area":6065.707175636779,"Type":"POLITY","Wikipedia":"Principality of Abkhazia","Wikidata":"Q1760473","SeshatID":"","Components":"","MemberOf":""}},
{"type":"Feature","geometry":{"type":"MultiPolygon","coordinates":[[[[41.149749755859375,40.355369567871094],[41.3665657043457,40.225894927978516],[41.237060546875,39.90232849121094],[41.55276107788086,39.90232849121094],[42.0745849609375,39.70827102661133],[42.46882247924805,39.70827102661133],[42.83665084838867,40.031734466552734],[43.17402648925781,40.16116714477539],[43.479278564453125,40.0964469909668],[43.8172607421875,40.225894927978516],[43.828311920166016,40.29063034057617],[43.872920989990234,40.54964065551758],[43.73698806762695,40.6791877746582],[43.77094650268555,40.873565673828125],[43.929588317871094,40.873565673828125],[43.77201461791992,41.32738494873047],[43.69249725341797,41.32738494873047],[43.72742462158203,41.521995544433594],[43.20489501953125,41.71668243408203],[42.62437438964844,41.586883544921875],[42.066993713378906,41.586883544921875],[41.9652099609375,41.45711898803711],[41.57828140258789,41.521995544433594],[41.567359924316406,41.45711898803711],[41.40821838378906,41.45711898803711],[41.307071685791016,41.32738494873047],[41.15876007080078,41.39224624633789],[41.04725646972656,41.19768524169922],[40.53934860229492,41.00318908691406],[40.4599723815918,41.00318908691406],[40.498291015625,40.74397277832031],[41.07400131225586,40.873565673828125],[40.932769775390625,40.4848747253418],[41.149749755859375,40.355369567871094]]],[[[40.4599723815918,41.00318908691406],[40.47029495239258,41.06801223754883],[40.390892028808594,41.06801223754883],[40.38059616088867,41.00318908691406],[40.4599723815918,41.00318908691406]]]]},"properties":{"Name":"Samtskhe-Saatabago","FromYear":1468,"ToYear":1501,"Area":42625.347117710706,"Type":"POLITY","Wikipedia":"Samtskhe-Saatabago","Wikidata":"Q2029317","SeshatID":"","Components":"","MemberOf":""}},
{"type":"Feature","geometry":{"type":"Polygon","coordinates":[[[45,40.614410400390625],[45,41.6602161082472],[44.89044189453125,41.781593322753906],[44.50400161743164,41.84651184082031],[44.65729904174805,42.236209869384766],[44.58973693847656,42.30118942260742],[44.76205825805664,42.36617660522461],[44.82474899291992,42.691246032714844],[44.744632720947266,42.691246032714844],[44.689697265625,42.82133865356445],[43.86336135864258,42.691246032714844],[43.78324508666992,42.691246032714844],[43.67877960205078,42.56119155883789],[43.6983642578125,42.236209869384766],[43.47916793823242,41.911441802978516],[43.228172302246094,41.84651184082031],[43.20489501953125,41.71668243408203],[43.72742462158203,41.521995544433594],[43.69249725341797,41.32738494873047],[43.77201461791992,41.32738494873047],[43.929588317871094,40.873565673828125],[44.235355377197266,40.80876541137695],[44.29167175292969,40.6791877746582],[44.62021255493164,40.74397277832031],[44.75552749633789,40.614410400390625],[45,40.614410400390625]]]},"properties":{"Name":"Kingdom of Georgia","FromYear":1468,"ToYear":1506,"Area":27592.669985895725,"Type":"POLITY","Wikipedia":"Kingdom of Georgia","Wikidata":"Q154667","SeshatID":"","Components":"","MemberOf":""}},
{"type":"Feature","geometry":{"type":"Polygon","coordinates":[[[42.38526916503906,42.041324615478516],[42.534576416015625,42.43117141723633],[42.706321716308594,42.496177673339844],[42.72990798950195,42.62621307373047],[42.581512451171875,42.691246032714844],[42.61702346801758,42.88639831542969],[42.697227478027344,42.88639831542969],[43.24655532836914,42.82133865356445],[43.43125534057617,42.95146560668945],[43.44347381591797,43.016544342041016],[42.52803039550781,43.276947021484375],[41.8045768737793,43.276947021484375],[41.72419357299805,43.276947021484375],[41.505638122558594,42.95146560668945],[41.3337516784668,42.88639831542969],[41.32236099243164,42.82133865356445],[41.608699798583984,42.62621307373047],[41.48331832885742,42.36617660522461],[41.700584411621094,42.236209869384766],[41.598209381103516,42.10627746582031],[41.678062438964844,42.10627746582031],[41.75791549682617,42.10627746582031],[42.38526916503906,42.041324615478516]]]},"properties":{"Name":"Principality of Mingrelia","FromYear":1468,"ToYear":1571,"Area":13250.73527470155,"Type":"POLITY","Wikipedia":"Principality of Mingrelia","Wikidata":"Q2907860","SeshatID":"","Components":"","MemberOf":""}},
{"type":"Feature","geometry":{"type":"Polygon","coordinates":[[[45,48.527701946666994],[45,56.086618076743854],[42.314048767089844,55.83982467651367],[42.22627258300781,55.83982467651367],[41.87517547607422,55.83982467651367],[41.89379119873047,55.90821838378906],[41.805965423583984,55.90821838378906],[41.71366500854492,55.56651306152344],[41.85204315185547,55.430015563964844],[41.79728317260742,55.225467681884766],[42.2338752746582,55.225467681884766],[41.79012680053711,54.20612335205078],[41.77260208129883,54.138362884521484],[41.04619216918945,54.00291442871094],[41.06480026245117,53.732303619384766],[40.858882904052734,53.597137451171875],[40.633548736572266,53.732303619384766],[40.08347702026367,53.597137451171875],[40.02980041503906,53.732303619384766],[39.8572998046875,53.732303619384766],[39.841129302978516,53.664710998535156],[39.75492477416992,53.664710998535156],[39.72282791137695,53.52959060668945],[39.46449661254883,53.52959060668945],[39.33979797363281,53.732303619384766],[39.167301177978516,53.732303619384766],[39.14453125,54.00291442871094],[38.987548828125,54.07062530517578],[38.964935302734375,54.341712951660156],[38.87825393676758,54.341712951660156],[38.91038131713867,54.47740173339844],[38.57921600341797,54.545284271240234],[38.540340423583984,54.74907684326172],[38.208335876464844,54.817054748535156],[37.82893753051758,54.681121826171875],[37.13356018066406,54.681121826171875],[36.77086639404297,54.613189697265625],[36.55265808105469,54.4095458984375],[35.931175231933594,54.341712951660156],[35.88824462890625,54.138362884521484],[36.06131362915039,54.138362884521484],[36.01848602294922,53.93522644042969],[36.10487747192383,53.93522644042969],[35.765281677246094,53.124786376953125],[36.324440002441406,52.92268753051758],[36.426849365234375,52.586299896240234],[36.74110794067383,52.4518928527832],[37.013519287109375,52.11625671386719],[37.42543029785156,52.0491943359375],[37.482810974121094,51.91512680053711],[37.964942932128906,51.78114318847656],[37.93708801269531,51.64724349975586],[38.14987564086914,51.44654083251953],[38.09486770629883,51.17921447753906],[37.898712158203125,51.04566955566406],[37.83774185180664,50.312522888183594],[37.75370788574219,50.312522888183594],[37.543670654296875,49.64793395996094],[37.627315521240234,49.64793395996094],[37.59037399291992,49.44889450073242],[37.67390441894531,49.44889450073242],[37.70854187011719,49.18375015258789],[37.86311340332031,49.11750411987305],[37.83888244628906,48.98506164550781],[36.85371017456055,48.5881233215332],[37.4256477355957,48.059749603271484],[38.44264221191406,47.730003356933594],[38.419342041015625,47.598209381103516],[39.220611572265625,47.46647262573242],[39.30305862426758,47.46647262573242],[39.385501861572266,47.46647262573242],[40.597259521484375,47.33478927612305],[42.04615783691406,46.74290466308594],[42.12822723388672,46.74290466308594],[43.523399353027344,46.74290466308594],[43.51004409790039,46.677207946777344],[43.592079162597656,46.677207946777344],[43.796146392822266,47.26897048950195],[43.974632263183594,47.33478927612305],[44.52849197387695,47.993770599365234],[44.571929931640625,48.191749572753906],[44.849822998046875,48.323814392089844],[44.977298736572266,48.52202224731445],[45,48.527701946666994]]]},"properties":{"Name":"Golden Horde","FromYear":1468,"ToYear":1501,"Area":550157.1474409857,"Type":"POLITY","Wikipedia":"Golden Horde","Wikidata":"Q79965","SeshatID":"","Components":"","MemberOf":""}},
{"type":"Feature","geometry":{"type":"Polygon","coordinates":[[[40.96498489379883,34.42197799682617],[40.7723274230957,34.743614196777344],[40.54866027832031,34.80794906616211],[40.51013946533203,35.12965774536133],[40.35566711425781,35.12965774536133],[40.37117385864258,35.258358001708984],[39.88418197631836,35.708900451660156],[39.13278579711914,35.902034759521484],[38.13286590576172,35.9664192199707],[38.09247970581055,36.28839111328125],[38.2552375793457,36.3527946472168],[38.378692626953125,36.73930740356445],[37.95802688598633,37.12596130371094],[38.082881927490234,37.51277160644531],[38.02067565917969,37.641746520996094],[37.64599609375,37.7707405090332],[37.01334762573242,37.706241607666016],[37.06089782714844,37.44829177856445],[36.5780029296875,37.3193473815918],[36.57061767578125,37.254878997802734],[36.40012741088867,37.12596130371094],[36.378387451171875,36.932613372802734],[36.215576171875,36.8681755065918],[36.20844268798828,36.80373764038086],[36.28622817993164,36.80373764038086],[36.26490020751953,36.61045455932617],[35.84174346923828,36.28839111328125],[35.990074157714844,36.2239875793457],[35.84488296508789,35.58015823364258],[35.99294662475586,35.51579284667969],[35.88248825073242,35.194007873535156],[35.959747314453125,35.194007873535156],[35.92698669433594,34.87228775024414],[36.0682373046875,34.743614196777344],[36.048770904541016,34.55062484741211],[35.79212951660156,34.2933349609375],[35.64447784423828,34.3576545715332],[35.68381118774414,33.971771240234375],[35.4470100402832,33.90746307373047],[35.49934768676758,33.65024948120117],[35.34577560424805,33.65024948120117],[35.39840316772461,33.393062591552734],[35.21538543701172,33.07160949707031],[35.05632781982422,33.00732421875],[35.021759033203125,32.62162780761719],[34.76983642578125,32.36451721191406],[34.81304168701172,31.978878021240234],[34.57329559326172,31.8503360748291],[34.63344955444336,31.65752601623535],[34.30759811401367,31.40045166015625],[34.2972412109375,31.271915435791016],[33.98260498046875,31.143381118774414],[32.8316764831543,31.014846801757812],[32.76515197753906,31.143381118774414],[32.53215408325195,31.079113006591797],[32.23719787597656,31.20764923095703],[32.303932189941406,31.079113006591797],[31.999635696411133,31.079113006591797],[31.93739891052246,31.271915435791016],[31.780553817749023,31.20764923095703],[31.875221252441406,31.464719772338867],[31.265825271606445,31.464719772338867],[31.117990493774414,31.528987884521484],[31.203296661376953,31.65752601623535],[30.974620819091797,31.65752601623535],[30.965608596801758,31.528987884521484],[30.80877685546875,31.464719772338867],[30.351730346679688,31.464719772338867],[30.271244049072266,31.40045166015625],[30.33879280090332,31.271915435791016],[29.882049560546875,31.271915435791016],[29.8017635345459,31.20764923095703],[29.86956024169922,31.079113006591797],[29.633193969726562,30.950578689575195],[29.485143661499023,31.014846801757812],[29.3970890045166,30.822044372558594],[28.865032196044922,30.822044372558594],[28.496395111083984,31.014846801757812],[27.514896392822266,31.143381118774414],[27.297456741333008,31.336183547973633],[26.847702026367188,31.464719772338867],[25.248035430908203,31.464719772338867],[25.102048873901367,31.593257904052734],[25.11168098449707,31.78606605529785],[24.892484664916992,31.978878021240234],[24.129365921020508,31.978878021240234],[23.680339813232422,32.171695709228516],[23.29851722717285,32.171695709228516],[23.077939987182617,32.36451721191406],[23.089431762695312,32.62162780761719],[21.87872886657715,32.94303894042969],[21.41167449951172,32.75019073486328],[21.108016967773438,32.81447219848633],[20.87124252319336,32.62162780761719],[20.644094467163086,32.685909271240234],[20.71593475341797,32.557350158691406],[20.562992095947266,32.557350158691406],[20.481992721557617,32.428794860839844],[20.33134651184082,32.493072509765625],[20.246112823486328,32.23596954345703],[20.016965866088867,32.23596954345703],[20.089075088500977,32.107421875],[19.996076583862305,31.593257904052734],[20.214296340942383,31.271915435791016],[20.13410186767578,31.143381118774414],[20.202085494995117,30.886310577392578],[19.968164443969727,30.69350814819336],[19.964311599731445,30.564971923828125],[19.655010223388672,30.372163772583008],[18.869278136051307,30.25166235864125],[18.816862106323242,30.243623733520508],[18.811979293823242,30.050809860229492],[18.8246491043041,30.050809860229492],[19.19106674194336,30.050809860229492],[20.95157814025879,30.564971923828125],[21.938846588134766,30.564971923828125],[22.541486740112305,30.436433792114258],[22.76673698425293,30.372163772583008],[22.76180076599121,30.243623733520508],[22.91602325439453,30.307893753051758],[23.4851892093249,30],[38.974904333614376,30],[38.99673843383789,30.243623733520508],[38.868377685546875,30.500701904296875],[38.89213562011719,30.757776260375977],[38.81614303588867,30.757776260375977],[38.91627883911133,31.014846801757812],[38.77022933959961,31.079113006591797],[38.79471969604492,31.336183547973633],[38.71857833862305,31.336183547973633],[38.85757827758789,31.978878021240234],[38.704952239990234,31.978878021240234],[38.737064361572266,32.30024337768555],[38.66066360473633,32.30024337768555],[38.72636795043945,32.94303894042969],[39.4992790222168,33.71455001831055],[40.95730972290039,34.3576545715332],[40.96498489379883,34.42197799682617]]]},"properties":{"Name":"Mamluk Sultanate","FromYear":1468,"ToYear":1515,"Area":1480793.7527903141,"Type":"POLITY","Wikipedia":"Mamluk Sultanate","Wikidata":"Q282428","SeshatID":"eg_mamluk_sultanate_3","Components":"","MemberOf":""}},
{"type":"Feature","geometry":{"type":"Polygon","coordinates":[[[36.215576171875,36.8681755065918],[36.378387451171875,36.932613372802734],[36.40012741088867,37.12596130371094],[36.57061767578125,37.254878997802734],[36.5780029296875,37.3193473815918],[37.06089782714844,37.44829177856445],[37.01334762573242,37.706241607666016],[36.1468620300293,37.641746520996094],[36.012855529785156,37.835243225097656],[35.622135162353516,37.835243225097656],[35.39495086669922,37.89975357055664],[35.060890197753906,37.706241607666016],[34.87669372558594,37.44829177856445],[34.56466293334961,37.44829177856445],[34.30364990234375,37.1904182434082],[33.75169372558594,37.12596130371094],[33.77788543701172,36.61045455932617],[33.60980987548828,36.48161697387695],[33.6623649597168,36.2239875793457],[33.73995590209961,36.2239875793457],[33.97906494140625,36.28839111328125],[34.2507209777832,36.67487716674805],[34.581634521484375,36.8681755065918],[34.892860412597656,36.8681755065918],[34.95038986206055,36.67487716674805],[35.11265563964844,36.73930740356445],[35.332271575927734,36.61045455932617],[35.487709045410156,36.61045455932617],[35.833587646484375,36.932613372802734],[36.13776779174805,36.8681755065918],[36.215576171875,36.8681755065918]]]},"properties":{"Name":"Ramadanid Emirate","FromYear":1468,"ToYear":1511,"Area":24477.166662350934,"Type":"POLITY","Wikipedia":"Ramadanid Emirate","Wikidata":"Q2261321","SeshatID":"tr_ramadanid_emirate","Components":"","MemberOf":""}},
{"type":"Feature","geometry":{"type":"Polygon","coordinates":[[[45,41.6602161082472],[45,42.71569360059303],[44.90486526489258,42.691246032714844],[44.82474899291992,42.691246032714844],[44.76205825805664,42.36617660522461],[44.58973693847656,42.30118942260742],[44.65729904174805,42.236209869384766],[44.50400161743164,41.84651184082031],[44.89044189453125,41.781593322753906],[45,41.6602161082472]]]},"properties":{"Name":"Kingdom of Kakheti","FromYear":1468,"ToYear":1578,"Area":23443.375009812742,"Type":"POLITY","Wikipedia":"Kingdom of Kakheti","Wikidata":"Q1209822","SeshatID":"","Components":"","MemberOf":""}},
{"type":"Feature","geometry":{"type":"Polygon","coordinates":[[[41.75791549682617,42.10627746582031],[41.74666976928711,42.041324615478516],[41.81525421142578,41.97637939453125],[41.7020149230957,41.781593322753906],[41.69093322753906,41.71668243408203],[41.67988204956055,41.65177917480469],[41.60022735595703,41.65177917480469],[41.589237213134766,41.586883544921875],[41.57828140258789,41.521995544433594],[41.9652099609375,41.45711898803711],[42.066993713378906,41.586883544921875],[42.62437438964844,41.586883544921875],[42.65854263305664,41.781593322753906],[42.38526916503906,42.041324615478516],[41.75791549682617,42.10627746582031]]]},"properties":{"Name":"Principality of Guria","FromYear":1468,"ToYear":1506,"Area":4180.368261538124,"Type":"POLITY","Wikipedia":"Principality of Guria","Wikidata":"Q2195101","SeshatID":"","Components":"","MemberOf":""}},
{"type":"Feature","geometry":{"type":"Polygon","coordinates":[[[45,44.98171606444023],[45,48.527701946666994],[44.977298736572266,48.52202224731445],[44.849822998046875,48.323814392089844],[44.571929931640625,48.191749572753906],[44.52849197387695,47.993770599365234],[43.974632263183594,47.33478927612305],[43.796146392822266,47.26897048950195],[43.592079162597656,46.677207946777344],[43.51004409790039,46.677207946777344],[43.49671936035156,46.61152267456055],[43.6207389831543,46.414546966552734],[43.44373321533203,46.348915100097656],[43.51239776611328,46.283294677734375],[43.378150939941406,46.02093505859375],[43.67866134643555,45.889827728271484],[43.83160400390625,45.431331634521484],[44.72828674316406,45.03877639770508],[45,44.98171606444023]]]},"properties":{"Name":"Astrakhan Khanate","FromYear":1475,"ToYear":1501,"Area":161771.5583688353,"Type":"POLITY","Wikipedia":"Astrakhan Khanate","Wikidata":"Q210163","SeshatID":"ru_astrakhan_khanate","Components":"","MemberOf":""}},
{"type":"Feature","geometry":{"type":"MultiPolygon","coordinates":[[[[-2.106868505477905,55.90821838378906],[-2.19469428062439,55.90821838378906],[-2.656256437301636,56.11355972290039],[-3.000474214553833,56.04508590698242],[-3.27212119102478,56.11355972290039],[-2.671310901641846,56.25059127807617],[-2.789952516555786,56.524986267089844],[-2.532599925994873,56.59365463256836],[-2.208682298660278,56.86860656738281],[-2.075707674026489,57.28189468383789],[-1.823600172996521,57.41988754272461],[-1.852917313575745,57.696231842041016],[-3.734920263290405,57.7653923034668],[-3.726380348205566,57.696231842041016],[-3.994018077850342,57.696231842041016],[-3.930825471878052,57.903804779052734],[-4.118414402008057,57.97305679321289],[-3.428223133087158,58.180992126464844],[-3.021383285522461,58.528167724609375],[-3.136410236358643,58.73685073852539],[-3.676762819290161,58.73685073852539],[-4.019067287445068,58.59769821166992],[-5.198037147521973,58.66725540161133],[-5.169017314910889,58.45867156982422],[-5.258847236633301,58.45867156982422],[-5.239514827728271,58.31977081298828],[-5.418947219848633,58.31977081298828],[-5.459936618804932,57.97305679321289],[-5.728240966796875,57.97305679321289],[-5.887243270874023,57.8345832824707],[-5.917263507843018,57.41988754272461],[-5.729594707489014,57.35087585449219],[-5.700699329376221,57.14401626586914],[-5.808821201324463,57.28189468383789],[-6.085347175598145,57.35087585449219],[-6.11513090133667,57.55800247192383],[-6.323688507080078,57.7653923034668],[-6.502223968505859,57.7653923034668],[-6.471539974212646,57.55800247192383],[-6.817555904388428,57.488929748535156],[-6.796852111816406,57.35087585449219],[-6.618975639343262,57.35087585449219],[-6.410901069641113,57.14401626586914],[-6.055799961090088,57.14401626586914],[-5.947565078735352,57.00625228881836],[-5.908953666687012,56.731075286865234],[-6.341366291046143,56.662349700927734],[-6.23344087600708,56.524986267089844],[-6.292484283447266,56.319149017333984],[-5.684883117675781,56.387733459472656],[-5.656883716583252,56.182064056396484],[-5.920981407165527,56.182064056396484],[-6.068491458892822,55.97663879394531],[-6.507877826690674,55.97663879394531],[-6.634748458862305,55.63479995727539],[-6.381457328796387,55.70311737060547],[-6.362338542938232,55.56651306152344],[-6.187198638916016,55.56651306152344],[-6.127885818481445,55.77145767211914],[-5.952439785003662,55.77145767211914],[-5.89273738861084,55.97663879394531],[-5.80486011505127,55.97663879394531],[-5.689270496368408,55.77145767211914],[-5.915220260620117,55.498252868652344],[-5.887563228607178,55.29362487792969],[-5.625458240509033,55.29362487792969],[-5.574207305908203,55.56651306152344],[-5.381163120269775,55.430015563964844],[-5.118756771087646,55.430015563964844],[-5.162932395935059,55.77145767211914],[-5.426101684570312,55.77145767211914],[-5.444243907928467,55.90821838378906],[-4.996289253234863,55.83982467651367],[-4.978706836700439,55.70311737060547],[-4.794708251953125,55.63479995727539],[-4.768880844116211,55.430015563964844],[-5.171102046966553,55.15733337402344],[-5.153679370880127,55.021148681640625],[-5.32801628112793,55.021148681640625],[-5.110523223876953,54.681121826171875],[-4.936679363250732,54.681121826171875],[-4.953676700592041,54.817054748535156],[-4.423340797424316,54.74907684326172],[-3.735394239425659,54.817054748535156],[-3.489742517471313,54.95309066772461],[-3.402623414993286,54.95309066772461],[-3.141266584396362,54.95309066772461],[-2.807486772537231,55.089229583740234],[-2.734941720962524,55.225467681884766],[-2.560305595397949,55.225467681884766],[-2.239403486251831,55.498252868652344],[-2.268072366714478,55.77145767211914],[-2.106868505477905,55.90821838378906]]],[[[-7.465542793273926,57.07511901855469],[-7.288100242614746,57.07511901855469],[-7.319843292236328,57.28189468383789],[-7.230959415435791,57.28189468383789],[-7.252153396606445,57.41988754272461],[-7.597294807434082,57.35087585449219],[-7.465542793273926,57.07511901855469]]],[[[-7.562519073486328,57.696231842041016],[-7.440887928009033,57.488929748535156],[-7.105842113494873,57.62710189819336],[-7.116456508636475,57.696231842041016],[-7.562519073486328,57.696231842041016]]],[[[-6.25730562210083,58.528167724609375],[-6.785952091217041,58.45867156982422],[-6.764688491821289,58.31977081298828],[-6.854404926300049,58.31977081298828],[-7.281157493591309,58.180992126464844],[-7.06976318359375,57.97305679321289],[-7.12709903717041,57.7653923034668],[-6.52281665802002,57.903804779052734],[-6.385126113891602,58.180992126464844],[-6.205919742584229,58.180992126464844],[-6.25730562210083,58.528167724609375]]],[[[-3.531404256820679,59.015533447265625],[-3.415184020996094,58.80647277832031],[-3.063107252120972,58.876129150390625],[-2.972933053970337,58.876129150390625],[-2.792584657669067,58.876129150390625],[-2.809081315994263,59.015533447265625],[-3.088408470153809,59.08528518676758],[-3.195853710174561,59.22488784790039],[-3.376785039901733,59.22488784790039],[-3.441113948822021,59.015533447265625],[-3.531404256820679,59.015533447265625]]],[[[-2.842337846755981,59.294734954833984],[-2.825665473937988,59.15507125854492],[-2.644851207733154,59.15507125854492],[-2.653059244155884,59.22488784790039],[-2.562593460083008,59.22488784790039],[-2.578956842422485,59.36461639404297],[-2.842337846755981,59.294734954833984]]]]},"properties":{"Name":"Kingdom of Scotland","FromYear":1475,"ToYear":1551,"Area":88867.57441921948,"Type":"POLITY","Wikipedia":"Kingdom of Scotland","Wikidata":"Q230791","SeshatID":"gb_scotland_k","Components":"","MemberOf":""}},
{"type":"Feature","geometry":{"type":"Polygon","coordinates":[[[45,30.967295723148133],[45,40.614410400390625],[44.75552749633789,40.614410400390625],[44.62021255493164,40.74397277832031],[44.29167175292969,40.6791877746582],[44.235355377197266,40.80876541137695],[43.929588317871094,40.873565673828125],[43.77094650268555,40.873565673828125],[43.73698806762695,40.6791877746582],[43.872920989990234,40.54964065551758],[43.828311920166016,40.29063034057617],[43.8172607421875,40.225894927978516],[43.479278564453125,40.0964469909668],[43.17402648925781,40.16116714477539],[42.83665084838867,40.031734466552734],[42.46882247924805,39.70827102661133],[42.0745849609375,39.70827102661133],[41.55276107788086,39.90232849121094],[41.237060546875,39.90232849121094],[41.3665657043457,40.225894927978516],[41.149749755859375,40.355369567871094],[40.734127044677734,40.225894927978516],[40.03242492675781,40.29063034057617],[39.933860778808594,40.16116714477539],[39.77580261230469,40.16116714477539],[39.649112701416016,39.8376350402832],[39.926841735839844,39.57893371582031],[39.90812683105469,39.449623107910156],[40.06562042236328,39.449623107910156],[40.17645263671875,39.1264533996582],[38.87467575073242,38.80344009399414],[38.84877014160156,38.60969924926758],[39.310611724853516,38.54513168334961],[39.36298370361328,38.351463317871094],[39.441314697265625,38.351463317871094],[39.50235366821289,38.22237777709961],[39.16379165649414,38.028785705566406],[39.06048583984375,37.835243225097656],[38.39500427246094,37.51277160644531],[38.082881927490234,37.51277160644531],[37.95802688598633,37.12596130371094],[38.378692626953125,36.73930740356445],[38.2552375793457,36.3527946472168],[38.09247970581055,36.28839111328125],[38.13286590576172,35.9664192199707],[39.13278579711914,35.902034759521484],[39.88418197631836,35.708900451660156],[40.37117385864258,35.258358001708984],[40.35566711425781,35.12965774536133],[40.51013946533203,35.12965774536133],[40.54866027832031,34.80794906616211],[40.7723274230957,34.743614196777344],[40.96498489379883,34.42197799682617],[41.04199981689453,34.42197799682617],[41.426979064941406,33.77885055541992],[41.86487579345703,33.5859489440918],[42.064544677734375,33.32876968383789],[42.578269958496094,33.13589859008789],[42.708534240722656,32.94303894042969],[43.152584075927734,32.81447219848633],[44.459014892578125,31.593257904052734],[44.44402313232422,31.464719772338867],[44.657562255859375,31.336183547973633],[44.63529586791992,31.143381118774414],[44.79490280151367,31.20764923095703],[45,30.967295723148133]]]},"properties":{"Name":"Aq Qoyunlu","FromYear":1475,"ToYear":1501,"Area":1701512.0044218383,"Type":"POLITY","Wikipedia":"Aq Qoyunlu","Wikidata":"Q555994","SeshatID":"ir_ak_koyunlu","Components":"","MemberOf":""}},
{"type":"Feature","geometry":{"type":"MultiPolygon","coordinates":[[[[-8.37929916381836,52.720787048339844],[-8.464859962463379,52.720787048339844],[-8.455059051513672,52.653533935546875],[-8.36954402923584,52.653533935546875],[-8.37929916381836,52.720787048339844]]],[[[-6.325851917266846,52.720787048339844],[-6.411412239074707,52.720787048339844],[-6.402688503265381,52.653533935546875],[-6.317173004150391,52.653533935546875],[-6.325851917266846,52.720787048339844]]],[[[-6.283822536468506,53.057395935058594],[-6.275067806243896,52.99003219604492],[-6.189326763153076,52.99003219604492],[-6.198035717010498,53.057395935058594],[-6.283822536468506,53.057395935058594]]],[[[-6.283822536468506,53.057395935058594],[-6.292601108551025,53.124786376953125],[-6.378433704376221,53.124786376953125],[-6.369609355926514,53.057395935058594],[-6.283822536468506,53.057395935058594]]],[[[10.884882926940918,54.95309066772461],[10.800582885742188,55.430015563964844],[10.625955581665039,55.498252868652344],[10.626581192016602,55.63479995727539],[9.750565528869629,55.56651306152344],[9.750177383422852,55.70311737060547],[9.925520896911621,55.70311737060547],[9.925338745117188,55.83982467651367],[10.276667594909668,55.97663879394531],[10.277146339416504,56.25059127807617],[10.36523151397705,56.25059127807617],[10.364885330200195,56.11355972290039],[10.540846824645996,56.11355972290039],[10.541122436523438,56.182064056396484],[10.805220603942871,56.182064056396484],[10.895707130432129,56.524986267089844],[10.277772903442383,56.59365463256836],[10.278702735900879,57.07511901855469],[10.545770645141602,57.28189468383789],[10.458671569824219,57.7653923034668],[9.923136711120605,57.696231842041016],[9.834181785583496,57.55800247192383],[9.655976295471191,57.55800247192383],[9.656455039978027,57.41988754272461],[9.39068603515625,57.21294021606445],[8.502391815185547,57.21294021606445],[8.152853965759277,56.86860656738281],[8.243602752685547,56.731075286865234],[7.979492664337158,56.662349700927734],[7.989406585693359,56.11355972290039],[8.077386856079102,56.11355972290039],[7.997951984405518,55.63479995727539],[8.085573196411133,55.63479995727539],[8.087891578674316,55.498252868652344],[8.350449562072754,55.498252868652344],[8.52729320526123,55.36180877685547],[8.529091835021973,55.225467681884766],[8.441773414611816,55.225467681884766],[8.534452438354492,54.817054748535156],[8.797733306884766,54.613189697265625],[8.799209594726562,54.47740173339844],[8.539765357971191,54.4095458984375],[8.54152774810791,54.27390670776367],[8.802155494689941,54.20612335205078],[8.805093765258789,53.93522644042969],[8.891486167907715,53.93522644042969],[8.892172813415527,53.86756134033203],[9.237549781799316,53.86756134033203],[9.584169387817383,53.597137451171875],[9.928793907165527,53.597137451171875],[10.014796257019043,53.732303619384766],[10.359683990478516,53.664710998535156],[10.360026359558105,53.86756134033203],[10.5331449508667,54.00291442871094],[10.792462348937988,54.00291442871094],[10.792823791503906,54.07062530517578],[11.053302764892578,54.20612335205078],[11.054854393005371,54.4095458984375],[9.9271879196167,54.545284271240234],[10.013643264770508,55.021148681640625],[9.926376342773438,55.089229583740234],[10.536654472351074,55.021148681640625],[10.535674095153809,54.74907684326172],[10.709615707397461,54.74907684326172],[10.884882926940918,54.95309066772461]]],[[[10.62817668914795,55.97663879394531],[10.452422142028809,55.97663879394531],[10.364044189453125,55.77145767211914],[10.539490699768066,55.77145767211914],[10.627213478088379,55.77145767211914],[10.62817668914795,55.97663879394531]]],[[[23.918549414649917,60],[23.04314430911812,60],[23.02524757385254,59.85470962524414],[23.76235580444336,59.92485809326172],[23.918549414649917,60]]],[[[19.027153356136658,60],[5.192194471418304,60],[5.18274974822998,59.99503707885742],[5.192312240600586,59.78459548950195],[5.283252716064453,59.78459548950195],[5.214344501495361,59.294734954833984],[5.848016262054443,59.294734954833984],[5.842586994171143,59.434532165527344],[6.026472091674805,59.36461639404297],[5.949085235595703,59.015533447265625],[5.497633457183838,59.015533447265625],[5.514988899230957,58.59769821166992],[5.974997520446777,58.31977081298828],[6.515511512756348,58.2503662109375],[6.611622333526611,58.042335510253906],[7.597545146942139,57.97305679321289],[8.66648006439209,58.31977081298828],[8.932857513427734,58.59769821166992],[9.112746238708496,58.59769821166992],[9.111583709716797,58.73685073852539],[9.381759643554688,58.73685073852539],[9.380940437316895,58.876129150390625],[9.561288833618164,58.876129150390625],[9.65099048614502,59.015533447265625],[10.012155532836914,58.94581604003906],[10.192960739135742,59.15507125854492],[10.373775482177734,59.15507125854492],[10.466255187988281,59.64447021484375],[10.557076454162598,59.64447021484375],[10.555644989013672,59.36461639404297],[10.825811386108398,59.15507125854492],[11.09703254699707,59.15507125854492],[11.179258346557617,58.38920593261719],[11.44767951965332,58.31977081298828],[11.44500732421875,58.11164855957031],[11.713647842407227,58.11164855957031],[11.792279243469238,57.41988754272461],[12.058022499084473,57.35087585449219],[12.14184856414795,57.07511901855469],[12.405158996582031,56.937416076660156],[12.402325630187988,56.799827575683594],[12.75311279296875,56.662349700927734],[12.749893188476562,56.524986267089844],[12.573304176330566,56.524986267089844],[12.656968116760254,56.319149017333984],[12.480693817138672,56.319149017333984],[12.477840423583984,56.182064056396484],[11.860556602478027,56.11355972290039],[11.768598556518555,55.83982467651367],[11.595718383789062,56.04508590698242],[11.331932067871094,56.04508590698242],[11.241952896118164,55.83982467651367],[10.890382766723633,55.77145767211914],[10.889443397521973,55.63479995727539],[11.064117431640625,55.56651306152344],[10.974503517150879,55.29362487792969],[11.497906684875488,55.225467681884766],[11.670741081237793,55.089229583740234],[11.66806411743164,54.88506317138672],[11.406855583190918,54.88506317138672],[11.321170806884766,55.021148681640625],[10.884882926940918,54.95309066772461],[10.88355827331543,54.74907684326172],[11.230809211730957,54.681121826171875],[12.101152420043945,54.74907684326172],[12.107980728149414,55.15733337402344],[12.371088027954102,55.225467681884766],[12.375022888183594,55.430015563964844],[12.202529907226562,55.56651306152344],[12.555678367614746,55.70311737060547],[12.561474800109863,55.97663879394531],[12.908012390136719,55.77145767211914],[12.903090476989746,55.56651306152344],[12.726422309875488,55.498252868652344],[12.810799598693848,55.36180877685547],[14.296913146972656,55.36180877685547],[14.228706359863281,55.90821838378906],[14.758404731750488,55.97663879394531],[14.76668930053711,56.182064056396484],[15.819687843322754,56.11355972290039],[16.090740203857422,56.25059127807617],[16.193382263183594,56.524986267089844],[16.28167724609375,56.524986267089844],[16.266908645629883,56.25059127807617],[16.62702751159668,56.387733459472656],[16.739154815673828,56.799827575683594],[16.924457550048828,56.937416076660156],[16.936981201171875,57.14401626586914],[17.12316131591797,57.28189468383789],[17.131839752197266,57.41988754272461],[16.860679626464844,57.35087585449219],[16.755352020263672,57.07511901855469],[16.477506637573242,56.86860656738281],[16.500974655151367,57.28189468383789],[16.68687629699707,57.41988754272461],[16.614076614379883,57.696231842041016],[16.703289031982422,57.696231842041016],[16.71156883239746,57.8345832824707],[16.626346588134766,57.903804779052734],[16.813568115234375,58.042335510253906],[16.830646514892578,58.31977081298828],[16.65959930419922,58.45867156982422],[16.83926010131836,58.45867156982422],[16.847923278808594,58.59769821166992],[17.02781105041504,58.59769821166992],[17.126813888549805,58.73685073852539],[17.487049102783203,58.73685073852539],[17.496623992919922,58.876129150390625],[17.947494506835938,58.876129150390625],[18.143529891967773,59.08528518676758],[18.414575576782227,59.08528518676758],[18.351261138916016,59.434532165527344],[18.628820419311523,59.504478454589844],[18.827571868896484,59.714515686035156],[19.00933265686035,59.714515686035156],[19.033178329467773,59.99503707885742],[19.027153356136658,60]]],[[[14.64396858215332,55.29362487792969],[14.636160850524902,55.089229583740234],[15.069417953491211,55.021148681640625],[15.077948570251465,55.225467681884766],[14.990630149841309,55.225467681884766],[14.64396858215332,55.29362487792969]]],[[[19.04520034790039,57.97305679321289],[18.598026275634766,57.97305679321289],[18.230064392089844,57.8345832824707],[18.031593322753906,57.55800247192383],[18.02667236328125,57.488929748535156],[18.076435089111328,56.937416076660156],[18.342275619506836,56.937416076660156],[18.45128059387207,57.21294021606445],[18.911693572998047,57.41988754272461],[18.844388961791992,57.696231842041016],[19.03397560119629,57.8345832824707],[19.04520034790039,57.97305679321289]]]]},"properties":{"Name":"(Kalmar Union)","FromYear":1482,"ToYear":1501,"Area":1285990.3751069766,"Type":"POLITY","Wikipedia":"Kalmar Union","Wikidata":"Q62623","SeshatID":"sv_kalmar_union","Components":"Kalmar Union","MemberOf":""}},
{"type":"Feature","geometry":{"type":"Polygon","coordinates":[[[29.58440589904785,56.86860656738281],[29.756702423095703,57.35087585449219],[28.984312057495117,58.042335510253906],[29.044050216674805,58.38920593261719],[28.88840675354004,58.528167724609375],[28.912445068359375,58.66725540161133],[28.82244300842285,58.66725540161133],[28.846500396728516,58.80647277832031],[28.756383895874023,58.80647277832031],[28.780460357666016,58.94581604003906],[28.43138885498047,59.015533447265625],[28.03827770943572,59.36459514969338],[28.038253784179688,59.36461639404297],[28.026525497436523,59.294734954833984],[27.731943130493164,59.15507125854492],[27.709064483642578,59.015533447265625],[27.79935646057129,59.015533447265625],[27.719879150390625,58.528167724609375],[27.629993438720703,58.528167724609375],[27.54010581970215,58.528167724609375],[27.484853744506836,58.180992126464844],[27.664058685302734,58.180992126464844],[27.753662109375,58.180992126464844],[27.94413948059082,58.2503662109375],[27.921630859375,58.11164855957031],[28.01117706298828,58.11164855957031],[27.977479934692383,57.903804779052734],[27.809812545776367,57.97305679321289],[27.72037696838379,57.97305679321289],[27.3873348236084,57.55800247192383],[27.800064086914062,57.35087585449219],[27.646713256835938,56.937416076660156],[27.901763916015625,56.86860656738281],[28.267009735107422,56.937416076660156],[28.377832412719727,57.07511901855469],[29.58440589904785,56.86860656738281]]]},"properties":{"Name":"Pskov Republic","FromYear":1482,"ToYear":1506,"Area":21733.602819868924,"Type":"POLITY","Wikipedia":"Pskov Republic","Wikidata":"Q317078","SeshatID":"","Components":"","MemberOf":""}},
{"type":"Feature","geometry":{"type":"MultiPolygon","coordinates":[[[[3.728644609451294,46.54585266113281],[3.801982164382935,46.74290466308594],[3.963295221328735,46.808616638183594],[3.866787195205688,47.13737487792969],[3.949059247970581,47.13737487792969],[3.940429925918579,47.33478927612305],[3.607901573181152,47.4006233215332],[3.601821660995483,47.53233337402344],[3.766778707504272,47.53233337402344],[3.754808187484741,47.79592514038086],[3.583402872085571,47.92780685424805],[3.083965539932251,47.993770599365234],[3.007919788360596,47.86185836791992],[2.763392686843872,47.79592514038086],[2.429348230361938,47.86185836791992],[2.368207454681396,47.46647262573242],[2.704806327819824,47.33478927612305],[2.895960330963135,46.808616638183594],[3.069725751876831,46.61152267456055],[3.728644609451294,46.54585266113281]]],[[[4.493024826049805,49.91355895996094],[4.328337669372559,49.84712600708008],[4.253391742706299,49.64793395996094],[4.169747829437256,49.64793395996094],[4.17567253112793,49.51522445678711],[4.642117318882938,49.57728180262361],[4.674346446990967,49.58156967163086],[4.671611309051514,49.64793395996094],[4.66887092590332,49.71431350708008],[4.601894857198655,49.71431350708008],[4.585188388824463,49.71431350708008],[4.582405090332031,49.78071212768555],[4.579616546630859,49.84712600708008],[4.576823711395264,49.91355895996094],[4.53490746876139,49.91355895996094],[4.493024826049805,49.91355895996094]]]]},"properties":{"Name":"County of Nevers","FromYear":1482,"ToYear":1518,"Area":13561.428188936437,"Type":"POLITY","Wikipedia":"County of Nevers","Wikidata":"Q2070440","SeshatID":"fr_valois_k_2","Components":"","MemberOf":"(Kingdom of France)"}},
{"type":"Feature","geometry":{"type":"Polygon","coordinates":[[[4.799726963043213,44.12431716918945],[4.730143547058105,43.79821014404297],[4.97415018081665,43.73301696777344],[5.048438549041748,43.92862319946289],[5.288479328155518,43.99384307861328],[5.110112190246582,44.5159797668457],[4.95257568359375,44.38538360595703],[4.707570552825928,44.45067596435547],[4.631268501281738,44.32010269165039],[4.712142467498779,44.32010269165039],[4.716685771942139,44.18956756591797],[4.8542766863815885,44.21753186502837],[4.973548851088087,44.241773018617515],[5.037789344787598,44.25482940673828],[5.012281908400454,44.21131287729043],[4.99188536214119,44.17651569530577],[4.961288928985596,44.12431716918945],[4.799726963043213,44.12431716918945]]]},"properties":{"Name":"Comtat Venaissin","FromYear":1482,"ToYear":1672,"Area":2319.0044556150337,"Type":"POLITY","Wikipedia":"Comtat Venaissin","Wikidata":"Q1122980","SeshatID":"","Components":"","MemberOf":""}},
{"type":"Feature","geometry":{"type":"MultiPolygon","coordinates":[[[[-8.37929916381836,52.720787048339844],[-8.464859962463379,52.720787048339844],[-8.455059051513672,52.653533935546875],[-8.36954402923584,52.653533935546875],[-8.37929916381836,52.720787048339844]]],[[[-6.325851917266846,52.720787048339844],[-6.411412239074707,52.720787048339844],[-6.402688503265381,52.653533935546875],[-6.317173004150391,52.653533935546875],[-6.325851917266846,52.720787048339844]]],[[[-6.283822536468506,53.057395935058594],[-6.275067806243896,52.99003219604492],[-6.189326763153076,52.99003219604492],[-6.198035717010498,53.057395935058594],[-6.283822536468506,53.057395935058594]]],[[[-6.283822536468506,53.057395935058594],[-6.292601108551025,53.124786376953125],[-6.378433704376221,53.124786376953125],[-6.369609355926514,53.057395935058594],[-6.283822536468506,53.057395935058594]]],[[[10.884882926940918,54.95309066772461],[10.800582885742188,55.430015563964844],[10.625955581665039,55.498252868652344],[10.626581192016602,55.63479995727539],[9.750565528869629,55.56651306152344],[9.750177383422852,55.70311737060547],[9.925520896911621,55.70311737060547],[9.925338745117188,55.83982467651367],[10.276667594909668,55.97663879394531],[10.277146339416504,56.25059127807617],[10.36523151397705,56.25059127807617],[10.364885330200195,56.11355972290039],[10.540846824645996,56.11355972290039],[10.541122436523438,56.182064056396484],[10.805220603942871,56.182064056396484],[10.895707130432129,56.524986267089844],[10.277772903442383,56.59365463256836],[10.278702735900879,57.07511901855469],[10.545770645141602,57.28189468383789],[10.458671569824219,57.7653923034668],[9.923136711120605,57.696231842041016],[9.834181785583496,57.55800247192383],[9.655976295471191,57.55800247192383],[9.656455039978027,57.41988754272461],[9.39068603515625,57.21294021606445],[8.502391815185547,57.21294021606445],[8.152853965759277,56.86860656738281],[8.243602752685547,56.731075286865234],[7.979492664337158,56.662349700927734],[7.989406585693359,56.11355972290039],[8.077386856079102,56.11355972290039],[7.997951984405518,55.63479995727539],[8.085573196411133,55.63479995727539],[8.087891578674316,55.498252868652344],[8.350449562072754,55.498252868652344],[8.52729320526123,55.36180877685547],[8.529091835021973,55.225467681884766],[8.441773414611816,55.225467681884766],[8.534452438354492,54.817054748535156],[8.797733306884766,54.613189697265625],[8.799209594726562,54.47740173339844],[8.539765357971191,54.4095458984375],[8.54152774810791,54.27390670776367],[8.802155494689941,54.20612335205078],[8.805093765258789,53.93522644042969],[8.891486167907715,53.93522644042969],[8.892172813415527,53.86756134033203],[9.237549781799316,53.86756134033203],[9.584169387817383,53.597137451171875],[9.928793907165527,53.597137451171875],[10.014796257019043,53.732303619384766],[10.359683990478516,53.664710998535156],[10.360026359558105,53.86756134033203],[10.5331449508667,54.00291442871094],[10.792462348937988,54.00291442871094],[10.792823791503906,54.07062530517578],[11.053302764892578,54.20612335205078],[11.054854393005371,54.4095458984375],[9.9271879196167,54.545284271240234],[10.013643264770508,55.021148681640625],[9.926376342773438,55.089229583740234],[10.536654472351074,55.021148681640625],[10.535674095153809,54.74907684326172],[10.709615707397461,54.74907684326172],[10.884882926940918,54.95309066772461]]],[[[10.62817668914795,55.97663879394531],[10.452422142028809,55.97663879394531],[10.364044189453125,55.77145767211914],[10.539490699768066,55.77145767211914],[10.627213478088379,55.77145767211914],[10.62817668914795,55.97663879394531]]],[[[23.918549414649917,60],[23.04314430911812,60],[23.02524757385254,59.85470962524414],[23.76235580444336,59.92485809326172],[23.918549414649917,60]]],[[[19.027153356136658,60],[5.192194471418304,60],[5.18274974822998,59.99503707885742],[5.192312240600586,59.78459548950195],[5.283252716064453,59.78459548950195],[5.214344501495361,59.294734954833984],[5.848016262054443,59.294734954833984],[5.842586994171143,59.434532165527344],[6.026472091674805,59.36461639404297],[5.949085235595703,59.015533447265625],[5.497633457183838,59.015533447265625],[5.514988899230957,58.59769821166992],[5.974997520446777,58.31977081298828],[6.515511512756348,58.2503662109375],[6.611622333526611,58.042335510253906],[7.597545146942139,57.97305679321289],[8.66648006439209,58.31977081298828],[8.932857513427734,58.59769821166992],[9.112746238708496,58.59769821166992],[9.111583709716797,58.73685073852539],[9.381759643554688,58.73685073852539],[9.380940437316895,58.876129150390625],[9.561288833618164,58.876129150390625],[9.65099048614502,59.015533447265625],[10.012155532836914,58.94581604003906],[10.192960739135742,59.15507125854492],[10.373775482177734,59.15507125854492],[10.466255187988281,59.64447021484375],[10.557076454162598,59.64447021484375],[10.555644989013672,59.36461639404297],[10.825811386108398,59.15507125854492],[11.09703254699707,59.15507125854492],[11.179258346557617,58.38920593261719],[11.44767951965332,58.31977081298828],[11.44500732421875,58.11164855957031],[11.713647842407227,58.11164855957031],[11.792279243469238,57.41988754272461],[12.058022499084473,57.35087585449219],[12.14184856414795,57.07511901855469],[12.405158996582031,56.937416076660156],[12.402325630187988,56.799827575683594],[12.75311279296875,56.662349700927734],[12.749893188476562,56.524986267089844],[12.573304176330566,56.524986267089844],[12.656968116760254,56.319149017333984],[12.480693817138672,56.319149017333984],[12.477840423583984,56.182064056396484],[11.860556602478027,56.11355972290039],[11.768598556518555,55.83982467651367],[11.595718383789062,56.04508590698242],[11.331932067871094,56.04508590698242],[11.241952896118164,55.83982467651367],[10.890382766723633,55.77145767211914],[10.889443397521973,55.63479995727539],[11.064117431640625,55.56651306152344],[10.974503517150879,55.29362487792969],[11.497906684875488,55.225467681884766],[11.670741081237793,55.089229583740234],[11.66806411743164,54.88506317138672],[11.406855583190918,54.88506317138672],[11.321170806884766,55.021148681640625],[10.884882926940918,54.95309066772461],[10.88355827331543,54.74907684326172],[11.230809211730957,54.681121826171875],[12.101152420043945,54.74907684326172],[12.107980728149414,55.15733337402344],[12.371088027954102,55.225467681884766],[12.375022888183594,55.430015563964844],[12.202529907226562,55.56651306152344],[12.555678367614746,55.70311737060547],[12.561474800109863,55.97663879394531],[12.908012390136719,55.77145767211914],[12.903090476989746,55.56651306152344],[12.726422309875488,55.498252868652344],[12.810799598693848,55.36180877685547],[14.296913146972656,55.36180877685547],[14.228706359863281,55.90821838378906],[14.758404731750488,55.97663879394531],[14.76668930053711,56.182064056396484],[15.819687843322754,56.11355972290039],[16.090740203857422,56.25059127807617],[16.193382263183594,56.524986267089844],[16.28167724609375,56.524986267089844],[16.266908645629883,56.25059127807617],[16.62702751159668,56.387733459472656],[16.739154815673828,56.799827575683594],[16.924457550048828,56.937416076660156],[16.936981201171875,57.14401626586914],[17.12316131591797,57.28189468383789],[17.131839752197266,57.41988754272461],[16.860679626464844,57.35087585449219],[16.755352020263672,57.07511901855469],[16.477506637573242,56.86860656738281],[16.500974655151367,57.28189468383789],[16.68687629699707,57.41988754272461],[16.614076614379883,57.696231842041016],[16.703289031982422,57.696231842041016],[16.71156883239746,57.8345832824707],[16.626346588134766,57.903804779052734],[16.813568115234375,58.042335510253906],[16.830646514892578,58.31977081298828],[16.65959930419922,58.45867156982422],[16.83926010131836,58.45867156982422],[16.847923278808594,58.59769821166992],[17.02781105041504,58.59769821166992],[17.126813888549805,58.73685073852539],[17.487049102783203,58.73685073852539],[17.496623992919922,58.876129150390625],[17.947494506835938,58.876129150390625],[18.143529891967773,59.08528518676758],[18.414575576782227,59.08528518676758],[18.351261138916016,59.434532165527344],[18.628820419311523,59.504478454589844],[18.827571868896484,59.714515686035156],[19.00933265686035,59.714515686035156],[19.033178329467773,59.99503707885742],[19.027153356136658,60]]],[[[14.64396858215332,55.29362487792969],[14.636160850524902,55.089229583740234],[15.069417953491211,55.021148681640625],[15.077948570251465,55.225467681884766],[14.990630149841309,55.225467681884766],[14.64396858215332,55.29362487792969]]],[[[19.04520034790039,57.97305679321289],[18.598026275634766,57.97305679321289],[18.230064392089844,57.8345832824707],[18.031593322753906,57.55800247192383],[18.02667236328125,57.488929748535156],[18.076435089111328,56.937416076660156],[18.342275619506836,56.937416076660156],[18.45128059387207,57.21294021606445],[18.911693572998047,57.41988754272461],[18.844388961791992,57.696231842041016],[19.03397560119629,57.8345832824707],[19.04520034790039,57.97305679321289]]]]},"properties":{"Name":"Kalmar Union","FromYear":1482,"ToYear":1501,"Area":1285990.3751069766,"Type":"POLITY","Wikipedia":"Kalmar Union","Wikidata":"Q62623","SeshatID":"sv_kalmar_union","Components":"","MemberOf":"(Kalmar Union)"}},
{"type":"Feature","geometry":{"type":"MultiPolygon","coordinates":[[[[11.574831008911133,42.36617660522461],[11.494861602783203,42.36617660522461],[11.494501113891602,42.30118942260742],[11.574441909790039,42.30118942260742],[11.574831008911133,42.36617660522461]]],[[[13.90514087677002,42.95146560668945],[13.906397819519043,43.016544342041016],[13.826133728027344,43.016544342041016],[13.827362060546875,43.08163070678711],[13.747068405151367,43.08163070678711],[13.748269081115723,43.146724700927734],[13.749470710754395,43.211830139160156],[13.7506742477417,43.276947021484375],[13.355091094970703,43.6678352355957],[13.033763885498047,43.73301696777344],[13.035634994506836,43.86341094970703],[12.873446464538574,43.79821014404297],[12.312999725341797,44.18956756591797],[12.155472755432129,44.64661407470703],[12.156049728393555,44.71194839477539],[11.993412017822266,44.64661407470703],[11.751571655273438,44.842647552490234],[11.670446395874023,44.842647552490234],[11.670825958251953,44.908016204833984],[11.589669227600098,44.908016204833984],[11.264820098876953,44.842647552490234],[11.182066917419434,44.32010269165039],[11.505900382995605,44.38538360595703],[11.746879577636719,44.12431716918945],[11.744671821594238,43.79821014404297],[12.226542472839355,43.6026611328125],[12.144204139709473,43.407203674316406],[11.82194709777832,43.342071533203125],[11.900826454162598,43.146724700927734],[11.981149673461914,43.146724700927734],[12.0580472946167,42.75628662109375],[11.736565589904785,42.62621307373047],[11.574831008911133,42.36617660522461],[11.654799461364746,42.36617660522461],[11.733430862426758,42.17123794555664],[12.131669044494629,42.041324615478516],[12.130502700805664,41.911441802978516],[12.604641914367676,41.521995544433594],[12.922186851501465,41.45711898803711],[13.000019073486328,41.32738494873047],[13.397590637207031,41.32738494873047],[13.71342658996582,41.19768524169922],[13.792884826660156,41.19768524169922],[14.03740406036377,41.521995544433594],[13.96146297454834,41.71668243408203],[13.804443359375,41.84651184082031],[13.40574836730957,41.84651184082031],[13.328027725219727,41.97637939453125],[13.00974178314209,42.041324615478516],[12.856051445007324,42.496177673339844],[13.098980903625488,42.691246032714844],[13.339327812194824,42.691246032714844],[13.583069801330566,42.88639831542969],[13.90514087677002,42.95146560668945]]]]},"properties":{"Name":"Papal States","FromYear":1487,"ToYear":1506,"Area":39617.45328801246,"Type":"POLITY","Wikipedia":"Papal States","Wikidata":"Q170174","SeshatID":"it_papal_state_2","Components":"","MemberOf":""}},
{"type":"Feature","geometry":{"type":"MultiPolygon","coordinates":[[[[2.074539184570312,51.112430572509766],[1.825181484222412,51.04566955566406],[1.740700125694275,51.04566955566406],[1.576062202453613,50.97892379760742],[1.6365936370134901,50.912200927734375],[1.666910892090524,50.87878268347631],[1.697111228697703,50.84549331665039],[1.75760805606842,50.77880859375],[2.007492200242073,50.82881604968416],[2.090827465057373,50.84549331665039],[2.074539184570312,51.112430572509766]]],[[[-3.402623414993286,54.95309066772461],[-3.394958257675171,54.88506317138672],[-3.648374080657959,54.817054748535156],[-3.704231739044189,54.545284271240234],[-3.617407321929932,54.545284271240234],[-3.586766958236694,54.27390670776367],[-3.319409608840942,54.20612335205078],[-3.304538726806641,54.07062530517578],[-2.96582555770874,54.138362884521484],[-3.196035623550415,53.86756134033203],[-3.095205545425415,53.732303619384766],[-3.152528285980225,53.462066650390625],[-4.162125587463379,53.25962829589844],[-4.271347522735596,53.462066650390625],[-4.701662540435791,53.462066650390625],[-4.669717311859131,53.192195892333984],[-4.490120410919189,53.124786376953125],[-4.809510231018066,52.92268753051758],[-4.793659210205078,52.78806686401367],[-4.29533576965332,52.92268753051758],[-4.156738758087158,52.4518928527832],[-4.552989482879639,52.18334197998047],[-5.218731880187988,52.0491943359375],[-5.264270305633545,51.71418380737305],[-4.909326076507568,51.580322265625],[-4.415247440338135,51.71418380737305],[-4.308269023895264,51.51342010498047],[-3.891522645950317,51.580322265625],[-3.70082426071167,51.37968063354492],[-3.277374029159546,51.37968063354492],[-3.121426105499268,51.51342010498047],[-2.945236444473267,51.44654083251953],[-3.107994079589844,51.37968063354492],[-3.094635725021362,51.24601745605469],[-4.201729774475098,51.31283950805664],[-4.426436901092529,51.04566955566406],[-4.67988109588623,51.04566955566406],[-4.657799243927002,50.84549331665039],[-4.819114208221436,50.77880859375],[-4.881234169006348,50.578861236572266],[-5.133819580078125,50.578861236572266],[-5.279601097106934,50.37908172607422],[-5.768607616424561,50.2459831237793],[-5.745615005493164,50.04647445678711],[-5.151133060455322,49.98000717163086],[-4.928657054901123,50.2459831237793],[-4.354779243469238,50.37908172607422],[-4.186630249023438,50.37908172607422],[-4.088706493377686,50.2459831237793],[-3.584736108779907,50.2459831237793],[-3.456606388092041,50.64549255371094],[-3.12621021270752,50.71213912963867],[-2.102793455123901,50.578861236572266],[-2.030619621276855,50.71213912963867],[-1.524962306022644,50.71213912963867],[-1.513427257537842,50.578861236572266],[-1.176646590232849,50.578861236572266],[-1.109168291091919,50.77880859375],[-1.367843627929688,50.84549331665039],[0.492853790521622,50.77880859375],[1.313834071159363,51.112430572509766],[1.380577206611633,51.37968063354492],[0.523877322673798,51.51342010498047],[0.862975299358368,51.51342010498047],[0.843909561634064,51.78114318847656],[1.183690190315247,51.78114318847656],[1.169783234596252,51.98215103149414],[1.425007224082947,51.98215103149414],[1.586262822151184,52.11625671386719],[1.653681755065918,52.38472366333008],[1.739019155502319,52.38472366333008],[1.716817617416382,52.720787048339844],[1.531973838806152,52.92268753051758],[1.093834638595581,53.057395935058594],[0.493327647447586,53.057395935058594],[0.337453275918961,52.85536575317383],[0.075146429240704,52.92268753051758],[0.316494405269623,53.124786376953125],[0.29531991481781,53.39456558227539],[0.020827349275351,53.597137451171875],[0.004257039166987,53.799922943115234],[-0.17964468896389,53.93522644042969],[-0.294801265001297,54.27390670776367],[-0.381431937217712,54.27390670776367],[-0.393139123916626,54.4095458984375],[-0.671433329582214,54.613189697265625],[-1.285956144332886,54.681121826171875],[-1.398887872695923,54.95309066772461],[-1.486006855964661,54.95309066772461],[-1.633551597595215,55.56651306152344],[-2.01904296875,55.90821838378906],[-2.106868505477905,55.90821838378906],[-2.268072366714478,55.77145767211914],[-2.239403486251831,55.498252868652344],[-2.560305595397949,55.225467681884766],[-2.734941720962524,55.225467681884766],[-2.807486772537231,55.089229583740234],[-3.141266584396362,54.95309066772461],[-3.402623414993286,54.95309066772461]]],[[[-6.591040134429932,54.07062530517578],[-6.745415210723877,53.93522644042969],[-6.831807136535645,53.93522644042969],[-6.918198585510254,53.93522644042969],[-6.730795383453369,53.192195892333984],[-6.138383388519287,53.25962829589844],[-6.241942882537842,53.39456558227539],[-6.087455749511719,53.52959060668945],[-6.286456108093262,53.732303619384766],[-6.331579685211182,54.07062530517578],[-6.591040134429932,54.07062530517578]]],[[[-4.382591724395752,54.4095458984375],[-4.807900905609131,54.341712951660156],[-4.799596309661865,54.27390670776367],[-4.861302852630615,54.07062530517578],[-4.358400821685791,54.20612335205078],[-4.382591724395752,54.4095458984375]]]]},"properties":{"Name":"Kingdom of England","FromYear":1487,"ToYear":1501,"Area":166387.92535438616,"Type":"POLITY","Wikipedia":"Kingdom of England","Wikidata":"Q179876","SeshatID":"gb_tudor_stuart","Components":"","MemberOf":"(Kingdom of England)"}},
{"type":"Feature","geometry":{"type":"MultiPolygon","coordinates":[[[[2.074539184570312,51.112430572509766],[1.825181484222412,51.04566955566406],[1.740700125694275,51.04566955566406],[1.576062202453613,50.97892379760742],[1.6365936370134901,50.912200927734375],[1.666910892090524,50.87878268347631],[1.697111228697703,50.84549331665039],[1.75760805606842,50.77880859375],[2.007492200242073,50.82881604968416],[2.090827465057373,50.84549331665039],[2.074539184570312,51.112430572509766]]],[[[-3.402623414993286,54.95309066772461],[-3.394958257675171,54.88506317138672],[-3.648374080657959,54.817054748535156],[-3.704231739044189,54.545284271240234],[-3.617407321929932,54.545284271240234],[-3.586766958236694,54.27390670776367],[-3.319409608840942,54.20612335205078],[-3.304538726806641,54.07062530517578],[-2.96582555770874,54.138362884521484],[-3.196035623550415,53.86756134033203],[-3.095205545425415,53.732303619384766],[-3.152528285980225,53.462066650390625],[-4.162125587463379,53.25962829589844],[-4.271347522735596,53.462066650390625],[-4.701662540435791,53.462066650390625],[-4.669717311859131,53.192195892333984],[-4.490120410919189,53.124786376953125],[-4.809510231018066,52.92268753051758],[-4.793659210205078,52.78806686401367],[-4.29533576965332,52.92268753051758],[-4.156738758087158,52.4518928527832],[-4.552989482879639,52.18334197998047],[-5.218731880187988,52.0491943359375],[-5.264270305633545,51.71418380737305],[-4.909326076507568,51.580322265625],[-4.415247440338135,51.71418380737305],[-4.308269023895264,51.51342010498047],[-3.891522645950317,51.580322265625],[-3.70082426071167,51.37968063354492],[-3.277374029159546,51.37968063354492],[-3.121426105499268,51.51342010498047],[-2.945236444473267,51.44654083251953],[-3.107994079589844,51.37968063354492],[-3.094635725021362,51.24601745605469],[-4.201729774475098,51.31283950805664],[-4.426436901092529,51.04566955566406],[-4.67988109588623,51.04566955566406],[-4.657799243927002,50.84549331665039],[-4.819114208221436,50.77880859375],[-4.881234169006348,50.578861236572266],[-5.133819580078125,50.578861236572266],[-5.279601097106934,50.37908172607422],[-5.768607616424561,50.2459831237793],[-5.745615005493164,50.04647445678711],[-5.151133060455322,49.98000717163086],[-4.928657054901123,50.2459831237793],[-4.354779243469238,50.37908172607422],[-4.186630249023438,50.37908172607422],[-4.088706493377686,50.2459831237793],[-3.584736108779907,50.2459831237793],[-3.456606388092041,50.64549255371094],[-3.12621021270752,50.71213912963867],[-2.102793455123901,50.578861236572266],[-2.030619621276855,50.71213912963867],[-1.524962306022644,50.71213912963867],[-1.513427257537842,50.578861236572266],[-1.176646590232849,50.578861236572266],[-1.109168291091919,50.77880859375],[-1.367843627929688,50.84549331665039],[0.492853790521622,50.77880859375],[1.313834071159363,51.112430572509766],[1.380577206611633,51.37968063354492],[0.523877322673798,51.51342010498047],[0.862975299358368,51.51342010498047],[0.843909561634064,51.78114318847656],[1.183690190315247,51.78114318847656],[1.169783234596252,51.98215103149414],[1.425007224082947,51.98215103149414],[1.586262822151184,52.11625671386719],[1.653681755065918,52.38472366333008],[1.739019155502319,52.38472366333008],[1.716817617416382,52.720787048339844],[1.531973838806152,52.92268753051758],[1.093834638595581,53.057395935058594],[0.493327647447586,53.057395935058594],[0.337453275918961,52.85536575317383],[0.075146429240704,52.92268753051758],[0.316494405269623,53.124786376953125],[0.29531991481781,53.39456558227539],[0.020827349275351,53.597137451171875],[0.004257039166987,53.799922943115234],[-0.17964468896389,53.93522644042969],[-0.294801265001297,54.27390670776367],[-0.381431937217712,54.27390670776367],[-0.393139123916626,54.4095458984375],[-0.671433329582214,54.613189697265625],[-1.285956144332886,54.681121826171875],[-1.398887872695923,54.95309066772461],[-1.486006855964661,54.95309066772461],[-1.633551597595215,55.56651306152344],[-2.01904296875,55.90821838378906],[-2.106868505477905,55.90821838378906],[-2.268072366714478,55.77145767211914],[-2.239403486251831,55.498252868652344],[-2.560305595397949,55.225467681884766],[-2.734941720962524,55.225467681884766],[-2.807486772537231,55.089229583740234],[-3.141266584396362,54.95309066772461],[-3.402623414993286,54.95309066772461]]],[[[-6.591040134429932,54.07062530517578],[-6.745415210723877,53.93522644042969],[-6.831807136535645,53.93522644042969],[-6.918198585510254,53.93522644042969],[-6.730795383453369,53.192195892333984],[-6.138383388519287,53.25962829589844],[-6.241942882537842,53.39456558227539],[-6.087455749511719,53.52959060668945],[-6.286456108093262,53.732303619384766],[-6.331579685211182,54.07062530517578],[-6.591040134429932,54.07062530517578]]],[[[-4.382591724395752,54.4095458984375],[-4.807900905609131,54.341712951660156],[-4.799596309661865,54.27390670776367],[-4.861302852630615,54.07062530517578],[-4.358400821685791,54.20612335205078],[-4.382591724395752,54.4095458984375]]]]},"properties":{"Name":"(Kingdom of England)","FromYear":1487,"ToYear":1501,"Area":166387.92535438616,"Type":"POLITY","Wikipedia":"Kingdom of England","Wikidata":"Q179876","SeshatID":"gb_tudor_stuart","Components":"Kingdom of England","MemberOf":""}},
{"type":"Feature","geometry":{"type":"MultiPolygon","coordinates":[[[[36.2602653503418,45.431331634521484],[35.7520751953125,45.300437927246094],[35.01994323730469,45.300437927246094],[34.98639678955078,45.62776184082031],[34.82337951660156,45.62776184082031],[34.74187088012695,45.62776184082031],[34.544586181640625,45.95537567138672],[34.15492630004883,46.08650588989258],[33.73704528808594,46.02093505859375],[33.70957565307617,45.82429504394531],[32.60533905029297,45.496795654296875],[33.221439361572266,45.23500442504883],[33.465389251708984,45.23500442504883],[33.61005401611328,45.10417556762695],[33.56534957885742,44.77729415893555],[33.55644607543945,44.71194839477539],[34.03373718261719,44.64661407470703],[34.12387227405638,44.71187656285562],[34.12426874419686,44.71216362783144],[34.3947639465332,44.908016204833984],[34.475921630859375,44.908016204833984],[34.55707931518555,44.908016204833984],[34.56639862060547,44.973392486572266],[35.39760208129883,45.10417556762695],[35.40727996826172,45.169586181640625],[36.20014190673828,45.03877639770508],[36.3826904296875,45.169586181640625],[36.23013687133789,45.23500442504883],[36.2602653503418,45.431331634521484]]],[[[36.778892517089844,45.10417556762695],[37.097006942742574,45.06057100298558],[37.17651599041221,45.04967254278036],[37.25600814819336,45.03877639770508],[37.520668029785156,45.169586181640625],[37.84580612182617,45.169586181640625],[38.3660888671875,45.36587905883789],[38.82844924926758,45.693260192871094],[40.378814697265625,46.1520881652832],[40.542354583740234,46.1520881652832],[40.60020446777344,46.02093505859375],[41.17213439941406,46.02093505859375],[41.06621551513672,45.889827728271484],[41.38056945800781,45.82429504394531],[41.356231689453125,45.693260192871094],[41.507118225097656,45.62776184082031],[41.482784271240234,45.496795654296875],[41.63347244262695,45.431331634521484],[41.67831039428711,45.23500442504883],[42.00357437133789,45.23500442504883],[42.215782165527344,45.496795654296875],[42.303382873535156,45.95537567138672],[42.492103576660156,46.08650588989258],[42.34128952026367,46.1520881652832],[42.4741096496582,46.414546966552734],[42.2284049987793,46.414546966552734],[42.25389862060547,46.54585266113281],[42.03340530395508,46.677207946777344],[42.04615783691406,46.74290466308594],[40.597259521484375,47.33478927612305],[39.385501861572266,47.46647262573242],[39.52638626098633,47.33478927612305],[39.47877502441406,47.07159423828125],[39.2203369140625,47.005828857421875],[39.13813400268555,47.005828857421875],[38.62202453613281,46.87434005737305],[38.494598388671875,46.61152267456055],[37.83858108520508,46.61152267456055],[37.89856719970703,46.480194091796875],[38.36785888671875,46.348915100097656],[38.334564208984375,46.1520881652832],[37.89311981201172,45.95537567138672],[37.7577018737793,45.62776184082031],[37.59468460083008,45.62776184082031],[37.747013092041016,45.56227111816406],[37.704429626464844,45.300437927246094],[37.216339111328125,45.300437927246094],[36.972293853759766,45.300437927246094],[36.93586748092214,45.3789491163904],[36.911563873291016,45.431331634521484],[36.74873733520508,45.431331634521484],[36.778892517089844,45.10417556762695]]],[[[35.496402740478516,48.91886520385742],[35.48542785644531,48.852684020996094],[35.4311408996582,48.52202224731445],[35.11882400512695,48.1257438659668],[35.19115447998047,48.059749603271484],[35.026123046875,47.53233337402344],[34.46866989135742,47.664100646972656],[34.283817291259766,47.53233337402344],[34.036380767822266,47.53233337402344],[34.079959869384766,47.26897048950195],[33.69384002685547,46.87434005737305],[32.918460845947266,46.61152267456055],[32.35321807861328,46.677207946777344],[32.16309356689453,46.480194091796875],[31.835351943969727,46.480194091796875],[31.81834602355957,46.348915100097656],[32.0639533996582,46.348915100097656],[32.683658599853516,46.08650588989258],[32.84713363647461,46.08650588989258],[32.946651458740234,46.21768569946289],[33.59191131591797,46.1520881652832],[33.610260009765625,46.283294677734375],[34.019439697265625,46.283294677734375],[34.0825309753418,46.1520881652832],[34.736690521240234,46.1520881652832],[34.75596237182617,46.283294677734375],[35.24697494506836,46.283294677734375],[35.634639739990234,46.677207946777344],[36.80437088012695,46.808616638183594],[36.90787887573242,46.94007873535156],[37.2257080078125,46.87434005737305],[37.16523361206055,47.005828857421875],[37.51609802246094,47.13737487792969],[38.6794548034668,47.20316696166992],[39.149861151642114,47.37866029409693],[39.20873260498047,47.4006233215332],[39.214670714251604,47.43354035500728],[39.220611572265625,47.46647262573242],[38.419342041015625,47.598209381103516],[38.44264221191406,47.730003356933594],[37.4256477355957,48.059749603271484],[36.85371017456055,48.5881233215332],[36.306053161621094,48.786521911621094],[36.328697204589844,48.91886520385742],[36.079010009765625,48.91886520385742],[35.94626998901367,49.11750411987305],[35.60177230834961,49.051273345947266],[35.496402740478516,48.91886520385742]]]]},"properties":{"Name":"Crimean Khanate","FromYear":1487,"ToYear":1501,"Area":136476.7354275064,"Type":"POLITY","Wikipedia":"Crimean Khanate","Wikidata":"Q160440","SeshatID":"ru_crimean_khanate","Components":"","MemberOf":""}},
{"type":"Feature","geometry":{"type":"Polygon","coordinates":[[[29.221864700317383,47.26897048950195],[28.982398986816406,47.33478927612305],[28.93032455444336,47.598209381103516],[29.028188705444336,47.730003356933594],[28.87833023071289,47.86185836791992],[28.555265426635742,47.92780685424805],[28.570432662963867,48.059749603271484],[28.4200382232666,48.191749572753906],[27.537879943847656,48.455936431884766],[27.39371109008789,48.654239654541016],[25.981304168701172,48.654239654541016],[25.50884246826172,48.91886520385742],[25.342382431030273,48.91886520385742],[25.246307373046875,48.786521911621094],[25.559406280517578,48.5881233215332],[25.54009246826172,48.38986587524414],[25.01179313659668,48.059749603271484],[24.987621307373047,47.79592514038086],[24.90500259399414,47.79592514038086],[24.881271362304688,47.53233337402344],[25.03432846069336,47.4006233215332],[25.016605377197266,47.20316696166992],[25.668907165527344,47.13737487792969],[25.72661018371582,46.87434005737305],[25.966814041137695,46.808616638183594],[25.942142486572266,46.54585266113281],[26.477930068969727,46.1520881652832],[26.44038200378418,45.75876998901367],[26.10191535949707,45.62776184082031],[26.240449905395508,45.36587905883789],[26.41556167602539,45.496795654296875],[26.659894943237305,45.496795654296875],[27.630565643310547,45.431331634521484],[27.861310958862305,45.300437927246094],[28.11903953552246,45.431331634521484],[28.146530151367188,45.693260192871094],[28.309614181518555,45.693260192871094],[28.330547332763672,45.889827728271484],[28.50797462463379,46.02093505859375],[28.440406799316406,46.1520881652832],[28.88568115234375,46.480194091796875],[29.57166290283203,46.74290466308594],[29.57933235168457,46.808616638183594],[29.34821891784668,46.94007873535156],[29.363489151000977,47.07159423828125],[29.2142276763916,47.20316696166992],[29.221864700317383,47.26897048950195]]]},"properties":{"Name":"Principality of Moldavia","FromYear":1487,"ToYear":1506,"Area":82069.12705600864,"Type":"POLITY","Wikipedia":"Moldavia","Wikidata":"Q10957559","SeshatID":"md_moldavia_principality_1","Components":"","MemberOf":""}},
{"type":"Feature","geometry":{"type":"Polygon","coordinates":[[[10.212483406066895,43.92862319946289],[10.212624549865723,43.86341094970703],[10.374164581298828,43.6678352355957],[10.535322189331055,43.08163070678711],[10.695780754089355,42.95146560668945],[10.776015281677246,42.95146560668945],[10.776567459106445,43.342071533203125],[11.018165588378906,43.472347259521484],[11.259588241577148,43.472347259521484],[11.580705642700195,43.342071533203125],[11.659855842590332,43.146724700927734],[11.900826454162598,43.146724700927734],[11.82194709777832,43.342071533203125],[12.144204139709473,43.407203674316406],[12.226542472839355,43.6026611328125],[11.744671821594238,43.79821014404297],[11.746879577636719,44.12431716918945],[11.505900382995605,44.38538360595703],[11.182066917419434,44.32010269165039],[11.101192474365234,44.32010269165039],[11.101008415222168,44.25482940673828],[11.02016544342041,44.25482940673828],[10.939322471618652,44.25482940673828],[10.858479499816895,44.25482940673828],[10.696523666381836,43.79821014404297],[10.212483406066895,43.92862319946289]]]},"properties":{"Name":"Republic of Florence","FromYear":1487,"ToYear":1506,"Area":12064.76439801248,"Type":"POLITY","Wikipedia":"Republic of Florence","Wikidata":"Q148540","SeshatID":"it_florence_rep","Components":"","MemberOf":""}},
{"type":"Feature","geometry":{"type":"MultiPolygon","coordinates":[[[[6.983439445495605,47.53233337402344],[7.06591796875,47.53233337402344],[7.156311661674072,47.514367100254006],[7.39728307723999,47.46647262573242],[7.43708244861018,47.53233337402344],[7.476891040802002,47.598209381103516],[7.559404373168945,47.598209381103516],[7.466878890991211,48.059749603271484],[7.218601703643799,48.059749603271484],[7.056310653686523,47.92780685424805],[6.973622798919678,47.92780685424805],[6.890934467315674,47.92780685424805],[6.983439445495605,47.53233337402344]]],[[[7.56217098236084,47.46647262573242],[7.72967529296875,47.33478927612305],[8.059174537658691,47.33478927612305],[8.138138771057129,47.53233337402344],[8.054483413696289,47.598209381103516],[8.218400955200195,47.664100646972656],[8.127795219421387,48.1257438659668],[8.210589408874512,48.1257438659668],[8.208345413208008,48.257774353027344],[7.959747314453125,48.257774353027344],[7.796617031097412,48.1257438659668],[7.792711734771729,48.323814392089844],[7.709810256958008,48.323814392089844],[7.628283500671387,48.257774353027344],[7.637851715087891,47.79592514038086],[7.803087711334229,47.79592514038086],[7.888208866119385,47.664100646972656],[7.560789108276367,47.53233337402344],[7.56217098236084,47.46647262573242]]],[[[8.709171295166016,47.993770599365234],[8.626447677612305,47.993770599365234],[8.628328323364258,47.86185836791992],[8.793634414672852,47.86185836791992],[8.710076332092285,47.92780685424805],[8.709171295166016,47.993770599365234]]],[[[8.210589408874512,48.1257438659668],[8.211709976196289,48.059749603271484],[8.21282958984375,47.993770599365234],[8.295553207397461,47.993770599365234],[8.378276824951172,47.993770599365234],[8.461000442504883,47.993770599365234],[8.45998764038086,48.059749603271484],[8.377227783203125,48.059749603271484],[8.376178741455078,48.1257438659668],[8.293384552001953,48.1257438659668],[8.210589408874512,48.1257438659668]]],[[[8.538827896118164,48.323814392089844],[8.539809226989746,48.257774353027344],[8.706449508666992,48.191749572753906],[8.7875337600708,48.323814392089844],[8.538827896118164,48.323814392089844]]],[[[8.954939842224121,48.191749572753906],[9.03777027130127,48.191749572753906],[9.037004470825195,48.257774353027344],[8.95413875579834,48.257774353027344],[8.953337669372559,48.323814392089844],[8.87043571472168,48.323814392089844],[8.871273040771484,48.257774353027344],[8.872109413146973,48.191749572753906],[8.954939842224121,48.191749572753906]]],[[[8.291211128234863,48.257774353027344],[8.290122985839844,48.323814392089844],[8.454909324645996,48.38986587524414],[8.206095695495605,48.38986587524414],[8.291211128234863,48.257774353027344]]],[[[8.452873229980469,48.52202224731445],[8.451854705810547,48.5881233215332],[8.285761833190918,48.5881233215332],[8.370917320251465,48.455936431884766],[8.452873229980469,48.52202224731445]]],[[[8.61889362335205,48.52202224731445],[8.701903343200684,48.52202224731445],[8.6170015335083,48.654239654541016],[8.53490161895752,48.5881233215332],[8.61889362335205,48.52202224731445]]],[[[14.277569770812988,45.36587905883789],[14.44612979888916,45.62776184082031],[15.339118957519531,45.496795654296875],[15.264768600463867,45.75876998901367],[15.678460121154785,45.95537567138672],[15.604452133178711,46.21768569946289],[16.01764488220215,46.348915100097656],[15.864084243774414,46.677207946777344],[16.032390594482422,46.808616638183594],[16.138551712036133,47.53233337402344],[16.303508758544922,47.53233337402344],[16.3150634765625,47.86185836791992],[16.48518943786621,47.993770599365234],[16.984167098999023,48.059749603271484],[16.911911010742188,48.323814392089844],[16.829010009765625,48.323814392089844],[16.92527961730957,48.654239654541016],[16.84486961364746,48.72037124633789],[16.179914474487305,48.72037124633789],[15.68774127960205,48.91886520385742],[14.940543174743652,48.98506164550781],[14.850005149841309,48.72037124633789],[14.597285270690918,48.5881233215332],[14.100465774536133,48.654239654541016],[14.099007606506348,48.5881233215332],[14.015960693359375,48.5881233215332],[14.014547348022461,48.52202224731445],[13.931536674499512,48.52202224731445],[13.930166244506836,48.455936431884766],[13.847192764282227,48.455936431884766],[13.177251815795898,48.059749603271484],[13.175244331359863,47.92780685424805],[13.418926239013672,47.664100646972656],[13.41247844696045,47.26897048950195],[13.659500122070312,47.26897048950195],[13.738253593444824,47.07159423828125],[13.08034896850586,47.07159423828125],[12.9981107711792,47.07159423828125],[12.175729751586914,47.07159423828125],[12.177369117736816,47.26897048950195],[12.342669486999512,47.33478927612305],[12.262062072753906,47.53233337402344],[12.014627456665039,47.53233337402344],[11.848007202148438,47.26897048950195],[11.600985527038574,47.26897048950195],[11.436545372009277,47.33478927612305],[11.437032699584961,47.46647262573242],[11.272144317626953,47.46647262573242],[11.024742126464844,47.4006233215332],[10.94240665435791,47.53233337402344],[10.859928131103516,47.53233337402344],[10.777449607849121,47.53233337402344],[10.694971084594727,47.53233337402344],[10.694906234741211,47.598209381103516],[10.61239242553711,47.598209381103516],[10.447366714477539,47.598209381103516],[10.36567211151123,47.33478927612305],[10.200922012329102,47.33478927612305],[10.119163513183594,47.20316696166992],[10.120388984680176,46.94007873535156],[10.44906997680664,46.94007873535156],[10.367905616760254,46.61152267456055],[10.36810302734375,46.54585266113281],[10.450072288513184,46.54585266113281],[10.5320405960083,46.54585266113281],[11.187925338745117,46.61152267456055],[11.105613708496094,46.414546966552734],[11.269417762756348,46.414546966552734],[11.515933990478516,46.61152267456055],[12.09045124053955,46.677207946777344],[13.563776969909668,46.480194091796875],[13.72764778137207,46.480194091796875],[13.725314140319824,46.348915100097656],[13.887821197509766,46.283294677734375],[13.885364532470703,46.1520881652832],[13.5560941696167,46.02093505859375],[13.633292198181152,45.75876998901367],[13.714865684509277,45.75876998901367],[13.713706970214844,45.693260192871094],[13.71254825592041,45.62776184082031],[13.711389541625977,45.56227111816406],[13.710229873657227,45.496795654296875],[14.117451667785645,45.496795654296875],[13.786900520324707,45.23500442504883],[14.026969909667969,45.03877639770508],[14.108189582824707,45.03877639770508],[14.189410209655762,45.03877639770508],[14.190768241882324,45.10417556762695],[14.19212532043457,45.169586181640625],[14.193480491638184,45.23500442504883],[14.194835662841797,45.300437927246094],[14.196189880371094,45.36587905883789],[14.277569770812988,45.36587905883789]]],[[[9.542471885681152,47.26897048950195],[9.789493560791016,47.26897048950195],[9.623783111572266,47.4006233215332],[9.624298095703125,47.33478927612305],[9.541923522949219,47.33478927612305],[9.542471885681152,47.26897048950195]]],[[[9.043119430541992,47.730003356933594],[9.290210723876953,47.79592514038086],[9.288235664367676,47.993770599365234],[9.122788429260254,47.993770599365234],[9.124246597290039,47.86185836791992],[9.041593551635742,47.86185836791992],[8.957342147827148,47.993770599365234],[8.87795352935791,47.730003356933594],[8.96053695678711,47.730003356933594],[9.043119430541992,47.730003356933594]]],[[[9.45427131652832,47.92780685424805],[9.371582984924316,47.92780685424805],[9.537511825561523,47.86185836791992],[9.536406517028809,47.993770599365234],[9.45427131652832,47.92780685424805]]],[[[10.528592109680176,48.257774353027344],[10.197128295898438,48.257774353027344],[10.115167617797852,48.059749603271484],[10.363642692565918,47.993770599365234],[10.52871322631836,48.191749572753906],[10.528592109680176,48.257774353027344]]],[[[9.451920509338379,48.191749572753906],[9.782355308532715,48.323814392089844],[10.03139591217041,48.257774353027344],[9.947421073913574,48.455936431884766],[9.615525245666504,48.455936431884766],[9.532551765441895,48.455936431884766],[9.449578285217285,48.455936431884766],[9.451920509338379,48.191749572753906]]],[[[9.36660385131836,48.455936431884766],[9.202042579650879,48.323814392089844],[9.202736854553223,48.257774353027344],[9.368468284606934,48.257774353027344],[9.36660385131836,48.455936431884766]]],[[[10.113962173461914,48.323814392089844],[10.196864128112793,48.323814392089844],[10.279766082763672,48.323814392089844],[10.279540061950684,48.38986587524414],[10.196602821350098,48.38986587524414],[10.196342468261719,48.455936431884766],[10.11336898803711,48.455936431884766],[10.113664627075195,48.38986587524414],[10.113962173461914,48.323814392089844]]]]},"properties":{"Name":"House of Habsburg","FromYear":1492,"ToYear":1501,"Area":100454.35897088084,"Type":"POLITY","Wikipedia":"House of Habsburg","Wikidata":"Q65968","SeshatID":"at_habsburg_1","Components":"","MemberOf":"(Habsburg Monarchy)"}},
{"type":"Feature","geometry":{"type":"Polygon","coordinates":[[[24.90500259399414,47.79592514038086],[24.586227416992188,47.92780685424805],[24.686708450317383,48.1257438659668],[24.367206573486328,48.257774353027344],[24.378963470458984,48.38986587524414],[24.052976608276367,48.455936431884766],[23.666343688964844,48.786521911621094],[22.928722381591797,48.91886520385742],[22.77837371826172,49.11750411987305],[22.5230712890625,49.051273345947266],[21.79827117919922,49.38258361816406],[20.71288299560547,49.38258361816406],[20.703824996948242,49.2500114440918],[20.5369930267334,49.2500114440918],[20.453577041625977,49.2500114440918],[20.44919204711914,49.18375015258789],[20.365812301635742,49.18375015258789],[20.361482620239258,49.11750411987305],[20.278141021728516,49.11750411987305],[20.282434463500977,49.18375015258789],[20.286745071411133,49.2500114440918],[20.370161056518555,49.2500114440918],[20.453577041625977,49.2500114440918],[20.545900344848633,49.38258361816406],[20.21193504333496,49.38258361816406],[19.865541458129883,49.18375015258789],[19.472537994384766,49.58156967163086],[19.13038444519043,49.44889450073242],[18.88353729248047,49.51522445678711],[18.378620147705078,49.44889450073242],[17.938142776489258,48.98506164550781],[17.429643630981445,48.786521911621094],[16.84486961364746,48.72037124633789],[16.92527961730957,48.654239654541016],[16.829010009765625,48.323814392089844],[16.911911010742188,48.323814392089844],[16.984167098999023,48.059749603271484],[16.48518943786621,47.993770599365234],[16.3150634765625,47.86185836791992],[16.303508758544922,47.53233337402344],[16.138551712036133,47.53233337402344],[16.032390594482422,46.808616638183594],[15.864084243774414,46.677207946777344],[16.01764488220215,46.348915100097656],[15.604452133178711,46.21768569946289],[15.678460121154785,45.95537567138672],[15.264768600463867,45.75876998901367],[15.339118957519531,45.496795654296875],[14.44612979888916,45.62776184082031],[14.277569770812988,45.36587905883789],[14.358949661254883,45.36587905883789],[14.603090286254883,45.36587905883789],[14.59854507446289,45.169586181640625],[14.705873954494141,45.12597788336516],[14.759533882141113,45.10417556762695],[14.757952549930629,45.03877822926232],[14.757952513026673,45.03877670306789],[14.75637149810791,44.973392486572266],[14.91874885559082,44.973392486572266],[14.908865928649902,44.58129119873047],[15.028629145527555,44.5159797668457],[15.06858201388312,44.49419194994971],[15.148378372192383,44.45067596435547],[15.146636962890625,44.38538360595703],[15.547369003295898,44.25482940673828],[15.70318603515625,44.05907440185547],[16.26409912109375,43.92862319946289],[16.27495574951172,44.25482940673828],[16.51975440979004,44.32010269165039],[16.52429962158203,44.45067596435547],[16.285852432250977,44.58129119873047],[16.294586181640625,44.842647552490234],[16.544801712036133,45.03877639770508],[17.765867233276367,45.10417556762695],[18.72208023071289,44.71194839477539],[19.0333309173584,44.45067596435547],[19.92363166809082,44.45067596435547],[20.2659912109375,44.77729415893555],[20.829694747924805,44.71194839477539],[21.080976486206055,44.842647552490234],[21.40547752380371,44.842647552490234],[21.879146575927734,44.64661407470703],[21.951416015625,44.5159797668457],[22.275287628173828,44.5159797668457],[22.531999588012695,44.71194839477539],[22.650352478027344,45.23500442504883],[23.138248443603516,45.23500442504883],[23.47352409362793,45.36587905883789],[23.483562469482422,45.496795654296875],[25.042299270629883,45.62776184082031],[25.34526824951172,45.36587905883789],[25.438228607177734,45.496795654296875],[25.84545135498047,45.496795654296875],[25.93889808654785,45.62776184082031],[26.10191535949707,45.62776184082031],[26.44038200378418,45.75876998901367],[26.477930068969727,46.1520881652832],[25.942142486572266,46.54585266113281],[25.966814041137695,46.808616638183594],[25.72661018371582,46.87434005737305],[25.668907165527344,47.13737487792969],[25.016605377197266,47.20316696166992],[25.03432846069336,47.4006233215332],[24.881271362304688,47.53233337402344],[24.90500259399414,47.79592514038086]]]},"properties":{"Name":"Kingdom of Hungary","FromYear":1492,"ToYear":1520,"Area":337523.500835957,"Type":"POLITY","Wikipedia":"Kingdom of Hungary","Wikidata":"Q171150","SeshatID":"hu_later_dyn","Components":"","MemberOf":""}},
{"type":"Feature","geometry":{"type":"MultiPolygon","coordinates":[[[[18.88353729248047,49.51522445678711],[19.23756217956543,49.84712600708008],[19.165773391723633,50.04647445678711],[19.081897735595703,50.04647445678711],[19.085887908935547,50.11296081542969],[19.089900970458984,50.17946243286133],[19.17385482788086,50.17946243286133],[19.18613052368164,50.37908172607422],[19.022031784057617,50.445655822753906],[19.030193328857422,50.578861236572266],[18.70132827758789,50.71213912963867],[18.709320068359375,50.84549331665039],[18.049345016479492,51.112430572509766],[17.972288131713867,51.24601745605469],[17.549257278442383,51.24601745605469],[17.31973648071289,51.71418380737305],[16.980127334594727,51.71418380737305],[16.718996047973633,51.580322265625],[16.55561637878418,51.71418380737305],[16.131103515625,51.71418380737305],[16.136985778808594,51.84812545776367],[15.80826187133789,52.11625671386719],[15.813953399658203,52.250450134277344],[15.646231651306152,52.31757736206055],[15.470279693603516,52.18334197998047],[15.131959915161133,52.250450134277344],[15.039372444152832,52.0491943359375],[14.869136810302734,52.0491943359375],[14.779444694519043,51.91512680053711],[14.615998268127441,52.11625671386719],[14.360513687133789,52.11625671386719],[13.940366744995117,52.31757736206055],[13.425350189208984,52.18334197998047],[13.422128677368164,52.0491943359375],[13.507246971130371,52.0491943359375],[13.505606651306152,51.98215103149414],[13.590681076049805,51.98215103149414],[13.757316589355469,51.84812545776367],[14.097269058227539,51.84812545776367],[14.263254165649414,51.71418380737305],[14.259305000305176,51.580322265625],[14.257346153259277,51.51342010498047],[14.25539779663086,51.44654083251953],[14.253460884094238,51.37968063354492],[14.251534461975098,51.31283950805664],[14.336182594299316,51.31283950805664],[14.334224700927734,51.24601745605469],[14.326505661010742,50.97892379760742],[14.153997421264648,50.84549331665039],[13.052336692810059,50.578861236572266],[12.796454429626465,50.37908172607422],[12.376081466674805,50.37908172607422],[12.290331840515137,50.2459831237793],[12.12234115600586,50.2459831237793],[12.12159538269043,50.17946243286133],[12.370920181274414,49.98000717163086],[12.36764907836914,49.71431350708008],[12.534139633178711,49.64793395996094],[12.532414436340332,49.51522445678711],[13.02955150604248,49.2500114440918],[13.358475685119629,48.98506164550781],[13.441741943359375,48.98506164550781],[13.525009155273438,48.98506164550781],[13.52376937866211,48.91886520385742],[13.606999397277832,48.91886520385742],[14.100465774536133,48.654239654541016],[14.597285270690918,48.5881233215332],[14.850005149841309,48.72037124633789],[14.940543174743652,48.98506164550781],[15.68774127960205,48.91886520385742],[16.179914474487305,48.72037124633789],[16.84486961364746,48.72037124633789],[17.429643630981445,48.786521911621094],[17.938142776489258,48.98506164550781],[18.378620147705078,49.44889450073242],[18.88353729248047,49.51522445678711]],[[14.269256591796875,51.91512680053711],[13.93283748626709,52.0491943359375],[13.93470573425293,52.11625671386719],[14.190190315246582,52.11625671386719],[14.269256591796875,51.91512680053711]]],[[[13.502351760864258,51.84812545776367],[13.247386932373047,51.84812545776367],[13.244426727294922,51.71418380737305],[13.5823974609375,51.64724349975586],[13.667257308959961,51.64724349975586],[13.668937683105469,51.71418380737305],[13.670628547668457,51.78114318847656],[13.58568286895752,51.78114318847656],[13.586510930577386,51.81462605314726],[13.587339401245117,51.84812545776367],[13.502351760864258,51.84812545776367]]]]},"properties":{"Name":"Kingdom of Bohemia","FromYear":1492,"ToYear":1501,"Area":128616.7885859367,"Type":"POLITY","Wikipedia":"Kingdom of Bohemia","Wikidata":"Q42585","SeshatID":"cz_bohemian_k_2","Components":"","MemberOf":"(Kingdom of Bohemia)"}},
{"type":"Feature","geometry":{"type":"MultiPolygon","coordinates":[[[[18.88353729248047,49.51522445678711],[19.23756217956543,49.84712600708008],[19.165773391723633,50.04647445678711],[19.081897735595703,50.04647445678711],[19.085887908935547,50.11296081542969],[19.089900970458984,50.17946243286133],[19.17385482788086,50.17946243286133],[19.18613052368164,50.37908172607422],[19.022031784057617,50.445655822753906],[19.030193328857422,50.578861236572266],[18.70132827758789,50.71213912963867],[18.709320068359375,50.84549331665039],[18.049345016479492,51.112430572509766],[17.972288131713867,51.24601745605469],[17.549257278442383,51.24601745605469],[17.31973648071289,51.71418380737305],[16.980127334594727,51.71418380737305],[16.718996047973633,51.580322265625],[16.55561637878418,51.71418380737305],[16.131103515625,51.71418380737305],[16.136985778808594,51.84812545776367],[15.80826187133789,52.11625671386719],[15.813953399658203,52.250450134277344],[15.646231651306152,52.31757736206055],[15.470279693603516,52.18334197998047],[15.131959915161133,52.250450134277344],[15.039372444152832,52.0491943359375],[14.869136810302734,52.0491943359375],[14.779444694519043,51.91512680053711],[14.615998268127441,52.11625671386719],[14.360513687133789,52.11625671386719],[13.940366744995117,52.31757736206055],[13.425350189208984,52.18334197998047],[13.422128677368164,52.0491943359375],[13.507246971130371,52.0491943359375],[13.505606651306152,51.98215103149414],[13.590681076049805,51.98215103149414],[13.757316589355469,51.84812545776367],[14.097269058227539,51.84812545776367],[14.263254165649414,51.71418380737305],[14.259305000305176,51.580322265625],[14.257346153259277,51.51342010498047],[14.25539779663086,51.44654083251953],[14.253460884094238,51.37968063354492],[14.251534461975098,51.31283950805664],[14.336182594299316,51.31283950805664],[14.334224700927734,51.24601745605469],[14.326505661010742,50.97892379760742],[14.153997421264648,50.84549331665039],[13.052336692810059,50.578861236572266],[12.796454429626465,50.37908172607422],[12.376081466674805,50.37908172607422],[12.290331840515137,50.2459831237793],[12.12234115600586,50.2459831237793],[12.12159538269043,50.17946243286133],[12.370920181274414,49.98000717163086],[12.36764907836914,49.71431350708008],[12.534139633178711,49.64793395996094],[12.532414436340332,49.51522445678711],[13.02955150604248,49.2500114440918],[13.358475685119629,48.98506164550781],[13.441741943359375,48.98506164550781],[13.525009155273438,48.98506164550781],[13.52376937866211,48.91886520385742],[13.606999397277832,48.91886520385742],[14.100465774536133,48.654239654541016],[14.597285270690918,48.5881233215332],[14.850005149841309,48.72037124633789],[14.940543174743652,48.98506164550781],[15.68774127960205,48.91886520385742],[16.179914474487305,48.72037124633789],[16.84486961364746,48.72037124633789],[17.429643630981445,48.786521911621094],[17.938142776489258,48.98506164550781],[18.378620147705078,49.44889450073242],[18.88353729248047,49.51522445678711]],[[14.269256591796875,51.91512680053711],[13.93283748626709,52.0491943359375],[13.93470573425293,52.11625671386719],[14.190190315246582,52.11625671386719],[14.269256591796875,51.91512680053711]]],[[[13.502351760864258,51.84812545776367],[13.247386932373047,51.84812545776367],[13.244426727294922,51.71418380737305],[13.5823974609375,51.64724349975586],[13.667257308959961,51.64724349975586],[13.668937683105469,51.71418380737305],[13.670628547668457,51.78114318847656],[13.58568286895752,51.78114318847656],[13.586510930577386,51.81462605314726],[13.587339401245117,51.84812545776367],[13.502351760864258,51.84812545776367]]]]},"properties":{"Name":"(Kingdom of Bohemia)","FromYear":1492,"ToYear":1501,"Area":128616.7885859367,"Type":"POLITY","Wikipedia":"Kingdom of Bohemia","Wikidata":"Q42585","SeshatID":"cz_bohemian_k_2","Components":"Kingdom of Bohemia","MemberOf":""}},
{"type":"Feature","geometry":{"type":"Polygon","coordinates":[[[11.119558334350586,51.31283950805664],[10.61178970336914,51.37968063354492],[10.104059219360352,51.17921447753906],[10.019495010375977,51.17921447753906],[9.935863494873047,50.912200927734375],[10.357894897460938,50.84549331665039],[10.35803508758545,50.64549255371094],[10.526506423950195,50.64549255371094],[10.779684066772461,50.84549331665039],[10.61124038696289,51.04566955566406],[10.357771873474121,51.112430572509766],[10.526949882507324,51.24601745605469],[10.86513900756836,51.17921447753906],[10.780574798583984,51.17921447753906],[10.696009635925293,51.17921447753906],[10.695862770080566,51.112430572509766],[10.780385971069336,51.112430572509766],[10.864909172058105,51.112430572509766],[11.118127822875977,51.04566955566406],[11.285423278808594,50.77880859375],[11.032193183898926,50.71213912963867],[10.863081932067871,50.51224899291992],[10.358152389526367,50.51224899291992],[10.35853099822998,50.17946243286133],[10.69422435760498,50.04647445678711],[11.113865852355957,50.11296081542969],[11.114400863647461,50.2459831237793],[11.282390594482422,50.2459831237793],[11.199701309204102,50.51224899291992],[11.2842378616333,50.578861236572266],[11.536320686340332,50.51224899291992],[11.706402778625488,50.71213912963867],[11.95923137664795,50.71213912963867],[12.045051574707031,50.84549331665039],[12.212909698486328,50.77880859375],[12.21121883392334,50.64549255371094],[11.957799911499023,50.578861236572266],[11.955025672912598,50.312522888183594],[12.12234115600586,50.2459831237793],[12.290331840515137,50.2459831237793],[12.376081466674805,50.37908172607422],[12.796454429626465,50.37908172607422],[13.052336692810059,50.578861236572266],[14.153997421264648,50.84549331665039],[14.326505661010742,50.97892379760742],[14.334224700927734,51.24601745605469],[14.161297798156738,51.112430572509766],[13.994020462036133,51.17921447753906],[14.078585624694824,51.17921447753906],[14.08223819732666,51.31283950805664],[13.914700508117676,51.37968063354492],[14.08967113494873,51.580322265625],[14.259305000305176,51.580322265625],[14.263254165649414,51.71418380737305],[14.097269058227539,51.84812545776367],[13.757316589355469,51.84812545776367],[13.590681076049805,51.98215103149414],[13.505606651306152,51.98215103149414],[13.507246971130371,52.0491943359375],[13.422128677368164,52.0491943359375],[12.402885437011719,52.18334197998047],[12.146309852600098,52.11625671386719],[12.228504180908203,51.91512680053711],[12.397505760192871,51.84812545776367],[12.395403861999512,51.71418380737305],[12.310501098632812,51.71418380737305],[12.308514595031738,51.580322265625],[11.969246864318848,51.580322265625],[12.051520347595215,51.37968063354492],[11.881390571594238,51.31283950805664],[11.373502731323242,51.31283950805664],[11.544562339782715,51.51342010498047],[11.460345268249512,51.580322265625],[11.37657642364502,51.71418380737305],[10.86689281463623,51.64724349975586],[10.866110801696777,51.44654083251953],[11.205464363098145,51.51342010498047],[11.290238380432129,51.51342010498047],[11.290301442008047,51.51342010498047],[11.205038704846285,51.44648980751097],[11.119930267333984,51.37968063354492],[11.288854598999023,51.31283950805664],[11.204206466674805,51.31283950805664],[11.119558334350586,51.31283950805664]],[[12.644350051879883,51.37968063354492],[12.645486831665039,51.44654083251953],[12.730218887329102,51.44654083251953],[12.814950942993164,51.44654083251953],[12.899682998657227,51.44654083251953],[12.898420333862305,51.37968063354492],[12.89716625213623,51.31283950805664],[12.812518119812012,51.31283950805664],[12.727869987487793,51.31283950805664],[12.728649964195576,51.35739289639821],[12.729040145874023,51.37968063354492],[12.644350051879883,51.37968063354492]],[[12.632396697998047,50.64549255371094],[12.63449478149414,50.77880859375],[12.550177574157715,50.77880859375],[12.552227973937988,50.912200927734375],[12.722145080566406,50.97892379760742],[12.806585311889648,50.97892379760742],[12.739926026413464,50.77880859375],[12.717718124389648,50.71213912963867],[12.773716693084129,50.701026902979905],[12.632396697998047,50.64549255371094]],[[12.885103225708008,50.64549255371094],[12.885686734008098,50.67880782662231],[13.053574562072754,50.64549255371094],[12.969339370727539,50.64549255371094],[12.885103225708008,50.64549255371094]],[[11.963705062866211,51.112430572509766],[11.879181861877441,51.112430572509766],[12.050686836242676,51.31283950805664],[12.219982147216797,51.31283950805664],[12.216384887695312,51.04566955566406],[11.96294116973877,51.04566955566406],[11.963705062866211,51.112430572509766]],[[13.502351760864258,51.84812545776367],[13.586510930577386,51.81462605314726],[13.670628547668457,51.78114318847656],[13.667257308959961,51.64724349975586],[13.5823974609375,51.64724349975586],[13.244426727294922,51.71418380737305],[13.247386932373047,51.84812545776367],[13.502351760864258,51.84812545776367],[13.503973960876465,51.91512680053711],[13.589005470275879,51.91512680053711],[13.502351760864258,51.84812545776367]]]},"properties":{"Name":"Electorate of Saxony","FromYear":1492,"ToYear":1501,"Area":34252.153537411374,"Type":"POLITY","Wikipedia":"Electorate of Saxony","Wikidata":"Q156199","SeshatID":"","Components":"","MemberOf":""}},
{"type":"Feature","geometry":{"type":"MultiPolygon","coordinates":[[[[24.90500259399414,47.79592514038086],[24.586227416992188,47.92780685424805],[24.686708450317383,48.1257438659668],[24.367206573486328,48.257774353027344],[24.378963470458984,48.38986587524414],[24.052976608276367,48.455936431884766],[23.666343688964844,48.786521911621094],[22.928722381591797,48.91886520385742],[22.77837371826172,49.11750411987305],[22.5230712890625,49.051273345947266],[21.79827117919922,49.38258361816406],[20.71288299560547,49.38258361816406],[20.703824996948242,49.2500114440918],[20.5369930267334,49.2500114440918],[20.453577041625977,49.2500114440918],[20.44919204711914,49.18375015258789],[20.365812301635742,49.18375015258789],[20.361482620239258,49.11750411987305],[20.278141021728516,49.11750411987305],[20.282434463500977,49.18375015258789],[20.286745071411133,49.2500114440918],[20.370161056518555,49.2500114440918],[20.453577041625977,49.2500114440918],[20.545900344848633,49.38258361816406],[20.21193504333496,49.38258361816406],[19.865541458129883,49.18375015258789],[19.472537994384766,49.58156967163086],[19.13038444519043,49.44889450073242],[18.88353729248047,49.51522445678711],[19.23756217956543,49.84712600708008],[19.165773391723633,50.04647445678711],[19.081897735595703,50.04647445678711],[19.085887908935547,50.11296081542969],[19.089900970458984,50.17946243286133],[19.17385482788086,50.17946243286133],[19.18613052368164,50.37908172607422],[19.022031784057617,50.445655822753906],[19.030193328857422,50.578861236572266],[18.70132827758789,50.71213912963867],[18.709320068359375,50.84549331665039],[18.049345016479492,51.112430572509766],[17.972288131713867,51.24601745605469],[17.549257278442383,51.24601745605469],[17.31973648071289,51.71418380737305],[16.980127334594727,51.71418380737305],[16.718996047973633,51.580322265625],[16.55561637878418,51.71418380737305],[16.131103515625,51.71418380737305],[16.136985778808594,51.84812545776367],[15.80826187133789,52.11625671386719],[15.813953399658203,52.250450134277344],[15.646231651306152,52.31757736206055],[15.470279693603516,52.18334197998047],[15.131959915161133,52.250450134277344],[15.039372444152832,52.0491943359375],[14.869136810302734,52.0491943359375],[14.779444694519043,51.91512680053711],[14.615998268127441,52.11625671386719],[14.360513687133789,52.11625671386719],[13.940366744995117,52.31757736206055],[13.425350189208984,52.18334197998047],[13.422128677368164,52.0491943359375],[13.507246971130371,52.0491943359375],[13.505606651306152,51.98215103149414],[13.590681076049805,51.98215103149414],[13.757316589355469,51.84812545776367],[14.097269058227539,51.84812545776367],[14.263254165649414,51.71418380737305],[14.259305000305176,51.580322265625],[14.257346153259277,51.51342010498047],[14.25539779663086,51.44654083251953],[14.253460884094238,51.37968063354492],[14.251534461975098,51.31283950805664],[14.336182594299316,51.31283950805664],[14.334224700927734,51.24601745605469],[14.326505661010742,50.97892379760742],[14.153997421264648,50.84549331665039],[13.052336692810059,50.578861236572266],[12.796454429626465,50.37908172607422],[12.376081466674805,50.37908172607422],[12.290331840515137,50.2459831237793],[12.12234115600586,50.2459831237793],[12.12159538269043,50.17946243286133],[12.370920181274414,49.98000717163086],[12.36764907836914,49.71431350708008],[12.534139633178711,49.64793395996094],[12.532414436340332,49.51522445678711],[13.02955150604248,49.2500114440918],[13.358475685119629,48.98506164550781],[13.441741943359375,48.98506164550781],[13.525009155273438,48.98506164550781],[13.52376937866211,48.91886520385742],[13.606999397277832,48.91886520385742],[14.100465774536133,48.654239654541016],[14.597285270690918,48.5881233215332],[14.850005149841309,48.72037124633789],[14.940543174743652,48.98506164550781],[15.68774127960205,48.91886520385742],[16.179914474487305,48.72037124633789],[16.84486961364746,48.72037124633789],[16.92527961730957,48.654239654541016],[16.829010009765625,48.323814392089844],[16.911911010742188,48.323814392089844],[16.984167098999023,48.059749603271484],[16.48518943786621,47.993770599365234],[16.3150634765625,47.86185836791992],[16.303508758544922,47.53233337402344],[16.138551712036133,47.53233337402344],[16.032390594482422,46.808616638183594],[15.864084243774414,46.677207946777344],[16.01764488220215,46.348915100097656],[15.604452133178711,46.21768569946289],[15.678460121154785,45.95537567138672],[15.264768600463867,45.75876998901367],[15.339118957519531,45.496795654296875],[14.44612979888916,45.62776184082031],[14.277569770812988,45.36587905883789],[14.358949661254883,45.36587905883789],[14.603090286254883,45.36587905883789],[14.59854507446289,45.169586181640625],[14.705873954494141,45.12597788336516],[14.759533882141113,45.10417556762695],[14.757952549930629,45.03877822926232],[14.757952513026673,45.03877670306789],[14.75637149810791,44.973392486572266],[14.91874885559082,44.973392486572266],[14.908865928649902,44.58129119873047],[15.028629145527555,44.5159797668457],[15.06858201388312,44.49419194994971],[15.148378372192383,44.45067596435547],[15.146636962890625,44.38538360595703],[15.547369003295898,44.25482940673828],[15.70318603515625,44.05907440185547],[16.26409912109375,43.92862319946289],[16.27495574951172,44.25482940673828],[16.51975440979004,44.32010269165039],[16.52429962158203,44.45067596435547],[16.285852432250977,44.58129119873047],[16.294586181640625,44.842647552490234],[16.544801712036133,45.03877639770508],[17.765867233276367,45.10417556762695],[18.72208023071289,44.71194839477539],[19.0333309173584,44.45067596435547],[19.92363166809082,44.45067596435547],[20.2659912109375,44.77729415893555],[20.829694747924805,44.71194839477539],[21.080976486206055,44.842647552490234],[21.40547752380371,44.842647552490234],[21.879146575927734,44.64661407470703],[21.951416015625,44.5159797668457],[22.275287628173828,44.5159797668457],[22.531999588012695,44.71194839477539],[22.650352478027344,45.23500442504883],[23.138248443603516,45.23500442504883],[23.47352409362793,45.36587905883789],[23.483562469482422,45.496795654296875],[25.042299270629883,45.62776184082031],[25.34526824951172,45.36587905883789],[25.438228607177734,45.496795654296875],[25.84545135498047,45.496795654296875],[25.93889808654785,45.62776184082031],[26.10191535949707,45.62776184082031],[26.44038200378418,45.75876998901367],[26.477930068969727,46.1520881652832],[25.942142486572266,46.54585266113281],[25.966814041137695,46.808616638183594],[25.72661018371582,46.87434005737305],[25.668907165527344,47.13737487792969],[25.016605377197266,47.20316696166992],[25.03432846069336,47.4006233215332],[24.881271362304688,47.53233337402344],[24.90500259399414,47.79592514038086]],[[14.269256591796875,51.91512680053711],[13.93283748626709,52.0491943359375],[13.93470573425293,52.11625671386719],[14.190190315246582,52.11625671386719],[14.269256591796875,51.91512680053711]]],[[[13.502351760864258,51.84812545776367],[13.247386932373047,51.84812545776367],[13.244426727294922,51.71418380737305],[13.5823974609375,51.64724349975586],[13.667257308959961,51.64724349975586],[13.668937683105469,51.71418380737305],[13.670628547668457,51.78114318847656],[13.58568286895752,51.78114318847656],[13.586510930577386,51.81462605314726],[13.587339401245117,51.84812545776367],[13.502351760864258,51.84812545776367]]]]},"properties":{"Name":"(Personal union of Kingdom of Bohemia with Kingdom of Hungary)","FromYear":1492,"ToYear":1501,"Area":466140.2894218936,"Type":"RELATION","Wikipedia":"Vladislaus II of Hungary","Wikidata":"Q155599","SeshatID":"cz_bohemian_k_2;hu_later_dyn","Components":"Kingdom of Bohemia;Kingdom of Hungary;(Kingdom of Bohemia)","MemberOf":""}},
{"type":"Feature","geometry":{"type":"MultiPolygon","coordinates":[[[[20.7864933013916,38.09331130981445],[20.795446395874023,38.28691864013672],[20.566410064697266,38.416015625],[20.488054275512695,38.416015625],[20.328466415405273,38.351463317871094],[20.319902420043945,38.157840728759766],[20.7864933013916,38.09331130981445]]],[[[23.563383102416992,38.738853454589844],[23.56732749938965,38.80344009399414],[23.488826751708984,38.80344009399414],[23.484909057617188,38.738853454589844],[23.563383102416992,38.738853454589844]]],[[[26.24588966369629,38.93262481689453],[26.643573760986328,38.997230529785156],[26.511207580566406,39.320335388183594],[26.122615814208984,39.38497543334961],[26.043895721435547,39.38497543334961],[25.793418884277344,39.19107437133789],[26.103172302246094,39.1264533996582],[26.09356689453125,38.997230529785156],[26.24588966369629,38.93262481689453]]],[[[20.070056915283203,39.57893371582031],[20.148855209350586,39.57893371582031],[20.151897430419922,39.64360046386719],[20.073074340820312,39.64360046386719],[20.070056915283203,39.57893371582031]]],[[[24.973936080932617,39.8376350402832],[25.447328567504883,39.8376350402832],[25.46186065673828,40.031734466552734],[25.145954132080078,40.031734466552734],[25.066978454589844,40.031734466552734],[24.973936080932617,39.8376350402832]]],[[[25.703752517700195,40.0964469909668],[26.024850845336914,40.16116714477539],[26.03508949279785,40.29063034057617],[25.7978458404541,40.29063034057617],[25.718765258789062,40.29063034057617],[25.703752517700195,40.0964469909668]]],[[[24.793624877929688,40.614410400390625],[24.808143615722656,40.80876541137695],[24.57025909423828,40.80876541137695],[24.490964889526367,40.80876541137695],[24.551259994506836,40.54964065551758],[24.793624877929688,40.614410400390625]]],[[[40.38059616088867,41.00318908691406],[39.735538482666016,40.93837356567383],[39.20975112915039,41.132843017578125],[38.535701751708984,40.873565673828125],[38.29773712158203,40.873565673828125],[38.15805435180664,41.00318908691406],[37.83116149902344,40.93837356567383],[37.770565032958984,41.06801223754883],[37.443668365478516,41.00318908691406],[37.21474075317383,41.06801223754883],[37.23323440551758,41.19768524169922],[37.06510925292969,41.132843017578125],[36.77476501464844,41.32738494873047],[36.20920181274414,41.26253128051758],[35.953800201416016,41.71668243408203],[35.15697479248047,41.71668243408203],[35.121212005615234,42.041324615478516],[34.881736755371094,42.041324615478516],[34.78450012207031,41.911441802978516],[32.630775451660156,41.911441802978516],[32.694705963134766,41.781593322753906],[32.1933708190918,41.586883544921875],[32.04172897338867,41.65177917480469],[32.02653121948242,41.521995544433594],[31.534175872802734,41.39224624633789],[31.1800537109375,41.06801223754883],[30.62422752380371,41.06801223754883],[30.47923469543457,41.19768524169922],[28.96312141418457,41.132843017578125],[28.975934982299805,41.26253128051758],[28.505287170410156,41.32738494873047],[28.27918243408203,41.45711898803711],[28.21833038330078,41.65177917480469],[27.979368209838867,41.65177917480469],[27.936981201171875,42.041324615478516],[27.494890213012695,42.43117141723633],[27.513538360595703,42.62621307373047],[27.84662628173828,42.75628662109375],[27.80489730834961,43.146724700927734],[27.89820098876953,43.276947021484375],[28.22636604309082,43.342071533203125],[28.159194946289062,43.472347259521484],[28.48109245300293,43.472347259521484],[28.616275787353516,43.99384307861328],[28.53555679321289,43.99384307861328],[28.576906204223633,44.38538360595703],[28.84072494506836,44.58129119873047],[28.802005767822266,44.973392486572266],[29.038406372070312,44.908016204833984],[29.031251907348633,44.842647552490234],[29.10519790649414,44.77729415893555],[29.525348663330078,44.908016204833984],[29.66587257385254,45.431331634521484],[29.58445930480957,45.431331634521484],[29.614274978637695,45.693260192871094],[29.85890007019043,45.693260192871094],[30.395021438598633,46.08650588989258],[30.41866111755371,46.283294677734375],[30.270700454711914,46.414546966552734],[30.024993896484375,46.414546966552734],[29.653732299804688,46.74290466308594],[29.57166290283203,46.74290466308594],[28.88568115234375,46.480194091796875],[28.440406799316406,46.1520881652832],[28.50797462463379,46.02093505859375],[28.330547332763672,45.889827728271484],[28.309614181518555,45.693260192871094],[28.146530151367188,45.693260192871094],[28.11903953552246,45.431331634521484],[27.861310958862305,45.300437927246094],[27.847858428955078,45.169586181640625],[27.99687957763672,45.03877639770508],[27.969886779785156,44.77729415893555],[27.801036834716797,44.71194839477539],[27.787734985351562,44.58129119873047],[27.943035125732422,44.5159797668457],[27.828874588012695,44.18956756591797],[27.492671966552734,44.05907440185547],[26.281423568725586,44.05907440185547],[25.84855079650879,43.73301696777344],[25.434297561645508,43.6026611328125],[24.881397247314453,43.73301696777344],[24.15087890625,43.6678352355957],[23.601760864257812,43.86341094970703],[22.951791763305664,43.79821014404297],[22.894636154174805,44.12431716918945],[22.50443458557129,44.32010269165039],[22.518192291259766,44.5159797668457],[22.689453125,44.64661407470703],[22.531999588012695,44.71194839477539],[22.275287628173828,44.5159797668457],[21.951416015625,44.5159797668457],[21.879146575927734,44.64661407470703],[21.40547752380371,44.842647552490234],[21.080976486206055,44.842647552490234],[20.829694747924805,44.71194839477539],[20.2659912109375,44.77729415893555],[19.92363166809082,44.45067596435547],[19.0333309173584,44.45067596435547],[18.72208023071289,44.71194839477539],[17.765867233276367,45.10417556762695],[16.544801712036133,45.03877639770508],[16.294586181640625,44.842647552490234],[16.285852432250977,44.58129119873047],[16.52429962158203,44.45067596435547],[16.51975440979004,44.32010269165039],[16.27495574951172,44.25482940673828],[16.26409912109375,43.92862319946289],[16.579994201660156,43.73301696777344],[16.8217830657959,43.73301696777344],[16.97568702697754,43.53750228881836],[17.05619239807129,43.53750228881836],[17.053739547729492,43.472347259521484],[17.36538314819336,43.211830139160156],[17.362831115722656,43.146724700927734],[17.443153381347656,43.146724700927734],[17.440576553344727,43.08163070678711],[17.520870208740234,43.08163070678711],[17.518268585205078,43.016544342041016],[17.518270340175995,43.016544342041016],[18.080114364624023,43.016544342041016],[18.306493759155273,42.691246032714844],[18.71311378479004,42.82133865356445],[18.77808952331543,42.496177673339844],[19.16248893737793,42.17123794555664],[19.39892578125,42.10627746582031],[19.389352798461914,41.911441802978516],[19.386180877685547,41.84651184082031],[19.465919494628906,41.84651184082031],[19.46272850036621,41.781593322753906],[19.54244041442871,41.781593322753906],[19.539230346679688,41.71668243408203],[19.536029815673828,41.65177917480469],[19.456375122070312,41.65177917480469],[19.453214645385742,41.586883544921875],[19.76845359802246,41.521995544433594],[19.666507720947266,41.06801223754883],[19.428295135498047,41.06801223754883],[19.425230026245117,41.00318908691406],[19.498455047607422,40.873565673828125],[19.254547119140625,40.74397277832031],[19.2486515045166,40.614410400390625],[19.48629379272461,40.614410400390625],[19.47136878967285,40.29063034057617],[19.62952995300293,40.29063034057617],[20.009418487548828,39.9670295715332],[19.918411254882812,39.70827102661133],[20.15495491027832,39.70827102661133],[20.29724884033203,39.38497543334961],[20.91095733642578,39.06184005737305],[20.74135398864746,38.80344009399414],[20.973709106445312,38.738853454589844],[21.19325065612793,38.416015625],[21.738431930541992,38.351463317871094],[21.728593826293945,38.157840728759766],[21.415550231933594,38.157840728759766],[21.243581771850586,37.835243225097656],[21.696598052978516,37.51277160644531],[21.612354278564453,37.38381576538086],[21.67182159423828,36.9970588684082],[22.21999168395996,37.06150817871094],[22.35634422302246,36.67487716674805],[22.51182746887207,36.67487716674805],[22.59941291809082,36.8681755065918],[22.83283233642578,36.8681755065918],[23.056013107299805,36.67487716674805],[22.853219985961914,37.254878997802734],[22.700735092163086,37.3193473815918],[22.71442985534668,37.5772590637207],[23.101137161254883,37.51277160644531],[23.168506622314453,37.3193473815918],[23.402393341064453,37.3193473815918],[23.413257598876953,37.51277160644531],[23.342487335205078,37.641746520996094],[23.108261108398438,37.641746520996094],[23.044498443603516,37.89975357055664],[23.20083236694336,37.89975357055664],[23.208162307739258,38.028785705566406],[23.44280242919922,38.028785705566406],[23.9786319732666,37.835243225097656],[24.002099990844727,38.22237777709961],[24.158668518066406,38.22237777709961],[24.178871154785156,38.54513168334961],[24.030162811279297,38.67427444458008],[23.563383102416992,38.738853454589844],[23.626148223876953,38.48057174682617],[23.312631607055664,38.48057174682617],[23.16720199584961,38.67427444458008],[22.935583114624023,38.738853454589844],[23.025423049926758,38.93262481689453],[23.331829071044922,38.80344009399414],[23.492761611938477,38.8680305480957],[22.95830535888672,39.1264533996582],[22.797286987304688,39.06184005737305],[22.816326141357422,39.38497543334961],[23.135168075561523,39.449623107910156],[22.610868453979492,39.90232849121094],[22.701663970947266,40.0964469909668],[22.543659210205078,40.0964469909668],[22.55951499938965,40.355369567871094],[22.654850006103516,40.614410400390625],[22.89249038696289,40.614410400390625],[22.884185791015625,40.4848747253418],[23.267255783081055,40.29063034057617],[23.73737335205078,40.225894927978516],[23.83857536315918,40.54964065551758],[23.684629440307617,40.614410400390625],[23.698017120361328,40.80876541137695],[24.010608673095703,40.74397277832031],[24.34656524658203,41.00318908691406],[25.37845802307129,41.00318908691406],[26.082168579101562,40.873565673828125],[26.12574023238567,40.6791877746582],[26.140260696411133,40.614410400390625],[26.62644386291504,40.74397277832031],[26.921367645263672,40.4848747253418],[27.017187118530273,40.6791877746582],[27.527481079101562,41.06801223754883],[28.077255249023438,41.00318908691406],[28.16880989074707,41.132843017578125],[28.407102584838867,41.132843017578125],[28.632890701293945,41.00318908691406],[29.115554809570312,41.06801223754883],[29.10276222229004,40.93837356567383],[29.24864959716797,40.80876541137695],[29.493009567260742,40.873565673828125],[29.480079650878906,40.74397277832031],[28.91274642944336,40.614410400390625],[28.900379180908203,40.4848747253418],[29.046321868896484,40.355369567871094],[27.938817977905273,40.355369567871094],[27.950454711914062,40.4848747253418],[27.792133331298828,40.4848747253418],[27.695789337158203,40.29063034057617],[27.537628173828125,40.29063034057617],[27.46982192993164,40.42012023925781],[26.673099517822266,40.355369567871094],[26.683887481689453,40.4848747253418],[26.604726791381836,40.4848747253418],[26.2723331451416,40.29063034057617],[26.24650001525879,39.9670295715332],[26.16754913330078,39.9670295715332],[26.132457733154297,39.51427459716797],[26.84657859802246,39.57893371582031],[26.742225646972656,39.25570297241211],[26.894468307495117,39.19107437133789],[26.879291534423828,38.997230529785156],[26.95786476135254,38.997230529785156],[26.849470138549805,38.60969924926758],[27.079774856567383,38.54513168334961],[27.06496238708496,38.351463317871094],[26.594974517822266,38.351463317871094],[26.462139129638672,38.67427444458008],[26.3741512298584,38.54513168334961],[26.452552795410156,38.54513168334961],[26.42890739440918,38.22237777709961],[26.820327758789062,38.22237777709961],[26.888994216918945,38.09331130981445],[27.27528190612793,38.028785705566406],[27.177743911743164,37.7707405090332],[27.2558650970459,37.7707405090332],[27.16343116760254,37.5772590637207],[27.309988021850586,37.44829177856445],[27.22254180908203,37.3193473815918],[27.53919219970703,37.38381576538086],[27.597978591918945,37.12596130371094],[28.065349578857422,37.12596130371094],[28.138330459594727,37.06150817871094],[28.03143882751465,36.67487716674805],[28.186922073364258,36.67487716674805],[28.357105255126953,36.8681755065918],[29.124916076660156,36.73930740356445],[29.239721298217773,36.2239875793457],[29.938032150268555,36.2239875793457],[30.02613639831543,36.3527946472168],[30.49193572998047,36.3527946472168],[30.619068145751953,36.932613372802734],[31.391563415527344,36.8681755065918],[32.06806182861328,36.61045455932617],[32.498512268066406,36.2239875793457],[32.558349609375,36.03080368041992],[33.584774017333984,36.2239875793457],[33.6623649597168,36.2239875793457],[33.60980987548828,36.48161697387695],[33.77788543701172,36.61045455932617],[33.75169372558594,37.12596130371094],[34.30364990234375,37.1904182434082],[34.56466293334961,37.44829177856445],[34.87669372558594,37.44829177856445],[35.060890197753906,37.706241607666016],[35.39495086669922,37.89975357055664],[35.622135162353516,37.835243225097656],[35.722381591796875,38.028785705566406],[36.050289154052734,38.157840728759766],[36.15907287597656,38.416015625],[36.480289459228516,38.48057174682617],[36.82565689086914,38.738853454589844],[38.84877014160156,38.60969924926758],[38.87467575073242,38.80344009399414],[40.17645263671875,39.1264533996582],[40.06562042236328,39.449623107910156],[39.90812683105469,39.449623107910156],[39.926841735839844,39.57893371582031],[39.649112701416016,39.8376350402832],[39.77580261230469,40.16116714477539],[39.933860778808594,40.16116714477539],[40.03242492675781,40.29063034057617],[40.734127044677734,40.225894927978516],[41.149749755859375,40.355369567871094],[40.932769775390625,40.4848747253418],[41.07400131225586,40.873565673828125],[40.498291015625,40.74397277832031],[40.4599723815918,41.00318908691406],[40.38059616088867,41.00318908691406]]],[[[33.52096176147461,44.45067596435547],[33.92564392089844,44.45067596435547],[34.376285552978516,44.77729415893555],[34.95339584350586,44.842647552490234],[35.387939453125,45.03877639770508],[35.39760208129883,45.10417556762695],[34.56639862060547,44.973392486572266],[34.55707931518555,44.908016204833984],[34.475921630859375,44.908016204833984],[34.3947639465332,44.908016204833984],[34.12426874419686,44.71216362783144],[34.12387227405638,44.71187656285562],[34.03373718261719,44.64661407470703],[33.55644607543945,44.71194839477539],[33.54755401611328,44.64661407470703],[33.46652603149414,44.64661407470703],[33.48467410096275,44.58129119873047],[33.50281899102185,44.5159797668457],[33.52096176147461,44.45067596435547]]],[[[36.23013687133789,45.23500442504883],[36.3826904296875,45.169586181640625],[36.42308807373047,45.431331634521484],[36.2602653503418,45.431331634521484],[36.250205993652344,45.36587905883789],[36.23013687133789,45.23500442504883]]],[[[29.97418975830078,46.677207946777344],[29.892152786254883,46.677207946777344],[29.88438606262207,46.61152267456055],[29.966388702392578,46.61152267456055],[29.97418975830078,46.677207946777344]]],[[[39.385501861572266,47.46647262573242],[39.30305862426758,47.46647262573242],[39.214670714251604,47.43354035500728],[39.12632369995117,47.4006233215332],[39.149861151642114,47.37866029409693],[39.26741409301758,47.26897048950195],[39.25559616088867,47.20316696166992],[39.243812561035156,47.13737487792969],[39.232059478759766,47.07159423828125],[39.2203369140625,47.005828857421875],[39.47877502441406,47.07159423828125],[39.52638626098633,47.33478927612305],[39.385501861572266,47.46647262573242]]]]},"properties":{"Name":"Ottoman Empire","FromYear":1492,"ToYear":1501,"Area":930754.8602209121,"Type":"POLITY","Wikipedia":"Ottoman Empire","Wikidata":"Q12560","SeshatID":"tr_ottoman_emp_1","Components":"","MemberOf":""}},
{"type":"Feature","geometry":{"type":"MultiPolygon","coordinates":[[[[19.453214645385742,41.586883544921875],[19.450061798095703,41.521995544433594],[19.529659271240234,41.521995544433594],[19.44692039489746,41.45711898803711],[19.51080322265625,41.132843017578125],[19.431371688842773,41.132843017578125],[19.428295135498047,41.06801223754883],[19.666507720947266,41.06801223754883],[19.76845359802246,41.521995544433594],[19.453214645385742,41.586883544921875]]],[[[19.389352798461914,41.911441802978516],[19.39892578125,42.10627746582031],[19.16248893737793,42.17123794555664],[18.77808952331543,42.496177673339844],[18.71311378479004,42.82133865356445],[18.306493759155273,42.691246032714844],[18.303630828857422,42.62621307373047],[18.38198386309512,42.58717247217962],[18.695072174072266,42.43117141723633],[18.69209098815918,42.36617660522461],[18.85202980041504,42.36617660522461],[19.309585571289062,41.911441802978516],[19.389352798461914,41.911441802978516]]],[[[17.510494232177734,42.82133865356445],[17.50791358947754,42.75628662109375],[17.588058471679688,42.75628662109375],[17.590667724609375,42.82133865356445],[17.510494232177734,42.82133865356445]]],[[[17.520870208740234,43.08163070678711],[17.440576553344727,43.08163070678711],[17.36028289794922,43.08163070678711],[17.35774040222168,43.016544342041016],[17.515670776367188,42.95146560668945],[17.518270340175995,43.016544342041016],[17.520870208740234,43.08163070678711]]],[[[17.36538314819336,43.211830139160156],[17.053739547729492,43.472347259521484],[17.05619239807129,43.53750228881836],[16.97568702697754,43.53750228881836],[16.8217830657959,43.73301696777344],[16.579994201660156,43.73301696777344],[16.26409912109375,43.92862319946289],[15.70318603515625,44.05907440185547],[15.547369003295898,44.25482940673828],[15.146636962890625,44.38538360595703],[15.144895553588867,44.32010269165039],[15.218687057495117,44.05907440185547],[15.459075927734375,43.99384307861328],[15.374701499938965,43.86341094970703],[15.618592262268066,43.92862319946289],[15.695383071899414,43.79821014404297],[15.935225486755371,43.73301696777344],[16.01169204711914,43.6026611328125],[15.927099227905273,43.472347259521484],[16.575437545776367,43.6026611328125],[16.734172821044922,43.53750228881836],[16.727190017700195,43.342071533203125],[17.05129051208496,43.407203674316406],[17.12186050415039,43.146724700927734],[17.2850284576416,43.211830139160156],[17.36538314819336,43.211830139160156]]],[[[15.067441940307617,44.45067596435547],[15.065731048583984,44.38538360595703],[15.146636962890625,44.38538360595703],[15.148378372192383,44.45067596435547],[15.067441940307617,44.45067596435547]]],[[[15.067441940307617,44.45067596435547],[15.06858201388312,44.49419194994971],[15.06915283203125,44.5159797668457],[15.028629145527555,44.5159797668457],[14.988184928894043,44.5159797668457],[14.986505508422852,44.45067596435547],[15.067441940307617,44.45067596435547]]],[[[14.260871887207031,44.58129119873047],[14.502378463745117,44.5159797668457],[14.51131820678711,44.908016204833984],[14.350428581237793,44.973392486572266],[14.269240379333496,44.973392486572266],[14.260871887207031,44.58129119873047]]],[[[14.517261505126953,45.169586181640625],[14.515777587890625,45.10417556762695],[14.757952513026673,45.03877670306789],[14.757953643798828,45.03877639770508],[14.757952549930629,45.03877822926232],[14.705873954494141,45.12597788336516],[14.679829597473145,45.169586181640625],[14.59854507446289,45.169586181640625],[14.517261505126953,45.169586181640625]]],[[[13.710229873657227,45.496795654296875],[13.628785133361816,45.496795654296875],[13.547340393066406,45.496795654296875],[13.544051170349121,45.300437927246094],[13.705584526062012,45.23500442504883],[13.780906677246094,44.908016204833984],[13.943220138549805,44.908016204833984],[13.945749282836914,45.03877639770508],[14.026969909667969,45.03877639770508],[13.786900520324707,45.23500442504883],[14.117451667785645,45.496795654296875],[13.710229873657227,45.496795654296875]]],[[[12.238323211669922,44.842647552490234],[12.23771858215332,44.77729415893555],[12.399906158447266,44.77729415893555],[12.40256118774414,45.03877639770508],[12.160021781921387,45.169586181640625],[12.162785530090332,45.496795654296875],[12.652192115783691,45.56227111816406],[12.816752433776855,45.693260192871094],[13.060476303100586,45.62776184082031],[13.061376571655273,45.693260192871094],[13.14291763305664,45.693260192871094],[13.14384937286377,45.75876998901367],[13.144780158996582,45.82429504394531],[13.226387023925781,45.82429504394531],[13.307992935180664,45.82429504394531],[13.31197738647461,46.08650588989258],[13.47651481628418,46.1520881652832],[13.397838592529297,46.348915100097656],[13.563776969909668,46.480194091796875],[12.09045124053955,46.677207946777344],[11.843135833740234,46.480194091796875],[11.841521263122559,46.21768569946289],[11.677236557006836,46.08650588989258],[11.350288391113281,46.08650588989258],[11.022930145263672,45.75876998901367],[10.696676254272461,45.693260192871094],[10.451627731323242,45.889827728271484],[10.451480865478516,45.95537567138672],[10.451332092285156,46.02093505859375],[10.451181411743164,46.08650588989258],[10.471641786297182,46.08650588989258],[10.532917976379395,46.08650588989258],[10.532797813415527,46.1520881652832],[10.532675743103027,46.21768569946289],[10.532551765441895,46.283294677734375],[10.503675436234,46.29485845243355],[10.368688583374023,46.348915100097656],[10.124515533447266,46.02093505859375],[9.633810997009277,46.08650588989258],[9.389177322387695,46.02093505859375],[9.308683395385742,45.889827728271484],[9.310473442077637,45.693260192871094],[9.474601745605469,45.56227111816406],[9.71903133392334,45.56227111816406],[9.883387565612793,45.300437927246094],[10.453055381774902,45.169586181640625],[10.452703475952148,45.36587905883789],[10.61540412902832,45.431331634521484],[10.696867942810059,45.300437927246094],[11.589669227600098,44.908016204833984],[11.670825958251953,44.908016204833984],[11.670446395874023,44.842647552490234],[11.751571655273438,44.842647552490234],[11.83358097076416,44.973392486572266],[12.239523887634277,44.973392486572266],[12.238323211669922,44.842647552490234]]],[[[34.08732223510742,35.00096893310547],[33.95713424682617,35.258358001708984],[34.5294189453125,35.58015823364258],[34.542076110839844,35.708900451660156],[34.38723373413086,35.708900451660156],[34.309810638427734,35.708900451660156],[33.73737716674805,35.38706970214844],[32.886871337890625,35.38706970214844],[32.875247955322266,35.258358001708984],[32.55473709106445,35.12965774536133],[32.24578857421875,35.12965774536133],[32.229042053222656,34.93662643432617],[32.36665725708008,34.743614196777344],[33.04356002807617,34.55062484741211],[33.1320686340332,34.679283142089844],[33.523399353027344,34.743614196777344],[33.69539260864258,34.93662643432617],[34.08732223510742,35.00096893310547]]],[[[24.149879455566406,35.38706970214844],[24.156919479370117,35.51579284667969],[23.615402221679688,35.51579284667969],[23.679210662841797,35.258358001708984],[24.44841766357422,35.194007873535156],[24.52567481994629,35.194007873535156],[24.7574462890625,35.194007873535156],[24.823745727539062,35.00096893310547],[26.140073776245117,35.065311431884766],[26.22533416748047,35.194007873535156],[25.680648803710938,35.12965774536133],[25.69233512878418,35.32271194458008],[24.30097007751465,35.32271194458008],[24.149879455566406,35.38706970214844]]],[[[22.87404441833496,36.15959167480469],[23.10675048828125,36.15959167480469],[23.116798400878906,36.3527946472168],[22.964859008789062,36.417205810546875],[22.887205123901367,36.417205810546875],[22.87404441833496,36.15959167480469]]],[[[21.902257919311523,36.932613372802734],[21.90537452697754,36.9970588684082],[21.749671936035156,36.9970588684082],[21.743539810180664,36.8681755065918],[21.902257919311523,36.932613372802734]]],[[[25.339021682739258,37.12596130371094],[25.330806732177734,36.9970588684082],[25.56435775756836,36.9970588684082],[25.57270622253418,37.12596130371094],[25.416915893554688,37.12596130371094],[25.339021682739258,37.12596130371094]]],[[[24.201318740844727,37.641746520996094],[24.27158546447754,37.51277160644531],[24.43158721923828,37.5772590637207],[24.36141586303711,37.706241607666016],[24.28331756591797,37.706241607666016],[24.201318740844727,37.641746520996094]]],[[[24.986202239990234,37.706241607666016],[25.0518856048584,37.51277160644531],[25.285974502563477,37.51277160644531],[25.220497131347656,37.706241607666016],[25.064300537109375,37.706241607666016],[24.986202239990234,37.706241607666016]]],[[[20.621307373046875,37.89975357055664],[20.612695693969727,37.706241607666016],[20.922147750854492,37.641746520996094],[20.933977127075195,37.89975357055664],[20.69947624206543,37.89975357055664],[20.621307373046875,37.89975357055664]]],[[[24.681930541992188,37.835243225097656],[24.830005645751953,37.706241607666016],[25.068470001220703,37.7707405090332],[24.772438049316406,38.028785705566406],[24.694225311279297,38.028785705566406],[24.681930541992188,37.835243225097656]]],[[[24.364974975585938,38.997230529785156],[24.35651969909668,38.8680305480957],[24.662033081054688,38.738853454589844],[24.674930572509766,38.93262481689453],[24.443546295166016,38.997230529785156],[24.364974975585938,38.997230529785156]]],[[[19.918411254882812,39.70827102661133],[19.921405792236328,39.77294921875],[19.76365852355957,39.77294921875],[19.75778579711914,39.64360046386719],[19.912464141845703,39.57893371582031],[19.918411254882812,39.70827102661133]]]]},"properties":{"Name":"Republic of Venice","FromYear":1492,"ToYear":1501,"Area":63607.190018207984,"Type":"POLITY","Wikipedia":"Republic of Venice","Wikidata":"Q4948","SeshatID":"it_venetian_rep_3","Components":"","MemberOf":""}},
{"type":"Feature","geometry":{"type":"MultiPolygon","coordinates":[[[[14.269256591796875,51.91512680053711],[14.190190315246582,52.11625671386719],[13.93470573425293,52.11625671386719],[13.93283748626709,52.0491943359375],[14.269256591796875,51.91512680053711]]],[[[15.646231651306152,52.31757736206055],[15.48926830291748,52.653533935546875],[15.574783325195312,52.653533935546875],[16.097135543823242,52.85536575317383],[16.02382469177246,53.124786376953125],[16.109657287597656,53.124786376953125],[16.119178771972656,53.32708740234375],[16.294410705566406,53.39456558227539],[16.301027297973633,53.52959060668945],[16.476667404174805,53.597137451171875],[16.400707244873047,53.799922943115234],[16.314411163330078,53.799922943115234],[16.411012649536133,54.00291442871094],[15.982036590576172,54.07062530517578],[16.04908561706543,53.664710998535156],[15.793546676635742,53.732303619384766],[15.704273223876953,53.664710998535156],[15.78133487701416,53.462066650390625],[15.439932823181152,53.52959060668945],[15.25675106048584,53.25962829589844],[14.82464599609375,53.192195892333984],[14.6481351852417,53.057395935058594],[14.476561546325684,53.057395935058594],[14.22566032409668,53.25962829589844],[14.316027641296387,53.39456558227539],[13.89604663848877,53.732303619384766],[13.54919719696045,53.664710998535156],[13.196187019348145,53.32708740234375],[12.16561222076416,53.39456558227539],[11.910387992858887,53.597137451171875],[11.738075256347656,53.597137451171875],[11.563496589660645,53.39456558227539],[11.306057929992676,53.462066650390625],[11.132898330688477,53.32708740234375],[11.217759132385254,53.192195892333984],[11.38951587677002,53.192195892333984],[11.388239860534668,53.057395935058594],[11.216666221618652,53.057395935058594],[11.0437593460083,52.85536575317383],[11.127049446105957,52.51908493041992],[11.896748542785645,52.586299896240234],[12.32740306854248,52.78806686401367],[12.325196266174316,52.653533935546875],[12.578080177307129,52.4518928527832],[12.4050874710083,52.31757736206055],[12.402885437011719,52.18334197998047],[13.422128677368164,52.0491943359375],[13.425350189208984,52.18334197998047],[13.940366744995117,52.31757736206055],[14.360513687133789,52.11625671386719],[14.615998268127441,52.11625671386719],[14.779444694519043,51.91512680053711],[14.869136810302734,52.0491943359375],[15.039372444152832,52.0491943359375],[15.131959915161133,52.250450134277344],[15.470279693603516,52.18334197998047],[15.646231651306152,52.31757736206055]]]]},"properties":{"Name":"Electorate of Brandenburg","FromYear":1492,"ToYear":1528,"Area":42292.728526053776,"Type":"POLITY","Wikipedia":"Margraviate of Brandenburg","Wikidata":"Q148499","SeshatID":"de_hohenzollern_1","Components":"","MemberOf":""}},
{"type":"Feature","geometry":{"type":"MultiPolygon","coordinates":[[[[9.141342163085938,46.283294677734375],[9.055872917175293,46.61152267456055],[8.727865219116211,46.61152267456055],[8.643148422241211,46.808616638183594],[8.725251197814941,46.808616638183594],[8.723495483398438,46.94007873535156],[8.969225883483887,47.005828857421875],[9.380857467651367,46.94007873535156],[9.213109016418457,47.26897048950195],[9.542471885681152,47.26897048950195],[9.541923522949219,47.33478927612305],[9.624298095703125,47.33478927612305],[9.623783111572266,47.4006233215332],[9.539721488952637,47.598209381103516],[9.043119430541992,47.730003356933594],[8.96053695678711,47.730003356933594],[8.87795352935791,47.730003356933594],[8.547621726989746,47.730003356933594],[8.467049598693848,47.598209381103516],[8.218400955200195,47.664100646972656],[8.054483413696289,47.598209381103516],[8.138138771057129,47.53233337402344],[8.059174537658691,47.33478927612305],[7.72967529296875,47.33478927612305],[7.56217098236084,47.46647262573242],[7.563549518585205,47.4006233215332],[7.398007307355303,47.43354102151636],[7.232395172119141,47.46647262573242],[7.206440033012043,47.40058305257605],[7.174039960261556,47.318332406376236],[7.154595375061035,47.26897048950195],[6.826910972595215,47.20316696166992],[6.828584671020508,47.13737487792969],[7.080090999603271,46.94007873535156],[6.754786491394043,46.808616638183594],[6.677814483642578,46.61152267456055],[7.089358329772949,46.54585266113281],[7.174314022064209,46.414546966552734],[7.257669448852539,46.348915100097656],[7.016692161560059,46.1520881652832],[6.934922218322754,46.1520881652832],[6.939604759216309,45.95537567138672],[7.104432582855225,45.889827728271484],[7.430988311767578,45.889827728271484],[7.591682910919189,46.02093505859375],[7.501922130584717,46.414546966552734],[8.153850555419922,46.61152267456055],[8.23585319519043,46.61152267456055],[8.317854881286621,46.61152267456055],[8.316819190979004,46.677207946777344],[8.39885425567627,46.677207946777344],[8.399856567382812,46.61152267456055],[8.400856018066406,46.54585266113281],[8.40185260772705,46.480194091796875],[8.647658348083496,46.480194091796875],[8.896618843078613,46.21768569946289],[9.141342163085938,46.283294677734375]]],[[[6.670964241027832,46.87434005737305],[6.672683715820312,46.808616638183594],[6.754786491394043,46.808616638183594],[6.753100872039795,46.87434005737305],[6.670964241027832,46.87434005737305]]],[[[7.56217098236084,47.46647262573242],[7.560789108276367,47.53233337402344],[7.559404373168945,47.598209381103516],[7.476891040802002,47.598209381103516],[7.478310585021973,47.53233337402344],[7.43708244861018,47.53233337402344],[7.395832061767578,47.53233337402344],[7.39728307723999,47.46647262573242],[7.479726791381836,47.46647262573242],[7.56217098236084,47.46647262573242]]]]},"properties":{"Name":"Swiss Confederation","FromYear":1497,"ToYear":1501,"Area":22745.37907362302,"Type":"POLITY","Wikipedia":"Switzerland","Wikidata":"Q39","SeshatID":"ch_swiss_conf_1","Components":"","MemberOf":""}},
{"type":"Feature","geometry":{"type":"Polygon","coordinates":[[[-2.121232748031616,35.065311431884766],[-2.198449373245239,35.065311431884766],[-2.661749362945557,35.065311431884766],[-2.665307283401489,35.12965774536133],[-2.819781064987183,35.12965774536133],[-2.8270103931427,35.258358001708984],[-4.754821300506592,35.194007873535156],[-5.239750862121582,35.51579284667969],[-5.244066715240479,35.58015823364258],[-5.708348751068115,35.58015823364258],[-5.845264911651611,35.32271194458008],[-6.004343032836914,35.38706970214844],[-5.999861240386963,35.32271194458008],[-6.14545202255249,35.194007873535156],[-6.132044315338135,35.00096893310547],[-6.290933609008789,35.065311431884766],[-6.200328826904297,34.87228775024414],[-6.277484893798828,34.87228775024414],[-6.332395076751709,34.55062484741211],[-6.482059955596924,34.48630142211914],[-6.473203659057617,34.3576545715332],[-6.699729919433594,34.2933349609375],[-6.613898754119873,34.164703369140625],[-6.90380334854126,33.90746307373047],[-7.062007427215576,33.971771240234375],[-7.129902839660645,33.84315490722656],[-8.551655769348145,33.32876968383789],[-9.054909706115723,32.878753662109375],[-8.968929290771484,32.75019073486328],[-8.964242935180664,32.685909271240234],[-8.80197525024414,32.557350158691406],[-8.855493545532227,32.23596954345703],[-9.38084888458252,32.107421875],[-9.376213073730469,32.043148040771484],[-9.734487533569336,31.7217960357666],[-9.783116340637207,31.336183547973633],[-9.859257698059082,31.336183547973633],[-9.881543159484863,30.564971923828125],[-9.649378776550293,30.500701904296875],[-9.627961158752441,30.179353713989258],[-9.721957173519684,30],[-5.365338324789795,30],[-4.865938663482666,30.500701904296875],[-4.565487384796143,30.564971923828125],[-4.648018360137939,30.69350814819336],[-4.208353042602539,31.014846801757812],[-4.214911460876465,31.143381118774414],[-3.923539161682129,31.40045166015625],[-3.767992734909058,31.336183547973633],[-3.780986070632935,31.593257904052734],[-3.555586099624634,31.65752601623535],[-3.638331174850464,31.78606605529785],[-3.416012048721313,31.91460609436035],[-3.349440097808838,32.107421875],[-3.19352912902832,32.043148040771484],[-3.203212976455688,32.23596954345703],[-2.834011793136597,32.493072509765625],[-2.840430974960327,32.62162780761719],[-2.540791511535645,32.75019073486328],[-1.879519820213318,33.32876968383789],[-1.575780987739563,33.393062591552734],[-1.578816890716553,33.45735549926758],[-1.715473294258118,34.679283142089844],[-2.114432096481323,34.93662643432617],[-2.121232748031616,35.065311431884766]]]},"properties":{"Name":"Wattasid dynasty","FromYear":1497,"ToYear":1501,"Area":383923.53171610384,"Type":"POLITY","Wikipedia":"Wattasid dynasty","Wikidata":"Q970799","SeshatID":"ma_wattasid_dyn","Components":"","MemberOf":""}},
{"type":"Feature","geometry":{"type":"MultiPolygon","coordinates":[[[[-9.38084888458252,32.107421875],[-8.855493545532227,32.23596954345703],[-8.80197525024414,32.557350158691406],[-8.964242935180664,32.685909271240234],[-8.968929290771484,32.75019073486328],[-9.198505401611328,32.75019073486328],[-9.332544326782227,32.493072509765625],[-9.309136390686035,32.171695709228516],[-9.38550090789795,32.171695709228516],[-9.38084888458252,32.107421875]]],[[[-5.244066715240479,35.58015823364258],[-5.248395442962646,35.644527435302734],[-5.325796604156494,35.644527435302734],[-5.330159187316895,35.708900451660156],[-5.334535121917725,35.77327346801758],[-5.338923931121826,35.837650299072266],[-5.416387557983398,35.837650299072266],[-5.876633644104004,35.77327346801758],[-6.008838653564453,35.45143127441406],[-6.004343032836914,35.38706970214844],[-5.845264911651611,35.32271194458008],[-5.708348751068115,35.58015823364258],[-5.244066715240479,35.58015823364258]]],[[[-7.387404441833496,37.254878997802734],[-7.502705097198486,37.706241607666016],[-7.27909517288208,37.835243225097656],[-7.14418888092041,38.09331130981445],[-6.987714290618896,38.09331130981445],[-6.998411178588867,38.22237777709961],[-7.244168281555176,38.351463317871094],[-7.271727085113525,38.67427444458008],[-7.120340347290039,38.738853454589844],[-6.985427379608154,38.997230529785156],[-7.255166053771973,39.38497543334961],[-7.418391227722168,39.449623107910156],[-7.435848712921143,39.64360046386719],[-6.895466804504395,39.77294921875],[-6.839452266693115,40.031734466552734],[-7.00321626663208,40.0964469909668],[-7.014894485473633,40.225894927978516],[-6.868430137634277,40.355369567871094],[-6.927728176116943,41.00318908691406],[-6.254164218902588,41.45711898803711],[-6.271912097930908,41.65177917480469],[-6.351566314697266,41.65177917480469],[-6.700808048248291,41.97637939453125],[-8.11717414855957,41.781593322753906],[-8.216935157775879,41.97637939453125],[-8.137139320373535,41.97637939453125],[-8.150541305541992,42.10627746582031],[-8.469955444335938,42.10627746582031],[-8.928141593933105,41.911441802978516],[-8.921201705932617,41.84651184082031],[-8.72695255279541,40.74397277832031],[-8.872282981872559,40.614410400390625],[-8.846114158630371,40.355369567871094],[-8.925222396850586,40.355369567871094],[-9.025042533874512,39.77294921875],[-9.103915214538574,39.77294921875],[-9.157164573669434,39.51427459716797],[-9.387048721313477,39.449623107910156],[-9.42748737335205,39.06184005737305],[-9.571974754333496,38.93262481689453],[-9.553065299987793,38.738853454589844],[-9.38370418548584,38.60969924926758],[-9.23299789428711,38.67427444458008],[-9.20852279663086,38.416015625],[-8.822718620300293,38.48057174682617],[-8.818843841552734,37.5772590637207],[-8.896896362304688,37.5772590637207],[-9.00136661529541,36.9970588684082],[-8.70113754272461,37.12596130371094],[-7.677903652191162,36.9970588684082],[-7.454815864562988,37.12596130371094],[-7.465344429016113,37.254878997802734],[-7.387404441833496,37.254878997802734]]]]},"properties":{"Name":"Kingdom of Portugal","FromYear":1497,"ToYear":1506,"Area":113407.14337013425,"Type":"POLITY","Wikipedia":"Kingdom of Portugal","Wikidata":"Q45670","SeshatID":"pt_portuguese_emp_1","Components":"","MemberOf":""}},
{"type":"Feature","geometry":{"type":"MultiPolygon","coordinates":[[[[4.402639865875244,46.08650588989258],[4.228518962860107,46.348915100097656],[3.985684394836426,46.283294677734375],[4.081100463867188,45.95537567138672],[4.326115131378174,45.95537567138672],[4.402639865875244,46.08650588989258]]],[[[5.37468433380127,46.348915100097656],[5.867908954620361,46.283294677734375],[6.107663631439209,46.480194091796875],[6.103800296783447,46.61152267456055],[6.185802459716797,46.61152267456055],[6.506691455841064,46.87434005737305],[6.504899501800537,46.94007873535156],[6.5861889852800894,46.97293773930504],[6.830254077911377,47.07159423828125],[6.826910972595215,47.20316696166992],[6.989914417266846,47.26897048950195],[6.985063552856445,47.46647262573242],[6.983439445495605,47.53233337402344],[6.890934467315674,47.92780685424805],[6.227462768554688,47.993770599365234],[6.144739151000977,47.993770599365234],[6.146739959716797,47.92780685424805],[6.064051628112793,47.92780685424805],[5.981363296508789,47.92780685424805],[5.9834303855896,47.86185836791992],[5.900776863098145,47.86185836791992],[5.818123817443848,47.86185836791992],[5.822384834289551,47.730003356933594],[5.576864242553711,47.664100646972656],[5.594502449035645,47.13737487792969],[5.432206630706787,47.07159423828125],[5.37468433380127,46.348915100097656]]],[[[5.857953548431396,49.18375015258789],[6.189843514788912,49.23675441151327],[6.272853374481201,49.2500114440918],[6.356269359588623,49.2500114440918],[6.264857769012451,49.51522445678711],[6.346458435058594,49.58156967163086],[6.340545177459717,49.78071212768555],[6.586127281188965,49.98000717163086],[6.582399845123291,50.11296081542969],[6.07469654083252,50.2459831237793],[6.402873992919922,50.51224899291992],[6.068368434906006,50.445655822753906],[6.057772636413574,50.77880859375],[5.973455429077148,50.77880859375],[5.880285263061523,51.04566955566406],[5.711322784423828,51.04566955566406],[5.727356910705566,50.578861236572266],[5.902330875396729,50.37908172607422],[5.479565620422363,50.445655822753906],[5.232241630554199,50.312522888183594],[5.058992385864258,50.445655822753906],[5.048582077026367,50.71213912963867],[5.217134952545166,50.71213912963867],[5.283889770507812,51.17921447753906],[5.784458637237549,51.37968063354492],[5.779896259307861,51.51342010498047],[5.605600833892822,51.64724349975586],[5.176112651824951,51.78114318847656],[5.250792980194092,52.0491943359375],[4.995438575744629,52.0491943359375],[5.069864749908447,52.31757736206055],[4.896504402160645,52.38472366333008],[4.890939235687256,52.51908493041992],[5.06179141998291,52.51908493041992],[5.056382656097412,52.653533935546875],[4.970867156982422,52.653533935546875],[4.871281623840332,52.99003219604492],[4.785540580749512,52.99003219604492],[4.862768650054932,53.192195892333984],[4.691011905670166,53.192195892333984],[4.608114719390869,53.124786376953125],[4.702715873718262,52.92268753051758],[4.534325122833252,52.85536575317383],[4.463808536529541,52.51908493041992],[4.21693229675293,52.31757736206055],[4.223166942596436,52.18334197998047],[3.974021434783936,52.0491943359375],[3.980464458465576,51.91512680053711],[3.810401916503906,51.91512680053711],[3.81699013710022,51.78114318847656],[3.647099733352661,51.78114318847656],[3.738690614700317,51.64724349975586],[3.399252653121948,51.64724349975586],[3.40621018409729,51.51342010498047],[3.74860668182373,51.44654083251953],[3.155481338500977,51.44654083251953],[2.577829360961914,51.17921447753906],[2.239571809768677,51.17921447753906],[2.074539184570312,51.112430572509766],[2.090827465057373,50.84549331665039],[2.006469488143921,50.84549331665039],[2.007492200242073,50.82881604968416],[2.010558843612671,50.77880859375],[2.018708944320679,50.64549255371094],[1.854379415512085,50.578861236572266],[1.95488452911377,50.312522888183594],[3.145318269729614,50.04647445678711],[3.729254722595215,50.11296081542969],[3.635580539703369,50.312522888183594],[3.968613386154175,50.37908172607422],[4.142810344696045,50.2459831237793],[4.151839256286621,50.04647445678711],[4.154837608337402,49.98000717163086],[4.238675117492676,49.98000717163086],[4.322512626647949,49.98000717163086],[4.406350135803223,49.98000717163086],[4.47592830657959,50.312522888183594],[4.730775356292725,50.2459831237793],[5.165934562683105,49.84712600708008],[5.175980091094971,49.58156967163086],[5.259585380554199,49.58156967163086],[5.35286808013916,49.316287994384766],[5.68668270111084,49.316287994384766],[5.685174851001257,49.36047842786613],[5.684420585632324,49.38258361816406],[5.596318244934082,49.51522445678711],[5.677613735198975,49.58156967163086],[6.014155387878418,49.51522445678711],[6.01627254486084,49.44889450073242],[5.9349219184374205,49.38258361816406],[5.934895730439874,49.382562271687625],[5.85359001159668,49.316287994384766],[5.857953548431396,49.18375015258789]]]]},"properties":{"Name":"Habsburg Monarchy","FromYear":1497,"ToYear":1506,"Area":70908.19659572621,"Type":"POLITY","Wikipedia":"Habsburg Austria","Wikidata":"Q66504140","SeshatID":"at_habsburg_1","Components":"","MemberOf":"(Habsburg Monarchy)"}},
{"type":"Feature","geometry":{"type":"MultiPolygon","coordinates":[[[[7.229573249816895,43.79821014404297],[7.230842113494873,43.73301696777344],[7.31143856048584,43.73301696777344],[7.310199737548828,43.79821014404297],[7.229573249816895,43.79821014404297]]],[[[7.310199737548828,43.79821014404297],[7.39082670211792,43.79821014404297],[8.065429538939915,43.980793520906275],[8.11364459991455,43.99384307861328],[8.112696640069434,44.05900936344351],[8.112695693969727,44.05907440185547],[8.112735943835727,44.05907440185547],[8.193445205688477,44.05907440185547],[8.192523002624512,44.12431716918945],[8.152163205391814,44.12431716918945],[8.030961036682129,44.12431716918945],[7.950180053710938,44.12431716918945],[7.869399070739746,44.12431716918945],[7.788618564605713,44.12431716918945],[7.707837581634521,44.12431716918945],[7.62705659866333,44.12431716918945],[7.629331111907959,43.99384307861328],[7.388396263122559,43.92862319946289],[7.310199737548828,43.79821014404297]]],[[[9.969943046569824,44.05907440185547],[9.889193534851074,44.05907440185547],[9.889463424682617,43.99384307861328],[9.970182418823242,43.99384307861328],[9.969943046569824,44.05907440185547]]],[[[9.969700813293457,44.12431716918945],[10.13089370727539,44.25482940673828],[10.048676490783691,44.64661407470703],[10.453472137451172,44.908016204833984],[10.453055381774902,45.169586181640625],[9.883387565612793,45.300437927246094],[9.71903133392334,45.56227111816406],[9.474601745605469,45.56227111816406],[9.310473442077637,45.693260192871094],[9.308683395385742,45.889827728271484],[9.389177322387695,46.02093505859375],[9.633810997009277,46.08650588989258],[10.124515533447266,46.02093505859375],[10.368688583374023,46.348915100097656],[10.503675436234,46.29485845243355],[10.532551765441895,46.283294677734375],[10.532425880432129,46.348915100097656],[10.532299041748047,46.414546966552734],[10.532170295715332,46.480194091796875],[10.5320405960083,46.54585266113281],[10.450072288513184,46.54585266113281],[10.36810302734375,46.54585266113281],[10.367905616760254,46.61152267456055],[10.039896965026855,46.61152267456055],[10.040886878967285,46.414546966552734],[10.122788429260254,46.414546966552734],[10.041536331176758,46.283294677734375],[9.303140640258789,46.480194091796875],[9.30439281463623,46.348915100097656],[9.141342163085938,46.283294677734375],[8.896618843078613,46.21768569946289],[8.647658348083496,46.480194091796875],[8.40185260772705,46.480194091796875],[7.919662952423096,45.95537567138672],[8.005810737609863,45.693260192871094],[8.330994606018066,45.75876998901367],[8.578357696533203,45.56227111816406],[8.581818580627441,45.300437927246094],[8.338723182678223,45.23500442504883],[8.340606689453125,45.10417556762695],[7.939755439758301,44.77729415893555],[7.940820693969727,44.71194839477539],[7.941880702972412,44.64661407470703],[8.02495288848877,44.5159797668457],[8.347931861877441,44.58129119873047],[8.429792404174805,44.5159797668457],[8.35147476196289,44.32010269165039],[8.39202956231803,44.32010269165039],[8.43234920501709,44.32010269165039],[8.592522621154785,44.45067596435547],[9.159077644348145,44.45067596435547],[9.565396308898926,44.18956756591797],[9.63990758187848,44.1745396319326],[9.888919830322266,44.12431716918945],[9.969700813293457,44.12431716918945]]]]},"properties":{"Name":"Duchy of Milan","FromYear":1497,"ToYear":1501,"Area":33481.749492301606,"Type":"POLITY","Wikipedia":"Duchy of Milan","Wikidata":"Q153529","SeshatID":"it_milan_duc_1","Components":"","MemberOf":""}},
{"type":"Feature","geometry":{"type":"Polygon","coordinates":[[[8.338723182678223,45.23500442504883],[8.581818580627441,45.300437927246094],[8.578357696533203,45.56227111816406],[8.330994606018066,45.75876998901367],[8.005810737609863,45.693260192871094],[7.919662952423096,45.95537567138672],[7.837991714477539,45.95537567138672],[7.756319999694824,45.95537567138672],[7.674648761749268,45.95537567138672],[7.67338752746582,46.02093505859375],[7.591682910919189,46.02093505859375],[7.430988311767578,45.889827728271484],[7.104432582855225,45.889827728271484],[6.939604759216309,45.95537567138672],[6.934922218322754,46.1520881652832],[6.931774616241455,46.283294677734375],[7.174314022064209,46.414546966552734],[7.089358329772949,46.54585266113281],[6.677814483642578,46.61152267456055],[6.754786491394043,46.808616638183594],[6.672683715820312,46.808616638183594],[6.670964241027832,46.87434005737305],[6.588828086853027,46.87434005737305],[6.506691455841064,46.87434005737305],[6.185802459716797,46.61152267456055],[6.103800296783447,46.61152267456055],[6.107663631439209,46.480194091796875],[5.867908954620361,46.283294677734375],[5.37468433380127,46.348915100097656],[4.967714786529541,46.283294677734375],[4.897816181182861,45.95537567138672],[4.979487419128418,45.95537567138672],[4.981821060180664,45.889827728271484],[5.063460350036621,45.889827728271484],[5.065754413604736,45.82429504394531],[5.068041324615479,45.75876998901367],[5.070321559906006,45.693260192871094],[5.478028297424316,45.693260192871094],[5.649256229400635,45.431331634521484],[6.134057521820068,45.56227111816406],[6.309300899505615,45.10417556762695],[6.634309768676758,45.10417556762695],[6.637507915496826,44.973392486572266],[6.966631412506104,44.77729415893555],[7.373385906219482,44.71194839477539],[7.456940650939941,44.58129119873047],[7.458178520202637,44.5159797668457],[7.460638523101807,44.38538360595703],[7.221852779388428,44.18956756591797],[6.895741939544678,44.32010269165039],[6.898605823516846,44.18956756591797],[6.660702705383301,43.99384307861328],[6.668147563934326,43.6678352355957],[6.829278945922852,43.6678352355957],[6.91260290145874,43.53750228881836],[6.993107318878174,43.53750228881836],[7.229573249816895,43.79821014404297],[7.310199737548828,43.79821014404297],[7.388396263122559,43.92862319946289],[7.629331111907959,43.99384307861328],[7.62705659866333,44.12431716918945],[7.701082229614258,44.5159797668457],[7.699938297271729,44.58129119873047],[7.698789119720459,44.64661407470703],[7.697634220123291,44.71194839477539],[7.696474075317383,44.77729415893555],[7.695308685302734,44.842647552490234],[7.529336929321289,45.03877639770508],[7.60564136505127,45.300437927246094],[7.932143211364746,45.23500442504883],[8.013459205627441,45.23500442504883],[8.094775199890137,45.23500442504883],[8.176091194152832,45.23500442504883],[8.257407188415527,45.23500442504883],[8.338723182678223,45.23500442504883]]]},"properties":{"Name":"County of Savoy","FromYear":1497,"ToYear":1511,"Area":35734.3139973107,"Type":"POLITY","Wikipedia":"County of Savoy","Wikidata":"Q1232887","SeshatID":"","Components":"","MemberOf":""}},
{"type":"Feature","geometry":{"type":"MultiPolygon","coordinates":[[[[-1.853058218955994,43.407203674316406],[-3.295851230621338,43.342071533203125],[-3.467212915420532,43.472347259521484],[-4.990375518798828,43.407203674316406],[-5.646126270294189,43.53750228881836],[-5.726631164550781,43.53750228881836],[-7.175715446472168,43.53750228881836],[-7.343485832214355,43.6026611328125],[-7.276463031768799,43.73301696777344],[-8.243616104125977,43.73301696777344],[-8.39044189453125,43.6026611328125],[-8.369025230407715,43.407203674316406],[-8.851689338684082,43.407203674316406],[-9.30460262298584,43.146724700927734],[-9.078654289245605,42.56119155883789],[-8.65738296508789,42.36617660522461],[-8.956093788146973,42.17123794555664],[-8.935100555419922,41.97637939453125],[-8.928141593933105,41.911441802978516],[-8.469955444335938,42.10627746582031],[-8.150541305541992,42.10627746582031],[-8.137139320373535,41.97637939453125],[-8.216935157775879,41.97637939453125],[-8.11717414855957,41.781593322753906],[-6.700808048248291,41.97637939453125],[-6.351566314697266,41.65177917480469],[-6.271912097930908,41.65177917480469],[-6.254164218902588,41.45711898803711],[-6.927728176116943,41.00318908691406],[-6.868430137634277,40.355369567871094],[-7.014894485473633,40.225894927978516],[-7.00321626663208,40.0964469909668],[-6.839452266693115,40.031734466552734],[-6.895466804504395,39.77294921875],[-7.435848712921143,39.64360046386719],[-7.418391227722168,39.449623107910156],[-7.255166053771973,39.38497543334961],[-6.985427379608154,38.997230529785156],[-7.120340347290039,38.738853454589844],[-7.271727085113525,38.67427444458008],[-7.244168281555176,38.351463317871094],[-6.998411178588867,38.22237777709961],[-6.987714290618896,38.09331130981445],[-7.14418888092041,38.09331130981445],[-7.27909517288208,37.835243225097656],[-7.502705097198486,37.706241607666016],[-7.387404441833496,37.254878997802734],[-7.309464931488037,37.254878997802734],[-6.84182596206665,37.254878997802734],[-6.587993621826172,36.9970588684082],[-6.432291984558105,36.9970588684082],[-6.063849925994873,36.2239875793457],[-5.831079006195068,36.2239875793457],[-5.584750652313232,36.03080368041992],[-5.51620626449585,36.15959167480469],[-5.287947177886963,36.2239875793457],[-5.22819709777832,36.48161697387695],[-4.688807487487793,36.5460319519043],[-4.468626022338867,36.73930740356445],[-2.680080890655518,36.73930740356445],[-2.532132625579834,36.8681755065918],[-2.061630010604858,36.80373764038086],[-1.857354998588562,37.3193473815918],[-1.623468399047852,37.3193473815918],[-1.708719491958618,37.44829177856445],[-0.704753637313843,37.641746520996094],[-0.803495347499847,38.028785705566406],[-0.660861134529114,38.28691864013672],[-0.432753294706345,38.416015625],[-0.436175793409348,38.48057174682617],[-0.357796877622604,38.48057174682617],[0.099359586834908,38.738853454589844],[-0.313707679510117,39.1264533996582],[-0.345421016216278,39.70827102661133],[-0.126465529203415,40.031734466552734],[0.182543575763702,40.16116714477539],[0.247769102454185,40.42012023925781],[0.709256291389465,40.6791877746582],[0.695793092250824,40.93837356567383],[1.238392949104309,41.19768524169922],[2.106574535369873,41.32738494873047],[2.333626985549927,41.586883544921875],[2.572504997253418,41.586883544921875],[3.116764783859253,41.911441802978516],[3.178062200546265,42.36617660522461],[3.009923458099365,42.56119155883789],[2.990521192550659,43.016544342041016],[2.829993724822998,43.016544342041016],[2.749729871749878,43.016544342041016],[2.517835140228271,42.82133865356445],[1.80907130241394,42.56119155883789],[1.575427651405334,42.43117141723633],[1.488844156265259,42.56119155883789],[1.485537886619568,42.62621307373047],[1.074691534042358,42.82133865356445],[0.994516909122467,42.82133865356445],[0.040142297744751,42.691246032714844],[-0.938149929046631,42.95146560668945],[-1.005598902702332,42.75628662109375],[-1.460152745246887,42.36617660522461],[-1.429987907409668,41.911441802978516],[-1.828825831413269,41.911441802978516],[-1.775568842887878,42.30118942260742],[-2.01993727684021,42.36617660522461],[-2.203093767166138,42.691246032714844],[-1.8391273021698,43.211830139160156],[-1.848402380943298,43.342071533203125],[-1.853058218955994,43.407203674316406]]],[[[-2.8270103931427,35.258358001708984],[-2.830641508102417,35.32271194458008],[-2.837937116622925,35.45143127441406],[-2.992615222930908,35.45143127441406],[-2.981565713882446,35.258358001708984],[-2.8270103931427,35.258358001708984]]],[[[14.33681869506836,35.837650299072266],[14.568227767944336,35.77327346801758],[14.571182250976562,35.9664192199707],[14.417119026184082,36.03080368041992],[14.339592933654785,36.03080368041992],[14.33681869506836,35.837650299072266]]],[[[15.6271390914917,38.28691864013672],[14.05618953704834,37.96426773071289],[13.665236473083496,37.96426773071289],[13.354706764221191,38.157840728759766],[13.119925498962402,38.157840728759766],[13.040358543395996,38.028785705566406],[12.649824142456055,38.09331130981445],[12.49189567565918,37.89975357055664],[12.490468978881836,37.706241607666016],[13.192005157470703,37.5772590637207],[13.578389167785645,37.254878997802734],[14.27791690826416,37.12596130371094],[14.661029815673828,36.73930740356445],[15.049844741821289,36.73930740356445],[15.210210800170898,36.9970588684082],[15.213889122009277,37.1904182434082],[15.059245109558105,37.254878997802734],[15.064054489135742,37.51277160644531],[15.065269470214844,37.5772590637207],[15.389483451843262,38.157840728759766],[15.62426471710205,38.157840728759766],[15.6271390914917,38.28691864013672]]],[[[1.430543661117554,38.80344009399414],[1.657540321350098,38.997230529785156],[1.651834011077881,39.1264533996582],[1.337347388267517,39.1264533996582],[1.258725643157959,39.1264533996582],[1.183109045028687,39.06184005737305],[1.273545265197754,38.80344009399414],[1.430543661117554,38.80344009399414]]],[[[3.515789270401001,39.77294921875],[3.197866439819336,39.8376350402832],[3.19298791885376,39.9670295715332],[2.956136703491211,39.9670295715332],[2.877186298370361,39.9670295715332],[2.338095426559448,39.64360046386719],[2.346148252487183,39.449623107910156],[2.658556938171387,39.51427459716797],[2.82365870475769,39.320335388183594],[3.295835733413696,39.320335388183594],[3.515789270401001,39.77294921875]]],[[[3.826826572418213,39.90232849121094],[4.302449703216553,39.8376350402832],[4.215116024017334,40.0964469909668],[3.820104122161865,40.0964469909668],[3.741101741790771,40.0964469909668],[3.826826572418213,39.90232849121094]]],[[[9.665326118469238,40.29063034057617],[9.823226928710938,40.355369567871094],[9.821690559387207,40.74397277832031],[9.50210952758789,41.19768524169922],[9.10431957244873,41.26253128051758],[9.024832725524902,41.26253128051758],[8.552037239074707,40.873565673828125],[8.154606819152832,40.93837356567383],[8.159523010253906,40.54964065551758],[8.318660736083984,40.4848747253418],[8.32094955444336,40.29063034057617],[8.400031089782715,40.29063034057617],[8.324762344360352,39.9670295715332],[8.48337459564209,39.90232849121094],[8.40887451171875,39.51427459716797],[8.330102920532227,39.51427459716797],[8.333152770996094,39.25570297241211],[8.411824226379395,39.25570297241211],[8.336196899414062,38.997230529785156],[8.730334281921387,38.8680305480957],[8.96590518951416,38.8680305480957],[9.120378494262695,39.19107437133789],[9.592622756958008,39.1264533996582],[9.668553352355957,39.64360046386719],[9.74737548828125,39.64360046386719],[9.665326118469238,40.29063034057617]]]]},"properties":{"Name":"(Personal union of Crown of Aragon with Crown of Castile)","FromYear":1497,"ToYear":1501,"Area":568782.5116232502,"Type":"RELATION","Wikipedia":"Catholic Monarchs of Spain","Wikidata":"Q186851","SeshatID":"es_aragon_crown;es_castile_crown","Components":"Crown of Aragon;Crown of Castile","MemberOf":""}},
{"type":"Feature","geometry":{"type":"MultiPolygon","coordinates":[[[[-1.828825831413269,41.911441802978516],[-1.429987907409668,41.911441802978516],[-1.460152745246887,42.36617660522461],[-1.005598902702332,42.75628662109375],[-0.938149929046631,42.95146560668945],[0.040142297744751,42.691246032714844],[0.994516909122467,42.82133865356445],[1.074691534042358,42.82133865356445],[1.485537886619568,42.62621307373047],[1.565624117851257,42.62621307373047],[1.645710229873657,42.62621307373047],[1.725796341896057,42.62621307373047],[1.72901451587677,42.56119155883789],[1.80907130241394,42.56119155883789],[2.517835140228271,42.82133865356445],[2.749729871749878,43.016544342041016],[2.829993724822998,43.016544342041016],[2.990521192550659,43.016544342041016],[3.140029191970825,43.276947021484375],[3.220412731170654,43.276947021484375],[3.300796508789062,43.276947021484375],[3.298082113265991,43.342071533203125],[3.378495931625366,43.342071533203125],[3.850892543792725,43.6026611328125],[4.173032760620117,43.6026611328125],[4.177847862243652,43.472347259521484],[5.063065528869629,43.472347259521484],[5.386905193328857,43.407203674316406],[5.390771865844727,43.276947021484375],[5.631923198699951,43.276947021484375],[5.796233177185059,43.146724700927734],[6.278174877166748,43.146724700927734],[6.517646789550781,43.211830139160156],[6.593565464019775,43.407203674316406],[6.832098007202148,43.53750228881836],[6.91260290145874,43.53750228881836],[6.829278945922852,43.6678352355957],[6.668147563934326,43.6678352355957],[6.660702705383301,43.99384307861328],[6.898605823516846,44.18956756591797],[6.895741939544678,44.32010269165039],[6.966631412506104,44.77729415893555],[6.637507915496826,44.973392486572266],[6.634309768676758,45.10417556762695],[6.309300899505615,45.10417556762695],[6.134057521820068,45.56227111816406],[5.649256229400635,45.431331634521484],[5.478028297424316,45.693260192871094],[5.070321559906006,45.693260192871094],[5.068041324615479,45.75876998901367],[5.065754413604736,45.82429504394531],[5.063460350036621,45.889827728271484],[4.981821060180664,45.889827728271484],[4.979487419128418,45.95537567138672],[4.897816181182861,45.95537567138672],[4.967714786529541,46.283294677734375],[5.37468433380127,46.348915100097656],[5.432206630706787,47.07159423828125],[5.594502449035645,47.13737487792969],[5.576864242553711,47.664100646972656],[5.822384834289551,47.730003356933594],[5.818123817443848,47.86185836791992],[5.646180152893066,48.059749603271484],[5.480661869049072,48.059749603271484],[5.386211395263672,48.38986587524414],[5.303273677825928,48.38986587524414],[5.2188820736419,48.42947471275199],[5.162502056767151,48.455936431884766],[5.049963233092711,48.508756046150246],[5.021697924941386,48.52202224731445],[4.880861282348633,48.5881233215332],[4.878275871276855,48.654239654541016],[4.865273475646973,48.98506164550781],[5.029265403747559,49.051273345947266],[4.940790176391602,49.18375015258789],[4.679802417755127,49.44889450073242],[4.642117318882938,49.57728180262361],[4.601894857198655,49.71431350708008],[4.582405090332031,49.78071212768555],[4.579616546630859,49.84712600708008],[4.53490746876139,49.91355895996094],[4.490188121795654,49.98000717163086],[4.406350135803223,49.98000717163086],[4.322512626647949,49.98000717163086],[4.238675117492676,49.98000717163086],[4.154837608337402,49.98000717163086],[4.151839256286621,50.04647445678711],[3.987162351608276,49.98000717163086],[3.813170909881592,50.11296081542969],[3.729254722595215,50.11296081542969],[3.145318269729614,50.04647445678711],[1.95488452911377,50.312522888183594],[1.854379415512085,50.578861236572266],[2.018708944320679,50.64549255371094],[2.010558843612671,50.77880859375],[1.926241993904114,50.77880859375],[1.841925024986267,50.77880859375],[1.75760805606842,50.77880859375],[1.753396153450012,50.84549331665039],[1.697111228697703,50.84549331665039],[1.66903829574585,50.84549331665039],[1.666910892090524,50.87878268347631],[1.664775252342224,50.912200927734375],[1.6365936370134901,50.912200927734375],[1.580376505851746,50.912200927734375],[1.495977640151978,50.912200927734375],[1.500322580337524,50.84549331665039],[1.50465714931488,50.77880859375],[1.508981347084045,50.71213912963867],[1.424705147743225,50.71213912963867],[1.429059624671936,50.64549255371094],[1.433403611183167,50.578861236572266],[1.437737107276917,50.51224899291992],[1.454967975616455,50.2459831237793],[1.216153383255005,50.04647445678711],[0.224112883210182,49.84712600708008],[-0.012448177672923,49.64793395996094],[0.007001183927059,49.38258361816406],[-1.250783205032349,49.44889450073242],[-1.361783027648926,49.78071212768555],[-2.031550645828247,49.78071212768555],[-1.913302421569824,49.38258361816406],[-1.651668906211853,49.2500114440918],[-1.635041356086731,49.051273345947266],[-1.718345284461975,49.051273345947266],[-1.602181315422058,48.654239654541016],[-2.521934509277344,48.72037124633789],[-2.759404182434082,48.5881233215332],[-3.122164011001587,48.91886520385742],[-3.455082654953003,48.91886520385742],[-3.85184383392334,48.72037124633789],[-4.599917888641357,48.72037124633789],[-4.911745548248291,48.52202224731445],[-4.891265392303467,48.323814392089844],[-4.642560005187988,48.323814392089844],[-4.546383857727051,48.191749572753906],[-4.705362796783447,48.1257438659668],[-4.692053318023682,47.993770599365234],[-4.424368858337402,47.79592514038086],[-3.934937715530396,47.86185836791992],[-3.757235288619995,47.730003356933594],[-3.344320774078369,47.730003356933594],[-3.155531167984009,47.46647262573242],[-2.837259292602539,47.598209381103516],[-2.825755596160889,47.46647262573242],[-2.578423976898193,47.46647262573242],[-2.561590671539307,47.26897048950195],[-2.232228517532349,47.26897048950195],[-2.139080047607422,47.13737487792969],[-2.194406032562256,46.808616638183594],[-2.024919986724854,46.74290466308594],[-2.014399528503418,46.61152267456055],[-1.666043281555176,46.348915100097656],[-1.251809358596802,46.283294677734375],[-1.222735166549683,45.889827728271484],[-1.141096234321594,45.889827728271484],[-1.213142395019531,45.75876998901367],[-1.045281529426575,45.693260192871094],[-1.031213998794556,45.496795654296875],[-1.189373373985291,45.431331634521484],[-1.170574903488159,45.169586181640625],[-1.251859068870544,45.169586181640625],[-1.205376982688904,44.5159797668457],[-1.286344885826111,44.5159797668457],[-1.267958283424377,44.25482940673828],[-1.348801136016846,44.25482940673828],[-1.321390628814697,43.86341094970703],[-1.402047991752625,43.86341094970703],[-1.459883332252502,43.53750228881836],[-1.692170143127441,43.407203674316406],[-1.687574744224548,43.342071533203125],[-1.767988562583923,43.342071533203125],[-1.772614240646362,43.407203674316406],[-1.853058218955994,43.407203674316406],[-1.848402380943298,43.342071533203125],[-1.8391273021698,43.211830139160156],[-2.203093767166138,42.691246032714844],[-2.01993727684021,42.36617660522461],[-1.775568842887878,42.30118942260742],[-1.828825831413269,41.911441802978516]],[[4.402639865875244,46.08650588989258],[4.326115131378174,45.95537567138672],[4.081100463867188,45.95537567138672],[3.985684394836426,46.283294677734375],[4.228518962860107,46.348915100097656],[4.402639865875244,46.08650588989258]]],[[[7.695308685302734,44.842647552490234],[7.768521461918579,44.5159797668457],[7.783157348632812,44.45067596435547],[7.862477749640862,44.54859406563622],[7.888964677746353,44.58129119873047],[7.941880702972412,44.64661407470703],[7.940820693969727,44.71194839477539],[7.899192379176613,44.77729415893555],[7.857559204101562,44.842647552490234],[7.776433944702148,44.842647552490234],[7.695308685302734,44.842647552490234]]]]},"properties":{"Name":"(Kingdom of France)","FromYear":1497,"ToYear":1501,"Area":467824.94432985055,"Type":"POLITY","Wikipedia":"Kingdom of France","Wikidata":"Q207162","SeshatID":"fr_valois_k_2","Components":"County of Nevers;County of Foix;Kingdom of France;County of Auvergne;House of Bourbon","MemberOf":""}},
{"type":"Feature","geometry":{"type":"MultiPolygon","coordinates":[[[[3.985684394836426,46.283294677734375],[4.081100463867188,45.95537567138672],[4.326115131378174,45.95537567138672],[4.402639865875244,46.08650588989258],[4.228518962860107,46.348915100097656],[3.985684394836426,46.283294677734375]]],[[[5.37468433380127,46.348915100097656],[5.867908954620361,46.283294677734375],[6.107663631439209,46.480194091796875],[6.103800296783447,46.61152267456055],[6.185802459716797,46.61152267456055],[6.506691455841064,46.87434005737305],[6.504899501800537,46.94007873535156],[6.5861889852800894,46.97293773930504],[6.830254077911377,47.07159423828125],[6.826910972595215,47.20316696166992],[6.989914417266846,47.26897048950195],[6.985063552856445,47.46647262573242],[6.983439445495605,47.53233337402344],[7.06591796875,47.53233337402344],[7.156311661674072,47.514367100254006],[7.39728307723999,47.46647262573242],[7.43708244861018,47.53233337402344],[7.476891040802002,47.598209381103516],[7.559404373168945,47.598209381103516],[7.466878890991211,48.059749603271484],[7.218601703643799,48.059749603271484],[7.056310653686523,47.92780685424805],[6.973622798919678,47.92780685424805],[6.890934467315674,47.92780685424805],[6.227462768554688,47.993770599365234],[6.144739151000977,47.993770599365234],[6.146739959716797,47.92780685424805],[6.064051628112793,47.92780685424805],[5.981363296508789,47.92780685424805],[5.9834303855896,47.86185836791992],[5.900776863098145,47.86185836791992],[5.818123817443848,47.86185836791992],[5.822384834289551,47.730003356933594],[5.576864242553711,47.664100646972656],[5.594502449035645,47.13737487792969],[5.432206630706787,47.07159423828125],[5.37468433380127,46.348915100097656]]],[[[7.56217098236084,47.46647262573242],[7.72967529296875,47.33478927612305],[8.059174537658691,47.33478927612305],[8.138138771057129,47.53233337402344],[8.054483413696289,47.598209381103516],[8.218400955200195,47.664100646972656],[8.127795219421387,48.1257438659668],[8.210589408874512,48.1257438659668],[8.208345413208008,48.257774353027344],[7.959747314453125,48.257774353027344],[7.796617031097412,48.1257438659668],[7.792711734771729,48.323814392089844],[7.709810256958008,48.323814392089844],[7.628283500671387,48.257774353027344],[7.637851715087891,47.79592514038086],[7.803087711334229,47.79592514038086],[7.888208866119385,47.664100646972656],[7.560789108276367,47.53233337402344],[7.56217098236084,47.46647262573242]]],[[[8.210589408874512,48.1257438659668],[8.211709976196289,48.059749603271484],[8.21282958984375,47.993770599365234],[8.295553207397461,47.993770599365234],[8.378276824951172,47.993770599365234],[8.461000442504883,47.993770599365234],[8.45998764038086,48.059749603271484],[8.377227783203125,48.059749603271484],[8.376178741455078,48.1257438659668],[8.293384552001953,48.1257438659668],[8.210589408874512,48.1257438659668]]],[[[8.538827896118164,48.323814392089844],[8.539809226989746,48.257774353027344],[8.706449508666992,48.191749572753906],[8.7875337600708,48.323814392089844],[8.538827896118164,48.323814392089844]]],[[[8.291211128234863,48.257774353027344],[8.290122985839844,48.323814392089844],[8.454909324645996,48.38986587524414],[8.206095695495605,48.38986587524414],[8.291211128234863,48.257774353027344]]],[[[8.452873229980469,48.52202224731445],[8.451854705810547,48.5881233215332],[8.285761833190918,48.5881233215332],[8.370917320251465,48.455936431884766],[8.452873229980469,48.52202224731445]]],[[[8.61889362335205,48.52202224731445],[8.701903343200684,48.52202224731445],[8.6170015335083,48.654239654541016],[8.53490161895752,48.5881233215332],[8.61889362335205,48.52202224731445]]],[[[5.684420585632324,49.38258361816406],[5.596318244934082,49.51522445678711],[5.677613735198975,49.58156967163086],[6.014155387878418,49.51522445678711],[6.01627254486084,49.44889450073242],[5.9349219184374205,49.38258361816406],[5.934895730439874,49.382562271687625],[5.85359001159668,49.316287994384766],[5.857953548431396,49.18375015258789],[6.189843514788912,49.23675441151327],[6.272853374481201,49.2500114440918],[6.356269359588623,49.2500114440918],[6.264857769012451,49.51522445678711],[6.346458435058594,49.58156967163086],[6.340545177459717,49.78071212768555],[6.586127281188965,49.98000717163086],[6.582399845123291,50.11296081542969],[6.07469654083252,50.2459831237793],[6.402873992919922,50.51224899291992],[6.068368434906006,50.445655822753906],[6.057772636413574,50.77880859375],[5.973455429077148,50.77880859375],[5.880285263061523,51.04566955566406],[5.711322784423828,51.04566955566406],[5.727356910705566,50.578861236572266],[5.902330875396729,50.37908172607422],[5.479565620422363,50.445655822753906],[5.232241630554199,50.312522888183594],[5.058992385864258,50.445655822753906],[5.048582077026367,50.71213912963867],[5.217134952545166,50.71213912963867],[5.283889770507812,51.17921447753906],[5.784458637237549,51.37968063354492],[5.779896259307861,51.51342010498047],[5.605600833892822,51.64724349975586],[5.176112651824951,51.78114318847656],[5.250792980194092,52.0491943359375],[4.995438575744629,52.0491943359375],[5.069864749908447,52.31757736206055],[4.896504402160645,52.38472366333008],[4.890939235687256,52.51908493041992],[5.06179141998291,52.51908493041992],[5.056382656097412,52.653533935546875],[4.970867156982422,52.653533935546875],[4.871281623840332,52.99003219604492],[4.785540580749512,52.99003219604492],[4.862768650054932,53.192195892333984],[4.691011905670166,53.192195892333984],[4.608114719390869,53.124786376953125],[4.702715873718262,52.92268753051758],[4.534325122833252,52.85536575317383],[4.463808536529541,52.51908493041992],[4.21693229675293,52.31757736206055],[4.223166942596436,52.18334197998047],[3.974021434783936,52.0491943359375],[3.980464458465576,51.91512680053711],[3.810401916503906,51.91512680053711],[3.81699013710022,51.78114318847656],[3.647099733352661,51.78114318847656],[3.738690614700317,51.64724349975586],[3.399252653121948,51.64724349975586],[3.40621018409729,51.51342010498047],[3.74860668182373,51.44654083251953],[3.155481338500977,51.44654083251953],[2.577829360961914,51.17921447753906],[2.239571809768677,51.17921447753906],[2.074539184570312,51.112430572509766],[2.090827465057373,50.84549331665039],[2.006469488143921,50.84549331665039],[2.007492200242073,50.82881604968416],[2.010558843612671,50.77880859375],[2.018708944320679,50.64549255371094],[1.854379415512085,50.578861236572266],[1.95488452911377,50.312522888183594],[3.145318269729614,50.04647445678711],[3.729254722595215,50.11296081542969],[3.635580539703369,50.312522888183594],[3.968613386154175,50.37908172607422],[4.142810344696045,50.2459831237793],[4.151839256286621,50.04647445678711],[4.154837608337402,49.98000717163086],[4.238675117492676,49.98000717163086],[4.322512626647949,49.98000717163086],[4.406350135803223,49.98000717163086],[4.47592830657959,50.312522888183594],[4.730775356292725,50.2459831237793],[5.165934562683105,49.84712600708008],[5.175980091094971,49.58156967163086],[5.259585380554199,49.58156967163086],[5.35286808013916,49.316287994384766],[5.68668270111084,49.316287994384766],[5.685174851001257,49.36047842786613],[5.684420585632324,49.38258361816406]]],[[[14.277569770812988,45.36587905883789],[14.44612979888916,45.62776184082031],[15.339118957519531,45.496795654296875],[15.264768600463867,45.75876998901367],[15.678460121154785,45.95537567138672],[15.604452133178711,46.21768569946289],[16.01764488220215,46.348915100097656],[15.864084243774414,46.677207946777344],[16.032390594482422,46.808616638183594],[16.138551712036133,47.53233337402344],[16.303508758544922,47.53233337402344],[16.3150634765625,47.86185836791992],[16.48518943786621,47.993770599365234],[16.984167098999023,48.059749603271484],[16.911911010742188,48.323814392089844],[16.829010009765625,48.323814392089844],[16.92527961730957,48.654239654541016],[16.84486961364746,48.72037124633789],[16.179914474487305,48.72037124633789],[15.68774127960205,48.91886520385742],[14.940543174743652,48.98506164550781],[14.850005149841309,48.72037124633789],[14.597285270690918,48.5881233215332],[14.100465774536133,48.654239654541016],[14.099007606506348,48.5881233215332],[14.015960693359375,48.5881233215332],[14.014547348022461,48.52202224731445],[13.931536674499512,48.52202224731445],[13.930166244506836,48.455936431884766],[13.847192764282227,48.455936431884766],[13.177251815795898,48.059749603271484],[13.175244331359863,47.92780685424805],[13.418926239013672,47.664100646972656],[13.41247844696045,47.26897048950195],[13.659500122070312,47.26897048950195],[13.738253593444824,47.07159423828125],[13.08034896850586,47.07159423828125],[12.9981107711792,47.07159423828125],[12.175729751586914,47.07159423828125],[12.177369117736816,47.26897048950195],[12.342669486999512,47.33478927612305],[12.262062072753906,47.53233337402344],[12.014627456665039,47.53233337402344],[11.848007202148438,47.26897048950195],[11.600985527038574,47.26897048950195],[11.436545372009277,47.33478927612305],[11.437032699584961,47.46647262573242],[11.272144317626953,47.46647262573242],[11.024742126464844,47.4006233215332],[10.94240665435791,47.53233337402344],[10.859928131103516,47.53233337402344],[10.777449607849121,47.53233337402344],[10.694971084594727,47.53233337402344],[10.694906234741211,47.598209381103516],[10.61239242553711,47.598209381103516],[10.447366714477539,47.598209381103516],[10.36567211151123,47.33478927612305],[10.200922012329102,47.33478927612305],[10.119163513183594,47.20316696166992],[10.120388984680176,46.94007873535156],[10.44906997680664,46.94007873535156],[10.367905616760254,46.61152267456055],[10.36810302734375,46.54585266113281],[10.450072288513184,46.54585266113281],[10.5320405960083,46.54585266113281],[11.187925338745117,46.61152267456055],[11.105613708496094,46.414546966552734],[11.269417762756348,46.414546966552734],[11.515933990478516,46.61152267456055],[12.09045124053955,46.677207946777344],[13.563776969909668,46.480194091796875],[13.72764778137207,46.480194091796875],[13.725314140319824,46.348915100097656],[13.887821197509766,46.283294677734375],[13.885364532470703,46.1520881652832],[13.5560941696167,46.02093505859375],[13.633292198181152,45.75876998901367],[13.714865684509277,45.75876998901367],[13.713706970214844,45.693260192871094],[13.71254825592041,45.62776184082031],[13.711389541625977,45.56227111816406],[13.710229873657227,45.496795654296875],[14.117451667785645,45.496795654296875],[13.786900520324707,45.23500442504883],[14.026969909667969,45.03877639770508],[14.108189582824707,45.03877639770508],[14.189410209655762,45.03877639770508],[14.190768241882324,45.10417556762695],[14.19212532043457,45.169586181640625],[14.193480491638184,45.23500442504883],[14.194835662841797,45.300437927246094],[14.196189880371094,45.36587905883789],[14.277569770812988,45.36587905883789]]],[[[9.542471885681152,47.26897048950195],[9.789493560791016,47.26897048950195],[9.623783111572266,47.4006233215332],[9.624298095703125,47.33478927612305],[9.541923522949219,47.33478927612305],[9.542471885681152,47.26897048950195]]],[[[9.043119430541992,47.730003356933594],[9.290210723876953,47.79592514038086],[9.288235664367676,47.993770599365234],[9.122788429260254,47.993770599365234],[9.124246597290039,47.86185836791992],[9.041593551635742,47.86185836791992],[8.957342147827148,47.993770599365234],[8.87795352935791,47.730003356933594],[8.96053695678711,47.730003356933594],[9.043119430541992,47.730003356933594]]],[[[8.709171295166016,47.993770599365234],[8.626447677612305,47.993770599365234],[8.628328323364258,47.86185836791992],[8.793634414672852,47.86185836791992],[8.710076332092285,47.92780685424805],[8.709171295166016,47.993770599365234]]],[[[9.45427131652832,47.92780685424805],[9.371582984924316,47.92780685424805],[9.537511825561523,47.86185836791992],[9.536406517028809,47.993770599365234],[9.45427131652832,47.92780685424805]]],[[[10.528592109680176,48.257774353027344],[10.197128295898438,48.257774353027344],[10.115167617797852,48.059749603271484],[10.363642692565918,47.993770599365234],[10.52871322631836,48.191749572753906],[10.528592109680176,48.257774353027344]]],[[[8.954939842224121,48.191749572753906],[9.03777027130127,48.191749572753906],[9.037004470825195,48.257774353027344],[8.95413875579834,48.257774353027344],[8.953337669372559,48.323814392089844],[8.87043571472168,48.323814392089844],[8.871273040771484,48.257774353027344],[8.872109413146973,48.191749572753906],[8.954939842224121,48.191749572753906]]],[[[9.451920509338379,48.191749572753906],[9.782355308532715,48.323814392089844],[10.03139591217041,48.257774353027344],[9.947421073913574,48.455936431884766],[9.615525245666504,48.455936431884766],[9.532551765441895,48.455936431884766],[9.449578285217285,48.455936431884766],[9.451920509338379,48.191749572753906]]],[[[9.36660385131836,48.455936431884766],[9.202042579650879,48.323814392089844],[9.202736854553223,48.257774353027344],[9.368468284606934,48.257774353027344],[9.36660385131836,48.455936431884766]]],[[[10.113962173461914,48.323814392089844],[10.196864128112793,48.323814392089844],[10.279766082763672,48.323814392089844],[10.279540061950684,48.38986587524414],[10.196602821350098,48.38986587524414],[10.196342468261719,48.455936431884766],[10.11336898803711,48.455936431884766],[10.113664627075195,48.38986587524414],[10.113962173461914,48.323814392089844]]]]},"properties":{"Name":"(Habsburg Monarchy)","FromYear":1497,"ToYear":1501,"Area":171362.55556660704,"Type":"POLITY","Wikipedia":"Habsburg Austria","Wikidata":"Q66504140","SeshatID":"at_habsburg_1","Components":"House of Habsburg;Habsburg Monarchy","MemberOf":""}},
{"type":"Feature","geometry":{"type":"MultiPolygon","coordinates":[[[[8.429792404174805,44.5159797668457],[8.347931861877441,44.58129119873047],[8.02495288848877,44.5159797668457],[7.941880702972412,44.64661407470703],[7.942935943603516,44.58129119873047],[7.888964677746353,44.58129119873047],[7.861936569213867,44.58129119873047],[7.862477749640862,44.54859406563622],[7.863017559051514,44.5159797668457],[7.864093780517578,44.45067596435547],[7.783157348632812,44.45067596435547],[7.782050132751465,44.5159797668457],[7.768521461918579,44.5159797668457],[7.701082229614258,44.5159797668457],[7.62705659866333,44.12431716918945],[7.707837581634521,44.12431716918945],[7.788618564605713,44.12431716918945],[7.869399070739746,44.12431716918945],[7.950180053710938,44.12431716918945],[8.030961036682129,44.12431716918945],[8.152163205391814,44.12431716918945],[8.192523002624512,44.12431716918945],[8.191595077514648,44.18956756591797],[8.272406578063965,44.18956756591797],[8.271687035285549,44.241728319532974],[8.271506309509277,44.25482940673828],[8.291803533811333,44.25482940673828],[8.352349281311035,44.25482940673828],[8.3518255608292,44.29391940091357],[8.35147476196289,44.32010269165039],[8.429792404174805,44.5159797668457]]],[[[6.966631412506104,44.77729415893555],[6.895741939544678,44.32010269165039],[7.221852779388428,44.18956756591797],[7.460638523101807,44.38538360595703],[7.458178520202637,44.5159797668457],[7.456940650939941,44.58129119873047],[7.373385906219482,44.71194839477539],[6.966631412506104,44.77729415893555]]],[[[8.338723182678223,45.23500442504883],[8.257407188415527,45.23500442504883],[8.176091194152832,45.23500442504883],[8.094775199890137,45.23500442504883],[8.013459205627441,45.23500442504883],[7.932143211364746,45.23500442504883],[7.60564136505127,45.300437927246094],[7.529336929321289,45.03877639770508],[7.695308685302734,44.842647552490234],[7.776433944702148,44.842647552490234],[7.857559204101562,44.842647552490234],[7.858661651611328,44.77729415893555],[7.899192379176613,44.77729415893555],[7.939755439758301,44.77729415893555],[8.340606689453125,45.10417556762695],[8.338723182678223,45.23500442504883]]],[[[6.934922218322754,46.1520881652832],[7.016692161560059,46.1520881652832],[7.257669448852539,46.348915100097656],[7.174314022064209,46.414546966552734],[6.931774616241455,46.283294677734375],[6.934922218322754,46.1520881652832]]],[[[8.40185260772705,46.480194091796875],[8.400856018066406,46.54585266113281],[8.399856567382812,46.61152267456055],[8.39885425567627,46.677207946777344],[8.316819190979004,46.677207946777344],[8.317854881286621,46.61152267456055],[8.23585319519043,46.61152267456055],[8.153850555419922,46.61152267456055],[7.501922130584717,46.414546966552734],[7.591682910919189,46.02093505859375],[7.67338752746582,46.02093505859375],[7.674648761749268,45.95537567138672],[7.756319999694824,45.95537567138672],[7.837991714477539,45.95537567138672],[7.919662952423096,45.95537567138672],[8.40185260772705,46.480194091796875]]],[[[6.830254077911377,47.07159423828125],[6.748015880584717,47.07159423828125],[6.665778160095215,47.07159423828125],[6.667511463165283,47.005828857421875],[6.585307121276855,47.005828857421875],[6.5861889852800894,46.97293773930504],[6.587069988250732,46.94007873535156],[6.504899501800537,46.94007873535156],[6.506691455841064,46.87434005737305],[6.588828086853027,46.87434005737305],[6.670964241027832,46.87434005737305],[6.753100872039795,46.87434005737305],[6.754786491394043,46.808616638183594],[7.080090999603271,46.94007873535156],[6.828584671020508,47.13737487792969],[6.830254077911377,47.07159423828125]]],[[[6.983439445495605,47.53233337402344],[6.985063552856445,47.46647262573242],[6.989914417266846,47.26897048950195],[7.174039960261556,47.318332406376236],[7.23542594909668,47.33478927612305],[7.206440033012043,47.40058305257605],[7.156311661674072,47.514367100254006],[7.148396492004395,47.53233337402344],[7.06591796875,47.53233337402344],[6.983439445495605,47.53233337402344]]],[[[7.39728307723999,47.46647262573242],[7.398007307355303,47.43354102151636],[7.398731231689453,47.4006233215332],[7.48114013671875,47.4006233215332],[7.563549518585205,47.4006233215332],[7.56217098236084,47.46647262573242],[7.479726791381836,47.46647262573242],[7.39728307723999,47.46647262573242]]],[[[6.796153545379639,48.38986587524414],[6.709661960601807,48.52202224731445],[6.462518692016602,48.455936431884766],[6.635694026947021,48.191749572753906],[6.797890186309814,48.323814392089844],[6.796153545379639,48.38986587524414]]],[[[5.868803024291992,48.852684020996094],[5.455182075500488,48.786521911621094],[5.379139423370361,48.5881233215332],[5.296092987060547,48.5881233215332],[5.286453723907471,48.852684020996094],[5.127524375915527,48.654239654541016],[4.878275871276855,48.654239654541016],[4.880861282348633,48.5881233215332],[4.883440971374512,48.52202224731445],[4.966451168060303,48.52202224731445],[5.021697924941386,48.52202224731445],[5.049460887908936,48.52202224731445],[5.049963233092711,48.508756046150246],[5.051963329315186,48.455936431884766],[5.134937286376953,48.455936431884766],[5.162502056767151,48.455936431884766],[5.217910766601562,48.455936431884766],[5.2188820736419,48.42947471275199],[5.220335960388184,48.38986587524414],[5.303273677825928,48.38986587524414],[5.386211395263672,48.38986587524414],[5.462185859680176,48.5881233215332],[5.881701946258545,48.455936431884766],[5.787806034088135,48.786521911621094],[5.868803024291992,48.852684020996094]]],[[[6.03309965133667,48.91886520385742],[5.949869632720947,48.91886520385742],[5.868803024291992,48.852684020996094],[5.95305728493278,48.81959566467323],[6.037274360656738,48.786521911621094],[6.03309965133667,48.91886520385742]]],[[[5.36487340927124,48.98506164550781],[5.448140144348145,48.98506164550781],[5.697940349578857,48.98506164550781],[5.607818126678467,49.18375015258789],[5.85359001159668,49.316287994384766],[5.85140323638916,49.38258361816406],[5.685174851001257,49.36047842786613],[5.35286808013916,49.316287994384766],[5.36487340927124,48.98506164550781]]],[[[5.175980091094971,49.58156967163086],[5.165934562683105,49.84712600708008],[4.730775356292725,50.2459831237793],[4.47592830657959,50.312522888183594],[4.406350135803223,49.98000717163086],[4.490188121795654,49.98000717163086],[4.493024826049805,49.91355895996094],[4.53490746876139,49.91355895996094],[4.576823711395264,49.91355895996094],[4.579616546630859,49.84712600708008],[4.582405090332031,49.78071212768555],[4.601894857198655,49.71431350708008],[4.642117318882938,49.57728180262361],[4.679802417755127,49.44889450073242],[4.940790176391602,49.18375015258789],[5.175980091094971,49.58156967163086]]],[[[4.151839256286621,50.04647445678711],[4.142810344696045,50.2459831237793],[3.968613386154175,50.37908172607422],[3.635580539703369,50.312522888183594],[3.729254722595215,50.11296081542969],[3.813170909881592,50.11296081542969],[3.987162351608276,49.98000717163086],[4.151839256286621,50.04647445678711]]],[[[10.134284973144531,42.88639831542969],[10.21481990814209,42.691246032714844],[10.455166816711426,42.691246032714844],[10.45510196685791,42.88639831542969],[10.214488983154297,42.88639831542969],[10.134284973144531,42.88639831542969]]],[[[10.776015281677246,42.95146560668945],[10.85624885559082,42.95146560668945],[11.01634693145752,42.82133865356445],[11.015789985656738,42.62621307373047],[11.175962448120117,42.62621307373047],[11.255500793457031,42.496177673339844],[11.255227088928223,42.43117141723633],[11.335225105285645,42.43117141723633],[11.415224075317383,42.43117141723633],[11.414892196655273,42.36617660522461],[11.494861602783203,42.36617660522461],[11.574831008911133,42.36617660522461],[11.736565589904785,42.62621307373047],[12.0580472946167,42.75628662109375],[11.981149673461914,43.146724700927734],[11.900826454162598,43.146724700927734],[11.659855842590332,43.146724700927734],[11.580705642700195,43.342071533203125],[11.259588241577148,43.472347259521484],[11.018165588378906,43.472347259521484],[10.776567459106445,43.342071533203125],[10.776015281677246,42.95146560668945]]],[[[9.970182418823242,43.99384307861328],[10.050901412963867,43.99384307861328],[10.05069351196289,44.05907440185547],[10.13144302368164,44.05907440185547],[10.131620407104492,43.99384307861328],[10.212339401245117,43.99384307861328],[10.212483406066895,43.92862319946289],[10.696523666381836,43.79821014404297],[10.858479499816895,44.25482940673828],[10.939322471618652,44.25482940673828],[11.02016544342041,44.25482940673828],[11.101008415222168,44.25482940673828],[11.101192474365234,44.32010269165039],[11.182066917419434,44.32010269165039],[11.264820098876953,44.842647552490234],[11.589669227600098,44.908016204833984],[10.696867942810059,45.300437927246094],[10.61540412902832,45.431331634521484],[10.452703475952148,45.36587905883789],[10.453055381774902,45.169586181640625],[10.453472137451172,44.908016204833984],[10.048676490783691,44.64661407470703],[10.13089370727539,44.25482940673828],[9.969700813293457,44.12431716918945],[9.969943046569824,44.05907440185547],[9.970182418823242,43.99384307861328]]],[[[12.238323211669922,44.842647552490234],[12.239523887634277,44.973392486572266],[11.83358097076416,44.973392486572266],[11.751571655273438,44.842647552490234],[11.993412017822266,44.64661407470703],[12.156049728393555,44.71194839477539],[12.156624794006348,44.77729415893555],[12.157197952270508,44.842647552490234],[12.238323211669922,44.842647552490234]]],[[[12.09045124053955,46.677207946777344],[11.515933990478516,46.61152267456055],[11.269417762756348,46.414546966552734],[11.105613708496094,46.414546966552734],[11.187925338745117,46.61152267456055],[10.5320405960083,46.54585266113281],[10.532170295715332,46.480194091796875],[10.503675436234,46.29485845243355],[10.471641786297182,46.08650588989258],[10.451480865478516,45.95537567138672],[10.451627731323242,45.889827728271484],[10.696676254272461,45.693260192871094],[11.022930145263672,45.75876998901367],[11.350288391113281,46.08650588989258],[11.677236557006836,46.08650588989258],[11.841521263122559,46.21768569946289],[11.843135833740234,46.480194091796875],[12.09045124053955,46.677207946777344]]],[[[11.272320747375488,47.53233337402344],[11.27249813079834,47.598209381103516],[11.189985275268555,47.598209381103516],[11.10747241973877,47.598209381103516],[11.024958610534668,47.598209381103516],[11.024916641328776,47.56055918803566],[11.024885177612305,47.53233337402344],[10.94240665435791,47.53233337402344],[11.024742126464844,47.4006233215332],[11.272144317626953,47.46647262573242],[11.272320747375488,47.53233337402344]]],[[[13.177251815795898,48.059749603271484],[12.928975105285645,48.059749603271484],[12.765129089355469,48.191749572753906],[12.762627601623535,47.993770599365234],[12.927179336547852,47.92780685424805],[12.924517631530762,47.730003356933594],[13.087788581848145,47.598209381103516],[12.839411735534668,47.53233337402344],[12.75854206085205,47.664100646972656],[12.510897636413574,47.664100646972656],[12.508110046386719,47.4006233215332],[12.342669486999512,47.33478927612305],[12.177369117736816,47.26897048950195],[12.175729751586914,47.07159423828125],[12.9981107711792,47.07159423828125],[13.08034896850586,47.07159423828125],[13.738253593444824,47.07159423828125],[13.659500122070312,47.26897048950195],[13.41247844696045,47.26897048950195],[13.418926239013672,47.664100646972656],[13.175244331359863,47.92780685424805],[13.177251815795898,48.059749603271484]]],[[[13.847192764282227,48.455936431884766],[13.930166244506836,48.455936431884766],[13.931536674499512,48.52202224731445],[14.014547348022461,48.52202224731445],[14.015960693359375,48.5881233215332],[14.099007606506348,48.5881233215332],[14.100465774536133,48.654239654541016],[13.606999397277832,48.91886520385742],[13.52376937866211,48.91886520385742],[13.525009155273438,48.98506164550781],[13.441741943359375,48.98506164550781],[13.358475685119629,48.98506164550781],[13.356151580810547,48.852684020996094],[13.189766883850098,48.852684020996094],[13.26854419708252,48.5881233215332],[13.76682186126709,48.5881233215332],[13.847192764282227,48.455936431884766]]],[[[7.560789108276367,47.53233337402344],[7.888208866119385,47.664100646972656],[7.803087711334229,47.79592514038086],[7.637851715087891,47.79592514038086],[7.628283500671387,48.257774353027344],[7.709810256958008,48.323814392089844],[7.792711734771729,48.323814392089844],[7.796617031097412,48.1257438659668],[7.959747314453125,48.257774353027344],[8.208345413208008,48.257774353027344],[8.210589408874512,48.1257438659668],[8.293384552001953,48.1257438659668],[8.376178741455078,48.1257438659668],[8.377227783203125,48.059749603271484],[8.45998764038086,48.059749603271484],[8.461000442504883,47.993770599365234],[8.378276824951172,47.993770599365234],[8.295553207397461,47.993770599365234],[8.21282958984375,47.993770599365234],[8.211709976196289,48.059749603271484],[8.210589408874512,48.1257438659668],[8.127795219421387,48.1257438659668],[8.218400955200195,47.664100646972656],[8.467049598693848,47.598209381103516],[8.547621726989746,47.730003356933594],[8.87795352935791,47.730003356933594],[8.957342147827148,47.993770599365234],[9.041593551635742,47.86185836791992],[9.124246597290039,47.86185836791992],[9.122788429260254,47.993770599365234],[9.288235664367676,47.993770599365234],[9.290210723876953,47.79592514038086],[9.043119430541992,47.730003356933594],[9.539721488952637,47.598209381103516],[9.623783111572266,47.4006233215332],[9.789493560791016,47.26897048950195],[9.542471885681152,47.26897048950195],[9.213109016418457,47.26897048950195],[9.380857467651367,46.94007873535156],[8.969225883483887,47.005828857421875],[8.723495483398438,46.94007873535156],[8.725251197814941,46.808616638183594],[8.643148422241211,46.808616638183594],[8.727865219116211,46.61152267456055],[9.055872917175293,46.61152267456055],[9.141342163085938,46.283294677734375],[9.30439281463623,46.348915100097656],[9.303140640258789,46.480194091796875],[10.041536331176758,46.283294677734375],[10.122788429260254,46.414546966552734],[10.040886878967285,46.414546966552734],[10.039896965026855,46.61152267456055],[10.367905616760254,46.61152267456055],[10.44906997680664,46.94007873535156],[10.120388984680176,46.94007873535156],[10.119163513183594,47.20316696166992],[10.200922012329102,47.33478927612305],[10.36567211151123,47.33478927612305],[10.447366714477539,47.598209381103516],[10.61239242553711,47.598209381103516],[10.694778442382812,47.730003356933594],[10.44686222076416,47.79592514038086],[10.52871322631836,48.191749572753906],[10.363642692565918,47.993770599365234],[10.115167617797852,48.059749603271484],[10.197128295898438,48.257774353027344],[10.528592109680176,48.257774353027344],[10.444967269897461,48.5881233215332],[10.2784423828125,48.72037124633789],[10.278019905090332,48.852684020996094],[10.02780818939209,48.98506164550781],[10.027185440063477,49.11750411987305],[10.360239028930664,49.2500114440918],[10.61073112487793,48.91886520385742],[10.943561553955078,48.852684020996094],[11.027008056640625,48.98506164550781],[10.860533714294434,49.051273345947266],[11.277556419372559,49.18375015258789],[11.027566909790039,49.2500114440918],[11.028035163879395,49.44889450073242],[11.278903007507324,49.51522445678711],[11.19636058807373,49.78071212768555],[11.699701309204102,49.91355895996094],[11.869729042053223,50.17946243286133],[12.12159538269043,50.17946243286133],[12.12234115600586,50.2459831237793],[11.955025672912598,50.312522888183594],[11.957799911499023,50.578861236572266],[12.21121883392334,50.64549255371094],[12.212909698486328,50.77880859375],[12.045051574707031,50.84549331665039],[11.95923137664795,50.71213912963867],[11.706402778625488,50.71213912963867],[11.536320686340332,50.51224899291992],[11.2842378616333,50.578861236572266],[11.199701309204102,50.51224899291992],[11.282390594482422,50.2459831237793],[11.114400863647461,50.2459831237793],[11.113865852355957,50.11296081542969],[10.69422435760498,50.04647445678711],[10.35853099822998,50.17946243286133],[10.358152389526367,50.51224899291992],[10.863081932067871,50.51224899291992],[11.032193183898926,50.71213912963867],[11.285423278808594,50.77880859375],[11.118127822875977,51.04566955566406],[10.864909172058105,51.112430572509766],[10.780385971069336,51.112430572509766],[10.695862770080566,51.112430572509766],[10.696009635925293,51.17921447753906],[10.780574798583984,51.17921447753906],[10.86513900756836,51.17921447753906],[10.526949882507324,51.24601745605469],[10.357771873474121,51.112430572509766],[10.61124038696289,51.04566955566406],[10.779684066772461,50.84549331665039],[10.526506423950195,50.64549255371094],[10.35803508758545,50.64549255371094],[10.357894897460938,50.84549331665039],[9.935863494873047,50.912200927734375],[10.019495010375977,51.17921447753906],[10.104059219360352,51.17921447753906],[10.61178970336914,51.37968063354492],[11.119558334350586,51.31283950805664],[11.119930267333984,51.37968063354492],[11.204620361328125,51.37968063354492],[11.205038704846285,51.44648980751097],[11.205039024353027,51.44654083251953],[11.205464363098145,51.51342010498047],[10.866110801696777,51.44654083251953],[10.86689281463623,51.64724349975586],[11.37657642364502,51.71418380737305],[11.460345268249512,51.580322265625],[11.544562339782715,51.51342010498047],[11.373502731323242,51.31283950805664],[11.881390571594238,51.31283950805664],[12.051520347595215,51.37968063354492],[11.969246864318848,51.580322265625],[12.308514595031738,51.580322265625],[12.310501098632812,51.71418380737305],[12.395403861999512,51.71418380737305],[12.397505760192871,51.84812545776367],[12.228504180908203,51.91512680053711],[12.146309852600098,52.11625671386719],[12.402885437011719,52.18334197998047],[12.4050874710083,52.31757736206055],[12.578080177307129,52.4518928527832],[12.325196266174316,52.653533935546875],[12.32740306854248,52.78806686401367],[11.896748542785645,52.586299896240234],[11.127049446105957,52.51908493041992],[11.0437593460083,52.85536575317383],[11.216666221618652,53.057395935058594],[11.388239860534668,53.057395935058594],[11.38951587677002,53.192195892333984],[11.217759132385254,53.192195892333984],[11.132898330688477,53.32708740234375],[11.306057929992676,53.462066650390625],[11.563496589660645,53.39456558227539],[11.738075256347656,53.597137451171875],[11.910387992858887,53.597137451171875],[12.16561222076416,53.39456558227539],[13.196187019348145,53.32708740234375],[13.54919719696045,53.664710998535156],[13.89604663848877,53.732303619384766],[14.316027641296387,53.39456558227539],[14.22566032409668,53.25962829589844],[14.476561546325684,53.057395935058594],[14.6481351852417,53.057395935058594],[14.82464599609375,53.192195892333984],[15.25675106048584,53.25962829589844],[15.439932823181152,53.52959060668945],[15.78133487701416,53.462066650390625],[15.704273223876953,53.664710998535156],[15.793546676635742,53.732303619384766],[16.04908561706543,53.664710998535156],[15.982036590576172,54.07062530517578],[16.411012649536133,54.00291442871094],[16.314411163330078,53.799922943115234],[16.400707244873047,53.799922943115234],[16.65959930419922,53.799922943115234],[16.821292877197266,53.597137451171875],[17.079761505126953,53.597137451171875],[17.18896484375,54.00291442871094],[17.62116241455078,54.00291442871094],[17.641929626464844,54.341712951660156],[17.910659790039062,54.47740173339844],[18.024137496948242,54.88506317138672],[17.93706703186035,54.88506317138672],[16.619972229003906,54.681121826171875],[15.991765975952148,54.27390670776367],[15.036103248596191,54.20612335205078],[14.50934886932373,54.00291442871094],[14.499796867370605,53.732303619384766],[13.98438835144043,53.799922943115234],[14.159177780151367,53.86756134033203],[14.165812492370605,54.07062530517578],[13.304450988769531,54.20612335205078],[13.739368438720703,54.27390670776367],[13.662626266479492,54.613189697265625],[13.405717849731445,54.74907684326172],[13.14309310913086,54.681121826171875],[13.05121898651123,54.47740173339844],[12.4437894821167,54.47740173339844],[12.093385696411133,54.27390670776367],[11.398930549621582,54.138362884521484],[11.397537231445312,54.00291442871094],[10.878901481628418,54.00291442871094],[10.792462348937988,54.00291442871094],[10.5331449508667,54.00291442871094],[10.360026359558105,53.86756134033203],[10.359683990478516,53.664710998535156],[10.014796257019043,53.732303619384766],[9.928793907165527,53.597137451171875],[9.584169387817383,53.597137451171875],[9.237549781799316,53.86756134033203],[8.892172813415527,53.86756134033203],[8.805828094482422,53.86756134033203],[8.459527015686035,53.93522644042969],[8.37701416015625,53.664710998535156],[8.204607963562012,53.664710998535156],[8.120620727539062,53.52959060668945],[7.94840145111084,53.52959060668945],[8.032201766967773,53.664710998535156],[7.944795608520508,53.732303619384766],[7.082295417785645,53.732303619384766],[6.913325786590576,53.597137451171875],[6.916844367980957,53.462066650390625],[6.226210117340088,53.52959060668945],[5.542333602905273,53.39456558227539],[5.20894193649292,53.124786376953125],[5.385728359222412,52.99003219604492],[5.390830039978027,52.85536575317383],[5.053669929504395,52.720787048339844],[5.056382656097412,52.653533935546875],[5.06179141998291,52.51908493041992],[4.890939235687256,52.51908493041992],[4.896504402160645,52.38472366333008],[5.069864749908447,52.31757736206055],[4.995438575744629,52.0491943359375],[5.250792980194092,52.0491943359375],[5.176112651824951,51.78114318847656],[5.605600833892822,51.64724349975586],[5.779896259307861,51.51342010498047],[5.784458637237549,51.37968063354492],[5.283889770507812,51.17921447753906],[5.217134952545166,50.71213912963867],[5.048582077026367,50.71213912963867],[5.058992385864258,50.445655822753906],[5.232241630554199,50.312522888183594],[5.479565620422363,50.445655822753906],[5.902330875396729,50.37908172607422],[5.727356910705566,50.578861236572266],[5.711322784423828,51.04566955566406],[5.880285263061523,51.04566955566406],[5.973455429077148,50.77880859375],[6.057772636413574,50.77880859375],[6.068368434906006,50.445655822753906],[6.402873992919922,50.51224899291992],[6.07469654083252,50.2459831237793],[6.582399845123291,50.11296081542969],[6.586127281188965,49.98000717163086],[6.340545177459717,49.78071212768555],[6.346458435058594,49.58156967163086],[7.015303134918213,49.58156967163086],[7.600542545318604,49.58156967163086],[7.509773254394531,49.91355895996094],[7.761168956756592,49.91355895996094],[7.848801136016846,49.71431350708008],[8.267212867736816,49.71431350708008],[8.355094909667969,49.44889450073242],[8.605683326721191,49.44889450073242],[8.774468421936035,49.316287994384766],[8.2748384475708,49.2500114440918],[8.112674713134766,48.98506164550781],[8.11384105682373,48.91886520385742],[8.030611038208008,48.91886520385742],[8.029407501220703,48.98506164550781],[7.690926074981689,49.2500114440918],[7.688215255737305,49.38258361816406],[7.357261657714844,49.2500114440918],[7.10215425491333,49.44889450073242],[6.851565837860107,49.44889450073242],[6.855033874511719,49.316287994384766],[6.688126564025879,49.316287994384766],[6.526859283447266,49.11750411987305],[6.360177040100098,49.11750411987305],[6.356269359588623,49.2500114440918],[6.272853374481201,49.2500114440918],[6.189437389373779,49.2500114440918],[6.189843514788912,49.23675441151327],[6.19146728515625,49.18375015258789],[6.108088970184326,49.18375015258789],[6.024710655212402,49.18375015258789],[5.94133186340332,49.18375015258789],[5.864473819732666,48.98506164550781],[6.03309965133667,48.91886520385742],[6.451152324676514,48.852684020996094],[6.371833801269531,48.72037124633789],[6.872262954711914,48.654239654541016],[6.875682353973389,48.52202224731445],[7.041702270507812,48.52202224731445],[7.046595573425293,48.323814392089844],[7.129497528076172,48.323814392089844],[7.056310653686523,47.92780685424805],[7.218601703643799,48.059749603271484],[7.466878890991211,48.059749603271484],[7.559404373168945,47.598209381103516],[7.560789108276367,47.53233337402344]],[[10.113962173461914,48.323814392089844],[10.113664627075195,48.38986587524414],[10.11336898803711,48.455936431884766],[10.196342468261719,48.455936431884766],[10.196602821350098,48.38986587524414],[10.279540061950684,48.38986587524414],[10.279766082763672,48.323814392089844],[10.196864128112793,48.323814392089844],[10.113962173461914,48.323814392089844]],[[9.451920509338379,48.191749572753906],[9.449578285217285,48.455936431884766],[9.532551765441895,48.455936431884766],[9.615525245666504,48.455936431884766],[9.947421073913574,48.455936431884766],[10.03139591217041,48.257774353027344],[9.782355308532715,48.323814392089844],[9.451920509338379,48.191749572753906]],[[9.45427131652832,47.92780685424805],[9.536406517028809,47.993770599365234],[9.537511825561523,47.86185836791992],[9.371582984924316,47.92780685424805],[9.45427131652832,47.92780685424805]],[[9.36660385131836,48.455936431884766],[9.368468284606934,48.257774353027344],[9.202736854553223,48.257774353027344],[9.202042579650879,48.323814392089844],[9.36660385131836,48.455936431884766]],[[8.538827896118164,48.323814392089844],[8.7875337600708,48.323814392089844],[8.706449508666992,48.191749572753906],[8.539809226989746,48.257774353027344],[8.538827896118164,48.323814392089844]],[[8.954939842224121,48.191749572753906],[8.872109413146973,48.191749572753906],[8.871273040771484,48.257774353027344],[8.87043571472168,48.323814392089844],[8.953337669372559,48.323814392089844],[8.95413875579834,48.257774353027344],[9.037004470825195,48.257774353027344],[9.03777027130127,48.191749572753906],[8.954939842224121,48.191749572753906]],[[8.709171295166016,47.993770599365234],[8.710076332092285,47.92780685424805],[8.793634414672852,47.86185836791992],[8.628328323364258,47.86185836791992],[8.626447677612305,47.993770599365234],[8.709171295166016,47.993770599365234]],[[8.61889362335205,48.52202224731445],[8.53490161895752,48.5881233215332],[8.6170015335083,48.654239654541016],[8.701903343200684,48.52202224731445],[8.61889362335205,48.52202224731445]],[[8.291211128234863,48.257774353027344],[8.206095695495605,48.38986587524414],[8.454909324645996,48.38986587524414],[8.290122985839844,48.323814392089844],[8.291211128234863,48.257774353027344]],[[8.452873229980469,48.52202224731445],[8.370917320251465,48.455936431884766],[8.285761833190918,48.5881233215332],[8.451854705810547,48.5881233215332],[8.452873229980469,48.52202224731445]],[[6.858495712280273,49.18375015258789],[7.526952266693115,49.11750411987305],[7.529807567596436,48.98506164550781],[7.364774227142334,48.91886520385742],[7.196740627288818,48.98506164550781],[7.113473892211914,48.98506164550781],[6.861949920654297,49.051273345947266],[6.858495712280273,49.18375015258789]],[[7.031855583190918,48.91886520385742],[6.951990127563477,48.786521911621094],[6.617537975311279,48.852684020996094],[6.613873958587646,48.98506164550781],[6.780407428741455,48.98506164550781],[6.863674163818359,48.98506164550781],[7.031855583190918,48.91886520385742]]],[[[12.806585311889648,50.97892379760742],[12.722145080566406,50.97892379760742],[12.552227973937988,50.912200927734375],[12.550177574157715,50.77880859375],[12.63449478149414,50.77880859375],[12.632396697998047,50.64549255371094],[12.773716693084129,50.701026902979905],[12.801994323730469,50.71213912963867],[12.717718124389648,50.71213912963867],[12.718811988830566,50.77880859375],[12.739926026413464,50.77880859375],[12.803128242492676,50.77880859375],[12.804271697998047,50.84549331665039],[12.805423736572266,50.912200927734375],[12.806585311889648,50.97892379760742]]],[[[11.963705062866211,51.112430572509766],[11.96294116973877,51.04566955566406],[12.216384887695312,51.04566955566406],[12.219982147216797,51.31283950805664],[12.050686836242676,51.31283950805664],[11.879181861877441,51.112430572509766],[11.963705062866211,51.112430572509766]]],[[[14.334224700927734,51.24601745605469],[14.336182594299316,51.31283950805664],[14.251534461975098,51.31283950805664],[14.253460884094238,51.37968063354492],[14.25539779663086,51.44654083251953],[14.257346153259277,51.51342010498047],[14.259305000305176,51.580322265625],[14.08967113494873,51.580322265625],[13.914700508117676,51.37968063354492],[14.08223819732666,51.31283950805664],[14.078585624694824,51.17921447753906],[13.994020462036133,51.17921447753906],[14.161297798156738,51.112430572509766],[14.334224700927734,51.24601745605469]]],[[[12.899682998657227,51.44654083251953],[12.814950942993164,51.44654083251953],[12.730218887329102,51.44654083251953],[12.644350051879883,51.37968063354492],[12.728649964195576,51.35739289639821],[12.89716625213623,51.31283950805664],[12.899682998657227,51.44654083251953]]]]},"properties":{"Name":"(Holy Roman Empire)","FromYear":1497,"ToYear":1501,"Area":344262.80320255447,"Type":"POLITY","Wikipedia":"Holy Roman Empire","Wikidata":"Q12548","SeshatID":"de_empire_minor_1","Components":"Holy Roman Empire Minor States","MemberOf":""}},
{"type":"Feature","geometry":{"type":"Polygon","coordinates":[[[13.633292198181152,45.75876998901367],[13.5560941696167,46.02093505859375],[13.885364532470703,46.1520881652832],[13.887821197509766,46.283294677734375],[13.725314140319824,46.348915100097656],[13.72764778137207,46.480194091796875],[13.563776969909668,46.480194091796875],[13.397838592529297,46.348915100097656],[13.47651481628418,46.1520881652832],[13.31197738647461,46.08650588989258],[13.307992935180664,45.82429504394531],[13.389599800109863,45.82429504394531],[13.388570785522461,45.75876998901367],[13.470144271850586,45.75876998901367],[13.551718711853027,45.75876998901367],[13.633292198181152,45.75876998901367]]]},"properties":{"Name":"Duchy of Styria","FromYear":1497,"ToYear":1501,"Area":2003.6618093864524,"Type":"POLITY","Wikipedia":"Duchy of Styria","Wikidata":"Q580447","SeshatID":"","Components":"","MemberOf":""}},
{"type":"Feature","geometry":{"type":"MultiPolygon","coordinates":[[[[-1.828825831413269,41.911441802978516],[-1.429987907409668,41.911441802978516],[-1.460152745246887,42.36617660522461],[-1.005598902702332,42.75628662109375],[-0.938149929046631,42.95146560668945],[0.040142297744751,42.691246032714844],[0.994516909122467,42.82133865356445],[1.074691534042358,42.82133865356445],[1.485537886619568,42.62621307373047],[1.565624117851257,42.62621307373047],[1.645710229873657,42.62621307373047],[1.725796341896057,42.62621307373047],[1.873243570327759,42.88639831542969],[1.304981589317322,43.016544342041016],[1.277275562286377,43.53750228881836],[1.028556704521179,43.6678352355957],[0.867425560951233,43.6678352355957],[0.717451930046082,43.472347259521484],[0.476028978824615,43.472347259521484],[0.403184652328491,43.342071533203125],[0.081529356539249,43.342071533203125],[0.089359037578106,43.211830139160156],[-0.071348160505295,43.211830139160156],[-0.248239919543266,43.472347259521484],[-0.493827253580093,43.53750228881836],[-0.892034471035004,43.472347259521484],[-1.12030565738678,43.276947021484375],[-1.687574744224548,43.342071533203125],[-1.767988562583923,43.342071533203125],[-1.848402380943298,43.342071533203125],[-1.8391273021698,43.211830139160156],[-2.203093767166138,42.691246032714844],[-2.01993727684021,42.36617660522461],[-1.775568842887878,42.30118942260742],[-1.828825831413269,41.911441802978516]]],[[[2.990521192550659,43.016544342041016],[3.140029191970825,43.276947021484375],[3.220412731170654,43.276947021484375],[3.300796508789062,43.276947021484375],[3.298082113265991,43.342071533203125],[3.131681680679321,43.472347259521484],[2.890258550643921,43.472347259521484],[2.660674333572388,43.211830139160156],[2.749729871749878,43.016544342041016],[2.829993724822998,43.016544342041016],[2.990521192550659,43.016544342041016]]],[[[0.903831779956818,45.82429504394531],[0.838072597980499,45.56227111816406],[0.524327039718628,45.36587905883789],[0.532380819320679,45.23500442504883],[0.223605588078499,44.973392486572266],[-0.17808398604393,44.908016204833984],[-0.071827687323093,44.5159797668457],[1.065428018569946,44.45067596435547],[1.378401041030884,44.64661407470703],[1.448663711547852,44.842647552490234],[1.776637554168701,44.77729415893555],[1.857731223106384,44.77729415893555],[1.938824892044067,44.77729415893555],[2.019918441772461,44.77729415893555],[2.101012229919434,44.77729415893555],[2.168789625167847,45.03877639770508],[2.402650356292725,45.23500442504883],[2.392765998840332,45.431331634521484],[2.056761503219604,45.62776184082031],[0.903831779956818,45.82429504394531]]]]},"properties":{"Name":"County of Foix","FromYear":1497,"ToYear":1501,"Area":45120.676729801846,"Type":"POLITY","Wikipedia":"County of Foix","Wikidata":"Q1481436","SeshatID":"fr_valois_k_2","Components":"","MemberOf":"(Kingdom of France)"}},
{"type":"Feature","geometry":{"type":"MultiPolygon","coordinates":[[[[29.221864700317383,47.26897048950195],[29.229524612426758,47.33478927612305],[29.39427375793457,47.33478927612305],[29.335107803344727,47.53233337402344],[29.507915496826172,47.598209381103516],[29.53160858154297,47.79592514038086],[29.69684410095215,47.79592514038086],[29.795589447021484,47.92780685424805],[30.465478897094727,47.993770599365234],[30.548202514648438,47.993770599365234],[30.539783477783203,47.92780685424805],[31.56758689880371,48.191749572753906],[31.65847975870969,48.250942772573886],[31.650415420532227,48.191749572753906],[31.733245849609375,48.191749572753906],[31.74227523803711,48.257774353027344],[31.66896984687828,48.257774353027344],[32.48087692260742,48.786521911621094],[33.00941467285156,48.98506164550781],[33.42574691772461,48.98506164550781],[33.362693786621094,49.11750411987305],[33.61271667480469,49.11750411987305],[33.71672439575195,49.2500114440918],[33.95650863647461,49.18375015258789],[34.06093215942383,49.316287994384766],[34.39474868774414,49.316287994384766],[34.69615173339844,49.11750411987305],[35.41317367553711,48.91886520385742],[35.496402740478516,48.91886520385742],[35.60177230834961,49.051273345947266],[35.94626998901367,49.11750411987305],[36.079010009765625,48.91886520385742],[36.328697204589844,48.91886520385742],[36.306053161621094,48.786521911621094],[36.85371017456055,48.5881233215332],[37.83888244628906,48.98506164550781],[37.86311340332031,49.11750411987305],[37.70854187011719,49.18375015258789],[37.67390441894531,49.44889450073242],[37.59037399291992,49.44889450073242],[37.627315521240234,49.64793395996094],[37.543670654296875,49.64793395996094],[37.75370788574219,50.312522888183594],[37.83774185180664,50.312522888183594],[37.898712158203125,51.04566955566406],[38.09486770629883,51.17921447753906],[38.14987564086914,51.44654083251953],[37.93708801269531,51.64724349975586],[37.964942932128906,51.78114318847656],[37.482810974121094,51.91512680053711],[37.42543029785156,52.0491943359375],[37.013519287109375,52.11625671386719],[36.74110794067383,52.4518928527832],[36.426849365234375,52.586299896240234],[36.324440002441406,52.92268753051758],[35.765281677246094,53.124786376953125],[36.10487747192383,53.93522644042969],[36.01848602294922,53.93522644042969],[36.06131362915039,54.138362884521484],[35.88824462890625,54.138362884521484],[35.931175231933594,54.341712951660156],[35.8444938659668,54.341712951660156],[35.800838470458984,54.545284271240234],[35.00547409057617,54.47740173339844],[34.709129333496094,53.86756134033203],[34.42354965209961,53.732303619384766],[33.69886016845703,54.00291442871094],[33.47819900512695,54.20612335205078],[33.50416564941406,54.341712951660156],[33.122196197509766,54.613189697265625],[33.14813995361328,54.74907684326172],[32.7388801574707,54.88506317138672],[32.87778854370117,55.15733337402344],[33.80490493774414,55.430015563964844],[34.224708557128906,55.77145767211914],[34.79440689086914,55.97663879394531],[34.99947738647461,56.11355972290039],[35.04376220703125,56.319149017333984],[34.897010803222656,56.45634460449219],[34.95655059814453,56.731075286865234],[33.701107025146484,57.07511901855469],[33.477752685546875,57.28189468383789],[33.506492614746094,57.41988754272461],[33.34282684326172,57.488929748535156],[33.37158966064453,57.62710189819336],[33.13270950317383,57.7653923034668],[32.864906311035156,57.7653923034668],[32.63044738769531,57.488929748535156],[32.452354431152344,57.488929748535156],[31.93999481201172,57.14401626586914],[31.128190994262695,57.07511901855469],[30.83788299560547,56.45634460449219],[30.649139404296875,56.387733459472656],[30.108091354370117,56.319149017333984],[29.955463409423828,56.45634460449219],[29.979244232177734,56.59365463256836],[29.58440589904785,56.86860656738281],[28.377832412719727,57.07511901855469],[28.267009735107422,56.937416076660156],[27.901763916015625,56.86860656738281],[27.880273818969727,56.731075286865234],[28.19062614440918,56.45634460449219],[28.14765167236328,56.182064056396484],[27.971586227416992,56.182064056396484],[27.470035552978516,55.77145767211914],[26.865774154663086,55.83982467651367],[26.495513916015625,55.70311737060547],[25.8309326171875,55.97663879394531],[25.761505126953125,56.11355972290039],[25.066509246826172,56.182064056396484],[24.82863998413086,56.387733459472656],[24.1064510345459,56.25059127807617],[23.41761016845703,56.387733459472656],[21.74201202392578,56.387733459472656],[21.382530212402344,56.319149017333984],[21.18651008605957,56.11355972290039],[20.916179656982422,56.04508590698242],[20.909809112548828,55.97663879394531],[20.9976863861084,55.97663879394531],[20.991283416748047,55.90821838378906],[21.248220443725586,55.83982467651367],[21.235198974609375,55.70311737060547],[21.640066146850586,55.36180877685547],[22.412668228149414,55.225467681884766],[22.398584365844727,55.089229583740234],[22.573020935058594,55.089229583740234],[22.812959671020508,54.88506317138672],[22.704511642456055,54.681121826171875],[22.69742774963379,54.613189697265625],[22.66232681274414,54.27390670776367],[22.482206344604492,54.20612335205078],[22.461759567260742,54.00291442871094],[22.548198699951172,54.00291442871094],[22.42144775390625,53.597137451171875],[21.28936767578125,53.462066650390625],[20.927749633789062,53.25962829589844],[20.66997718811035,53.25962829589844],[20.395845413208008,53.057395935058594],[19.972116470336914,53.124786376953125],[19.72993278503418,53.32708740234375],[19.740234375,53.462066650390625],[19.309919357299805,53.462066650390625],[19.214111328125,53.32708740234375],[18.7028751373291,53.39456558227539],[18.80758285522461,53.664710998535156],[18.979990005493164,53.664710998535156],[19.253494262695312,53.86756134033203],[19.268539428710938,54.07062530517578],[19.45181655883789,54.20612335205078],[19.873947143554688,54.07062530517578],[19.8579044342041,53.86756134033203],[20.100629806518555,53.664710998535156],[20.273035049438477,53.664710998535156],[20.825302124023438,54.07062530517578],[20.75055503845215,54.20612335205078],[20.49656105041504,54.27390670776367],[20.14447593688965,54.20612335205078],[19.808900833129883,54.341712951660156],[19.819725036621094,54.47740173339844],[19.732948303222656,54.47740173339844],[19.559396743774414,54.47740173339844],[19.462186813354492,54.341712951660156],[18.686851501464844,54.4095458984375],[18.44533348083496,54.681121826171875],[18.459484100341797,54.88506317138672],[18.1112060546875,54.88506317138672],[18.024137496948242,54.88506317138672],[17.910659790039062,54.47740173339844],[17.641929626464844,54.341712951660156],[17.62116241455078,54.00291442871094],[17.18896484375,54.00291442871094],[17.079761505126953,53.597137451171875],[16.821292877197266,53.597137451171875],[16.65959930419922,53.799922943115234],[16.400707244873047,53.799922943115234],[16.476667404174805,53.597137451171875],[16.301027297973633,53.52959060668945],[16.294410705566406,53.39456558227539],[16.119178771972656,53.32708740234375],[16.109657287597656,53.124786376953125],[16.02382469177246,53.124786376953125],[16.097135543823242,52.85536575317383],[15.574783325195312,52.653533935546875],[15.48926830291748,52.653533935546875],[15.646231651306152,52.31757736206055],[15.813953399658203,52.250450134277344],[15.80826187133789,52.11625671386719],[16.136985778808594,51.84812545776367],[16.131103515625,51.71418380737305],[16.55561637878418,51.71418380737305],[16.718996047973633,51.580322265625],[16.980127334594727,51.71418380737305],[17.31973648071289,51.71418380737305],[17.549257278442383,51.24601745605469],[17.972288131713867,51.24601745605469],[18.049345016479492,51.112430572509766],[18.709320068359375,50.84549331665039],[18.70132827758789,50.71213912963867],[19.030193328857422,50.578861236572266],[19.022031784057617,50.445655822753906],[19.18613052368164,50.37908172607422],[19.17385482788086,50.17946243286133],[19.089900970458984,50.17946243286133],[19.085887908935547,50.11296081542969],[19.081897735595703,50.04647445678711],[19.165773391723633,50.04647445678711],[19.23756217956543,49.84712600708008],[18.88353729248047,49.51522445678711],[19.13038444519043,49.44889450073242],[19.472537994384766,49.58156967163086],[19.865541458129883,49.18375015258789],[20.21193504333496,49.38258361816406],[20.545900344848633,49.38258361816406],[20.453577041625977,49.2500114440918],[20.5369930267334,49.2500114440918],[20.703824996948242,49.2500114440918],[20.71288299560547,49.38258361816406],[21.79827117919922,49.38258361816406],[22.5230712890625,49.051273345947266],[22.77837371826172,49.11750411987305],[22.928722381591797,48.91886520385742],[23.666343688964844,48.786521911621094],[24.052976608276367,48.455936431884766],[24.378963470458984,48.38986587524414],[24.367206573486328,48.257774353027344],[24.686708450317383,48.1257438659668],[24.586227416992188,47.92780685424805],[24.90500259399414,47.79592514038086],[24.987621307373047,47.79592514038086],[25.01179313659668,48.059749603271484],[25.54009246826172,48.38986587524414],[25.559406280517578,48.5881233215332],[25.246307373046875,48.786521911621094],[25.342382431030273,48.91886520385742],[25.50884246826172,48.91886520385742],[25.981304168701172,48.654239654541016],[27.39371109008789,48.654239654541016],[27.537879943847656,48.455936431884766],[28.4200382232666,48.191749572753906],[28.570432662963867,48.059749603271484],[28.555265426635742,47.92780685424805],[28.87833023071289,47.86185836791992],[29.028188705444336,47.730003356933594],[28.93032455444336,47.598209381103516],[28.982398986816406,47.33478927612305],[29.221864700317383,47.26897048950195]]],[[[20.453577041625977,49.2500114440918],[20.370161056518555,49.2500114440918],[20.286745071411133,49.2500114440918],[20.282434463500977,49.18375015258789],[20.278141021728516,49.11750411987305],[20.361482620239258,49.11750411987305],[20.365812301635742,49.18375015258789],[20.44919204711914,49.18375015258789],[20.453577041625977,49.2500114440918]]]]},"properties":{"Name":"House of Jagiellon","FromYear":1497,"ToYear":1501,"Area":1021300.6906951936,"Type":"POLITY","Wikipedia":"Jagiellonian dynasty","Wikidata":"Q194355","SeshatID":"pl_jagiellonian_dyn","Components":"","MemberOf":""}},
{"type":"Feature","geometry":{"type":"MultiPolygon","coordinates":[[[[14.33681869506836,35.837650299072266],[14.568227767944336,35.77327346801758],[14.571182250976562,35.9664192199707],[14.417119026184082,36.03080368041992],[14.339592933654785,36.03080368041992],[14.33681869506836,35.837650299072266]]],[[[15.6271390914917,38.28691864013672],[14.05618953704834,37.96426773071289],[13.665236473083496,37.96426773071289],[13.354706764221191,38.157840728759766],[13.119925498962402,38.157840728759766],[13.040358543395996,38.028785705566406],[12.649824142456055,38.09331130981445],[12.49189567565918,37.89975357055664],[12.490468978881836,37.706241607666016],[13.192005157470703,37.5772590637207],[13.578389167785645,37.254878997802734],[14.27791690826416,37.12596130371094],[14.661029815673828,36.73930740356445],[15.049844741821289,36.73930740356445],[15.210210800170898,36.9970588684082],[15.213889122009277,37.1904182434082],[15.059245109558105,37.254878997802734],[15.064054489135742,37.51277160644531],[15.065269470214844,37.5772590637207],[15.389483451843262,38.157840728759766],[15.62426471710205,38.157840728759766],[15.6271390914917,38.28691864013672]]],[[[1.430543661117554,38.80344009399414],[1.657540321350098,38.997230529785156],[1.651834011077881,39.1264533996582],[1.337347388267517,39.1264533996582],[1.258725643157959,39.1264533996582],[1.183109045028687,39.06184005737305],[1.273545265197754,38.80344009399414],[1.430543661117554,38.80344009399414]]],[[[3.515789270401001,39.77294921875],[3.197866439819336,39.8376350402832],[3.19298791885376,39.9670295715332],[2.956136703491211,39.9670295715332],[2.877186298370361,39.9670295715332],[2.338095426559448,39.64360046386719],[2.346148252487183,39.449623107910156],[2.658556938171387,39.51427459716797],[2.82365870475769,39.320335388183594],[3.295835733413696,39.320335388183594],[3.515789270401001,39.77294921875]]],[[[3.826826572418213,39.90232849121094],[4.302449703216553,39.8376350402832],[4.215116024017334,40.0964469909668],[3.820104122161865,40.0964469909668],[3.741101741790771,40.0964469909668],[3.826826572418213,39.90232849121094]]],[[[9.665326118469238,40.29063034057617],[9.823226928710938,40.355369567871094],[9.821690559387207,40.74397277832031],[9.50210952758789,41.19768524169922],[9.10431957244873,41.26253128051758],[9.024832725524902,41.26253128051758],[8.552037239074707,40.873565673828125],[8.154606819152832,40.93837356567383],[8.159523010253906,40.54964065551758],[8.318660736083984,40.4848747253418],[8.32094955444336,40.29063034057617],[8.400031089782715,40.29063034057617],[8.324762344360352,39.9670295715332],[8.48337459564209,39.90232849121094],[8.40887451171875,39.51427459716797],[8.330102920532227,39.51427459716797],[8.333152770996094,39.25570297241211],[8.411824226379395,39.25570297241211],[8.336196899414062,38.997230529785156],[8.730334281921387,38.8680305480957],[8.96590518951416,38.8680305480957],[9.120378494262695,39.19107437133789],[9.592622756958008,39.1264533996582],[9.668553352355957,39.64360046386719],[9.74737548828125,39.64360046386719],[9.665326118469238,40.29063034057617]]],[[[-1.828825831413269,41.911441802978516],[-1.820028781890869,41.781593322753906],[-1.979450225830078,41.781593322753906],[-1.8821781873703,41.521995544433594],[-2.116528034210205,41.45711898803711],[-2.098877191543579,41.19768524169922],[-1.513591289520264,40.74397277832031],[-1.726450324058533,40.355369567871094],[-1.15704333782196,40.0964469909668],[-1.145419836044312,39.90232849121094],[-1.370439767837524,39.70827102661133],[-1.354927182197571,39.449623107910156],[-1.114913702011108,39.38497543334961],[-1.099924325942993,39.1264533996582],[-1.096204280853271,39.06184005737305],[-0.436175793409348,38.48057174682617],[-0.357796877622604,38.48057174682617],[0.099359586834908,38.738853454589844],[-0.313707679510117,39.1264533996582],[-0.345421016216278,39.70827102661133],[-0.126465529203415,40.031734466552734],[0.182543575763702,40.16116714477539],[0.247769102454185,40.42012023925781],[0.709256291389465,40.6791877746582],[0.695793092250824,40.93837356567383],[1.238392949104309,41.19768524169922],[2.106574535369873,41.32738494873047],[2.333626985549927,41.586883544921875],[2.572504997253418,41.586883544921875],[3.116764783859253,41.911441802978516],[3.178062200546265,42.36617660522461],[3.009923458099365,42.56119155883789],[2.990521192550659,43.016544342041016],[2.829993724822998,43.016544342041016],[2.749729871749878,43.016544342041016],[2.517835140228271,42.82133865356445],[1.80907130241394,42.56119155883789],[1.575427651405334,42.43117141723633],[1.488844156265259,42.56119155883789],[1.485537886619568,42.62621307373047],[1.074691534042358,42.82133865356445],[0.994516909122467,42.82133865356445],[0.040142297744751,42.691246032714844],[-0.938149929046631,42.95146560668945],[-1.005598902702332,42.75628662109375],[-1.460152745246887,42.36617660522461],[-1.429987907409668,41.911441802978516],[-1.828825831413269,41.911441802978516]]]]},"properties":{"Name":"Crown of Aragon","FromYear":1497,"ToYear":1501,"Area":156544.94502301922,"Type":"POLITY","Wikipedia":"Crown of Aragon","Wikidata":"Q204920","SeshatID":"es_aragon_crown","Components":"","MemberOf":""}},
{"type":"Feature","geometry":{"type":"Polygon","coordinates":[[[19.819725036621094,54.47740173339844],[19.808900833129883,54.341712951660156],[20.14447593688965,54.20612335205078],[20.49656105041504,54.27390670776367],[20.75055503845215,54.20612335205078],[20.825302124023438,54.07062530517578],[20.273035049438477,53.664710998535156],[20.100629806518555,53.664710998535156],[19.8579044342041,53.86756134033203],[19.873947143554688,54.07062530517578],[19.45181655883789,54.20612335205078],[19.268539428710938,54.07062530517578],[19.253494262695312,53.86756134033203],[18.979990005493164,53.664710998535156],[18.80758285522461,53.664710998535156],[18.7028751373291,53.39456558227539],[19.214111328125,53.32708740234375],[19.309919357299805,53.462066650390625],[19.740234375,53.462066650390625],[19.72993278503418,53.32708740234375],[19.972116470336914,53.124786376953125],[20.395845413208008,53.057395935058594],[20.66997718811035,53.25962829589844],[20.927749633789062,53.25962829589844],[21.28936767578125,53.462066650390625],[22.42144775390625,53.597137451171875],[22.548198699951172,54.00291442871094],[22.461759567260742,54.00291442871094],[22.482206344604492,54.20612335205078],[22.66232681274414,54.27390670776367],[22.69742774963379,54.613189697265625],[22.704511642456055,54.681121826171875],[22.812959671020508,54.88506317138672],[22.573020935058594,55.089229583740234],[22.398584365844727,55.089229583740234],[22.412668228149414,55.225467681884766],[21.640066146850586,55.36180877685547],[21.235198974609375,55.70311737060547],[21.248220443725586,55.83982467651367],[20.991283416748047,55.90821838378906],[20.98489761352539,55.83982467651367],[20.96585464477539,55.63479995727539],[21.202974319458008,55.36180877685547],[20.990678787231445,54.95309066772461],[20.72932243347168,54.95309066772461],[20.654220581054688,55.089229583740234],[19.950855255126953,55.021148681640625],[19.83608627319336,54.681121826171875],[20.004362106323242,54.613189697265625],[19.82516098022461,54.545284271240234],[19.819725036621094,54.47740173339844]]]},"properties":{"Name":"Teutonic Order","FromYear":1497,"ToYear":1520,"Area":38518.13257865235,"Type":"POLITY","Wikipedia":"Teutonic Order","Wikidata":"Q48189","SeshatID":"","Components":"","MemberOf":""}},
{"type":"Feature","geometry":{"type":"MultiPolygon","coordinates":[[[[8.429792404174805,44.5159797668457],[8.347931861877441,44.58129119873047],[8.02495288848877,44.5159797668457],[7.941880702972412,44.64661407470703],[7.942935943603516,44.58129119873047],[7.888964677746353,44.58129119873047],[7.861936569213867,44.58129119873047],[7.862477749640862,44.54859406563622],[7.863017559051514,44.5159797668457],[7.864093780517578,44.45067596435547],[7.783157348632812,44.45067596435547],[7.782050132751465,44.5159797668457],[7.768521461918579,44.5159797668457],[7.701082229614258,44.5159797668457],[7.62705659866333,44.12431716918945],[7.707837581634521,44.12431716918945],[7.788618564605713,44.12431716918945],[7.869399070739746,44.12431716918945],[7.950180053710938,44.12431716918945],[8.030961036682129,44.12431716918945],[8.152163205391814,44.12431716918945],[8.192523002624512,44.12431716918945],[8.191595077514648,44.18956756591797],[8.272406578063965,44.18956756591797],[8.271687035285549,44.241728319532974],[8.271506309509277,44.25482940673828],[8.291803533811333,44.25482940673828],[8.352349281311035,44.25482940673828],[8.3518255608292,44.29391940091357],[8.35147476196289,44.32010269165039],[8.429792404174805,44.5159797668457]]],[[[6.966631412506104,44.77729415893555],[6.895741939544678,44.32010269165039],[7.221852779388428,44.18956756591797],[7.460638523101807,44.38538360595703],[7.458178520202637,44.5159797668457],[7.456940650939941,44.58129119873047],[7.373385906219482,44.71194839477539],[6.966631412506104,44.77729415893555]]],[[[8.338723182678223,45.23500442504883],[8.257407188415527,45.23500442504883],[8.176091194152832,45.23500442504883],[8.094775199890137,45.23500442504883],[8.013459205627441,45.23500442504883],[7.932143211364746,45.23500442504883],[7.60564136505127,45.300437927246094],[7.529336929321289,45.03877639770508],[7.695308685302734,44.842647552490234],[7.776433944702148,44.842647552490234],[7.857559204101562,44.842647552490234],[7.858661651611328,44.77729415893555],[7.899192379176613,44.77729415893555],[7.939755439758301,44.77729415893555],[8.340606689453125,45.10417556762695],[8.338723182678223,45.23500442504883]]],[[[6.934922218322754,46.1520881652832],[7.016692161560059,46.1520881652832],[7.257669448852539,46.348915100097656],[7.174314022064209,46.414546966552734],[6.931774616241455,46.283294677734375],[6.934922218322754,46.1520881652832]]],[[[8.40185260772705,46.480194091796875],[8.400856018066406,46.54585266113281],[8.399856567382812,46.61152267456055],[8.39885425567627,46.677207946777344],[8.316819190979004,46.677207946777344],[8.317854881286621,46.61152267456055],[8.23585319519043,46.61152267456055],[8.153850555419922,46.61152267456055],[7.501922130584717,46.414546966552734],[7.591682910919189,46.02093505859375],[7.67338752746582,46.02093505859375],[7.674648761749268,45.95537567138672],[7.756319999694824,45.95537567138672],[7.837991714477539,45.95537567138672],[7.919662952423096,45.95537567138672],[8.40185260772705,46.480194091796875]]],[[[6.830254077911377,47.07159423828125],[6.748015880584717,47.07159423828125],[6.665778160095215,47.07159423828125],[6.667511463165283,47.005828857421875],[6.585307121276855,47.005828857421875],[6.5861889852800894,46.97293773930504],[6.587069988250732,46.94007873535156],[6.504899501800537,46.94007873535156],[6.506691455841064,46.87434005737305],[6.588828086853027,46.87434005737305],[6.670964241027832,46.87434005737305],[6.753100872039795,46.87434005737305],[6.754786491394043,46.808616638183594],[7.080090999603271,46.94007873535156],[6.828584671020508,47.13737487792969],[6.830254077911377,47.07159423828125]]],[[[6.983439445495605,47.53233337402344],[6.985063552856445,47.46647262573242],[6.989914417266846,47.26897048950195],[7.174039960261556,47.318332406376236],[7.23542594909668,47.33478927612305],[7.206440033012043,47.40058305257605],[7.156311661674072,47.514367100254006],[7.148396492004395,47.53233337402344],[7.06591796875,47.53233337402344],[6.983439445495605,47.53233337402344]]],[[[7.39728307723999,47.46647262573242],[7.398007307355303,47.43354102151636],[7.398731231689453,47.4006233215332],[7.48114013671875,47.4006233215332],[7.563549518585205,47.4006233215332],[7.56217098236084,47.46647262573242],[7.479726791381836,47.46647262573242],[7.39728307723999,47.46647262573242]]],[[[6.796153545379639,48.38986587524414],[6.709661960601807,48.52202224731445],[6.462518692016602,48.455936431884766],[6.635694026947021,48.191749572753906],[6.797890186309814,48.323814392089844],[6.796153545379639,48.38986587524414]]],[[[5.868803024291992,48.852684020996094],[5.455182075500488,48.786521911621094],[5.379139423370361,48.5881233215332],[5.296092987060547,48.5881233215332],[5.286453723907471,48.852684020996094],[5.127524375915527,48.654239654541016],[4.878275871276855,48.654239654541016],[4.880861282348633,48.5881233215332],[4.883440971374512,48.52202224731445],[4.966451168060303,48.52202224731445],[5.021697924941386,48.52202224731445],[5.049460887908936,48.52202224731445],[5.049963233092711,48.508756046150246],[5.051963329315186,48.455936431884766],[5.134937286376953,48.455936431884766],[5.162502056767151,48.455936431884766],[5.217910766601562,48.455936431884766],[5.2188820736419,48.42947471275199],[5.220335960388184,48.38986587524414],[5.303273677825928,48.38986587524414],[5.386211395263672,48.38986587524414],[5.462185859680176,48.5881233215332],[5.881701946258545,48.455936431884766],[5.787806034088135,48.786521911621094],[5.868803024291992,48.852684020996094]]],[[[6.03309965133667,48.91886520385742],[5.949869632720947,48.91886520385742],[5.868803024291992,48.852684020996094],[5.95305728493278,48.81959566467323],[6.037274360656738,48.786521911621094],[6.03309965133667,48.91886520385742]]],[[[5.36487340927124,48.98506164550781],[5.448140144348145,48.98506164550781],[5.697940349578857,48.98506164550781],[5.607818126678467,49.18375015258789],[5.85359001159668,49.316287994384766],[5.85140323638916,49.38258361816406],[5.685174851001257,49.36047842786613],[5.35286808013916,49.316287994384766],[5.36487340927124,48.98506164550781]]],[[[5.175980091094971,49.58156967163086],[5.165934562683105,49.84712600708008],[4.730775356292725,50.2459831237793],[4.47592830657959,50.312522888183594],[4.406350135803223,49.98000717163086],[4.490188121795654,49.98000717163086],[4.493024826049805,49.91355895996094],[4.53490746876139,49.91355895996094],[4.576823711395264,49.91355895996094],[4.579616546630859,49.84712600708008],[4.582405090332031,49.78071212768555],[4.601894857198655,49.71431350708008],[4.642117318882938,49.57728180262361],[4.679802417755127,49.44889450073242],[4.940790176391602,49.18375015258789],[5.175980091094971,49.58156967163086]]],[[[4.151839256286621,50.04647445678711],[4.142810344696045,50.2459831237793],[3.968613386154175,50.37908172607422],[3.635580539703369,50.312522888183594],[3.729254722595215,50.11296081542969],[3.813170909881592,50.11296081542969],[3.987162351608276,49.98000717163086],[4.151839256286621,50.04647445678711]]],[[[10.134284973144531,42.88639831542969],[10.21481990814209,42.691246032714844],[10.455166816711426,42.691246032714844],[10.45510196685791,42.88639831542969],[10.214488983154297,42.88639831542969],[10.134284973144531,42.88639831542969]]],[[[10.776015281677246,42.95146560668945],[10.85624885559082,42.95146560668945],[11.01634693145752,42.82133865356445],[11.015789985656738,42.62621307373047],[11.175962448120117,42.62621307373047],[11.255500793457031,42.496177673339844],[11.255227088928223,42.43117141723633],[11.335225105285645,42.43117141723633],[11.415224075317383,42.43117141723633],[11.414892196655273,42.36617660522461],[11.494861602783203,42.36617660522461],[11.574831008911133,42.36617660522461],[11.736565589904785,42.62621307373047],[12.0580472946167,42.75628662109375],[11.981149673461914,43.146724700927734],[11.900826454162598,43.146724700927734],[11.659855842590332,43.146724700927734],[11.580705642700195,43.342071533203125],[11.259588241577148,43.472347259521484],[11.018165588378906,43.472347259521484],[10.776567459106445,43.342071533203125],[10.776015281677246,42.95146560668945]]],[[[9.970182418823242,43.99384307861328],[10.050901412963867,43.99384307861328],[10.05069351196289,44.05907440185547],[10.13144302368164,44.05907440185547],[10.131620407104492,43.99384307861328],[10.212339401245117,43.99384307861328],[10.212483406066895,43.92862319946289],[10.696523666381836,43.79821014404297],[10.858479499816895,44.25482940673828],[10.939322471618652,44.25482940673828],[11.02016544342041,44.25482940673828],[11.101008415222168,44.25482940673828],[11.101192474365234,44.32010269165039],[11.182066917419434,44.32010269165039],[11.264820098876953,44.842647552490234],[11.589669227600098,44.908016204833984],[10.696867942810059,45.300437927246094],[10.61540412902832,45.431331634521484],[10.452703475952148,45.36587905883789],[10.453055381774902,45.169586181640625],[10.453472137451172,44.908016204833984],[10.048676490783691,44.64661407470703],[10.13089370727539,44.25482940673828],[9.969700813293457,44.12431716918945],[9.969943046569824,44.05907440185547],[9.970182418823242,43.99384307861328]]],[[[12.238323211669922,44.842647552490234],[12.239523887634277,44.973392486572266],[11.83358097076416,44.973392486572266],[11.751571655273438,44.842647552490234],[11.993412017822266,44.64661407470703],[12.156049728393555,44.71194839477539],[12.156624794006348,44.77729415893555],[12.157197952270508,44.842647552490234],[12.238323211669922,44.842647552490234]]],[[[12.09045124053955,46.677207946777344],[11.515933990478516,46.61152267456055],[11.269417762756348,46.414546966552734],[11.105613708496094,46.414546966552734],[11.187925338745117,46.61152267456055],[10.5320405960083,46.54585266113281],[10.532170295715332,46.480194091796875],[10.503675436234,46.29485845243355],[10.471641786297182,46.08650588989258],[10.451480865478516,45.95537567138672],[10.451627731323242,45.889827728271484],[10.696676254272461,45.693260192871094],[11.022930145263672,45.75876998901367],[11.350288391113281,46.08650588989258],[11.677236557006836,46.08650588989258],[11.841521263122559,46.21768569946289],[11.843135833740234,46.480194091796875],[12.09045124053955,46.677207946777344]]],[[[11.272320747375488,47.53233337402344],[11.27249813079834,47.598209381103516],[11.189985275268555,47.598209381103516],[11.10747241973877,47.598209381103516],[11.024958610534668,47.598209381103516],[11.024916641328776,47.56055918803566],[11.024885177612305,47.53233337402344],[10.94240665435791,47.53233337402344],[11.024742126464844,47.4006233215332],[11.272144317626953,47.46647262573242],[11.272320747375488,47.53233337402344]]],[[[13.177251815795898,48.059749603271484],[12.928975105285645,48.059749603271484],[12.765129089355469,48.191749572753906],[12.762627601623535,47.993770599365234],[12.927179336547852,47.92780685424805],[12.924517631530762,47.730003356933594],[13.087788581848145,47.598209381103516],[12.839411735534668,47.53233337402344],[12.75854206085205,47.664100646972656],[12.510897636413574,47.664100646972656],[12.508110046386719,47.4006233215332],[12.342669486999512,47.33478927612305],[12.177369117736816,47.26897048950195],[12.175729751586914,47.07159423828125],[12.9981107711792,47.07159423828125],[13.08034896850586,47.07159423828125],[13.738253593444824,47.07159423828125],[13.659500122070312,47.26897048950195],[13.41247844696045,47.26897048950195],[13.418926239013672,47.664100646972656],[13.175244331359863,47.92780685424805],[13.177251815795898,48.059749603271484]]],[[[13.847192764282227,48.455936431884766],[13.930166244506836,48.455936431884766],[13.931536674499512,48.52202224731445],[14.014547348022461,48.52202224731445],[14.015960693359375,48.5881233215332],[14.099007606506348,48.5881233215332],[14.100465774536133,48.654239654541016],[13.606999397277832,48.91886520385742],[13.52376937866211,48.91886520385742],[13.525009155273438,48.98506164550781],[13.441741943359375,48.98506164550781],[13.358475685119629,48.98506164550781],[13.356151580810547,48.852684020996094],[13.189766883850098,48.852684020996094],[13.26854419708252,48.5881233215332],[13.76682186126709,48.5881233215332],[13.847192764282227,48.455936431884766]]],[[[7.560789108276367,47.53233337402344],[7.888208866119385,47.664100646972656],[7.803087711334229,47.79592514038086],[7.637851715087891,47.79592514038086],[7.628283500671387,48.257774353027344],[7.709810256958008,48.323814392089844],[7.792711734771729,48.323814392089844],[7.796617031097412,48.1257438659668],[7.959747314453125,48.257774353027344],[8.208345413208008,48.257774353027344],[8.210589408874512,48.1257438659668],[8.293384552001953,48.1257438659668],[8.376178741455078,48.1257438659668],[8.377227783203125,48.059749603271484],[8.45998764038086,48.059749603271484],[8.461000442504883,47.993770599365234],[8.378276824951172,47.993770599365234],[8.295553207397461,47.993770599365234],[8.21282958984375,47.993770599365234],[8.211709976196289,48.059749603271484],[8.210589408874512,48.1257438659668],[8.127795219421387,48.1257438659668],[8.218400955200195,47.664100646972656],[8.467049598693848,47.598209381103516],[8.547621726989746,47.730003356933594],[8.87795352935791,47.730003356933594],[8.957342147827148,47.993770599365234],[9.041593551635742,47.86185836791992],[9.124246597290039,47.86185836791992],[9.122788429260254,47.993770599365234],[9.288235664367676,47.993770599365234],[9.290210723876953,47.79592514038086],[9.043119430541992,47.730003356933594],[9.539721488952637,47.598209381103516],[9.623783111572266,47.4006233215332],[9.789493560791016,47.26897048950195],[9.542471885681152,47.26897048950195],[9.213109016418457,47.26897048950195],[9.380857467651367,46.94007873535156],[8.969225883483887,47.005828857421875],[8.723495483398438,46.94007873535156],[8.725251197814941,46.808616638183594],[8.643148422241211,46.808616638183594],[8.727865219116211,46.61152267456055],[9.055872917175293,46.61152267456055],[9.141342163085938,46.283294677734375],[9.30439281463623,46.348915100097656],[9.303140640258789,46.480194091796875],[10.041536331176758,46.283294677734375],[10.122788429260254,46.414546966552734],[10.040886878967285,46.414546966552734],[10.039896965026855,46.61152267456055],[10.367905616760254,46.61152267456055],[10.44906997680664,46.94007873535156],[10.120388984680176,46.94007873535156],[10.119163513183594,47.20316696166992],[10.200922012329102,47.33478927612305],[10.36567211151123,47.33478927612305],[10.447366714477539,47.598209381103516],[10.61239242553711,47.598209381103516],[10.694778442382812,47.730003356933594],[10.44686222076416,47.79592514038086],[10.52871322631836,48.191749572753906],[10.363642692565918,47.993770599365234],[10.115167617797852,48.059749603271484],[10.197128295898438,48.257774353027344],[10.528592109680176,48.257774353027344],[10.444967269897461,48.5881233215332],[10.2784423828125,48.72037124633789],[10.278019905090332,48.852684020996094],[10.02780818939209,48.98506164550781],[10.027185440063477,49.11750411987305],[10.360239028930664,49.2500114440918],[10.61073112487793,48.91886520385742],[10.943561553955078,48.852684020996094],[11.027008056640625,48.98506164550781],[10.860533714294434,49.051273345947266],[11.277556419372559,49.18375015258789],[11.027566909790039,49.2500114440918],[11.028035163879395,49.44889450073242],[11.278903007507324,49.51522445678711],[11.19636058807373,49.78071212768555],[11.699701309204102,49.91355895996094],[11.869729042053223,50.17946243286133],[12.12159538269043,50.17946243286133],[12.12234115600586,50.2459831237793],[11.955025672912598,50.312522888183594],[11.957799911499023,50.578861236572266],[12.21121883392334,50.64549255371094],[12.212909698486328,50.77880859375],[12.045051574707031,50.84549331665039],[11.95923137664795,50.71213912963867],[11.706402778625488,50.71213912963867],[11.536320686340332,50.51224899291992],[11.2842378616333,50.578861236572266],[11.199701309204102,50.51224899291992],[11.282390594482422,50.2459831237793],[11.114400863647461,50.2459831237793],[11.113865852355957,50.11296081542969],[10.69422435760498,50.04647445678711],[10.35853099822998,50.17946243286133],[10.358152389526367,50.51224899291992],[10.863081932067871,50.51224899291992],[11.032193183898926,50.71213912963867],[11.285423278808594,50.77880859375],[11.118127822875977,51.04566955566406],[10.864909172058105,51.112430572509766],[10.780385971069336,51.112430572509766],[10.695862770080566,51.112430572509766],[10.696009635925293,51.17921447753906],[10.780574798583984,51.17921447753906],[10.86513900756836,51.17921447753906],[10.526949882507324,51.24601745605469],[10.357771873474121,51.112430572509766],[10.61124038696289,51.04566955566406],[10.779684066772461,50.84549331665039],[10.526506423950195,50.64549255371094],[10.35803508758545,50.64549255371094],[10.357894897460938,50.84549331665039],[9.935863494873047,50.912200927734375],[10.019495010375977,51.17921447753906],[10.104059219360352,51.17921447753906],[10.61178970336914,51.37968063354492],[11.119558334350586,51.31283950805664],[11.119930267333984,51.37968063354492],[11.204620361328125,51.37968063354492],[11.205038704846285,51.44648980751097],[11.205039024353027,51.44654083251953],[11.205464363098145,51.51342010498047],[10.866110801696777,51.44654083251953],[10.86689281463623,51.64724349975586],[11.37657642364502,51.71418380737305],[11.460345268249512,51.580322265625],[11.544562339782715,51.51342010498047],[11.373502731323242,51.31283950805664],[11.881390571594238,51.31283950805664],[12.051520347595215,51.37968063354492],[11.969246864318848,51.580322265625],[12.308514595031738,51.580322265625],[12.310501098632812,51.71418380737305],[12.395403861999512,51.71418380737305],[12.397505760192871,51.84812545776367],[12.228504180908203,51.91512680053711],[12.146309852600098,52.11625671386719],[12.402885437011719,52.18334197998047],[12.4050874710083,52.31757736206055],[12.578080177307129,52.4518928527832],[12.325196266174316,52.653533935546875],[12.32740306854248,52.78806686401367],[11.896748542785645,52.586299896240234],[11.127049446105957,52.51908493041992],[11.0437593460083,52.85536575317383],[11.216666221618652,53.057395935058594],[11.388239860534668,53.057395935058594],[11.38951587677002,53.192195892333984],[11.217759132385254,53.192195892333984],[11.132898330688477,53.32708740234375],[11.306057929992676,53.462066650390625],[11.563496589660645,53.39456558227539],[11.738075256347656,53.597137451171875],[11.910387992858887,53.597137451171875],[12.16561222076416,53.39456558227539],[13.196187019348145,53.32708740234375],[13.54919719696045,53.664710998535156],[13.89604663848877,53.732303619384766],[14.316027641296387,53.39456558227539],[14.22566032409668,53.25962829589844],[14.476561546325684,53.057395935058594],[14.6481351852417,53.057395935058594],[14.82464599609375,53.192195892333984],[15.25675106048584,53.25962829589844],[15.439932823181152,53.52959060668945],[15.78133487701416,53.462066650390625],[15.704273223876953,53.664710998535156],[15.793546676635742,53.732303619384766],[16.04908561706543,53.664710998535156],[15.982036590576172,54.07062530517578],[16.411012649536133,54.00291442871094],[16.314411163330078,53.799922943115234],[16.400707244873047,53.799922943115234],[16.65959930419922,53.799922943115234],[16.821292877197266,53.597137451171875],[17.079761505126953,53.597137451171875],[17.18896484375,54.00291442871094],[17.62116241455078,54.00291442871094],[17.641929626464844,54.341712951660156],[17.910659790039062,54.47740173339844],[18.024137496948242,54.88506317138672],[17.93706703186035,54.88506317138672],[16.619972229003906,54.681121826171875],[15.991765975952148,54.27390670776367],[15.036103248596191,54.20612335205078],[14.50934886932373,54.00291442871094],[14.499796867370605,53.732303619384766],[13.98438835144043,53.799922943115234],[14.159177780151367,53.86756134033203],[14.165812492370605,54.07062530517578],[13.304450988769531,54.20612335205078],[13.739368438720703,54.27390670776367],[13.662626266479492,54.613189697265625],[13.405717849731445,54.74907684326172],[13.14309310913086,54.681121826171875],[13.05121898651123,54.47740173339844],[12.4437894821167,54.47740173339844],[12.093385696411133,54.27390670776367],[11.398930549621582,54.138362884521484],[11.397537231445312,54.00291442871094],[10.878901481628418,54.00291442871094],[10.792462348937988,54.00291442871094],[10.5331449508667,54.00291442871094],[10.360026359558105,53.86756134033203],[10.359683990478516,53.664710998535156],[10.014796257019043,53.732303619384766],[9.928793907165527,53.597137451171875],[9.584169387817383,53.597137451171875],[9.237549781799316,53.86756134033203],[8.892172813415527,53.86756134033203],[8.805828094482422,53.86756134033203],[8.459527015686035,53.93522644042969],[8.37701416015625,53.664710998535156],[8.204607963562012,53.664710998535156],[8.120620727539062,53.52959060668945],[7.94840145111084,53.52959060668945],[8.032201766967773,53.664710998535156],[7.944795608520508,53.732303619384766],[7.082295417785645,53.732303619384766],[6.913325786590576,53.597137451171875],[6.916844367980957,53.462066650390625],[6.226210117340088,53.52959060668945],[5.542333602905273,53.39456558227539],[5.20894193649292,53.124786376953125],[5.385728359222412,52.99003219604492],[5.390830039978027,52.85536575317383],[5.053669929504395,52.720787048339844],[5.056382656097412,52.653533935546875],[5.06179141998291,52.51908493041992],[4.890939235687256,52.51908493041992],[4.896504402160645,52.38472366333008],[5.069864749908447,52.31757736206055],[4.995438575744629,52.0491943359375],[5.250792980194092,52.0491943359375],[5.176112651824951,51.78114318847656],[5.605600833892822,51.64724349975586],[5.779896259307861,51.51342010498047],[5.784458637237549,51.37968063354492],[5.283889770507812,51.17921447753906],[5.217134952545166,50.71213912963867],[5.048582077026367,50.71213912963867],[5.058992385864258,50.445655822753906],[5.232241630554199,50.312522888183594],[5.479565620422363,50.445655822753906],[5.902330875396729,50.37908172607422],[5.727356910705566,50.578861236572266],[5.711322784423828,51.04566955566406],[5.880285263061523,51.04566955566406],[5.973455429077148,50.77880859375],[6.057772636413574,50.77880859375],[6.068368434906006,50.445655822753906],[6.402873992919922,50.51224899291992],[6.07469654083252,50.2459831237793],[6.582399845123291,50.11296081542969],[6.586127281188965,49.98000717163086],[6.340545177459717,49.78071212768555],[6.346458435058594,49.58156967163086],[7.015303134918213,49.58156967163086],[7.600542545318604,49.58156967163086],[7.509773254394531,49.91355895996094],[7.761168956756592,49.91355895996094],[7.848801136016846,49.71431350708008],[8.267212867736816,49.71431350708008],[8.355094909667969,49.44889450073242],[8.605683326721191,49.44889450073242],[8.774468421936035,49.316287994384766],[8.2748384475708,49.2500114440918],[8.112674713134766,48.98506164550781],[8.11384105682373,48.91886520385742],[8.030611038208008,48.91886520385742],[8.029407501220703,48.98506164550781],[7.690926074981689,49.2500114440918],[7.688215255737305,49.38258361816406],[7.357261657714844,49.2500114440918],[7.10215425491333,49.44889450073242],[6.851565837860107,49.44889450073242],[6.855033874511719,49.316287994384766],[6.688126564025879,49.316287994384766],[6.526859283447266,49.11750411987305],[6.360177040100098,49.11750411987305],[6.356269359588623,49.2500114440918],[6.272853374481201,49.2500114440918],[6.189437389373779,49.2500114440918],[6.189843514788912,49.23675441151327],[6.19146728515625,49.18375015258789],[6.108088970184326,49.18375015258789],[6.024710655212402,49.18375015258789],[5.94133186340332,49.18375015258789],[5.864473819732666,48.98506164550781],[6.03309965133667,48.91886520385742],[6.451152324676514,48.852684020996094],[6.371833801269531,48.72037124633789],[6.872262954711914,48.654239654541016],[6.875682353973389,48.52202224731445],[7.041702270507812,48.52202224731445],[7.046595573425293,48.323814392089844],[7.129497528076172,48.323814392089844],[7.056310653686523,47.92780685424805],[7.218601703643799,48.059749603271484],[7.466878890991211,48.059749603271484],[7.559404373168945,47.598209381103516],[7.560789108276367,47.53233337402344]],[[10.113962173461914,48.323814392089844],[10.113664627075195,48.38986587524414],[10.11336898803711,48.455936431884766],[10.196342468261719,48.455936431884766],[10.196602821350098,48.38986587524414],[10.279540061950684,48.38986587524414],[10.279766082763672,48.323814392089844],[10.196864128112793,48.323814392089844],[10.113962173461914,48.323814392089844]],[[9.451920509338379,48.191749572753906],[9.449578285217285,48.455936431884766],[9.532551765441895,48.455936431884766],[9.615525245666504,48.455936431884766],[9.947421073913574,48.455936431884766],[10.03139591217041,48.257774353027344],[9.782355308532715,48.323814392089844],[9.451920509338379,48.191749572753906]],[[9.45427131652832,47.92780685424805],[9.536406517028809,47.993770599365234],[9.537511825561523,47.86185836791992],[9.371582984924316,47.92780685424805],[9.45427131652832,47.92780685424805]],[[9.36660385131836,48.455936431884766],[9.368468284606934,48.257774353027344],[9.202736854553223,48.257774353027344],[9.202042579650879,48.323814392089844],[9.36660385131836,48.455936431884766]],[[8.538827896118164,48.323814392089844],[8.7875337600708,48.323814392089844],[8.706449508666992,48.191749572753906],[8.539809226989746,48.257774353027344],[8.538827896118164,48.323814392089844]],[[8.954939842224121,48.191749572753906],[8.872109413146973,48.191749572753906],[8.871273040771484,48.257774353027344],[8.87043571472168,48.323814392089844],[8.953337669372559,48.323814392089844],[8.95413875579834,48.257774353027344],[9.037004470825195,48.257774353027344],[9.03777027130127,48.191749572753906],[8.954939842224121,48.191749572753906]],[[8.709171295166016,47.993770599365234],[8.710076332092285,47.92780685424805],[8.793634414672852,47.86185836791992],[8.628328323364258,47.86185836791992],[8.626447677612305,47.993770599365234],[8.709171295166016,47.993770599365234]],[[8.61889362335205,48.52202224731445],[8.53490161895752,48.5881233215332],[8.6170015335083,48.654239654541016],[8.701903343200684,48.52202224731445],[8.61889362335205,48.52202224731445]],[[8.291211128234863,48.257774353027344],[8.206095695495605,48.38986587524414],[8.454909324645996,48.38986587524414],[8.290122985839844,48.323814392089844],[8.291211128234863,48.257774353027344]],[[8.452873229980469,48.52202224731445],[8.370917320251465,48.455936431884766],[8.285761833190918,48.5881233215332],[8.451854705810547,48.5881233215332],[8.452873229980469,48.52202224731445]],[[6.858495712280273,49.18375015258789],[7.526952266693115,49.11750411987305],[7.529807567596436,48.98506164550781],[7.364774227142334,48.91886520385742],[7.196740627288818,48.98506164550781],[7.113473892211914,48.98506164550781],[6.861949920654297,49.051273345947266],[6.858495712280273,49.18375015258789]],[[7.031855583190918,48.91886520385742],[6.951990127563477,48.786521911621094],[6.617537975311279,48.852684020996094],[6.613873958587646,48.98506164550781],[6.780407428741455,48.98506164550781],[6.863674163818359,48.98506164550781],[7.031855583190918,48.91886520385742]]],[[[12.806585311889648,50.97892379760742],[12.722145080566406,50.97892379760742],[12.552227973937988,50.912200927734375],[12.550177574157715,50.77880859375],[12.63449478149414,50.77880859375],[12.632396697998047,50.64549255371094],[12.773716693084129,50.701026902979905],[12.801994323730469,50.71213912963867],[12.717718124389648,50.71213912963867],[12.718811988830566,50.77880859375],[12.739926026413464,50.77880859375],[12.803128242492676,50.77880859375],[12.804271697998047,50.84549331665039],[12.805423736572266,50.912200927734375],[12.806585311889648,50.97892379760742]]],[[[11.963705062866211,51.112430572509766],[11.96294116973877,51.04566955566406],[12.216384887695312,51.04566955566406],[12.219982147216797,51.31283950805664],[12.050686836242676,51.31283950805664],[11.879181861877441,51.112430572509766],[11.963705062866211,51.112430572509766]]],[[[14.334224700927734,51.24601745605469],[14.336182594299316,51.31283950805664],[14.251534461975098,51.31283950805664],[14.253460884094238,51.37968063354492],[14.25539779663086,51.44654083251953],[14.257346153259277,51.51342010498047],[14.259305000305176,51.580322265625],[14.08967113494873,51.580322265625],[13.914700508117676,51.37968063354492],[14.08223819732666,51.31283950805664],[14.078585624694824,51.17921447753906],[13.994020462036133,51.17921447753906],[14.161297798156738,51.112430572509766],[14.334224700927734,51.24601745605469]]],[[[12.899682998657227,51.44654083251953],[12.814950942993164,51.44654083251953],[12.730218887329102,51.44654083251953],[12.644350051879883,51.37968063354492],[12.728649964195576,51.35739289639821],[12.89716625213623,51.31283950805664],[12.899682998657227,51.44654083251953]]]]},"properties":{"Name":"Holy Roman Empire Minor States","FromYear":1497,"ToYear":1501,"Area":344262.80320255447,"Type":"POLITY","Wikipedia":"Holy Roman Empire","Wikidata":"Q12548","SeshatID":"de_empire_minor_1","Components":"","MemberOf":"(Holy Roman Empire)"}},
{"type":"Feature","geometry":{"type":"Polygon","coordinates":[[[15.6271390914917,38.28691864013672],[15.698192596435547,37.96426773071289],[15.932764053344727,37.96426773071289],[16.491945266723633,38.416015625],[16.502395629882812,38.80344009399414],[17.138301849365234,39.06184005737305],[17.069679260253906,39.38497543334961],[16.916194915771484,39.51427459716797],[16.44725799560547,39.64360046386719],[16.45665168762207,39.9670295715332],[16.697484970092773,40.0964469909668],[16.624452590942383,40.29063034057617],[16.861696243286133,40.29063034057617],[16.945016860961914,40.42012023925781],[16.867990493774414,40.4848747253418],[17.02848243713379,40.54964065551758],[17.345230102539062,40.54964065551758],[17.41753578186035,40.355369567871094],[17.813072204589844,40.355369567871094],[18.11216926574707,39.90232849121094],[18.34894371032715,39.90232849121094],[18.43811798095703,40.16116714477539],[17.981229782104492,40.614410400390625],[17.510658264160156,40.74397277832031],[17.20269203186035,41.00318908691406],[15.943941116333008,41.39224624633789],[15.87384033203125,41.71668243408203],[16.114879608154297,41.781593322753906],[16.11888313293457,41.911441802978516],[15.720044136047363,41.911441802978516],[15.640276908874512,41.911441802978516],[15.241438865661621,41.911441802978516],[15.165011405944824,42.041324615478516],[14.9239501953125,41.97637939453125],[14.765887260437012,42.041324615478516],[14.768959999084473,42.17123794555664],[14.607714653015137,42.10627746582031],[14.530768394470215,42.236209869384766],[14.370945930480957,42.236209869384766],[13.901384353637695,42.75628662109375],[13.98537540435791,42.95146560668945],[13.90514087677002,42.95146560668945],[13.583069801330566,42.88639831542969],[13.339327812194824,42.691246032714844],[13.098980903625488,42.691246032714844],[12.856051445007324,42.496177673339844],[13.00974178314209,42.041324615478516],[13.328027725219727,41.97637939453125],[13.40574836730957,41.84651184082031],[13.804443359375,41.84651184082031],[13.96146297454834,41.71668243408203],[14.03740406036377,41.521995544433594],[13.792884826660156,41.19768524169922],[13.791753768920898,41.132843017578125],[13.950616836547852,41.132843017578125],[14.104567527770996,40.873565673828125],[14.421854972839355,40.873565673828125],[14.417906761169434,40.6791877746582],[14.893351554870605,40.6791877746582],[15.041359901428223,40.225894927978516],[15.199469566345215,40.225894927978516],[15.431868553161621,40.031734466552734],[15.747773170471191,40.031734466552734],[15.665508270263672,39.90232849121094],[15.898874282836914,39.77294921875],[16.116540908813477,39.06184005737305],[16.270299911499023,38.93262481689453],[16.265209197998047,38.738853454589844],[15.949724197387695,38.67427444458008],[15.941911697387695,38.351463317871094],[15.6271390914917,38.28691864013672]]]},"properties":{"Name":"Kingdom of Naples","FromYear":1497,"ToYear":1501,"Area":68688.52360996425,"Type":"POLITY","Wikipedia":"Kingdom of Naples","Wikidata":"Q173065","SeshatID":"","Components":"","MemberOf":""}},
{"type":"Feature","geometry":{"type":"MultiPolygon","coordinates":[[[[5.818123817443848,47.86185836791992],[5.900776863098145,47.86185836791992],[5.9834303855896,47.86185836791992],[5.981363296508789,47.92780685424805],[6.064051628112793,47.92780685424805],[6.146739959716797,47.92780685424805],[6.144739151000977,47.993770599365234],[6.227462768554688,47.993770599365234],[6.890934467315674,47.92780685424805],[6.973622798919678,47.92780685424805],[7.056310653686523,47.92780685424805],[7.129497528076172,48.323814392089844],[7.046595573425293,48.323814392089844],[7.041702270507812,48.52202224731445],[6.875682353973389,48.52202224731445],[6.872262954711914,48.654239654541016],[6.371833801269531,48.72037124633789],[6.451152324676514,48.852684020996094],[6.03309965133667,48.91886520385742],[6.035188674926758,48.852684020996094],[6.037274360656738,48.786521911621094],[5.954118251800537,48.786521911621094],[5.95305728493278,48.81959566467323],[5.951995849609375,48.852684020996094],[5.868803024291992,48.852684020996094],[5.787806034088135,48.786521911621094],[5.881701946258545,48.455936431884766],[5.462185859680176,48.5881233215332],[5.386211395263672,48.38986587524414],[5.480661869049072,48.059749603271484],[5.646180152893066,48.059749603271484],[5.818123817443848,47.86185836791992]],[[6.796153545379639,48.38986587524414],[6.797890186309814,48.323814392089844],[6.635694026947021,48.191749572753906],[6.462518692016602,48.455936431884766],[6.709661960601807,48.52202224731445],[6.796153545379639,48.38986587524414]]],[[[7.031855583190918,48.91886520385742],[6.863674163818359,48.98506164550781],[6.780407428741455,48.98506164550781],[6.613873958587646,48.98506164550781],[6.617537975311279,48.852684020996094],[6.951990127563477,48.786521911621094],[7.031855583190918,48.91886520385742]]],[[[6.858495712280273,49.18375015258789],[6.861949920654297,49.051273345947266],[7.113473892211914,48.98506164550781],[7.196740627288818,48.98506164550781],[7.364774227142334,48.91886520385742],[7.529807567596436,48.98506164550781],[7.526952266693115,49.11750411987305],[6.858495712280273,49.18375015258789]]],[[[5.175980091094971,49.58156967163086],[4.940790176391602,49.18375015258789],[5.029265403747559,49.051273345947266],[4.865273475646973,48.98506164550781],[4.878275871276855,48.654239654541016],[5.127524375915527,48.654239654541016],[5.286453723907471,48.852684020996094],[5.296092987060547,48.5881233215332],[5.379139423370361,48.5881233215332],[5.455182075500488,48.786521911621094],[5.868803024291992,48.852684020996094],[5.866640090942383,48.91886520385742],[5.949869632720947,48.91886520385742],[6.03309965133667,48.91886520385742],[5.864473819732666,48.98506164550781],[5.94133186340332,49.18375015258789],[5.857953548431396,49.18375015258789],[5.855773448944092,49.2500114440918],[5.85359001159668,49.316287994384766],[5.607818126678467,49.18375015258789],[5.697940349578857,48.98506164550781],[5.448140144348145,48.98506164550781],[5.36487340927124,48.98506164550781],[5.259585380554199,49.58156967163086],[5.175980091094971,49.58156967163086]]],[[[6.356269359588623,49.2500114440918],[6.360177040100098,49.11750411987305],[6.526859283447266,49.11750411987305],[6.688126564025879,49.316287994384766],[6.855033874511719,49.316287994384766],[6.851565837860107,49.44889450073242],[7.10215425491333,49.44889450073242],[7.100532054901123,49.51522445678711],[7.016964435577393,49.51522445678711],[7.015303134918213,49.58156967163086],[6.346458435058594,49.58156967163086],[6.264857769012451,49.51522445678711],[6.356269359588623,49.2500114440918]]],[[[5.85359001159668,49.316287994384766],[5.9370436668396,49.316287994384766],[5.934895730439874,49.382562271687625],[5.934895038604736,49.38258361816406],[5.9349219184374205,49.38258361816406],[6.018386363983154,49.38258361816406],[6.01627254486084,49.44889450073242],[6.014155387878418,49.51522445678711],[5.677613735198975,49.58156967163086],[5.596318244934082,49.51522445678711],[5.684420585632324,49.38258361816406],[5.767911911010742,49.38258361816406],[5.85140323638916,49.38258361816406],[5.85359001159668,49.316287994384766]]]]},"properties":{"Name":"Duchy of Lorraine","FromYear":1497,"ToYear":1501,"Area":17186.359382150273,"Type":"POLITY","Wikipedia":"Duchy of Lorraine","Wikidata":"Q155019","SeshatID":"","Components":"","MemberOf":""}},
{"type":"Feature","geometry":{"type":"Polygon","coordinates":[[[4.402639865875244,46.08650588989258],[4.326115131378174,45.95537567138672],[4.081100463867188,45.95537567138672],[3.985684394836426,46.283294677734375],[3.728644609451294,46.54585266113281],[3.069725751876831,46.61152267456055],[2.895960330963135,46.808616638183594],[2.403344392776489,46.808616638183594],[2.345533847808838,46.348915100097656],[1.515491604804993,46.54585266113281],[0.941711187362671,46.54585266113281],[0.953762292861938,46.348915100097656],[1.207152485847473,46.21768569946289],[1.214894890785217,46.08650588989258],[0.973637998104095,46.02093505859375],[0.903831779956818,45.82429504394531],[2.056761503219604,45.62776184082031],[2.392765998840332,45.431331634521484],[2.402650356292725,45.23500442504883],[2.168789625167847,45.03877639770508],[2.101012229919434,44.77729415893555],[2.276238918304443,44.5159797668457],[2.515990495681763,44.58129119873047],[2.584417343139648,44.842647552490234],[2.746667861938477,44.842647552490234],[2.917982816696167,44.64661407470703],[3.158156394958496,44.71194839477539],[3.230506658554077,44.908016204833984],[3.473977327346802,44.908016204833984],[3.56069803237915,44.77729415893555],[3.966166257858276,44.77729415893555],[3.96091890335083,44.908016204833984],[4.123232841491699,44.908016204833984],[4.356745719909668,45.169586181640625],[4.524181365966797,45.03877639770508],[4.846760749816895,45.10417556762695],[4.839807033538818,45.300437927246094],[4.593333721160889,45.36587905883789],[4.58107328414917,45.693260192871094],[5.070321559906006,45.693260192871094],[5.068041324615479,45.75876998901367],[5.065754413604736,45.82429504394531],[5.063460350036621,45.889827728271484],[4.981821060180664,45.889827728271484],[4.979487419128418,45.95537567138672],[4.897816181182861,45.95537567138672],[4.402639865875244,46.08650588989258]]]},"properties":{"Name":"House of Bourbon","FromYear":1497,"ToYear":1518,"Area":43425.58552003659,"Type":"POLITY","Wikipedia":"House of Bourbon","Wikidata":"Q58389","SeshatID":"fr_valois_k_2","Components":"","MemberOf":"(Kingdom of France)"}},
{"type":"Feature","geometry":{"type":"MultiPolygon","coordinates":[[[[-1.767988562583923,43.342071533203125],[-1.772614240646362,43.407203674316406],[-1.853058218955994,43.407203674316406],[-1.848402380943298,43.342071533203125],[-1.767988562583923,43.342071533203125]]],[[[7.783157348632812,44.45067596435547],[7.862477749640862,44.54859406563622],[7.888964677746353,44.58129119873047],[7.941880702972412,44.64661407470703],[7.940820693969727,44.71194839477539],[7.899192379176613,44.77729415893555],[7.857559204101562,44.842647552490234],[7.776433944702148,44.842647552490234],[7.695308685302734,44.842647552490234],[7.768521461918579,44.5159797668457],[7.783157348632812,44.45067596435547]]],[[[4.490188121795654,49.98000717163086],[4.406350135803223,49.98000717163086],[4.322512626647949,49.98000717163086],[4.238675117492676,49.98000717163086],[4.154837608337402,49.98000717163086],[4.151839256286621,50.04647445678711],[3.987162351608276,49.98000717163086],[3.813170909881592,50.11296081542969],[3.729254722595215,50.11296081542969],[3.145318269729614,50.04647445678711],[1.95488452911377,50.312522888183594],[1.854379415512085,50.578861236572266],[2.018708944320679,50.64549255371094],[2.010558843612671,50.77880859375],[1.926241993904114,50.77880859375],[1.841925024986267,50.77880859375],[1.685989022254944,50.578861236572266],[1.433403611183167,50.578861236572266],[1.437737107276917,50.51224899291992],[1.454967975616455,50.2459831237793],[1.216153383255005,50.04647445678711],[0.224112883210182,49.84712600708008],[-0.012448177672923,49.64793395996094],[0.007001183927059,49.38258361816406],[-1.250783205032349,49.44889450073242],[-1.361783027648926,49.78071212768555],[-2.031550645828247,49.78071212768555],[-1.913302421569824,49.38258361816406],[-1.651668906211853,49.2500114440918],[-1.635041356086731,49.051273345947266],[-1.718345284461975,49.051273345947266],[-1.602181315422058,48.654239654541016],[-2.521934509277344,48.72037124633789],[-2.759404182434082,48.5881233215332],[-3.122164011001587,48.91886520385742],[-3.455082654953003,48.91886520385742],[-3.85184383392334,48.72037124633789],[-4.599917888641357,48.72037124633789],[-4.911745548248291,48.52202224731445],[-4.891265392303467,48.323814392089844],[-4.642560005187988,48.323814392089844],[-4.546383857727051,48.191749572753906],[-4.705362796783447,48.1257438659668],[-4.692053318023682,47.993770599365234],[-4.424368858337402,47.79592514038086],[-3.934937715530396,47.86185836791992],[-3.757235288619995,47.730003356933594],[-3.344320774078369,47.730003356933594],[-3.155531167984009,47.46647262573242],[-2.837259292602539,47.598209381103516],[-2.825755596160889,47.46647262573242],[-2.578423976898193,47.46647262573242],[-2.561590671539307,47.26897048950195],[-2.232228517532349,47.26897048950195],[-2.139080047607422,47.13737487792969],[-2.194406032562256,46.808616638183594],[-2.024919986724854,46.74290466308594],[-2.014399528503418,46.61152267456055],[-1.666043281555176,46.348915100097656],[-1.251809358596802,46.283294677734375],[-1.222735166549683,45.889827728271484],[-1.141096234321594,45.889827728271484],[-1.213142395019531,45.75876998901367],[-1.045281529426575,45.693260192871094],[-1.031213998794556,45.496795654296875],[-1.189373373985291,45.431331634521484],[-1.170574903488159,45.169586181640625],[-1.251859068870544,45.169586181640625],[-1.205376982688904,44.5159797668457],[-1.286344885826111,44.5159797668457],[-1.267958283424377,44.25482940673828],[-1.348801136016846,44.25482940673828],[-1.321390628814697,43.86341094970703],[-1.402047991752625,43.86341094970703],[-1.459883332252502,43.53750228881836],[-1.692170143127441,43.407203674316406],[-1.687574744224548,43.342071533203125],[-1.12030565738678,43.276947021484375],[-0.892034471035004,43.472347259521484],[-0.493827253580093,43.53750228881836],[-0.248239919543266,43.472347259521484],[-0.071348160505295,43.211830139160156],[0.089359037578106,43.211830139160156],[0.081529356539249,43.342071533203125],[0.403184652328491,43.342071533203125],[0.476028978824615,43.472347259521484],[0.717451930046082,43.472347259521484],[0.867425560951233,43.6678352355957],[1.028556704521179,43.6678352355957],[1.277275562286377,43.53750228881836],[1.304981589317322,43.016544342041016],[1.873243570327759,42.88639831542969],[1.725796341896057,42.62621307373047],[1.72901451587677,42.56119155883789],[1.80907130241394,42.56119155883789],[2.517835140228271,42.82133865356445],[2.749729871749878,43.016544342041016],[2.660674333572388,43.211830139160156],[2.890258550643921,43.472347259521484],[3.131681680679321,43.472347259521484],[3.298082113265991,43.342071533203125],[3.378495931625366,43.342071533203125],[3.850892543792725,43.6026611328125],[4.173032760620117,43.6026611328125],[4.177847862243652,43.472347259521484],[5.063065528869629,43.472347259521484],[5.386905193328857,43.407203674316406],[5.390771865844727,43.276947021484375],[5.631923198699951,43.276947021484375],[5.796233177185059,43.146724700927734],[6.278174877166748,43.146724700927734],[6.517646789550781,43.211830139160156],[6.593565464019775,43.407203674316406],[6.832098007202148,43.53750228881836],[6.91260290145874,43.53750228881836],[6.829278945922852,43.6678352355957],[6.668147563934326,43.6678352355957],[6.660702705383301,43.99384307861328],[6.898605823516846,44.18956756591797],[6.895741939544678,44.32010269165039],[6.966631412506104,44.77729415893555],[6.637507915496826,44.973392486572266],[6.634309768676758,45.10417556762695],[6.309300899505615,45.10417556762695],[6.134057521820068,45.56227111816406],[5.649256229400635,45.431331634521484],[5.478028297424316,45.693260192871094],[5.070321559906006,45.693260192871094],[4.58107328414917,45.693260192871094],[4.593333721160889,45.36587905883789],[4.839807033538818,45.300437927246094],[4.846760749816895,45.10417556762695],[4.524181365966797,45.03877639770508],[4.356745719909668,45.169586181640625],[4.123232841491699,44.908016204833984],[3.96091890335083,44.908016204833984],[3.966166257858276,44.77729415893555],[3.56069803237915,44.77729415893555],[3.473977327346802,44.908016204833984],[3.230506658554077,44.908016204833984],[3.158156394958496,44.71194839477539],[2.917982816696167,44.64661407470703],[2.746667861938477,44.842647552490234],[2.584417343139648,44.842647552490234],[2.515990495681763,44.58129119873047],[2.276238918304443,44.5159797668457],[2.101012229919434,44.77729415893555],[2.019918441772461,44.77729415893555],[1.938824892044067,44.77729415893555],[1.857731223106384,44.77729415893555],[1.776637554168701,44.77729415893555],[1.448663711547852,44.842647552490234],[1.378401041030884,44.64661407470703],[1.065428018569946,44.45067596435547],[-0.071827687323093,44.5159797668457],[-0.17808398604393,44.908016204833984],[0.223605588078499,44.973392486572266],[0.532380819320679,45.23500442504883],[0.524327039718628,45.36587905883789],[0.838072597980499,45.56227111816406],[0.903831779956818,45.82429504394531],[0.973637998104095,46.02093505859375],[1.214894890785217,46.08650588989258],[1.207152485847473,46.21768569946289],[0.953762292861938,46.348915100097656],[0.941711187362671,46.54585266113281],[1.515491604804993,46.54585266113281],[2.345533847808838,46.348915100097656],[2.403344392776489,46.808616638183594],[2.895960330963135,46.808616638183594],[2.704806327819824,47.33478927612305],[2.368207454681396,47.46647262573242],[2.429348230361938,47.86185836791992],[2.763392686843872,47.79592514038086],[3.007919788360596,47.86185836791992],[3.083965539932251,47.993770599365234],[3.583402872085571,47.92780685424805],[3.754808187484741,47.79592514038086],[3.766778707504272,47.53233337402344],[3.601821660995483,47.53233337402344],[3.607901573181152,47.4006233215332],[3.940429925918579,47.33478927612305],[3.949059247970581,47.13737487792969],[3.866787195205688,47.13737487792969],[3.963295221328735,46.808616638183594],[3.801982164382935,46.74290466308594],[3.728644609451294,46.54585266113281],[3.985684394836426,46.283294677734375],[4.228518962860107,46.348915100097656],[4.402639865875244,46.08650588989258],[4.897816181182861,45.95537567138672],[4.967714786529541,46.283294677734375],[5.37468433380127,46.348915100097656],[5.432206630706787,47.07159423828125],[5.594502449035645,47.13737487792969],[5.576864242553711,47.664100646972656],[5.822384834289551,47.730003356933594],[5.818123817443848,47.86185836791992],[5.646180152893066,48.059749603271484],[5.480661869049072,48.059749603271484],[5.386211395263672,48.38986587524414],[5.303273677825928,48.38986587524414],[5.2188820736419,48.42947471275199],[5.162502056767151,48.455936431884766],[5.049963233092711,48.508756046150246],[5.021697924941386,48.52202224731445],[4.880861282348633,48.5881233215332],[4.878275871276855,48.654239654541016],[4.865273475646973,48.98506164550781],[5.029265403747559,49.051273345947266],[4.940790176391602,49.18375015258789],[4.679802417755127,49.44889450073242],[4.642117318882938,49.57728180262361],[4.601894857198655,49.71431350708008],[4.582405090332031,49.78071212768555],[4.579616546630859,49.84712600708008],[4.53490746876139,49.91355895996094],[4.490188121795654,49.98000717163086]]]]},"properties":{"Name":"Kingdom of France","FromYear":1497,"ToYear":1501,"Area":366013.8851546166,"Type":"POLITY","Wikipedia":"Kingdom of France","Wikidata":"Q207162","SeshatID":"fr_valois_k_2","Components":"","MemberOf":"(Kingdom of France)"}},
{"type":"Feature","geometry":{"type":"MultiPolygon","coordinates":[[[[44.83738327026367,42.75628662109375],[44.82474899291992,42.691246032714844],[44.90486526489258,42.691246032714844],[44.91752624511719,42.75628662109375],[44.83738327026367,42.75628662109375]]],[[[44.83738327026367,42.75628662109375],[44.85004806518555,42.82133865356445],[44.76987075805664,42.82133865356445],[44.75723648071289,42.75628662109375],[44.83738327026367,42.75628662109375]]]]},"properties":{"Name":"Timurid Empire","FromYear":1497,"ToYear":1501,"Area":1946403.408010894,"Type":"POLITY","Wikipedia":"Timurid Empire","Wikidata":"Q484195","SeshatID":"uz_timurid_emp","Components":"","MemberOf":""}},
{"type":"Feature","geometry":{"type":"MultiPolygon","coordinates":[[[[-2.8270103931427,35.258358001708984],[-2.830641508102417,35.32271194458008],[-2.837937116622925,35.45143127441406],[-2.992615222930908,35.45143127441406],[-2.981565713882446,35.258358001708984],[-2.8270103931427,35.258358001708984]]],[[[-1.853058218955994,43.407203674316406],[-3.295851230621338,43.342071533203125],[-3.467212915420532,43.472347259521484],[-4.990375518798828,43.407203674316406],[-5.646126270294189,43.53750228881836],[-5.726631164550781,43.53750228881836],[-7.175715446472168,43.53750228881836],[-7.343485832214355,43.6026611328125],[-7.276463031768799,43.73301696777344],[-8.243616104125977,43.73301696777344],[-8.39044189453125,43.6026611328125],[-8.369025230407715,43.407203674316406],[-8.851689338684082,43.407203674316406],[-9.30460262298584,43.146724700927734],[-9.078654289245605,42.56119155883789],[-8.65738296508789,42.36617660522461],[-8.956093788146973,42.17123794555664],[-8.935100555419922,41.97637939453125],[-8.928141593933105,41.911441802978516],[-8.469955444335938,42.10627746582031],[-8.150541305541992,42.10627746582031],[-8.137139320373535,41.97637939453125],[-8.216935157775879,41.97637939453125],[-8.11717414855957,41.781593322753906],[-6.700808048248291,41.97637939453125],[-6.351566314697266,41.65177917480469],[-6.271912097930908,41.65177917480469],[-6.254164218902588,41.45711898803711],[-6.927728176116943,41.00318908691406],[-6.868430137634277,40.355369567871094],[-7.014894485473633,40.225894927978516],[-7.00321626663208,40.0964469909668],[-6.839452266693115,40.031734466552734],[-6.895466804504395,39.77294921875],[-7.435848712921143,39.64360046386719],[-7.418391227722168,39.449623107910156],[-7.255166053771973,39.38497543334961],[-6.985427379608154,38.997230529785156],[-7.120340347290039,38.738853454589844],[-7.271727085113525,38.67427444458008],[-7.244168281555176,38.351463317871094],[-6.998411178588867,38.22237777709961],[-6.987714290618896,38.09331130981445],[-7.14418888092041,38.09331130981445],[-7.27909517288208,37.835243225097656],[-7.502705097198486,37.706241607666016],[-7.387404441833496,37.254878997802734],[-7.309464931488037,37.254878997802734],[-6.84182596206665,37.254878997802734],[-6.587993621826172,36.9970588684082],[-6.432291984558105,36.9970588684082],[-6.063849925994873,36.2239875793457],[-5.831079006195068,36.2239875793457],[-5.584750652313232,36.03080368041992],[-5.51620626449585,36.15959167480469],[-5.287947177886963,36.2239875793457],[-5.22819709777832,36.48161697387695],[-4.688807487487793,36.5460319519043],[-4.468626022338867,36.73930740356445],[-2.680080890655518,36.73930740356445],[-2.532132625579834,36.8681755065918],[-2.061630010604858,36.80373764038086],[-1.857354998588562,37.3193473815918],[-1.623468399047852,37.3193473815918],[-1.708719491958618,37.44829177856445],[-0.704753637313843,37.641746520996094],[-0.803495347499847,38.028785705566406],[-0.660861134529114,38.28691864013672],[-0.432753294706345,38.416015625],[-0.436175793409348,38.48057174682617],[-1.096204280853271,39.06184005737305],[-1.099924325942993,39.1264533996582],[-1.114913702011108,39.38497543334961],[-1.354927182197571,39.449623107910156],[-1.370439767837524,39.70827102661133],[-1.145419836044312,39.90232849121094],[-1.15704333782196,40.0964469909668],[-1.726450324058533,40.355369567871094],[-1.513591289520264,40.74397277832031],[-2.098877191543579,41.19768524169922],[-2.116528034210205,41.45711898803711],[-1.8821781873703,41.521995544433594],[-1.979450225830078,41.781593322753906],[-1.820028781890869,41.781593322753906],[-1.828825831413269,41.911441802978516],[-1.775568842887878,42.30118942260742],[-2.01993727684021,42.36617660522461],[-2.203093767166138,42.691246032714844],[-1.8391273021698,43.211830139160156],[-1.848402380943298,43.342071533203125],[-1.853058218955994,43.407203674316406]]]]},"properties":{"Name":"Crown of Castile","FromYear":1497,"ToYear":1501,"Area":412237.5666002308,"Type":"POLITY","Wikipedia":"Crown of Castile","Wikidata":"Q217196","SeshatID":"es_castile_crown","Components":"","MemberOf":""}},
{"type":"Feature","geometry":{"type":"Polygon","coordinates":[[[45,57.08582134040473],[45,60],[30.15093149984802,60],[30.136613845825195,59.92485809326172],[29.75929069519043,59.85470962524414],[29.772369384765625,59.92485809326172],[29.14763641357422,59.99503707885742],[29.148536054256184,60],[29.06395512927285,60],[28.849285125732422,59.85470962524414],[28.406457901000977,59.92485809326172],[28.291200637817383,59.78459548950195],[27.927438735961914,59.78459548950195],[27.88040542602539,59.504478454589844],[28.05001449584961,59.434532165527344],[28.038253784179688,59.36461639404297],[28.03827770943572,59.36459514969338],[28.43138885498047,59.015533447265625],[28.780460357666016,58.94581604003906],[28.756383895874023,58.80647277832031],[28.846500396728516,58.80647277832031],[28.82244300842285,58.66725540161133],[28.912445068359375,58.66725540161133],[28.88840675354004,58.528167724609375],[29.044050216674805,58.38920593261719],[28.984312057495117,58.042335510253906],[29.756702423095703,57.35087585449219],[29.58440589904785,56.86860656738281],[29.979244232177734,56.59365463256836],[29.955463409423828,56.45634460449219],[30.108091354370117,56.319149017333984],[30.649139404296875,56.387733459472656],[30.83788299560547,56.45634460449219],[31.128190994262695,57.07511901855469],[31.93999481201172,57.14401626586914],[32.452354431152344,57.488929748535156],[32.63044738769531,57.488929748535156],[32.864906311035156,57.7653923034668],[33.13270950317383,57.7653923034668],[33.37158966064453,57.62710189819336],[33.34282684326172,57.488929748535156],[33.506492614746094,57.41988754272461],[33.477752685546875,57.28189468383789],[33.701107025146484,57.07511901855469],[34.95655059814453,56.731075286865234],[34.897010803222656,56.45634460449219],[35.04376220703125,56.319149017333984],[34.99947738647461,56.11355972290039],[34.79440689086914,55.97663879394531],[34.224708557128906,55.77145767211914],[33.80490493774414,55.430015563964844],[32.87778854370117,55.15733337402344],[32.7388801574707,54.88506317138672],[33.14813995361328,54.74907684326172],[33.122196197509766,54.613189697265625],[33.50416564941406,54.341712951660156],[33.47819900512695,54.20612335205078],[33.69886016845703,54.00291442871094],[34.42354965209961,53.732303619384766],[34.709129333496094,53.86756134033203],[35.00547409057617,54.47740173339844],[35.800838470458984,54.545284271240234],[35.8444938659668,54.341712951660156],[35.931175231933594,54.341712951660156],[36.55265808105469,54.4095458984375],[36.77086639404297,54.613189697265625],[37.13356018066406,54.681121826171875],[37.82893753051758,54.681121826171875],[38.208335876464844,54.817054748535156],[38.540340423583984,54.74907684326172],[38.89928436279297,55.15733337402344],[39.073822021484375,55.15733337402344],[39.29860305786133,55.36180877685547],[39.665321350097656,55.430015563964844],[39.89198303222656,55.63479995727539],[40.13740158081055,55.56651306152344],[40.260005950927734,55.70311737060547],[40.43535232543945,55.70311737060547],[41.191184997558594,55.90821838378906],[41.805965423583984,55.90821838378906],[41.89379119873047,55.90821838378906],[41.87517547607422,55.83982467651367],[42.22627258300781,55.83982467651367],[42.21389389038086,56.11355972290039],[42.868499755859375,56.25059127807617],[43.162837982177734,56.662349700927734],[43.685791015625,56.937416076660156],[44.770179748535156,57.00625228881836],[45,57.08582134040473]]]},"properties":{"Name":"Grand Principality of Moscow","FromYear":1497,"ToYear":1501,"Area":2139299.565078137,"Type":"POLITY","Wikipedia":"Principality of Moscow","Wikidata":"Q170770","SeshatID":"ru_moskva_rurik_dyn","Components":"","MemberOf":""}},
{"type":"Feature","geometry":{"type":"Polygon","coordinates":[[[1.75760805606842,50.77880859375],[1.753396153450012,50.84549331665039],[1.697111228697703,50.84549331665039],[1.66903829574585,50.84549331665039],[1.666910892090524,50.87878268347631],[1.664775252342224,50.912200927734375],[1.6365936370134901,50.912200927734375],[1.580376505851746,50.912200927734375],[1.495977640151978,50.912200927734375],[1.500322580337524,50.84549331665039],[1.50465714931488,50.77880859375],[1.508981347084045,50.71213912963867],[1.424705147743225,50.71213912963867],[1.429059624671936,50.64549255371094],[1.433403611183167,50.578861236572266],[1.685989022254944,50.578861236572266],[1.841925024986267,50.77880859375],[1.75760805606842,50.77880859375]]]},"properties":{"Name":"County of Auvergne","FromYear":1497,"ToYear":1501,"Area":706.2260148644731,"Type":"POLITY","Wikipedia":"Auvergne","Wikidata":"Q1152","SeshatID":"fr_valois_k_2","Components":"","MemberOf":"(Kingdom of France)"}}
]}