{"type":"FeatureCollection", "features": [
{"type":"Feature","geometry":{"type":"Polygon","coordinates":[[[9.507532119750977,40.225894927978516],[9.823226928710938,40.355369567871094],[9.821690559387207,40.74397277832031],[9.50210952758789,41.19768524169922],[9.10431957244873,41.26253128051758],[9.024832725524902,41.26253128051758],[9.02535629272461,41.19768524169922],[8.945897102355957,41.19768524169922],[8.94644832611084,41.132843017578125],[9.026924133300781,41.00318908691406],[9.344842910766602,40.93837356567383],[9.188016891479492,40.6791877746582],[9.425739288330078,40.6791877746582],[9.269030570983887,40.42012023925781],[9.428478240966797,40.225894927978516],[9.507532119750977,40.225894927978516]]]},"properties":{"Name":"Giudicato of Gallura","FromYear":1018,"ToYear":1205,"Area":4598.012332655658,"Type":"POLITY","Wikipedia":"Judicate of Gallura","Wikidata":"Q2723760","SeshatID":"","Components":"","MemberOf":""}},
{"type":"Feature","geometry":{"type":"MultiPolygon","coordinates":[[[[-8.575459480285645,51.71418380737305],[-8.273340657964463,51.762908664965366],[-8.160277366638184,51.78114318847656],[-8.075331687927246,51.78114318847656],[-8.057999084700189,51.84220841952334],[-8.018278121948242,51.98215103149414],[-8.122167587280273,52.11625671386719],[-8.708573341369629,52.0491943359375],[-8.575459480285645,51.71418380737305]]],[[[-7.611197948455811,52.11625671386719],[-7.526036262512207,52.11625671386719],[-7.015066146850586,52.11625671386719],[-7.051559637853498,52.147974040818205],[-7.401244163513184,52.4518928527832],[-7.648098468780518,52.38472366333008],[-7.611197948455811,52.11625671386719]]],[[[-6.427507877349854,52.18334197998047],[-6.282699584960938,52.38472366333008],[-6.297028383674605,52.496593405379734],[-6.308518409729004,52.586299896240234],[-6.56493091583252,52.586299896240234],[-6.794724464416504,52.38472366333008],[-6.785901069641113,52.31757736206055],[-6.768329620361328,52.18334197998047],[-6.427507877349854,52.18334197998047]]],[[[-8.37929916381836,52.720787048339844],[-8.464859962463379,52.720787048339844],[-8.455059051513672,52.653533935546875],[-8.36954402923584,52.653533935546875],[-8.37929916381836,52.720787048339844]]],[[[-7.252153396606445,57.41988754272461],[-7.597294807434082,57.35087585449219],[-7.465542793273926,57.07511901855469],[-7.288100242614746,57.07511901855469],[-7.319843292236328,57.28189468383789],[-7.230959415435791,57.28189468383789],[-7.252153396606445,57.41988754272461]]],[[[-7.105842113494873,57.62710189819336],[-7.116456508636475,57.696231842041016],[-7.562519073486328,57.696231842041016],[-7.440887928009033,57.488929748535156],[-7.105842113494873,57.62710189819336]]],[[[-6.205919742584229,58.180992126464844],[-6.25730562210083,58.528167724609375],[-6.785952091217041,58.45867156982422],[-6.764688491821289,58.31977081298828],[-6.854404926300049,58.31977081298828],[-7.281157493591309,58.180992126464844],[-7.06976318359375,57.97305679321289],[-7.12709903717041,57.7653923034668],[-6.52281665802002,57.903804779052734],[-6.385126113891602,58.180992126464844],[-6.205919742584229,58.180992126464844]]],[[[-6.14614200592041,52.653533935546875],[-6.180641651153564,52.92268753051758],[-6.428932189941406,52.85536575317383],[-6.402688503265381,52.653533935546875],[-6.317173004150391,52.653533935546875],[-6.308518409729004,52.586299896240234],[-6.249480348044424,52.61074536532802],[-6.14614200592041,52.653533935546875]]],[[[-6.14714241027832,53.32708740234375],[-6.241942882537842,53.39456558227539],[-6.164712409634202,53.462066650390625],[-6.113253051675967,53.507043218526356],[-6.087455749511719,53.52959060668945],[-6.191301822662354,53.664710998535156],[-6.229749215703076,53.65855308879094],[-6.613202571868896,53.597137451171875],[-6.604113101959229,53.52959060668945],[-6.844058990478516,53.39456558227539],[-6.807595729827881,53.124786376953125],[-6.473160743713379,53.192195892333984],[-6.095015603143786,52.92273719417956],[-6.094945907592773,52.92268753051758],[-6.14714241027832,53.32708740234375]]],[[[-4.799596309661865,54.27390670776367],[-4.861302852630615,54.07062530517578],[-4.358400821685791,54.20612335205078],[-4.382591724395752,54.4095458984375],[-4.807900905609131,54.341712951660156],[-4.799596309661865,54.27390670776367]]],[[[-5.381163120269775,55.430015563964844],[-5.118756771087646,55.430015563964844],[-5.162932395935059,55.77145767211914],[-5.426101684570312,55.77145767211914],[-5.435160636901855,55.83982467651367],[-5.776993751525879,55.77145767211914],[-5.758538722991943,55.63479995727539],[-5.915220260620117,55.498252868652344],[-5.887563228607178,55.29362487792969],[-5.547083854675293,55.36180877685547],[-5.574207305908203,55.56651306152344],[-5.381163120269775,55.430015563964844]]],[[[-5.874032020568848,55.83982467651367],[-5.89273738861084,55.97663879394531],[-5.760944260205756,55.97663879394531],[-5.716982841491699,55.97663879394531],[-5.735605393727059,56.11359010039981],[-5.744916439056396,56.182064056396484],[-5.920981407165527,56.182064056396484],[-5.911541938781738,56.11355972290039],[-6.068491458892822,55.97663879394531],[-6.507877826690674,55.97663879394531],[-6.634748458862305,55.63479995727539],[-6.381457328796387,55.70311737060547],[-6.362338542938232,55.56651306152344],[-6.187198638916016,55.56651306152344],[-6.127885818481445,55.77145767211914],[-5.874032020568848,55.83982467651367]]],[[[-4.996289253234863,55.83982467651367],[-4.926087856292725,55.97663879394531],[-4.934909343719482,56.04508590698242],[-5.295677185058594,56.11355972290039],[-5.356418132781982,55.90821838378906],[-5.347386360168457,55.83982467651367],[-4.996289253234863,55.83982467651367]]],[[[-5.684883117675781,56.387733459472656],[-5.703673362731934,56.524986267089844],[-5.880262851715088,56.524986267089844],[-5.929118115510653,56.587412341182834],[-5.974329061901487,56.645181794665234],[-5.987764835357666,56.662349700927734],[-6.341366291046143,56.662349700927734],[-6.23344087600708,56.524986267089844],[-6.292484283447266,56.319149017333984],[-6.028073310852051,56.319149017333984],[-5.93993616104126,56.319149017333984],[-5.684883117675781,56.387733459472656]]],[[[-5.808821201324463,57.28189468383789],[-6.085347175598145,57.35087585449219],[-6.224331378936768,57.696231842041016],[-6.502223968505859,57.7653923034668],[-6.481740951538086,57.62710189819336],[-6.471539974212646,57.55800247192383],[-6.738846778869629,57.55800247192383],[-6.796852111816406,57.35087585449219],[-6.618975639343262,57.35087585449219],[-6.410901069641113,57.14401626586914],[-6.055799961090088,57.14401626586914],[-6.036232471466064,57.00625228881836],[-5.865286270595791,57.05216815955268],[-5.779839515686035,57.07511901855469],[-5.783054605307968,57.09805772211438],[-5.808821201324463,57.28189468383789]]]]},"properties":{"Name":"Viking settlements","FromYear":1028,"ToYear":1325,"Area":47312.93561183306,"Type":"POLITY","Wikipedia":"Vikings","Wikidata":"Q12567","SeshatID":"","Components":"","MemberOf":""}},
{"type":"Feature","geometry":{"type":"MultiPolygon","coordinates":[[[[36.778892517089844,45.10417556762695],[36.86014175415039,45.10417556762695],[36.9413948059082,45.10417556762695],[37.17478561401367,45.03877639770508],[37.216339111328125,45.300437927246094],[36.74873733520508,45.431331634521484],[36.778892517089844,45.10417556762695]]],[[[24.497575759887695,54.4095458984375],[24.505613327026367,54.47740173339844],[24.41883659362793,54.47740173339844],[24.410846710205078,54.4095458984375],[24.497575759887695,54.4095458984375]]],[[[39.775545622096715,60],[35.800737768174045,60],[30.973453232530566,60],[30.837535858154297,59.78459548950195],[30.38283348083496,59.78459548950195],[30.136613845825195,59.92485809326172],[29.862111208084247,59.873825074291325],[29.75929069519043,59.85470962524414],[29.767129777661573,59.89675509339695],[29.772369384765625,59.92485809326172],[29.54485469457569,59.95041581296267],[29.14763641357422,59.99503707885742],[29.148536054256184,60],[29.06395512927285,60],[28.849285125732422,59.85470962524414],[28.406457901000977,59.92485809326172],[28.291200637817383,59.78459548950195],[27.927438735961914,59.78459548950195],[27.88040542602539,59.504478454589844],[28.061809539794922,59.504478454589844],[28.038253784179688,59.36461639404297],[27.743431091308594,59.22488784790039],[27.719879150390625,58.528167724609375],[27.96677589416504,58.38920593261719],[27.854480743408203,58.2503662109375],[27.88062395560949,58.22722255953921],[27.952486171736837,58.163605507971305],[28.01117706298828,58.11164855957031],[27.96638248767977,58.019158550637286],[27.91824233618773,57.919760732690136],[27.876989364624023,57.8345832824707],[27.966312408447266,57.8345832824707],[27.899953842163086,57.41988754272461],[27.98894691467285,57.41988754272461],[27.912553787231445,56.937416076660156],[27.974763749940927,56.882359175865005],[28.068017959594727,56.799827575683594],[27.971710487031917,56.67950917156216],[27.957975387573242,56.662349700927734],[28.113149642944336,56.524986267089844],[28.05961799621582,56.182064056396484],[27.971586227416992,56.182064056396484],[28.027862548828125,55.97663879394531],[27.439733505249023,55.56651306152344],[27.401272483622947,55.555718996768846],[26.710338592529297,55.36180877685547],[26.60393714904785,55.225467681884766],[26.345810909481568,55.1860160828629],[26.158143997192383,55.15733337402344],[25.942911033907304,55.00505080121051],[25.77332305908203,54.88506317138672],[24.592388153076172,54.47740173339844],[24.54096594449339,54.4095458984375],[24.489561080932617,54.341712951660156],[24.355526004297744,54.30774374061041],[23.41990852355957,54.07062530517578],[23.03854751586914,53.732303619384766],[22.924564361572266,53.462066650390625],[22.745656967163086,53.39456558227539],[22.732158660888672,53.25962829589844],[22.6462345123291,53.25962829589844],[22.428829193115234,52.78806686401367],[22.343225479125977,52.78806686401367],[22.422412872314453,52.720787048339844],[22.292898178100586,52.250450134277344],[22.10417366027832,52.0491943359375],[22.347232818603516,51.91512680053711],[22.687358856201172,51.91512680053711],[22.6685791015625,51.71418380737305],[22.995450973510742,51.580322265625],[22.87944221496582,51.24601745605469],[23.042409896850586,51.17921447753906],[23.023828506469727,50.97892379760742],[23.10826873779297,50.97892379760742],[23.08979606628418,50.77880859375],[22.91514015197754,50.71213912963867],[22.928876501107503,50.445655822753906],[22.946025848388672,50.11296081542969],[22.258319854736328,49.91355895996094],[22.158485412597656,49.71431350708008],[21.385677337646484,49.44889450073242],[21.79827117919922,49.38258361816406],[22.5230712890625,49.051273345947266],[22.77837371826172,49.11750411987305],[23.089706420898438,48.852684020996094],[23.826892852783203,48.72037124633789],[24.052976608276367,48.455936431884766],[24.378963470458984,48.38986587524414],[24.367206573486328,48.257774353027344],[24.686708450317383,48.1257438659668],[24.586227416992188,47.92780685424805],[24.8990421295166,47.730003356933594],[24.899059076840967,47.730003356933594],[24.981626510620117,47.730003356933594],[25.0762882232666,47.86185836791992],[25.241594314575195,47.86185836791992],[25.17116928100586,47.993770599365234],[25.981304168701172,48.654239654541016],[26.147470474243164,48.654239654541016],[26.16102409362793,48.786521911621094],[26.320472717285156,48.72037124633789],[26.3342227935791,48.852684020996094],[26.695405960083008,49.11750411987305],[26.862089157104492,49.11750411987305],[27.30976609271702,49.44415385446288],[27.31626319885254,49.44889450073242],[29.395994186401367,49.38258361816406],[29.578569223842297,49.32209974686984],[29.796173095703125,49.2500114440918],[31.302566780469842,49.374546118740234],[31.399789810180664,49.38258361816406],[31.50535837402793,49.38071531734904],[35.14583206176758,49.316287994384766],[35.28220705357501,49.38258361816406],[35.41861343383789,49.44889450073242],[35.85762680184231,49.44889450073242],[36.08684539794922,49.44889450073242],[37.2090950012207,49.64793395996094],[37.5809326171875,49.84712600708008],[37.6782106719722,50.006605132031105],[37.70252990722656,50.04647445678711],[37.786407470703125,50.04647445678711],[37.87028503417969,50.04647445678711],[37.83794822471858,50.120223367648876],[37.811973571777344,50.17946243286133],[37.87934851188952,50.17946243286133],[37.89592742919922,50.17946243286133],[37.90232774923034,50.21234308737817],[37.934783935546875,50.37908172607422],[38.15505376063102,50.529832503752296],[38.22669219970703,50.578861236572266],[38.30885282748337,50.70006538494892],[38.588382720947266,51.112430572509766],[38.588433254394566,51.11244318551873],[38.85594940185547,51.17921447753906],[38.83721594605818,51.35669225438946],[38.82773208618164,51.44654083251953],[38.87054293311007,51.44654083251953],[38.9124641418457,51.44654083251953],[39.01597472108345,51.7229082528252],[39.11307144165039,51.98215103149414],[39.19814682006836,51.98215103149414],[39.24258804321289,52.18334197998047],[39.41299819946289,52.18334197998047],[39.34275436401367,52.250450134277344],[39.471702575683594,53.192195892333984],[39.385826110839844,53.192195892333984],[39.55060577392578,53.52959060668945],[39.35573959350586,53.799922943115234],[39.183143615722656,53.799922943115234],[39.1605224609375,54.07062530517578],[38.94889450073242,54.27390670776367],[39.11643981933594,54.613189697265625],[39.02956771850586,54.613189697265625],[39.07853698730469,54.817054748535156],[38.99151611328125,54.817054748535156],[39.065507439848716,55.12295826691072],[39.073822021484375,55.15733337402344],[39.10442907629568,55.17447883459388],[39.41206372390581,55.34680961758549],[39.49456543559202,55.39302542807201],[39.682411193847656,55.498252868652344],[40.64512634277344,55.498252868652344],[40.68056869506836,55.63479995727539],[40.87371063232422,55.70311737060547],[41.13672637939453,55.70311737060547],[41.34852981567383,55.83982467651367],[41.59344482421875,55.77145767211914],[41.66739273071289,56.04508590698242],[42.04460525512695,56.45634460449219],[42.140586853027344,56.799827575683594],[42.002132415771484,56.937416076660156],[42.1090087890625,57.62710189819336],[41.97023010253906,57.7653923034668],[42.029945373535156,57.97305679321289],[41.821353912353516,58.180992126464844],[41.8614387512207,58.31977081298828],[41.63225555419922,58.45867156982422],[41.672447204589844,58.59769821166992],[41.39280319213867,58.876129150390625],[41.21245193481445,58.876129150390625],[41.021793365478516,59.15507125854492],[40.609432220458984,59.294734954833984],[40.275390625,59.714515686035156],[39.860355377197266,59.85470962524414],[39.775545622096715,60]]],[[[27.880273818969727,56.731075286865234],[27.968727111816406,56.731075286865234],[27.979511260986328,56.799827575683594],[27.8910167812491,56.799827575683594],[27.89100456237793,56.799827575683594],[27.880273818969727,56.731075286865234]]]]},"properties":{"Name":"Kievan Rus'","FromYear":1040,"ToYear":1235,"Area":1199824.4493511724,"Type":"POLITY","Wikipedia":"Kievan Rus'","Wikidata":"Q1108445","SeshatID":"ua_kievan_rus","Components":"","MemberOf":""}},
{"type":"Feature","geometry":{"type":"MultiPolygon","coordinates":[[[[18.031593322753906,57.55800247192383],[18.02667236328125,57.488929748535156],[18.076435089111328,56.937416076660156],[18.342275619506836,56.937416076660156],[18.45128059387207,57.21294021606445],[18.911693572998047,57.41988754272461],[18.844388961791992,57.696231842041016],[19.03397560119629,57.8345832824707],[19.04520034790039,57.97305679321289],[18.598026275634766,57.97305679321289],[18.230064392089844,57.8345832824707],[18.031593322753906,57.55800247192383]]],[[[16.09789276123047,56.387733459472656],[16.186080932617188,56.387733459472656],[16.193382263183594,56.524986267089844],[16.28167724609375,56.524986267089844],[16.266908645629883,56.25059127807617],[16.62702751159668,56.387733459472656],[16.739154815673828,56.799827575683594],[17.12316131591797,57.28189468383789],[17.131839752197266,57.41988754272461],[16.953855514526367,57.41988754272461],[16.755352020263672,57.07511901855469],[16.477506637573242,56.86860656738281],[16.500974655151367,57.28189468383789],[16.68687629699707,57.41988754272461],[16.614076614379883,57.696231842041016],[16.703289031982422,57.696231842041016],[16.71156883239746,57.8345832824707],[16.626346588134766,57.903804779052734],[16.813568115234375,58.042335510253906],[16.830646514892578,58.31977081298828],[16.65959930419922,58.45867156982422],[16.83926010131836,58.45867156982422],[16.847923278808594,58.59769821166992],[17.02781105041504,58.59769821166992],[17.126813888549805,58.73685073852539],[17.487049102783203,58.73685073852539],[17.496623992919922,58.876129150390625],[17.947494506835938,58.876129150390625],[18.143529891967773,59.08528518676758],[18.414575576782227,59.08528518676758],[18.351261138916016,59.434532165527344],[18.628820419311523,59.504478454589844],[18.827571868896484,59.714515686035156],[19.00933265686035,59.714515686035156],[19.033178329467773,59.99503707885742],[19.027153356136658,60],[12.169829190517511,60],[11.924447059631348,59.92485809326172],[11.91563892364502,59.434532165527344],[12.006281852722168,59.434532165527344],[11.995993614196777,58.876129150390625],[12.08616828918457,58.876129150390625],[12.1627197265625,58.180992126464844],[11.890416145324707,57.97305679321289],[11.711545944213867,57.97305679321289],[11.710500717163086,57.903804779052734],[11.70945930480957,57.8345832824707],[11.70842170715332,57.7653923034668],[11.70738697052002,57.696231842041016],[11.796599388122559,57.696231842041016],[11.795514106750488,57.62710189819336],[11.976224899291992,57.7653923034668],[12.333296775817871,57.7653923034668],[12.419615745544434,57.62710189819336],[12.597929954528809,57.62710189819336],[12.594780921936035,57.488929748535156],[13.119647979736328,57.14401626586914],[13.115922927856445,57.00625228881836],[13.291296005249023,56.937416076660156],[13.458279609680176,56.59365463256836],[15.928498268127441,56.524986267089844],[16.09789276123047,56.387733459472656]]]]},"properties":{"Name":"Kingdom of Sweden","FromYear":1056,"ToYear":1205,"Area":145562.87355738532,"Type":"POLITY","Wikipedia":"Sweden","Wikidata":"Q34","SeshatID":"sv_swedish_k_1","Components":"","MemberOf":""}},
{"type":"Feature","geometry":{"type":"Polygon","coordinates":[[[9.271716117858887,40.031734466552734],[9.113261222839355,40.0964469909668],[9.112258911132812,40.225894927978516],[8.401503562927246,40.16116714477539],[8.402239799499512,40.0964469909668],[8.324000358581543,40.031734466552734],[8.48337459564209,39.90232849121094],[8.407400131225586,39.64360046386719],[8.408137321472168,39.57893371582031],[8.959155082702637,39.64360046386719],[9.271716117858887,40.031734466552734]]]},"properties":{"Name":"Giudicato of Arborea","FromYear":1072,"ToYear":1325,"Area":3854.5753421865325,"Type":"POLITY","Wikipedia":"Judicate of Arborea","Wikidata":"Q1241847","SeshatID":"","Components":"","MemberOf":""}},
{"type":"Feature","geometry":{"type":"Polygon","coordinates":[[[37.2090950012207,49.64793395996094],[37.59345626831055,49.91355895996094],[37.60602951049805,49.98000717163086],[37.6782106719722,50.006605132031105],[37.786407470703125,50.04647445678711],[37.83794822471858,50.120223367648876],[37.87934851188952,50.17946243286133],[37.90232774923034,50.21234308737817],[38.018856048583984,50.37908172607422],[38.15505376063102,50.529832503752296],[38.30885282748337,50.70006538494892],[38.560791015625,50.97892379760742],[38.588433254394566,51.11244318551873],[38.602256774902344,51.17921447753906],[38.19314956665039,51.24601745605469],[38.05135726928711,51.37968063354492],[37.71259689331055,51.37968063354492],[36.449790954589844,50.97892379760742],[35.89619445800781,51.17921447753906],[35.21968078613281,51.17921447753906],[34.242733001708984,50.912200927734375],[33.567543029785156,50.912200927734375],[33.09440231323242,51.112430572509766],[33.03217697143555,51.24601745605469],[32.43993377685547,51.24601745605469],[31.99560546875,51.112430572509766],[31.847692489624023,51.24601745605469],[31.435077667236328,51.31283950805664],[30.588598251342773,51.31283950805664],[30.68813133239746,50.84549331665039],[30.856847763061523,50.84549331665039],[30.872509002685547,50.37908172607422],[31.169797897338867,50.11296081542969],[31.112499237060547,49.71431350708008],[31.428138732910156,49.58156967163086],[31.5667724609375,49.38258361816406],[35.28220705357501,49.38258361816406],[35.407379150390625,49.38258361816406],[35.85762680184231,49.44889450073242],[37.2090950012207,49.64793395996094]]]},"properties":{"Name":"Principality of Pereyaslavl","FromYear":1072,"ToYear":1235,"Area":95082.41141723288,"Type":"POLITY","Wikipedia":"Principality of Pereyaslavl","Wikidata":"Q1261908","SeshatID":"","Components":"","MemberOf":""}},
{"type":"Feature","geometry":{"type":"Polygon","coordinates":[[[8.94644832611084,41.132843017578125],[8.867016792297363,41.132843017578125],[8.552037239074707,40.873565673828125],[8.154606819152832,40.93837356567383],[8.159523010253906,40.54964065551758],[8.318660736083984,40.4848747253418],[8.40076732635498,40.225894927978516],[8.401503562927246,40.16116714477539],[9.112258911132812,40.225894927978516],[9.113261222839355,40.0964469909668],[9.271716117858887,40.031734466552734],[9.271265983581543,40.0964469909668],[9.350268363952637,40.0964469909668],[9.349844932556152,40.16116714477539],[9.428873062133789,40.16116714477539],[9.428478240966797,40.225894927978516],[9.269030570983887,40.42012023925781],[9.425739288330078,40.6791877746582],[9.188016891479492,40.6791877746582],[9.344842910766602,40.93837356567383],[9.026924133300781,41.00318908691406],[8.94644832611084,41.132843017578125]]]},"properties":{"Name":"Giudicato of Logudoro","FromYear":1072,"ToYear":1249,"Area":8246.969934321554,"Type":"POLITY","Wikipedia":"Judicate of Logudoro","Wikidata":"Q1761381","SeshatID":"","Components":"","MemberOf":""}},
{"type":"Feature","geometry":{"type":"Polygon","coordinates":[[[38.602256774902344,51.17921447753906],[38.771385192871094,51.17921447753906],[38.83721594605818,51.35669225438946],[38.87054293311007,51.44654083251953],[38.969818115234375,51.71418380737305],[38.94292449951172,51.98215103149414],[38.85784912109375,51.98215103149414],[38.901763916015625,52.18334197998047],[38.816558837890625,52.18334197998047],[38.860801696777344,52.38472366333008],[38.77546691894531,52.38472366333008],[38.83498764038086,52.653533935546875],[38.749473571777344,52.653533935546875],[38.7293815612793,53.32708740234375],[38.643409729003906,53.32708740234375],[38.68096923828125,53.86756134033203],[38.594627380371094,53.86756134033203],[38.93717956542969,54.95309066772461],[39.065507439848716,55.12295826691072],[39.10442907629568,55.17447883459388],[39.19443893432617,55.29362487792969],[39.41206372390581,55.34680961758549],[39.47343826293945,55.36180877685547],[39.49456543559202,55.39302542807201],[39.61198043823242,55.56651306152344],[39.90932083129883,55.70311737060547],[39.85636901855469,55.83982467651367],[39.57581329345703,55.77145767211914],[39.59304428100586,55.83982467651367],[38.99554443359375,55.90821838378906],[37.84450149536133,55.498252868652344],[37.8124885559082,55.36180877685547],[36.64551544189453,55.225467681884766],[36.49785232543945,54.95309066772461],[35.9458122253418,54.817054748535156],[35.91665267944336,54.681121826171875],[35.32442092895508,54.341712951660156],[35.29643249511719,54.20612335205078],[35.009151458740234,54.07062530517578],[34.78199005126953,53.799922943115234],[33.911109924316406,54.20612335205078],[33.465274810791016,54.138362884521484],[33.452388763427734,54.07062530517578],[33.365901947021484,54.07062530517578],[33.03108596801758,53.664710998535156],[32.846351623535156,53.597137451171875],[32.82181167602539,53.462066650390625],[32.16032028198242,53.124786376953125],[31.238658905029297,53.25962829589844],[30.03571891784668,53.25962829589844],[29.96209716796875,52.78806686401367],[30.208402633666992,52.720787048339844],[30.166715621948242,52.4518928527832],[30.4664306640625,52.18334197998047],[30.43545913696289,51.98215103149414],[30.58497428894043,51.84812545776367],[30.588598251342773,51.31283950805664],[31.435077667236328,51.31283950805664],[31.847692489624023,51.24601745605469],[31.99560546875,51.112430572509766],[32.43993377685547,51.24601745605469],[33.03217697143555,51.24601745605469],[33.09440231323242,51.112430572509766],[33.567543029785156,50.912200927734375],[34.242733001708984,50.912200927734375],[35.21968078613281,51.17921447753906],[35.89619445800781,51.17921447753906],[36.449790954589844,50.97892379760742],[37.71259689331055,51.37968063354492],[38.05135726928711,51.37968063354492],[38.19314956665039,51.24601745605469],[38.602256774902344,51.17921447753906]]]},"properties":{"Name":"Principality of Chernigov","FromYear":1094,"ToYear":1235,"Area":200686.16880130494,"Type":"POLITY","Wikipedia":"Principality of Chernigov","Wikidata":"Q1322662","SeshatID":"","Components":"","MemberOf":""}},
{"type":"Feature","geometry":{"type":"Polygon","coordinates":[[[-2.106868505477905,55.90821838378906],[-2.19469428062439,55.90821838378906],[-2.656256437301636,56.11355972290039],[-3.26426100730896,56.04508590698242],[-3.103936910629272,56.182064056396484],[-2.671310901641846,56.25059127807617],[-2.789952516555786,56.524986267089844],[-2.532599925994873,56.59365463256836],[-2.208682298660278,56.86860656738281],[-2.075707674026489,57.28189468383789],[-1.823600172996521,57.41988754272461],[-1.852917313575745,57.696231842041016],[-2.038830518722534,57.7653923034668],[-2.752973556518555,57.7653923034668],[-2.842241525650024,57.7653923034668],[-3.994018077850342,57.696231842041016],[-3.930825471878052,57.903804779052734],[-4.020204544067383,57.903804779052734],[-4.109583377838135,57.903804779052734],[-4.815362930297852,57.8345832824707],[-4.904685974121094,57.8345832824707],[-5.261979579925537,57.8345832824707],[-5.459936618804932,57.97305679321289],[-5.549371242523193,57.97305679321289],[-5.728240966796875,57.97305679321289],[-5.887243270874023,57.8345832824707],[-5.857639312744141,57.62710189819336],[-5.946796894073486,57.62710189819336],[-5.700699329376221,57.14401626586914],[-5.783054605307968,57.09805772211438],[-5.865286270595791,57.05216815955268],[-5.947565078735352,57.00625228881836],[-5.974329061901487,56.645181794665234],[-5.978148460388184,56.59365463256836],[-5.929118115510653,56.587412341182834],[-5.438789844512939,56.524986267089844],[-5.684883117675781,56.387733459472656],[-5.735605393727059,56.11359010039981],[-5.760944260205756,55.97663879394531],[-5.786257743835449,55.83982467651367],[-5.435160636901855,55.83982467651367],[-5.347386360168457,55.83982467651367],[-4.996289253234863,55.83982467651367],[-4.978706836700439,55.70311737060547],[-4.794708251953125,55.63479995727539],[-4.786076545715332,55.56651306152344],[-4.619466304779053,55.63479995727539],[-4.593943119049072,55.430015563964844],[-4.306667327880859,55.225467681884766],[-3.576861381530762,54.95309066772461],[-3.489742517471313,54.95309066772461],[-3.402623414993286,54.95309066772461],[-3.141266584396362,54.95309066772461],[-2.807486772537231,55.089229583740234],[-2.734941720962524,55.225467681884766],[-2.560305595397949,55.225467681884766],[-2.239403486251831,55.498252868652344],[-2.268072366714478,55.77145767211914],[-2.106868505477905,55.90821838378906]]]},"properties":{"Name":"Kingdom of Alba","FromYear":1099,"ToYear":1235,"Area":59250.83657882684,"Type":"POLITY","Wikipedia":"Kingdom of Alba","Wikidata":"Q1991742","SeshatID":"gb_alba_k","Components":"","MemberOf":""}},
{"type":"Feature","geometry":{"type":"MultiPolygon","coordinates":[[[[-4.071356773376465,52.4518928527832],[-4.156738758087158,52.4518928527832],[-4.552989482879639,52.18334197998047],[-4.638194561004639,52.18334197998047],[-4.615292549133301,51.98215103149414],[-4.189918994903564,51.98215103149414],[-4.260177135467529,51.84812545776367],[-3.997964382171631,51.78114318847656],[-3.849620580673218,51.98215103149414],[-3.878627777099609,52.250450134277344],[-3.885929584503174,52.31757736206055],[-3.971222877502441,52.31757736206055],[-3.9785857498032042,52.38469350822214],[-3.978585749803205,52.38469350822214],[-3.978589057922363,52.38472366333008],[-3.9786273799745646,52.38472366333008],[-3.978627379974565,52.38472366333008],[-4.063926219940186,52.38472366333008],[-4.071356773376465,52.4518928527832]]],[[[-4.786076545715332,55.56651306152344],[-4.777467250823975,55.498252868652344],[-5.171102046966553,55.15733337402344],[-5.153679370880127,55.021148681640625],[-5.32801628112793,55.021148681640625],[-5.110523223876953,54.681121826171875],[-4.936679363250732,54.681121826171875],[-4.953676700592041,54.817054748535156],[-4.86665678024292,54.817054748535156],[-4.423340797424316,54.74907684326172],[-3.569097280502319,54.88506317138672],[-3.576861381530762,54.95309066772461],[-4.306667327880859,55.225467681884766],[-4.593943119049072,55.430015563964844],[-4.619466304779053,55.63479995727539],[-4.786076545715332,55.56651306152344]]]]},"properties":{"Name":"Brythons","FromYear":1099,"ToYear":1226,"Area":7756.96260510971,"Type":"POLITY","Wikipedia":"Celtic Britons","Wikidata":"Q849967","SeshatID":"gb_brythonic_k","Components":"","MemberOf":"(Brythonic Kingdoms)"}},
{"type":"Feature","geometry":{"type":"Polygon","coordinates":[[[38.969818115234375,51.71418380737305],[39.01597472108345,51.7229082528252],[39.324066162109375,51.78114318847656],[40.02474594116211,52.250450134277344],[41.02803039550781,54.27390670776367],[42.22627258300781,55.83982467651367],[42.245094299316406,55.90821838378906],[42.21389389038086,56.11355972290039],[42.05680847167969,56.182064056396484],[42.094722747802734,56.319149017333984],[42.00658416748047,56.319149017333984],[42.04460525512695,56.45634460449219],[42.06369400024414,56.524986267089844],[40.33198165893555,56.319149017333984],[40.15491485595703,55.97663879394531],[39.85636901855469,55.83982467651367],[39.90932083129883,55.70311737060547],[39.61198043823242,55.56651306152344],[39.49456543559202,55.39302542807201],[39.47343826293945,55.36180877685547],[39.41206372390581,55.34680961758549],[39.19443893432617,55.29362487792969],[39.10442907629568,55.17447883459388],[39.065507439848716,55.12295826691072],[38.93717956542969,54.95309066772461],[38.594627380371094,53.86756134033203],[38.68096923828125,53.86756134033203],[38.643409729003906,53.32708740234375],[38.7293815612793,53.32708740234375],[38.749473571777344,52.653533935546875],[38.83498764038086,52.653533935546875],[38.77546691894531,52.38472366333008],[38.860801696777344,52.38472366333008],[38.816558837890625,52.18334197998047],[38.901763916015625,52.18334197998047],[38.85784912109375,51.98215103149414],[38.94292449951172,51.98215103149414],[38.969818115234375,51.71418380737305]]]},"properties":{"Name":"Principality of Ryazan","FromYear":1099,"ToYear":1226,"Area":65253.5951481388,"Type":"POLITY","Wikipedia":"Principality of Ryazan","Wikidata":"Q269109","SeshatID":"ru_ryazan_principality","Components":"","MemberOf":""}},
{"type":"Feature","geometry":{"type":"Polygon","coordinates":[[[24.687162399291992,56.662349700927734],[24.5987606048584,56.662349700927734],[24.65226173400879,56.387733459472656],[24.82863998413086,56.387733459472656],[24.97847557067871,56.182064056396484],[25.41864013671875,56.182064056396484],[25.61310577392578,56.319149017333984],[25.622344970703125,56.387733459472656],[25.445964813232422,56.387733459472656],[25.12916374206543,56.662349700927734],[24.687162399291992,56.662349700927734]]]},"properties":{"Name":"Principality of Koknese","FromYear":1111,"ToYear":1205,"Area":2162.490158751696,"Type":"POLITY","Wikipedia":"Principality of Koknese","Wikidata":"Q2502248","SeshatID":"","Components":"","MemberOf":""}},
{"type":"Feature","geometry":{"type":"Polygon","coordinates":[[[29.960405349731445,53.32708740234375],[30.28354835510254,53.732303619384766],[30.29454231262207,53.799922943115234],[30.39191436767578,53.86756134033203],[30.481754302978516,54.4095458984375],[30.406360626220703,54.47740173339844],[30.811620712280273,54.817054748535156],[30.835119247436523,54.95309066772461],[29.4632625579834,55.089229583740234],[29.03916358947754,54.613189697265625],[28.49890899658203,53.32708740234375],[28.701273564241568,53.30008494399561],[29.257136480059078,53.22591353441913],[29.50982666015625,53.192195892333984],[29.7674617767334,53.192195892333984],[29.960405349731445,53.32708740234375]]]},"properties":{"Name":"Principality of Drutsk","FromYear":1111,"ToYear":1240,"Area":20022.5715107456,"Type":"POLITY","Wikipedia":"Principality of Drutsk","Wikidata":"Q2596884","SeshatID":"","Components":"","MemberOf":""}},
{"type":"Feature","geometry":{"type":"MultiPolygon","coordinates":[[[[27.971586227416992,56.182064056396484],[28.05961799621582,56.182064056396484],[28.14765167236328,56.182064056396484],[28.169076919555664,56.319149017333984],[28.17983627319336,56.387733459472656],[28.123947143554688,56.59365463256836],[27.971710487031917,56.67950917156216],[27.880273818969727,56.731075286865234],[27.8910167812491,56.799827575683594],[27.901763916015625,56.86860656738281],[27.813203811645508,56.86860656738281],[27.657373428344727,57.00625228881836],[27.57203134453104,57.015225648670125],[26.34715461730957,57.14401626586914],[26.3670597076416,57.28189468383789],[25.93236541748047,57.35087585449219],[25.389339447021484,57.28189468383789],[25.27259063720703,57.07511901855469],[24.828983306884766,57.07511901855469],[24.899688720703125,56.937416076660156],[24.616254806518555,56.799827575683594],[24.69594955444336,56.731075286865234],[24.687162399291992,56.662349700927734],[25.12916374206543,56.662349700927734],[25.445964813232422,56.387733459472656],[25.622344970703125,56.387733459472656],[25.710533142089844,56.387733459472656],[26.191911697387695,56.04508590698242],[25.997344970703125,55.90821838378906],[26.4078426361084,55.70311737060547],[26.495513916015625,55.70311737060547],[26.865774154663086,55.83982467651367],[27.29458999633789,55.77145767211914],[27.470035552978516,55.77145767211914],[27.971586227416992,56.182064056396484]]],[[[24.81107521057129,56.937416076660156],[24.820016860961914,57.00625228881836],[24.73134994506836,57.00625228881836],[24.722461700439453,56.937416076660156],[24.81107521057129,56.937416076660156]]]]},"properties":{"Name":"Principality of Jersika","FromYear":1111,"ToYear":1205,"Area":23422.422014996806,"Type":"POLITY","Wikipedia":"Principality of Jersika","Wikidata":"Q1687929","SeshatID":"","Components":"","MemberOf":""}},
{"type":"Feature","geometry":{"type":"Polygon","coordinates":[[[42.140586853027344,56.799827575683594],[42.44519805908203,56.937416076660156],[42.415470123291016,57.14401626586914],[42.593021392822266,57.14401626586914],[43.028709411621094,57.41988754272461],[43.00058364868164,57.62710189819336],[43.19940948486328,57.696231842041016],[43.19260025024414,57.97305679321289],[43.28203201293945,57.97305679321289],[43.53994369506836,58.528167724609375],[43.961334228515625,59.015533447265625],[44.932350158691406,59.504478454589844],[45,59.504478454589844],[45,60],[42.09503957757271,60],[41.63859939575195,59.714515686035156],[41.59706497192383,59.574459075927734],[40.79048156738281,59.294734954833984],[40.609432220458984,59.294734954833984],[40.275390625,59.714515686035156],[39.860355377197266,59.85470962524414],[39.775545622096715,60],[35.800737768174045,60],[35.76533126831055,59.85470962524414],[35.913124084472656,59.714515686035156],[35.902156829833984,59.294734954833984],[35.99268341064453,59.294734954833984],[36.03256607055664,59.08528518676758],[36.450199127197266,58.94581604003906],[36.42213439941406,58.45867156982422],[36.511962890625,58.45867156982422],[36.461795806884766,58.2503662109375],[36.551456451416016,58.2503662109375],[36.106449127197266,56.731075286865234],[35.5298957824707,56.524986267089844],[35.20680618286133,56.662349700927734],[35.131900787353516,56.319149017333984],[34.911495208740234,56.11355972290039],[34.86773681640625,55.90821838378906],[34.955562591552734,55.90821838378906],[35.89144515991211,55.77145767211914],[36.37188720703125,55.56651306152344],[36.64551544189453,55.225467681884766],[37.8124885559082,55.36180877685547],[37.84450149536133,55.498252868652344],[38.99554443359375,55.90821838378906],[39.59304428100586,55.83982467651367],[39.57581329345703,55.77145767211914],[39.85636901855469,55.83982467651367],[40.15491485595703,55.97663879394531],[40.33198165893555,56.319149017333984],[42.06369400024414,56.524986267089844],[42.08283615112305,56.59365463256836],[42.140586853027344,56.799827575683594]]]},"properties":{"Name":"Principality of Rostov-Suzdal","FromYear":1126,"ToYear":1226,"Area":245432.10634539317,"Type":"POLITY","Wikipedia":"Vladimir-Suzdal","Wikidata":"Q83546","SeshatID":"","Components":"","MemberOf":""}},
{"type":"Feature","geometry":{"type":"Polygon","coordinates":[[[-1.828825831413269,41.911441802978516],[-1.429987907409668,41.911441802978516],[-1.460152745246887,42.36617660522461],[-1.157305121421814,42.62621307373047],[-1.161591291427612,42.691246032714844],[-0.857915937900543,42.95146560668945],[-0.963850319385529,43.342071533203125],[-1.687574744224548,43.342071533203125],[-1.767988562583923,43.342071533203125],[-3.05971884727478,43.407203674316406],[-3.140162944793701,43.407203674316406],[-3.194893360137939,43.08163070678711],[-3.029263496398926,43.016544342041016],[-3.009225845336914,42.75628662109375],[-3.164480686187744,42.691246032714844],[-2.984477758407593,42.43117141723633],[-3.054611682891846,42.30118942260742],[-2.081673145294189,42.10627746582031],[-1.828825831413269,41.911441802978516]]]},"properties":{"Name":"Kingdom of Navarre","FromYear":1139,"ToYear":1201,"Area":22232.075215570134,"Type":"POLITY","Wikipedia":"Kingdom of Navarre","Wikidata":"Q200262","SeshatID":"","Components":"","MemberOf":""}},
{"type":"Feature","geometry":{"type":"MultiPolygon","coordinates":[[[[14.417119026184082,36.03080368041992],[14.339592933654785,36.03080368041992],[14.33681869506836,35.837650299072266],[14.568227767944336,35.77327346801758],[14.571182250976562,35.9664192199707],[14.417119026184082,36.03080368041992]]],[[[13.555561065673828,41.26253128051758],[13.635047912597656,41.26253128051758],[13.950616836547852,41.132843017578125],[14.104567527770996,40.873565673828125],[14.421854972839355,40.873565673828125],[14.417906761169434,40.6791877746582],[14.893351554870605,40.6791877746582],[15.041359901428223,40.225894927978516],[15.199469566345215,40.225894927978516],[15.431868553161621,40.031734466552734],[15.747773170471191,40.031734466552734],[15.665508270263672,39.90232849121094],[15.898874282836914,39.77294921875],[16.265209197998047,38.738853454589844],[15.949724197387695,38.67427444458008],[15.862062454223633,38.28691864013672],[14.763398170471191,38.157840728759766],[14.604636192321777,38.028785705566406],[13.665236473083496,37.96426773071289],[13.354706764221191,38.157840728759766],[13.119925498962402,38.157840728759766],[13.040358543395996,38.028785705566406],[12.649824142456055,38.09331130981445],[12.49189567565918,37.89975357055664],[12.490468978881836,37.706241607666016],[13.192005157470703,37.5772590637207],[13.578389167785645,37.254878997802734],[14.27791690826416,37.12596130371094],[14.661029815673828,36.73930740356445],[15.049844741821289,36.73930740356445],[15.213889122009277,37.1904182434082],[15.059245109558105,37.254878997802734],[15.066489219665527,37.641746520996094],[15.389483451843262,38.157840728759766],[15.62426471710205,38.157840728759766],[15.698192596435547,37.96426773071289],[15.932764053344727,37.96426773071289],[16.491945266723633,38.416015625],[16.502395629882812,38.80344009399414],[17.138301849365234,39.06184005737305],[17.069679260253906,39.38497543334961],[16.916194915771484,39.51427459716797],[16.44725799560547,39.64360046386719],[16.45665168762207,39.9670295715332],[16.697484970092773,40.0964469909668],[16.624452590942383,40.29063034057617],[16.861696243286133,40.29063034057617],[16.945016860961914,40.42012023925781],[16.867990493774414,40.4848747253418],[17.02848243713379,40.54964065551758],[17.345230102539062,40.54964065551758],[17.41753578186035,40.355369567871094],[17.813072204589844,40.355369567871094],[18.11216926574707,39.90232849121094],[18.34894371032715,39.90232849121094],[18.356534957885742,40.0964469909668],[18.435537338256836,40.0964469909668],[18.364234924316406,40.29063034057617],[17.981229782104492,40.614410400390625],[17.510658264160156,40.74397277832031],[17.436086654663086,40.873565673828125],[16.732860565185547,41.19768524169922],[15.943941116333008,41.39224624633789],[15.87384033203125,41.71668243408203],[16.114879608154297,41.781593322753906],[16.11888313293457,41.911441802978516],[15.720044136047363,41.911441802978516],[15.640276908874512,41.911441802978516],[15.241438865661621,41.911441802978516],[15.165011405944824,42.041324615478516],[14.9239501953125,41.97637939453125],[14.765887260437012,42.041324615478516],[14.768959999084473,42.17123794555664],[14.607714653015137,42.10627746582031],[14.530768394470215,42.236209869384766],[14.370945930480957,42.236209869384766],[13.901384353637695,42.75628662109375],[13.98537540435791,42.95146560668945],[13.90514087677002,42.95146560668945],[13.583069801330566,42.88639831542969],[13.339327812194824,42.691246032714844],[13.098980903625488,42.691246032714844],[12.856051445007324,42.496177673339844],[12.931666374206543,42.17123794555664],[13.00974178314209,42.041324615478516],[13.328027725219727,41.97637939453125],[13.327016830444336,41.911441802978516],[13.804443359375,41.84651184082031],[14.038646697998047,41.586883544921875],[13.874675750732422,41.32738494873047],[13.555561065673828,41.26253128051758]]]]},"properties":{"Name":"Kingdom of Sicily","FromYear":1147,"ToYear":1201,"Area":91977.42239377146,"Type":"POLITY","Wikipedia":"Kingdom of Sicily","Wikidata":"Q188586","SeshatID":"it_sicily_k_1","Components":"","MemberOf":""}},
{"type":"Feature","geometry":{"type":"Polygon","coordinates":[[[39.03213882446289,47.33478927612305],[39.1145133972168,47.33478927612305],[39.26741409301758,47.26897048950195],[39.12647247314453,46.94007873535156],[38.89152145385742,47.005828857421875],[38.528526306152344,46.808616638183594],[38.494598388671875,46.61152267456055],[38.095703125,46.677207946777344],[37.82759475708008,46.54585266113281],[38.36785888671875,46.348915100097656],[38.394187927246094,46.02093505859375],[40.226356506347656,45.75876998901367],[42.97427749633789,45.62776184082031],[43.873844146728516,45.23500442504883],[45,44.998690038539706],[45,56.086618076743854],[42.314048767089844,55.83982467651367],[42.22627258300781,55.83982467651367],[41.02803039550781,54.27390670776367],[40.02474594116211,52.250450134277344],[39.324066162109375,51.78114318847656],[39.01597472108345,51.7229082528252],[38.969818115234375,51.71418380737305],[38.87054293311007,51.44654083251953],[38.83721594605818,51.35669225438946],[38.771385192871094,51.17921447753906],[38.602256774902344,51.17921447753906],[38.588433254394566,51.11244318551873],[38.560791015625,50.97892379760742],[38.30885282748337,50.70006538494892],[38.15505376063102,50.529832503752296],[38.018856048583984,50.37908172607422],[37.992820739746094,50.2459831237793],[38.289669036865234,50.04647445678711],[38.26384353637695,49.91355895996094],[38.3476448059082,49.91355895996094],[38.49656295776367,49.38258361816406],[38.65088653564453,49.316287994384766],[38.68401336669922,49.051273345947266],[38.908817291259766,48.91886520385742],[38.883888244628906,48.786521911621094],[39.166595458984375,48.52202224731445],[39.105133056640625,48.191749572753906],[39.23418045043945,47.993770599365234],[39.03213882446289,47.33478927612305]]]},"properties":{"Name":"Kimek-Kipchak confederation","FromYear":1147,"ToYear":1209,"Area":2924412.7637199988,"Type":"POLITY","Wikipedia":"Kimek-Kipchak confederation","Wikidata":"Q2477776","SeshatID":"kz_kimek_conf","Components":"","MemberOf":""}},
{"type":"Feature","geometry":{"type":"MultiPolygon","coordinates":[[[[11.574831008911133,42.36617660522461],[11.494861602783203,42.36617660522461],[11.494501113891602,42.30118942260742],[11.574441909790039,42.30118942260742],[11.574831008911133,42.36617660522461]]],[[[13.555561065673828,41.26253128051758],[13.874675750732422,41.32738494873047],[14.038646697998047,41.586883544921875],[13.804443359375,41.84651184082031],[13.327016830444336,41.911441802978516],[13.328027725219727,41.97637939453125],[13.00974178314209,42.041324615478516],[12.931666374206543,42.17123794555664],[12.296512603759766,42.56119155883789],[12.301782608032227,43.08163070678711],[12.141195297241211,43.08163070678711],[12.224648475646973,43.407203674316406],[11.82194709777832,43.342071533203125],[11.820984840393066,43.211830139160156],[11.981149673461914,43.146724700927734],[12.0580472946167,42.75628662109375],[11.736565589904785,42.62621307373047],[11.574831008911133,42.36617660522461],[11.654799461364746,42.36617660522461],[11.733430862426758,42.17123794555664],[12.131669044494629,42.041324615478516],[12.130502700805664,41.911441802978516],[12.604641914367676,41.521995544433594],[12.922186851501465,41.45711898803711],[13.000019073486328,41.32738494873047],[13.476075172424316,41.26253128051758],[13.555561065673828,41.26253128051758]]]]},"properties":{"Name":"Papal States","FromYear":1147,"ToYear":1201,"Area":16042.925848653675,"Type":"POLITY","Wikipedia":"Papal States","Wikidata":"Q170174","SeshatID":"it_st_peter_rep_2","Components":"","MemberOf":""}},
{"type":"Feature","geometry":{"type":"MultiPolygon","coordinates":[[[[7.552080154418945,43.79821014404297],[7.632706642150879,43.79821014404297],[7.631586074829102,43.86341094970703],[7.712243556976318,43.86341094970703],[7.792901039123535,43.86341094970703],[7.873558521270752,43.86341094970703],[7.872525691986084,43.92862319946289],[7.953213691711426,43.92862319946289],[8.033902168273926,43.92862319946289],[8.032925605773926,43.99384307861328],[8.11364459991455,43.99384307861328],[8.112695693969727,44.05907440185547],[8.193445205688477,44.05907440185547],[8.192523002624512,44.12431716918945],[7.707837581634521,44.12431716918945],[7.548612117767334,43.99384307861328],[7.552080154418945,43.79821014404297]]],[[[9.970182418823242,43.99384307861328],[9.969943046569824,44.05907440185547],[9.889193534851074,44.05907440185547],[9.889463424682617,43.99384307861328],[9.970182418823242,43.99384307861328]]],[[[9.969700813293457,44.12431716918945],[9.64546012878418,44.32010269165039],[9.644309997558594,44.5159797668457],[9.481462478637695,44.64661407470703],[9.157340049743652,44.64661407470703],[9.156752586364746,44.71194839477539],[8.994627952575684,44.71194839477539],[8.914925575256348,44.58129119873047],[8.590126037597656,44.64661407470703],[8.349712371826172,44.45067596435547],[8.35147476196289,44.32010269165039],[8.43234920501709,44.32010269165039],[8.592522621154785,44.45067596435547],[9.159077644348145,44.45067596435547],[9.565396308898926,44.18956756591797],[9.888919830322266,44.12431716918945],[9.969700813293457,44.12431716918945]]]]},"properties":{"Name":"Republic of Genoa","FromYear":1152,"ToYear":1201,"Area":4187.746163159274,"Type":"POLITY","Wikipedia":"Republic of Genoa","Wikidata":"Q174306","SeshatID":"it_genoa_rep_1","Components":"","MemberOf":""}},
{"type":"Feature","geometry":{"type":"MultiPolygon","coordinates":[[[[1.337347388267517,39.1264533996582],[1.258725643157959,39.1264533996582],[1.183109045028687,39.06184005737305],[1.273545265197754,38.80344009399414],[1.430543661117554,38.80344009399414],[1.657540321350098,38.997230529785156],[1.651834011077881,39.1264533996582],[1.337347388267517,39.1264533996582]]],[[[3.19298791885376,39.9670295715332],[2.956136703491211,39.9670295715332],[2.877186298370361,39.9670295715332],[2.338095426559448,39.64360046386719],[2.346148252487183,39.449623107910156],[2.658556938171387,39.51427459716797],[2.82365870475769,39.320335388183594],[3.295835733413696,39.320335388183594],[3.515789270401001,39.77294921875],[3.197866439819336,39.8376350402832],[3.19298791885376,39.9670295715332]]],[[[4.215116024017334,40.0964469909668],[3.820104122161865,40.0964469909668],[3.741101741790771,40.0964469909668],[3.826826572418213,39.90232849121094],[4.302449703216553,39.8376350402832],[4.215116024017334,40.0964469909668]]]]},"properties":{"Name":"Almoravid Dynasty","FromYear":1152,"ToYear":1201,"Area":6926.061222174859,"Type":"POLITY","Wikipedia":"Almoravid dynasty","Wikidata":"Q75613","SeshatID":"","Components":"","MemberOf":""}},
{"type":"Feature","geometry":{"type":"Polygon","coordinates":[[[5.576864242553711,47.664100646972656],[5.822384834289551,47.730003356933594],[5.818123817443848,47.86185836791992],[5.646180152893066,48.059749603271484],[5.480661869049072,48.059749603271484],[5.47376823425293,48.257774353027344],[5.305657386779785,48.323814392089844],[5.303273677825928,48.38986587524414],[4.883440971374512,48.52202224731445],[4.865273475646973,48.98506164550781],[5.026719093322754,49.11750411987305],[4.679802417755127,49.44889450073242],[4.576823711395264,49.91355895996094],[4.154837608337402,49.98000717163086],[4.083094596862793,49.71431350708008],[3.838290452957153,49.58156967163086],[3.847608327865601,49.38258361816406],[3.603540658950806,49.2500114440918],[3.619439125061035,48.91886520385742],[3.373019933700562,48.852684020996094],[3.033406257629395,48.98506164550781],[2.79067063331604,48.852684020996094],[2.884289264678955,48.654239654541016],[3.057219743728638,48.52202224731445],[3.475459814071655,48.455936431884766],[3.564719438552856,48.323814392089844],[3.647621154785156,48.323814392089844],[3.914155960083008,47.92780685424805],[4.173548221588135,47.664100646972656],[4.338644027709961,47.664100646972656],[4.578328132629395,47.86185836791992],[4.572990417480469,47.993770599365234],[4.821161270141602,47.993770599365234],[5.249034404754639,47.598209381103516],[5.576864242553711,47.664100646972656]]]},"properties":{"Name":"County of Champagne","FromYear":1152,"ToYear":1205,"Area":25276.47891881701,"Type":"POLITY","Wikipedia":"County of Champagne","Wikidata":"Q546266","SeshatID":"fr_capetian_k_2","Components":"","MemberOf":"(Kingdom of France)"}},
{"type":"Feature","geometry":{"type":"MultiPolygon","coordinates":[[[[-3.878627777099609,52.250450134277344],[-3.622879981994629,52.250450134277344],[-3.067585706710815,52.653533935546875],[-3.088564872741699,52.85536575317383],[-3.174215316772461,52.85536575317383],[-3.274127721786499,52.99003219604492],[-3.19550085067749,53.057395935058594],[-2.852354049682617,53.057395935058594],[-2.859304904937744,53.124786376953125],[-2.94513726234436,53.124786376953125],[-2.9493420204780594,53.16519000989527],[-2.952152490615845,53.192195892333984],[-3.0095230383802134,53.192195892333984],[-3.038030624389648,53.192195892333984],[-3.03944020090128,53.20562104534913],[-3.045110702514648,53.25962829589844],[-3.131035089492798,53.25962829589844],[-3.1597921767913126,53.25962829589844],[-3.216959238052368,53.25962829589844],[-3.2198313932589544,53.28657054576656],[-3.224150657653809,53.32708740234375],[-3.3113312174087963,53.33832889099077],[-3.747460842132568,53.39456558227539],[-4.162125587463379,53.25962829589844],[-4.271347522735596,53.462066650390625],[-4.701662540435791,53.462066650390625],[-4.669717311859131,53.192195892333984],[-4.490120410919189,53.124786376953125],[-4.809510231018066,52.92268753051758],[-4.793659210205078,52.78806686401367],[-4.29533576965332,52.92268753051758],[-4.156738758087158,52.4518928527832],[-4.552989482879639,52.18334197998047],[-4.638194561004639,52.18334197998047],[-4.615292549133301,51.98215103149414],[-4.189918994903564,51.98215103149414],[-4.260177135467529,51.84812545776367],[-3.997964382171631,51.78114318847656],[-3.849620580673218,51.98215103149414],[-3.878627777099609,52.250450134277344]],[[-4.071356773376465,52.4518928527832],[-3.978627379974565,52.38472366333008],[-4.063926219940186,52.38472366333008],[-4.071356773376465,52.4518928527832]],[[-3.885929584503174,52.31757736206055],[-3.971222877502441,52.31757736206055],[-3.978585749803205,52.38469350822214],[-3.885929584503174,52.31757736206055]]],[[[-4.786076545715332,55.56651306152344],[-4.777467250823975,55.498252868652344],[-5.171102046966553,55.15733337402344],[-5.153679370880127,55.021148681640625],[-5.32801628112793,55.021148681640625],[-5.110523223876953,54.681121826171875],[-4.936679363250732,54.681121826171875],[-4.953676700592041,54.817054748535156],[-4.86665678024292,54.817054748535156],[-4.423340797424316,54.74907684326172],[-3.569097280502319,54.88506317138672],[-3.576861381530762,54.95309066772461],[-4.306667327880859,55.225467681884766],[-4.593943119049072,55.430015563964844],[-4.619466304779053,55.63479995727539],[-4.786076545715332,55.56651306152344]]]]},"properties":{"Name":"(Brythonic Kingdoms)","FromYear":1169,"ToYear":1209,"Area":17800.615366795384,"Type":"POLITY","Wikipedia":"Celtic Britons","Wikidata":"Q849967","SeshatID":"gb_brythonic_k","Components":"Brythons;Kingdom of Powys Wenwynwyn;Kingdom of Powys Fadog;Kingdom of Gwynedd","MemberOf":""}},
{"type":"Feature","geometry":{"type":"Polygon","coordinates":[[[1.388798952102661,48.654239654541016],[1.305716156959534,48.654239654541016],[1.30986750125885,48.5881233215332],[1.226821184158325,48.5881233215332],[1.143774747848511,48.5881233215332],[1.060728430747986,48.5881233215332],[1.06497848033905,48.52202224731445],[0.981968343257904,48.52202224731445],[0.824633359909058,48.38986587524414],[0.907571136951447,48.38986587524414],[0.928915143013,48.059749603271484],[1.276269555091858,47.79592514038086],[1.19774067401886,47.730003356933594],[1.316350340843201,47.13737487792969],[1.892255425453186,47.13737487792969],[1.768123745918274,47.86185836791992],[1.685470700263977,47.86185836791992],[1.733008742332458,48.455936431884766],[1.567061066627502,48.455936431884766],[1.388798952102661,48.654239654541016]]]},"properties":{"Name":"County of Blôis","FromYear":1169,"ToYear":1205,"Area":7796.141928855557,"Type":"POLITY","Wikipedia":"County of Blois","Wikidata":"Q19336869","SeshatID":"fr_capetian_k_2","Components":"","MemberOf":"(Kingdom of France)"}},
{"type":"Feature","geometry":{"type":"Polygon","coordinates":[[[2.711595296859741,47.20316696166992],[2.793901681900024,47.20316696166992],[2.803918361663818,47.005828857421875],[3.069725751876831,46.61152267456055],[3.728644609451294,46.54585266113281],[3.804866790771484,46.677207946777344],[3.963295221328735,46.808616638183594],[3.866787195205688,47.13737487792969],[3.949059247970581,47.13737487792969],[3.940429925918579,47.33478927612305],[3.607901573181152,47.4006233215332],[3.601821660995483,47.53233337402344],[3.766778707504272,47.53233337402344],[3.754808187484741,47.79592514038086],[3.249412775039673,47.993770599365234],[2.763392686843872,47.79592514038086],[2.429348230361938,47.86185836791992],[2.368207454681396,47.46647262573242],[2.618989706039429,47.4006233215332],[2.711595296859741,47.20316696166992]]]},"properties":{"Name":"County of Nevers","FromYear":1169,"ToYear":1205,"Area":12467.158433355797,"Type":"POLITY","Wikipedia":"County of Nevers","Wikidata":"Q2070440","SeshatID":"fr_capetian_k_2","Components":"","MemberOf":"(Kingdom of France)"}},
{"type":"Feature","geometry":{"type":"Polygon","coordinates":[[[-3.92274022102356,52.653533935546875],[-3.930162906646729,52.720787048339844],[-3.609770059585571,52.92268753051758],[-3.545964002609253,53.124786376953125],[-3.216959238052368,53.25962829589844],[-3.2198313932589544,53.28657054576656],[-3.224150657653809,53.32708740234375],[-3.3113312174087963,53.33832889099077],[-3.747460842132568,53.39456558227539],[-4.162125587463379,53.25962829589844],[-4.271347522735596,53.462066650390625],[-4.701662540435791,53.462066650390625],[-4.669717311859131,53.192195892333984],[-4.490120410919189,53.124786376953125],[-4.809510231018066,52.92268753051758],[-4.793659210205078,52.78806686401367],[-4.29533576965332,52.92268753051758],[-4.156738758087158,52.4518928527832],[-4.071356773376465,52.4518928527832],[-3.98597526550293,52.4518928527832],[-3.92274022102356,52.653533935546875]]]},"properties":{"Name":"Kingdom of Gwynedd","FromYear":1169,"ToYear":1209,"Area":5693.606348158282,"Type":"POLITY","Wikipedia":"Kingdom of Gwynedd","Wikidata":"Q816814","SeshatID":"gb_brythonic_k","Components":"","MemberOf":"(Brythonic Kingdoms)"}},
{"type":"Feature","geometry":{"type":"Polygon","coordinates":[[[-3.174215316772461,52.85536575317383],[-3.338368892669678,52.78806686401367],[-3.609770059585571,52.92268753051758],[-3.930162906646729,52.720787048339844],[-3.92274022102356,52.653533935546875],[-4.071356773376465,52.4518928527832],[-3.978627379974565,52.38472366333008],[-3.9786273799745646,52.38472366333008],[-3.978585749803205,52.38469350822214],[-3.9785857498032042,52.38469350822214],[-3.885929584503174,52.31757736206055],[-3.878627777099609,52.250450134277344],[-3.622879981994629,52.250450134277344],[-3.067585706710815,52.653533935546875],[-3.088564872741699,52.85536575317383],[-3.174215316772461,52.85536575317383]]]},"properties":{"Name":"Kingdom of Powys Wenwynwyn","FromYear":1169,"ToYear":1205,"Area":3078.0415741251472,"Type":"POLITY","Wikipedia":"Powys Wenwynwyn","Wikidata":"Q2670639","SeshatID":"gb_brythonic_k","Components":"","MemberOf":"(Brythonic Kingdoms)"}},
{"type":"Feature","geometry":{"type":"Polygon","coordinates":[[[-2.859304904937744,53.124786376953125],[-2.94513726234436,53.124786376953125],[-2.9493420204780594,53.16519000989527],[-2.952152490615845,53.192195892333984],[-3.0095230383802134,53.192195892333984],[-3.038030624389648,53.192195892333984],[-3.03944020090128,53.20562104534913],[-3.045110702514648,53.25962829589844],[-3.131035089492798,53.25962829589844],[-3.1597921767913126,53.25962829589844],[-3.216959238052368,53.25962829589844],[-3.545964002609253,53.124786376953125],[-3.609770059585571,52.92268753051758],[-3.338368892669678,52.78806686401367],[-3.174215316772461,52.85536575317383],[-3.274127721786499,52.99003219604492],[-3.19550085067749,53.057395935058594],[-2.852354049682617,53.057395935058594],[-2.859304904937744,53.124786376953125]]]},"properties":{"Name":"Kingdom of Powys Fadog","FromYear":1169,"ToYear":1209,"Area":1337.0139177602528,"Type":"POLITY","Wikipedia":"Powys Fadog","Wikidata":"Q2564694","SeshatID":"gb_brythonic_k","Components":"","MemberOf":"(Brythonic Kingdoms)"}},
{"type":"Feature","geometry":{"type":"Polygon","coordinates":[[[17.659317016601562,50.11296081542969],[17.904199600219727,49.98000717163086],[18.323387145996094,49.98000717163086],[18.316205978393555,49.84712600708008],[18.399965286254883,49.84712600708008],[18.396364212036133,49.78071212768555],[18.71640396118164,49.51522445678711],[19.13038444519043,49.44889450073242],[19.388931274414062,49.58156967163086],[19.2415714263916,49.91355895996094],[19.077926635742188,49.98000717163086],[19.18613052368164,50.37908172607422],[19.102054595947266,50.37908172607422],[18.337976455688477,50.2459831237793],[18.08956527709961,50.312522888183594],[17.746612548828125,50.17946243286133],[17.74323272705078,50.11296081542969],[17.659317016601562,50.11296081542969]]]},"properties":{"Name":"Duchy of Opole","FromYear":1177,"ToYear":1201,"Area":6625.4552186468945,"Type":"POLITY","Wikipedia":"Duchy of Opole","Wikidata":"Q661980","SeshatID":"pl_piast_dyn_2","Components":"","MemberOf":"(Duchies of Poland)"}},
{"type":"Feature","geometry":{"type":"MultiPolygon","coordinates":[[[[-4.799596309661865,54.27390670776367],[-4.861302852630615,54.07062530517578],[-4.358400821685791,54.20612335205078],[-4.382591724395752,54.4095458984375],[-4.807900905609131,54.341712951660156],[-4.799596309661865,54.27390670776367]]],[[[-5.808821201324463,57.28189468383789],[-6.085347175598145,57.35087585449219],[-6.224331378936768,57.696231842041016],[-6.502223968505859,57.7653923034668],[-6.481740951538086,57.62710189819336],[-6.471539974212646,57.55800247192383],[-6.738846778869629,57.55800247192383],[-6.796852111816406,57.35087585449219],[-6.618975639343262,57.35087585449219],[-6.410901069641113,57.14401626586914],[-6.055799961090088,57.14401626586914],[-6.036232471466064,57.00625228881836],[-5.865286270595791,57.05216815955268],[-5.779839515686035,57.07511901855469],[-5.783054605307968,57.09805772211438],[-5.808821201324463,57.28189468383789]]],[[[-6.205919742584229,58.180992126464844],[-6.25730562210083,58.528167724609375],[-6.785952091217041,58.45867156982422],[-6.764688491821289,58.31977081298828],[-6.854404926300049,58.31977081298828],[-7.281157493591309,58.180992126464844],[-7.06976318359375,57.97305679321289],[-7.12709903717041,57.7653923034668],[-6.52281665802002,57.903804779052734],[-6.385126113891602,58.180992126464844],[-6.205919742584229,58.180992126464844]]]]},"properties":{"Name":"Kingdom of Mann","FromYear":1177,"ToYear":1259,"Area":6003.1719739762375,"Type":"POLITY","Wikipedia":"Kingdom of the Isles","Wikidata":"Q459188","SeshatID":"","Components":"","MemberOf":""}},
{"type":"Feature","geometry":{"type":"MultiPolygon","coordinates":[[[[15.148378372192383,44.45067596435547],[15.067441940307617,44.45067596435547],[15.065731048583984,44.38538360595703],[15.146636962890625,44.38538360595703],[15.148378372192383,44.45067596435547]]],[[[15.067441940307617,44.45067596435547],[15.06858201388312,44.49419194994971],[15.06915283203125,44.5159797668457],[15.028629145527555,44.5159797668457],[14.988184928894043,44.5159797668457],[14.986505508422852,44.45067596435547],[15.067441940307617,44.45067596435547]]],[[[14.502378463745117,44.5159797668457],[14.51131820678711,44.908016204833984],[14.350428581237793,44.973392486572266],[14.269240379333496,44.973392486572266],[14.260871887207031,44.58129119873047],[14.502378463745117,44.5159797668457]]],[[[14.515777587890625,45.10417556762695],[14.757952513026673,45.03877670306789],[14.757953643798828,45.03877639770508],[14.757952549930629,45.03877822926232],[14.705873954494141,45.12597788336516],[14.679829597473145,45.169586181640625],[14.59854507446289,45.169586181640625],[14.517261505126953,45.169586181640625],[14.515777587890625,45.10417556762695]]],[[[13.945749282836914,45.03877639770508],[13.628785133361816,45.496795654296875],[13.547340393066406,45.496795654296875],[13.702088356018066,45.03877639770508],[13.783308029174805,45.03877639770508],[13.782108306884766,44.973392486572266],[13.780906677246094,44.908016204833984],[13.86206340789795,44.908016204833984],[13.943220138549805,44.908016204833984],[13.944485664367676,44.973392486572266],[13.945749282836914,45.03877639770508]]],[[[12.161685943603516,45.36587905883789],[12.162237167358398,45.431331634521484],[12.816752433776855,45.693260192871094],[13.060476303100586,45.62776184082031],[12.9815673828125,45.82429504394531],[12.818355560302734,45.82429504394531],[12.736748695373535,45.82429504394531],[12.164421081542969,45.693260192871094],[12.000378608703613,45.56227111816406],[11.998926162719727,45.36587905883789],[12.161685943603516,45.36587905883789]]],[[[17.510494232177734,42.82133865356445],[17.50791358947754,42.75628662109375],[17.588058471679688,42.75628662109375],[17.590667724609375,42.82133865356445],[17.510494232177734,42.82133865356445]]],[[[17.520870208740234,43.08163070678711],[17.440576553344727,43.08163070678711],[17.36028289794922,43.08163070678711],[17.35774040222168,43.016544342041016],[17.515670776367188,42.95146560668945],[17.518270359111405,43.01654481607914],[17.520870208740234,43.08163070678711]]],[[[15.618592262268066,43.92862319946289],[15.616673469543457,43.86341094970703],[15.935225486755371,43.73301696777344],[16.01169204711914,43.6026611328125],[15.927099227905273,43.472347259521484],[16.575437545776367,43.6026611328125],[16.734172821044922,43.53750228881836],[16.727190017700195,43.342071533203125],[17.05129051208496,43.407203674316406],[17.12186050415039,43.146724700927734],[17.2850284576416,43.211830139160156],[17.36538314819336,43.211830139160156],[17.053739547729492,43.472347259521484],[17.05619239807129,43.53750228881836],[16.97568702697754,43.53750228881836],[16.89518165588379,43.53750228881836],[16.814678192138672,43.53750228881836],[16.81704330444336,43.6026611328125],[16.736507415771484,43.6026611328125],[16.655973434448242,43.6026611328125],[16.41880226135254,43.73301696777344],[16.096418380737305,43.73301696777344],[15.860657691955566,43.92862319946289],[15.618592262268066,43.92862319946289]]],[[[15.146636962890625,44.38538360595703],[15.144895553588867,44.32010269165039],[15.14315414428711,44.25482940673828],[15.223997116088867,44.25482940673828],[15.2222261428833,44.18956756591797],[15.22045612335205,44.12431716918945],[15.459075927734375,43.99384307861328],[15.374701499938965,43.86341094970703],[15.537904739379883,43.92862319946289],[15.618592262268066,43.92862319946289],[15.382017135620117,44.12431716918945],[15.387516975402832,44.32010269165039],[15.146636962890625,44.38538360595703]]]]},"properties":{"Name":"Republic of Venice","FromYear":1188,"ToYear":1205,"Area":6982.186730397622,"Type":"POLITY","Wikipedia":"Republic of Venice","Wikidata":"Q4948","SeshatID":"","Components":"","MemberOf":""}},
{"type":"Feature","geometry":{"type":"Polygon","coordinates":[[[-8.822718620300293,38.48057174682617],[-7.983565330505371,38.738853454589844],[-7.916656970977783,38.8680305480957],[-7.681086540222168,38.8680305480957],[-7.614006996154785,38.997230529785156],[-7.855546951293945,39.06184005737305],[-7.957716941833496,39.320335388183594],[-7.672315120697021,39.64360046386719],[-7.435848712921143,39.64360046386719],[-6.895466804504395,39.77294921875],[-6.839452266693115,40.031734466552734],[-7.00321626663208,40.0964469909668],[-7.014894485473633,40.225894927978516],[-6.868430137634277,40.355369567871094],[-6.927728176116943,41.00318908691406],[-6.254164218902588,41.45711898803711],[-6.271912097930908,41.65177917480469],[-6.516909122467041,41.71668243408203],[-6.700808048248291,41.97637939453125],[-8.11717414855957,41.781593322753906],[-8.216935157775879,41.97637939453125],[-8.137139320373535,41.97637939453125],[-8.150541305541992,42.10627746582031],[-8.469955444335938,42.10627746582031],[-8.928141593933105,41.911441802978516],[-8.921201705932617,41.84651184082031],[-8.72695255279541,40.74397277832031],[-8.872282981872559,40.614410400390625],[-8.846114158630371,40.355369567871094],[-8.925222396850586,40.355369567871094],[-9.025042533874512,39.77294921875],[-9.103915214538574,39.77294921875],[-9.157164573669434,39.51427459716797],[-9.387048721313477,39.449623107910156],[-9.42748737335205,39.06184005737305],[-9.571974754333496,38.93262481689453],[-9.553065299987793,38.738853454589844],[-9.38370418548584,38.60969924926758],[-9.23299789428711,38.67427444458008],[-9.20852279663086,38.416015625],[-8.901097297668457,38.48057174682617],[-8.822718620300293,38.48057174682617]]]},"properties":{"Name":"Kingdom of Portugal","FromYear":1188,"ToYear":1201,"Area":61690.31809917699,"Type":"POLITY","Wikipedia":"Kingdom of Portugal","Wikidata":"Q45670","SeshatID":"pt_portugal_k","Components":"","MemberOf":""}},
{"type":"Feature","geometry":{"type":"Polygon","coordinates":[[[2.863730669021606,42.236209869384766],[3.028952598571777,42.10627746582031],[3.030748568023246,42.06289392710756],[3.031641483306885,42.041324615478516],[3.114119291305542,41.97637939453125],[3.10078239440918,42.30118942260742],[3.18072247505188,42.30118942260742],[3.092691898345947,42.496177673339844],[2.855401039123535,42.43117141723633],[2.8609545144433675,42.30118795367803],[2.863730669021606,42.236209869384766]]]},"properties":{"Name":"County of Ampuria","FromYear":1188,"ToYear":1235,"Area":832.6850035030534,"Type":"POLITY","Wikipedia":"County of Empúries","Wikidata":"Q1541699","SeshatID":"","Components":"","MemberOf":""}},
{"type":"Feature","geometry":{"type":"Polygon","coordinates":[[[14.602863311767578,51.71418380737305],[14.607197761535645,51.84812545776367],[14.951874732971191,51.98215103149414],[14.956645011901855,52.11625671386719],[14.537419319152832,52.31757736206055],[14.548598289489746,52.653533935546875],[14.125114440917969,52.78806686401367],[14.045584678649902,52.99003219604492],[12.756768226623535,52.85536575317383],[12.503467559814453,53.057395935058594],[12.159278869628906,52.99003219604492],[11.217759132385254,53.192195892333984],[10.87574291229248,53.462066650390625],[10.877296447753906,53.732303619384766],[11.224658012390137,54.00291442871094],[11.138218879699707,54.00291442871094],[10.879310607910156,54.07062530517578],[11.053302764892578,54.20612335205078],[11.054854393005371,54.4095458984375],[10.274396896362305,54.47740173339844],[10.187621116638184,54.47740173339844],[9.927618026733398,54.27390670776367],[9.148486137390137,54.20612335205078],[8.887362480163574,54.341712951660156],[8.802155494689941,54.20612335205078],[8.80289077758789,54.138362884521484],[8.892172813415527,53.86756134033203],[8.459527015686035,53.93522644042969],[8.37701416015625,53.664710998535156],[8.204607963562012,53.664710998535156],[8.120620727539062,53.52959060668945],[7.94840145111084,53.52959060668945],[8.032201766967773,53.664710998535156],[7.944795608520508,53.732303619384766],[7.082295417785645,53.732303619384766],[6.913325786590576,53.597137451171875],[6.916844367980957,53.462066650390625],[6.226210117340088,53.52959060668945],[5.542333602905273,53.39456558227539],[5.20894193649292,53.124786376953125],[5.385728359222412,52.99003219604492],[5.390830039978027,52.85536575317383],[4.970867156982422,52.653533935546875],[4.871281623840332,52.99003219604492],[4.699799060821533,52.99003219604492],[4.454747676849365,52.720787048339844],[4.463808536529541,52.51908493041992],[4.21693229675293,52.31757736206055],[4.223166942596436,52.18334197998047],[3.974021434783936,52.0491943359375],[3.980464458465576,51.91512680053711],[3.810401916503906,51.91512680053711],[3.81699013710022,51.78114318847656],[3.647099733352661,51.78114318847656],[3.738690614700317,51.64724349975586],[3.399252653121948,51.64724349975586],[3.40621018409729,51.51342010498047],[3.74860668182373,51.44654083251953],[3.155481338500977,51.44654083251953],[3.159067630767822,51.37968063354492],[3.254344463348389,51.17921447753906],[4.103085994720459,51.112430572509766],[4.034165859222412,50.77880859375],[3.700162887573242,50.71213912963867],[3.541608572006226,50.51224899291992],[3.64209246635437,50.17946243286133],[3.726047992706299,50.17946243286133],[3.729254722595215,50.11296081542969],[3.813170909881592,50.11296081542969],[3.816332101821899,50.04647445678711],[3.900208711624146,50.04647445678711],[3.984085559844971,50.04647445678711],[3.987162351608276,49.98000717163086],[4.071000099182129,49.98000717163086],[4.154837608337402,49.98000717163086],[4.576823711395264,49.91355895996094],[4.679802417755127,49.44889450073242],[5.026719093322754,49.11750411987305],[4.865273475646973,48.98506164550781],[4.883440971374512,48.52202224731445],[5.303273677825928,48.38986587524414],[5.305657386779785,48.323814392089844],[5.47376823425293,48.257774353027344],[5.480661869049072,48.059749603271484],[5.646180152893066,48.059749603271484],[5.818123817443848,47.86185836791992],[5.822384834289551,47.730003356933594],[5.576864242553711,47.664100646972656],[5.594502449035645,47.13737487792969],[5.432206630706787,47.07159423828125],[5.372467994689941,46.414546966552734],[5.37468433380127,46.348915100097656],[5.292815208435059,46.348915100097656],[5.295057773590088,46.283294677734375],[5.07259464263916,45.62776184082031],[4.909576416015625,45.62776184082031],[4.828067779541016,45.62776184082031],[4.504523754119873,45.56227111816406],[4.679500579833984,45.23500442504883],[4.356745719909668,45.169586181640625],[4.123232841491699,44.908016204833984],[3.96091890335083,44.908016204833984],[3.966166257858276,44.77729415893555],[4.057530879974365,44.5159797668457],[4.469520568847656,44.32010269165039],[4.476603984832764,44.12431716918945],[4.725685596466064,43.92862319946289],[4.41231107711792,43.6678352355957],[4.414638042449951,43.6026611328125],[4.338796615600586,43.472347259521484],[5.063065528869629,43.472347259521484],[5.386905193328857,43.407203674316406],[5.390771865844727,43.276947021484375],[5.631923198699951,43.276947021484375],[5.796233177185059,43.146724700927734],[6.278174877166748,43.146724700927734],[6.596527099609375,43.276947021484375],[6.67255163192749,43.472347259521484],[7.471453189849854,43.79821014404297],[7.552080154418945,43.79821014404297],[7.548612117767334,43.99384307861328],[7.707837581634521,44.12431716918945],[8.192523002624512,44.12431716918945],[8.191595077514648,44.18956756591797],[8.272406578063965,44.18956756591797],[8.271506309509277,44.25482940673828],[8.352349281311035,44.25482940673828],[8.35147476196289,44.32010269165039],[8.349712371826172,44.45067596435547],[8.590126037597656,44.64661407470703],[8.914925575256348,44.58129119873047],[8.994627952575684,44.71194839477539],[9.156752586364746,44.71194839477539],[9.157340049743652,44.64661407470703],[9.481462478637695,44.64661407470703],[9.644309997558594,44.5159797668457],[9.64546012878418,44.32010269165039],[9.969700813293457,44.12431716918945],[9.969943046569824,44.05907440185547],[9.970182418823242,43.99384307861328],[10.050901412963867,43.99384307861328],[10.05069351196289,44.05907440185547],[10.13144302368164,44.05907440185547],[10.131620407104492,43.99384307861328],[10.212339401245117,43.99384307861328],[10.212483406066895,43.92862319946289],[10.696523666381836,43.79821014404297],[10.615739822387695,43.342071533203125],[10.776388168334961,43.211830139160156],[10.776015281677246,42.95146560668945],[10.85624885559082,42.95146560668945],[11.01634693145752,42.82133865356445],[11.015789985656738,42.62621307373047],[11.175962448120117,42.62621307373047],[11.1754732131958,42.496177673339844],[11.494861602783203,42.36617660522461],[11.574831008911133,42.36617660522461],[11.736565589904785,42.62621307373047],[12.0580472946167,42.75628662109375],[11.981149673461914,43.146724700927734],[11.820984840393066,43.211830139160156],[11.82194709777832,43.342071533203125],[12.224648475646973,43.407203674316406],[12.141195297241211,43.08163070678711],[12.301782608032227,43.08163070678711],[12.296512603759766,42.56119155883789],[12.931666374206543,42.17123794555664],[12.856051445007324,42.496177673339844],[13.098980903625488,42.691246032714844],[13.339327812194824,42.691246032714844],[13.583069801330566,42.88639831542969],[13.90514087677002,42.95146560668945],[13.906397819519043,43.016544342041016],[13.747068405151367,43.08163070678711],[13.672640800476074,43.407203674316406],[13.355091094970703,43.6678352355957],[13.033763885498047,43.73301696777344],[13.035634994506836,43.86341094970703],[12.873446464538574,43.79821014404297],[12.312999725341797,44.18956756591797],[12.153728485107422,44.45067596435547],[12.157197952270508,44.842647552490234],[12.399906158447266,44.77729415893555],[12.40256118774414,45.03877639770508],[12.160021781921387,45.169586181640625],[12.161133766174316,45.300437927246094],[12.161685943603516,45.36587905883789],[11.998926162719727,45.36587905883789],[12.000378608703613,45.56227111816406],[12.164421081542969,45.693260192871094],[12.736748695373535,45.82429504394531],[12.818355560302734,45.82429504394531],[12.9815673828125,45.82429504394531],[13.061376571655273,45.693260192871094],[13.144780158996582,45.82429504394531],[13.714865684509277,45.75876998901367],[13.710229873657227,45.496795654296875],[13.628785133361816,45.496795654296875],[13.945749282836914,45.03877639770508],[14.026969909667969,45.03877639770508],[14.189410209655762,45.03877639770508],[14.196189880371094,45.36587905883789],[14.277569770812988,45.36587905883789],[14.44612979888916,45.62776184082031],[15.339118957519531,45.496795654296875],[15.264768600463867,45.75876998901367],[15.678460121154785,45.95537567138672],[15.604452133178711,46.21768569946289],[16.01764488220215,46.348915100097656],[15.864084243774414,46.677207946777344],[16.123157501220703,47.07159423828125],[16.138551712036133,47.53233337402344],[16.303508758544922,47.53233337402344],[16.3150634765625,47.86185836791992],[16.48518943786621,47.993770599365234],[16.984167098999023,48.059749603271484],[16.911911010742188,48.323814392089844],[16.829010009765625,48.323814392089844],[16.927988052368164,48.72037124633789],[17.938142776489258,48.98506164550781],[18.378620147705078,49.44889450073242],[18.71640396118164,49.51522445678711],[18.396364212036133,49.78071212768555],[18.399965286254883,49.84712600708008],[18.316205978393555,49.84712600708008],[18.323387145996094,49.98000717163086],[17.904199600219727,49.98000717163086],[17.659317016601562,50.11296081542969],[17.24604034423828,50.2459831237793],[17.08426284790039,50.37908172607422],[16.41730308532715,50.51224899291992],[16.338764190673828,50.64549255371094],[15.92021369934082,50.71213912963867],[15.930866241455078,50.97892379760742],[15.680119514465332,51.04566955566406],[15.693191528320312,51.37968063354492],[15.528964042663574,51.51342010498047],[15.534167289733887,51.64724349975586],[15.19472885131836,51.64724349975586],[14.933256149291992,51.44654083251953],[14.76379108428955,51.44654083251953],[14.600712776184082,51.64724349975586],[14.515852928161621,51.64724349975586],[14.517960548400879,51.71418380737305],[14.602863311767578,51.71418380737305]]]},"properties":{"Name":"(Holy Roman Empire)","FromYear":1188,"ToYear":1201,"Area":879278.9558693548,"Type":"POLITY","Wikipedia":"Holy Roman Empire","Wikidata":"Q12548","SeshatID":"de_empire_2","Components":"Holy Roman Empire","MemberOf":""}},
{"type":"Feature","geometry":{"type":"Polygon","coordinates":[[[31.5667724609375,49.38258361816406],[31.428138732910156,49.58156967163086],[31.112499237060547,49.71431350708008],[31.169797897338867,50.11296081542969],[30.872509002685547,50.37908172607422],[30.856847763061523,50.84549331665039],[30.68813133239746,50.84549331665039],[30.588598251342773,51.31283950805664],[30.334653854370117,51.31283950805664],[30.26978302001953,51.44654083251953],[29.25299644470215,51.44654083251953],[29.1116943359375,51.64724349975586],[28.941974639892578,51.64724349975586],[28.838560104370117,51.51342010498047],[27.74519920349121,51.580322265625],[27.465105056762695,51.37968063354492],[26.594114303588867,51.17921447753906],[26.493730545043945,51.04566955566406],[25.98684310913086,51.04566955566406],[25.964094161987305,50.84549331665039],[25.68891716003418,50.64549255371094],[25.659879684448242,50.37908172607422],[25.820768356323242,50.312522888183594],[25.799171447753906,50.11296081542969],[25.967002868652344,50.11296081542969],[26.113054275512695,49.91355895996094],[26.440895080566406,49.84712600708008],[26.66996192932129,49.64793395996094],[26.9208927154541,49.64793395996094],[27.23273277282715,49.44889450073242],[27.30976609271702,49.44415385446288],[29.387527465820312,49.316287994384766],[29.578569223842297,49.32209974686984],[31.302566780469842,49.374546118740234],[31.50535837402793,49.38071531734904],[31.5667724609375,49.38258361816406]]]},"properties":{"Name":"Principality of Kiev","FromYear":1188,"ToYear":1201,"Area":77638.86750427906,"Type":"POLITY","Wikipedia":"Principality of Kiev","Wikidata":"Q1483430","SeshatID":"","Components":"","MemberOf":""}},
{"type":"Feature","geometry":{"type":"Polygon","coordinates":[[[29.4632625579834,55.089229583740234],[29.37604331970215,55.089229583740234],[28.252578735351562,55.15733337402344],[27.429689407348633,55.498252868652344],[27.401272483622947,55.555718996768846],[27.29458999633789,55.77145767211914],[26.865774154663086,55.83982467651367],[26.495513916015625,55.70311737060547],[26.48597526550293,55.63479995727539],[26.398353576660156,55.63479995727539],[26.370046615600586,55.430015563964844],[26.457515716552734,55.430015563964844],[26.345810909481568,55.1860160828629],[26.332679748535156,55.15733337402344],[25.942911033907304,55.00505080121051],[24.592388153076172,54.47740173339844],[24.58430290222168,54.4095458984375],[24.741464614868164,54.27390670776367],[24.725271224975586,54.138362884521484],[25.141374588012695,54.00291442871094],[25.297597885131836,53.86756134033203],[25.281047821044922,53.732303619384766],[25.74785804748535,53.32708740234375],[27.485904693603516,53.462066650390625],[28.48908233642578,53.25962829589844],[28.49890899658203,53.32708740234375],[29.03916358947754,54.613189697265625],[29.4632625579834,55.089229583740234]]]},"properties":{"Name":"Principality of Minsk","FromYear":1188,"ToYear":1201,"Area":52531.88005228617,"Type":"POLITY","Wikipedia":"Principality of Minsk","Wikidata":"Q2662372","SeshatID":"","Components":"","MemberOf":""}},
{"type":"Feature","geometry":{"type":"Polygon","coordinates":[[[18.011009216308594,43.276947021484375],[18.41588020324707,43.342071533203125],[18.50527572631836,43.53750228881836],[18.83355140686035,43.6678352355957],[19.00428581237793,43.86341094970703],[19.407573699951172,43.86341094970703],[19.498432159423828,44.05907440185547],[19.417680740356445,44.05907440185547],[19.42106056213379,44.12431716918945],[19.424442291259766,44.18956756591797],[19.107723236083984,44.32010269165039],[19.299577713012695,44.908016204833984],[19.14055824279785,44.973392486572266],[18.890594482421875,44.842647552490234],[18.57839012145996,45.10417556762695],[18.09087562561035,45.10417556762695],[17.503494262695312,44.64661407470703],[17.10333824157715,44.77729415893555],[17.03212547302246,45.03877639770508],[16.788463592529297,45.03877639770508],[16.616775512695312,44.77729415893555],[16.294586181640625,44.842647552490234],[16.285852432250977,44.58129119873047],[16.924123764038086,44.32010269165039],[16.919275283813477,44.18956756591797],[17.1541748046875,43.99384307861328],[17.552452087402344,43.86341094970703],[17.6170597076416,43.472347259521484],[17.850242614746094,43.276947021484375],[18.011009216308594,43.276947021484375]]]},"properties":{"Name":"Banate of Bosnia","FromYear":1188,"ToYear":1201,"Area":29161.0414082827,"Type":"POLITY","Wikipedia":"Banate of Bosnia","Wikidata":"Q3627069","SeshatID":"ba_bosnia_banate","Components":"","MemberOf":""}},
{"type":"Feature","geometry":{"type":"Polygon","coordinates":[[[30.03571891784668,53.25962829589844],[29.94979476928711,53.25962829589844],[29.960405349731445,53.32708740234375],[29.7674617767334,53.192195892333984],[29.257136480059078,53.22591353441913],[28.746854782104492,53.25962829589844],[28.701273564241568,53.30008494399561],[28.67085075378418,53.32708740234375],[28.584880828857422,53.32708740234375],[28.49890899658203,53.32708740234375],[28.53204429309086,53.25962829589844],[28.48908233642578,53.25962829589844],[27.485904693603516,53.462066650390625],[25.74785804748535,53.32708740234375],[25.441082000732422,52.92268753051758],[25.433034896850586,52.85536575317383],[25.47864532470703,52.51908493041992],[25.564071655273438,52.51908493041992],[25.532371520996094,52.250450134277344],[25.61762046813965,52.250450134277344],[25.5323543548584,51.51342010498047],[26.025373458862305,51.37968063354492],[25.98684310913086,51.04566955566406],[26.493730545043945,51.04566955566406],[26.594114303588867,51.17921447753906],[27.465105056762695,51.37968063354492],[27.74519920349121,51.580322265625],[28.838560104370117,51.51342010498047],[28.941974639892578,51.64724349975586],[29.1116943359375,51.64724349975586],[29.25299644470215,51.44654083251953],[30.26978302001953,51.44654083251953],[30.334653854370117,51.31283950805664],[30.588598251342773,51.31283950805664],[30.58497428894043,51.84812545776367],[30.43545913696289,51.98215103149414],[30.4664306640625,52.18334197998047],[30.166715621948242,52.4518928527832],[30.208402633666992,52.720787048339844],[29.96209716796875,52.78806686401367],[30.03571891784668,53.25962829589844]],[[28.651044845581055,53.192195892333984],[28.565166473388672,53.192195892333984],[28.65598642254081,53.22590311051559],[28.651044845581055,53.192195892333984]]]},"properties":{"Name":"Principality of Turov and Pinsk","FromYear":1188,"ToYear":1219,"Area":69507.98556087709,"Type":"POLITY","Wikipedia":"Principality of Turov","Wikidata":"Q671362","SeshatID":"","Components":"","MemberOf":""}},
{"type":"Feature","geometry":{"type":"MultiPolygon","coordinates":[[[[14.731513977050781,52.99003219604492],[15.34544563293457,53.32708740234375],[15.439932823181152,53.52959060668945],[16.208393096923828,53.39456558227539],[16.476667404174805,53.597137451171875],[16.735136032104492,53.597137451171875],[16.821292877197266,53.597137451171875],[16.90744972229004,53.597137451171875],[16.90379524230957,53.52959060668945],[17.764890670776367,53.52959060668945],[17.77729606628418,53.732303619384766],[17.53472328186035,54.00291442871094],[17.576114654541016,54.681121826171875],[17.489192962646484,54.681121826171875],[17.49753189086914,54.817054748535156],[17.410511016845703,54.817054748535156],[16.619972229003906,54.681121826171875],[15.991765975952148,54.27390670776367],[15.036103248596191,54.20612335205078],[14.50934886932373,54.00291442871094],[14.499796867370605,53.732303619384766],[13.98438835144043,53.799922943115234],[14.159177780151367,53.86756134033203],[14.165812492370605,54.07062530517578],[13.304450988769531,54.20612335205078],[13.739368438720703,54.27390670776367],[13.662626266479492,54.613189697265625],[13.405717849731445,54.74907684326172],[13.14309310913086,54.681121826171875],[13.05121898651123,54.47740173339844],[12.4437894821167,54.47740173339844],[12.093385696411133,54.27390670776367],[11.398930549621582,54.138362884521484],[11.397537231445312,54.00291442871094],[11.311097145080566,54.00291442871094],[11.224658012390137,54.00291442871094],[10.877296447753906,53.732303619384766],[10.87574291229248,53.462066650390625],[11.217759132385254,53.192195892333984],[12.159278869628906,52.99003219604492],[12.503467559814453,53.057395935058594],[12.756768226623535,52.85536575317383],[14.045584678649902,52.99003219604492],[14.309375762939453,53.192195892333984],[14.481132507324219,53.192195892333984],[14.476561546325684,53.057395935058594],[14.731513977050781,52.99003219604492]]],[[[15.069417953491211,55.021148681640625],[15.077948570251465,55.225467681884766],[14.990630149841309,55.225467681884766],[14.64396858215332,55.29362487792969],[14.636160850524902,55.089229583740234],[15.069417953491211,55.021148681640625]]],[[[10.364044189453125,55.77145767211914],[10.539490699768066,55.77145767211914],[10.627213478088379,55.77145767211914],[10.62817668914795,55.97663879394531],[10.452422142028809,55.97663879394531],[10.364044189453125,55.77145767211914]]],[[[10.187621116638184,54.47740173339844],[10.187661170959473,54.545284271240234],[9.9271879196167,54.545284271240234],[10.013643264770508,55.021148681640625],[9.926376342773438,55.089229583740234],[10.536654472351074,55.021148681640625],[10.535674095153809,54.74907684326172],[10.709615707397461,54.74907684326172],[10.884882926940918,54.95309066772461],[10.800582885742188,55.430015563964844],[10.625955581665039,55.498252868652344],[10.626581192016602,55.63479995727539],[9.750565528869629,55.56651306152344],[9.750177383422852,55.70311737060547],[9.925520896911621,55.70311737060547],[10.013073921203613,55.90821838378906],[10.276667594909668,55.97663879394531],[10.277146339416504,56.25059127807617],[10.36523151397705,56.25059127807617],[10.364885330200195,56.11355972290039],[10.540846824645996,56.11355972290039],[10.541122436523438,56.182064056396484],[10.805220603942871,56.182064056396484],[10.895707130432129,56.524986267089844],[10.277772903442383,56.59365463256836],[10.278702735900879,57.07511901855469],[10.545770645141602,57.28189468383789],[10.458671569824219,57.7653923034668],[9.923136711120605,57.696231842041016],[9.834181785583496,57.55800247192383],[9.655976295471191,57.55800247192383],[9.656455039978027,57.41988754272461],[9.39068603515625,57.21294021606445],[8.502391815185547,57.21294021606445],[8.239216804504395,57.00625228881836],[8.241414070129395,56.86860656738281],[8.152853965759277,56.86860656738281],[8.243602752685547,56.731075286865234],[7.979492664337158,56.662349700927734],[7.989406585693359,56.11355972290039],[8.077386856079102,56.11355972290039],[7.997951984405518,55.63479995727539],[8.085573196411133,55.63479995727539],[8.087891578674316,55.498252868652344],[8.350449562072754,55.498252868652344],[8.52729320526123,55.36180877685547],[8.529091835021973,55.225467681884766],[8.441773414611816,55.225467681884766],[8.534452438354492,54.817054748535156],[8.797733306884766,54.613189697265625],[8.799209594726562,54.47740173339844],[8.539765357971191,54.4095458984375],[8.54152774810791,54.27390670776367],[8.715572357177734,54.20612335205078],[8.802155494689941,54.20612335205078],[8.887362480163574,54.341712951660156],[9.148486137390137,54.20612335205078],[9.927618026733398,54.27390670776367],[10.187621116638184,54.47740173339844]]],[[[11.795514106750488,57.62710189819336],[11.794431686401367,57.55800247192383],[11.792279243469238,57.41988754272461],[12.058022499084473,57.35087585449219],[12.14184856414795,57.07511901855469],[12.405158996582031,56.937416076660156],[12.402325630187988,56.799827575683594],[12.75311279296875,56.662349700927734],[12.749893188476562,56.524986267089844],[12.573304176330566,56.524986267089844],[12.656968116760254,56.319149017333984],[12.480693817138672,56.319149017333984],[12.477840423583984,56.182064056396484],[11.860556602478027,56.11355972290039],[11.768598556518555,55.83982467651367],[11.595718383789062,56.04508590698242],[11.331932067871094,56.04508590698242],[11.241952896118164,55.83982467651367],[10.890382766723633,55.77145767211914],[10.889443397521973,55.63479995727539],[11.064117431640625,55.56651306152344],[10.974503517150879,55.29362487792969],[11.497906684875488,55.225467681884766],[11.670741081237793,55.089229583740234],[11.66806411743164,54.88506317138672],[10.97249698638916,55.021148681640625],[10.88355827331543,54.74907684326172],[12.101152420043945,54.74907684326172],[12.107980728149414,55.15733337402344],[12.371088027954102,55.225467681884766],[12.375022888183594,55.430015563964844],[12.202529907226562,55.56651306152344],[12.555678367614746,55.70311737060547],[12.561474800109863,55.97663879394531],[12.908012390136719,55.77145767211914],[12.903090476989746,55.56651306152344],[12.726422309875488,55.498252868652344],[12.810799598693848,55.36180877685547],[14.296913146972656,55.36180877685547],[14.228706359863281,55.90821838378906],[14.319018363952637,55.97663879394531],[14.758404731750488,55.97663879394531],[14.76668930053711,56.182064056396484],[15.819687843322754,56.11355972290039],[16.094310760498047,56.319149017333984],[16.09789276123047,56.387733459472656],[15.928498268127441,56.524986267089844],[13.458279609680176,56.59365463256836],[13.291296005249023,56.937416076660156],[13.115922927856445,57.00625228881836],[13.119647979736328,57.14401626586914],[12.594780921936035,57.488929748535156],[12.597929954528809,57.62710189819336],[12.419615745544434,57.62710189819336],[12.333296775817871,57.7653923034668],[11.976224899291992,57.7653923034668],[11.795514106750488,57.62710189819336]]]]},"properties":{"Name":"(Kingdom of Denmark)","FromYear":1188,"ToYear":1201,"Area":137987.8740491764,"Type":"POLITY","Wikipedia":"Danish Realm","Wikidata":"Q756617","SeshatID":"dk_danish_k","Components":"Kingdom of Denmark","MemberOf":""}},
{"type":"Feature","geometry":{"type":"Polygon","coordinates":[[[17.972288131713867,51.24601745605469],[18.079954147338867,51.64724349975586],[18.35076141357422,51.91512680053711],[18.213274002075195,52.4518928527832],[18.127891540527344,52.4518928527832],[18.050642013549805,52.586299896240234],[17.627155303955078,52.653533935546875],[17.549327850341797,52.78806686401367],[17.124940872192383,52.85536575317383],[16.79631805419922,53.124786376953125],[16.7244930267334,53.39456558227539],[16.90379524230957,53.52959060668945],[16.90744972229004,53.597137451171875],[16.821292877197266,53.597137451171875],[16.735136032104492,53.597137451171875],[16.476667404174805,53.597137451171875],[16.208393096923828,53.39456558227539],[15.439932823181152,53.52959060668945],[15.34544563293457,53.32708740234375],[14.731513977050781,52.99003219604492],[15.064226150512695,52.720787048339844],[14.968768119812012,52.4518928527832],[15.390352249145508,52.31757736206055],[15.467615127563477,52.11625671386719],[16.060789108276367,52.0491943359375],[16.218982696533203,51.78114318847656],[16.718996047973633,51.580322265625],[16.97677993774414,51.64724349975586],[17.05156135559082,51.44654083251953],[17.475221633911133,51.44654083251953],[17.972288131713867,51.24601745605469]]]},"properties":{"Name":"Duchy of Greater Poland","FromYear":1188,"ToYear":1201,"Area":34081.265137568276,"Type":"POLITY","Wikipedia":"Duchy of Greater Poland","Wikidata":"Q1515009","SeshatID":"pl_piast_dyn_2","Components":"","MemberOf":"(Duchies of Poland)"}},
{"type":"Feature","geometry":{"type":"MultiPolygon","coordinates":[[[[2.990521192550659,43.016544342041016],[2.987718343734741,43.08163070678711],[3.140029191970825,43.276947021484375],[3.617136240005493,43.407203674316406],[3.850892543792725,43.6026611328125],[4.173032760620117,43.6026611328125],[4.177847862243652,43.472347259521484],[4.338796615600586,43.472347259521484],[4.414638042449951,43.6026611328125],[4.41231107711792,43.6678352355957],[4.725685596466064,43.92862319946289],[4.476603984832764,44.12431716918945],[4.469520568847656,44.32010269165039],[4.057530879974365,44.5159797668457],[3.966166257858276,44.77729415893555],[3.56069803237915,44.77729415893555],[3.473977327346802,44.908016204833984],[3.230506658554077,44.908016204833984],[3.158156394958496,44.71194839477539],[2.917982816696167,44.64661407470703],[2.746667861938477,44.842647552490234],[2.584417343139648,44.842647552490234],[2.515990495681763,44.58129119873047],[2.276238918304443,44.5159797668457],[2.101012229919434,44.77729415893555],[1.448663711547852,44.842647552490234],[1.378401041030884,44.64661407470703],[1.061721682548523,44.5159797668457],[1.069124221801758,44.38538360595703],[0.833957612514496,44.25482940673828],[0.918528735637665,44.18956756591797],[0.947991132736206,43.6678352355957],[0.63697761297226,43.472347259521484],[0.966081380844116,43.342071533203125],[0.812541425228119,43.211830139160156],[0.983926355838776,43.016544342041016],[0.994516909122467,42.82133865356445],[1.485537886619568,42.62621307373047],[1.565624117851257,42.62621307373047],[1.645710229873657,42.62621307373047],[1.725796341896057,42.62621307373047],[1.72901451587677,42.56119155883789],[1.80907130241394,42.56119155883789],[1.812251329421997,42.496177673339844],[2.043031692504883,42.691246032714844],[2.517835140228271,42.82133865356445],[2.592146396636963,42.95146560668945],[2.990521192550659,43.016544342041016]]],[[[1.388798952102661,48.654239654541016],[1.305716156959534,48.654239654541016],[1.30986750125885,48.5881233215332],[1.226821184158325,48.5881233215332],[1.143774747848511,48.5881233215332],[1.060728430747986,48.5881233215332],[1.06497848033905,48.52202224731445],[0.981968343257904,48.52202224731445],[0.824633359909058,48.38986587524414],[0.907571136951447,48.38986587524414],[0.928915143013,48.059749603271484],[1.276269555091858,47.79592514038086],[1.19774067401886,47.730003356933594],[1.316350340843201,47.13737487792969],[1.892255425453186,47.13737487792969],[2.711595296859741,47.20316696166992],[2.793901681900024,47.20316696166992],[2.803918361663818,47.005828857421875],[3.069725751876831,46.61152267456055],[3.728644609451294,46.54585266113281],[3.804866790771484,46.677207946777344],[4.050973415374756,46.677207946777344],[4.225839138031006,46.414546966552734],[3.982912302017212,46.348915100097656],[4.078399658203125,46.02093505859375],[3.917757511138916,45.95537567138672],[3.931468486785889,45.62776184082031],[4.012977600097656,45.62776184082031],[3.9422926902771,45.36587905883789],[4.267813205718994,45.36587905883789],[4.356745719909668,45.169586181640625],[4.679500579833984,45.23500442504883],[4.504523754119873,45.56227111816406],[4.828067779541016,45.62776184082031],[4.909576416015625,45.62776184082031],[5.07259464263916,45.62776184082031],[5.295057773590088,46.283294677734375],[5.292815208435059,46.348915100097656],[5.37468433380127,46.348915100097656],[5.372467994689941,46.414546966552734],[5.432206630706787,47.07159423828125],[5.594502449035645,47.13737487792969],[5.576864242553711,47.664100646972656],[5.822384834289551,47.730003356933594],[5.818123817443848,47.86185836791992],[5.646180152893066,48.059749603271484],[5.480661869049072,48.059749603271484],[5.47376823425293,48.257774353027344],[5.305657386779785,48.323814392089844],[5.303273677825928,48.38986587524414],[4.883440971374512,48.52202224731445],[4.865273475646973,48.98506164550781],[5.026719093322754,49.11750411987305],[4.679802417755127,49.44889450073242],[4.576823711395264,49.91355895996094],[4.154837608337402,49.98000717163086],[4.071000099182129,49.98000717163086],[3.987162351608276,49.98000717163086],[3.984085559844971,50.04647445678711],[3.900208711624146,50.04647445678711],[3.816332101821899,50.04647445678711],[3.813170909881592,50.11296081542969],[3.729254722595215,50.11296081542969],[3.726047992706299,50.17946243286133],[3.64209246635437,50.17946243286133],[3.541608572006226,50.51224899291992],[3.700162887573242,50.71213912963867],[4.034165859222412,50.77880859375],[4.103085994720459,51.112430572509766],[3.254344463348389,51.17921447753906],[3.159067630767822,51.37968063354492],[3.074377775192261,51.37968063354492],[2.159061908721924,51.112430572509766],[2.074539184570312,51.112430572509766],[1.990016341209412,51.112430572509766],[1.576062202453613,50.97892379760742],[1.580376505851746,50.912200927734375],[1.495977640151978,50.912200927734375],[1.500322580337524,50.84549331665039],[1.50465714931488,50.77880859375],[1.508981347084045,50.71213912963867],[1.424705147743225,50.71213912963867],[1.429059624671936,50.64549255371094],[1.433403611183167,50.578861236572266],[1.437737107276917,50.51224899291992],[1.442060351371765,50.445655822753906],[1.446373105049133,50.37908172607422],[1.45067572593689,50.312522888183594],[1.454967975616455,50.2459831237793],[1.819613456726074,49.78071212768555],[1.772406935691833,49.18375015258789],[1.388798952102661,48.654239654541016]]]]},"properties":{"Name":"(Kingdom of France)","FromYear":1188,"ToYear":1205,"Area":185723.7740278114,"Type":"POLITY","Wikipedia":"Kingdom of France","Wikidata":"Q207162","SeshatID":"fr_capetian_k_2","Components":"County of Champagne;County of Boulogne;County of Blôis;County of Nevers;Kingdom of Arles;County of Vermandois;County of Flanders;Kingdom of France;County of Toulouse","MemberOf":""}},
{"type":"Feature","geometry":{"type":"Polygon","coordinates":[[[35.959747314453125,35.194007873535156],[35.95315933227539,35.12965774536133],[35.92698669433594,34.87228775024414],[36.0682373046875,34.743614196777344],[35.87546920776367,34.3576545715332],[35.79846954345703,34.3576545715332],[35.79212951660156,34.2933349609375],[35.715152740478516,34.2933349609375],[35.721473693847656,34.3576545715332],[35.64447784423828,34.3576545715332],[35.63817596435547,34.2933349609375],[35.63188934326172,34.22901916503906],[36.010318756103516,34.164703369140625],[36.26693344116211,34.42197799682617],[36.20939254760742,34.614952087402344],[36.28647232055664,34.614952087402344],[36.312767028808594,34.87228775024414],[36.165035247802734,34.93662643432617],[36.268775939941406,35.194007873535156],[35.959747314453125,35.194007873535156]]]},"properties":{"Name":"County of Tripoli","FromYear":1188,"ToYear":1271,"Area":3177.0860130475976,"Type":"POLITY","Wikipedia":"County of Tripoli","Wikidata":"Q272033","SeshatID":"","Components":"","MemberOf":""}},
{"type":"Feature","geometry":{"type":"Polygon","coordinates":[[[-1.726450324058533,40.355369567871094],[-1.513591289520264,40.74397277832031],[-2.098877191543579,41.19768524169922],[-2.116528034210205,41.45711898803711],[-1.8821781873703,41.521995544433594],[-1.979450225830078,41.781593322753906],[-1.820028781890869,41.781593322753906],[-1.828825831413269,41.911441802978516],[-2.081673145294189,42.10627746582031],[-3.054611682891846,42.30118942260742],[-2.984477758407593,42.43117141723633],[-3.164480686187744,42.691246032714844],[-3.009225845336914,42.75628662109375],[-3.029263496398926,43.016544342041016],[-3.194893360137939,43.08163070678711],[-3.140162944793701,43.407203674316406],[-3.220606803894043,43.407203674316406],[-4.105491161346436,43.407203674316406],[-4.185935497283936,43.407203674316406],[-4.399298191070557,43.08163070678711],[-4.371692180633545,42.75628662109375],[-4.115132331848145,42.56119155883789],[-4.23771858215332,42.10627746582031],[-3.913116455078125,42.041324615478516],[-3.823015689849854,41.911441802978516],[-3.902783155441284,41.911441802978516],[-3.892507076263428,41.781593322753906],[-4.131639003753662,41.781593322753906],[-4.434581756591797,41.586883544921875],[-4.895932674407959,40.42012023925781],[-5.43380069732666,40.225894927978516],[-5.328420639038086,39.90232849121094],[-5.47575044631958,39.77294921875],[-5.449734210968018,39.449623107910156],[-5.21859073638916,39.51427459716797],[-5.035975933074951,39.19107437133789],[-4.637899398803711,39.1264533996582],[-4.756523609161377,38.60969924926758],[-4.345908164978027,38.351463317871094],[-3.022679567337036,38.48057174682617],[-2.8826904296875,38.738853454589844],[-2.655579566955566,38.8680305480957],[-2.663943529129028,38.997230529785156],[-2.436492681503296,39.1264533996582],[-2.702205657958984,39.57893371582031],[-2.391232252120972,39.64360046386719],[-2.25036358833313,39.90232849121094],[-1.726450324058533,40.355369567871094]]]},"properties":{"Name":"Kingdom of Castile","FromYear":1188,"ToYear":1201,"Area":105943.65448639981,"Type":"POLITY","Wikipedia":"Kingdom of Castile","Wikidata":"Q179293","SeshatID":"es_castile_k","Components":"","MemberOf":""}},
{"type":"Feature","geometry":{"type":"Polygon","coordinates":[[[2.074539184570312,51.112430572509766],[2.094875812530518,50.77880859375],[2.263509750366211,50.77880859375],[2.271415710449219,50.64549255371094],[2.776829481124878,50.64549255371094],[3.040239572525024,50.445655822753906],[3.124354124069214,50.445655822753906],[3.296015977859497,50.37908172607422],[3.37329888343811,50.51224899291992],[3.541608572006226,50.51224899291992],[3.700162887573242,50.71213912963867],[4.034165859222412,50.77880859375],[4.103085994720459,51.112430572509766],[3.254344463348389,51.17921447753906],[3.159067630767822,51.37968063354492],[3.074377775192261,51.37968063354492],[2.159061908721924,51.112430572509766],[2.074539184570312,51.112430572509766]]]},"properties":{"Name":"County of Flanders","FromYear":1188,"ToYear":1215,"Area":9229.17301194136,"Type":"POLITY","Wikipedia":"County of Flanders","Wikidata":"Q157070","SeshatID":"fr_capetian_k_2","Components":"","MemberOf":"(Kingdom of France)"}},
{"type":"Feature","geometry":{"type":"Polygon","coordinates":[[[4.154837608337402,49.98000717163086],[4.071000099182129,49.98000717163086],[3.987162351608276,49.98000717163086],[3.984085559844971,50.04647445678711],[3.900208711624146,50.04647445678711],[3.816332101821899,50.04647445678711],[3.813170909881592,50.11296081542969],[3.729254722595215,50.11296081542969],[2.554430246353149,50.11296081542969],[1.950821161270142,50.37908172607422],[1.622958064079285,50.2459831237793],[1.614522457122803,50.37908172607422],[1.446373105049133,50.37908172607422],[1.45067572593689,50.312522888183594],[1.454967975616455,50.2459831237793],[1.819613456726074,49.78071212768555],[1.772406935691833,49.18375015258789],[2.439435005187988,49.18375015258789],[2.613454103469849,49.051273345947266],[3.033406257629395,48.98506164550781],[3.373019933700562,48.852684020996094],[3.619439125061035,48.91886520385742],[3.603540658950806,49.2500114440918],[3.847608327865601,49.38258361816406],[3.838290452957153,49.58156967163086],[4.083094596862793,49.71431350708008],[4.154837608337402,49.98000717163086]]]},"properties":{"Name":"County of Vermandois","FromYear":1188,"ToYear":1209,"Area":19509.55976866142,"Type":"POLITY","Wikipedia":"Vermandois","Wikidata":"Q26385","SeshatID":"fr_capetian_k_2","Components":"","MemberOf":"(Kingdom of France)"}},
{"type":"Feature","geometry":{"type":"MultiPolygon","coordinates":[[[[10.851019859313965,35.644527435302734],[10.851000785827637,35.708900451660156],[10.463515281677246,35.902034759521484],[10.540250778198242,36.3527946472168],[10.462488174438477,36.417205810546875],[11.006199836730957,36.80373764038086],[11.006271362304688,36.9970588684082],[10.461837768554688,36.73930740356445],[10.228352546691895,36.80373764038086],[10.305440902709961,37.06150817871094],[10.227567672729492,37.06150817871094],[10.226980209350586,37.254878997802734],[9.993423461914062,37.1904182434082],[9.759011268615723,37.3193473815918],[9.36964225769043,37.254878997802734],[9.05947494506836,37.06150817871094],[8.903155326843262,37.12596130371094],[8.516410827636719,36.8681755065918],[7.738344192504883,36.8681755065918],[7.502017498016357,37.06150817871094],[7.346271514892578,37.06150817871094],[7.193697929382324,36.8681755065918],[6.804664611816406,36.8681755065918],[6.333924293518066,37.06150817871094],[6.103042125701904,36.932613372802734],[6.105763912200928,36.80373764038086],[5.639055728912354,36.80373764038086],[5.56428337097168,36.67487716674805],[5.097836971282959,36.67487716674805],[4.859498500823975,36.8681755065918],[4.235154151916504,36.932613372802734],[3.850007295608521,36.80373764038086],[3.458978891372681,36.8681755065918],[3.229894161224365,36.73930740356445],[2.841080188751221,36.73930740356445],[2.690169095993042,36.61045455932617],[2.376901149749756,36.67487716674805],[1.529616475105286,36.48161697387695],[1.216211557388306,36.5460319519043],[0.913757801055908,36.3527946472168],[0.678023815155029,36.417205810546875],[0.683685302734375,36.28839111328125],[0.376142233610153,36.2239875793457],[0.083524890244007,35.837650299072266],[-0.458719998598099,35.837650299072266],[-0.530006587505341,35.708900451660156],[-0.917115688323975,35.708900451660156],[-1.065529465675354,35.58015823364258],[-1.223541498184204,35.644527435302734],[-1.136477708816528,35.45143127441406],[-1.358735799789429,35.258358001708984],[-1.590568661689758,35.258358001708984],[-1.889582633972168,35.065311431884766],[-2.661749362945557,35.065311431884766],[-2.819781064987183,35.12965774536133],[-2.837937116622925,35.45143127441406],[-2.992615222930908,35.45143127441406],[-2.981565713882446,35.258358001708984],[-3.132419347763062,35.194007873535156],[-4.754821300506592,35.194007873535156],[-5.239750862121582,35.51579284667969],[-5.338923931121826,35.837650299072266],[-5.876633644104004,35.77327346801758],[-5.999861240386963,35.32271194458008],[-6.14545202255249,35.194007873535156],[-6.132044315338135,35.00096893310547],[-6.290933609008789,35.065311431884766],[-6.200328826904297,34.87228775024414],[-6.277484893798828,34.87228775024414],[-6.332395076751709,34.55062484741211],[-6.482059955596924,34.48630142211914],[-6.473203659057617,34.3576545715332],[-6.699729919433594,34.2933349609375],[-6.613898754119873,34.164703369140625],[-6.90380334854126,33.90746307373047],[-7.062007427215576,33.971771240234375],[-7.129902839660645,33.84315490722656],[-8.551655769348145,33.32876968383789],[-9.198505401611328,32.75019073486328],[-9.332544326782227,32.493072509765625],[-9.309136390686035,32.171695709228516],[-9.52421760559082,31.978878021240234],[-9.5149564743042,31.8503360748291],[-9.734487533569336,31.7217960357666],[-9.783116340637207,31.336183547973633],[-9.859257698059082,31.336183547973633],[-9.881543159484863,30.564971923828125],[-9.649378776550293,30.500701904296875],[-9.627961158752441,30.179353713989258],[-9.721957173519684,30],[-5.365338324789795,30],[-4.865938663482666,30.500701904296875],[-4.565487384796143,30.564971923828125],[-4.648018360137939,30.69350814819336],[-4.208353042602539,31.014846801757812],[-4.214911460876465,31.143381118774414],[-3.923539161682129,31.40045166015625],[-3.767992734909058,31.336183547973633],[-3.780986070632935,31.593257904052734],[-3.555586099624634,31.65752601623535],[-3.638331174850464,31.78606605529785],[-3.416012048721313,31.91460609436035],[-3.349440097808838,32.107421875],[-3.19352912902832,32.043148040771484],[-3.203212976455688,32.23596954345703],[-2.834011793136597,32.493072509765625],[-2.840430974960327,32.62162780761719],[-2.540791511535645,32.75019073486328],[-1.879519820213318,33.32876968383789],[-1.572754979133606,33.32876968383789],[-1.578816890716553,33.45735549926758],[-1.277852535247803,33.5859489440918],[-0.985450148582458,33.90746307373047],[-0.831726670265198,33.90746307373047],[-0.467391967773438,34.3576545715332],[0.302583903074265,34.3576545715332],[0.451262414455414,34.48630142211914],[0.684976637363434,34.42197799682617],[1.293753147125244,34.614952087402344],[2.449900150299072,34.614952087402344],[2.920501947402954,34.3576545715332],[3.455702066421509,34.48630142211914],[3.842682838439941,34.42197799682617],[4.453888416290283,34.614952087402344],[5.1490478515625,34.55062484741211],[5.377389430999756,34.679283142089844],[6.14835262298584,34.679283142089844],[6.459011077880859,34.55062484741211],[6.920335292816162,34.614952087402344],[7.153473854064941,34.48630142211914],[7.614861011505127,34.55062484741211],[7.847578525543213,34.42197799682617],[8.077917098999023,34.48630142211914],[8.0807523727417,34.22901916503906],[8.773378372192383,34.22901916503906],[8.927783012390137,34.164703369140625],[8.928751945495605,34.03607940673828],[9.082552909851074,34.03607940673828],[9.315913200378418,33.5859489440918],[9.623573303222656,33.45735549926758],[9.547471046447754,33.32876968383789],[9.62503719329834,33.13589859008789],[10.08484935760498,33.13589859008789],[10.008606910705566,33.00732421875],[10.391599655151367,33.00732421875],[11.157184600830078,32.685909271240234],[11.309853553771973,32.493072509765625],[11.462910652160645,32.557350158691406],[11.539045333862305,32.428794860839844],[11.768352508544922,32.428794860839844],[11.767910957336426,32.30024337768555],[12.455889701843262,32.36451721191406],[13.0667085647583,32.30024337768555],[13.06567096710205,32.171695709228516],[13.29533576965332,32.23596954345703],[13.82862377166748,32.107421875],[14.586112022399902,31.65752601623535],[14.584433555603027,31.528987884521484],[15.187263488769531,31.079113006591797],[15.184454917907715,30.886310577392578],[15.489551544189453,30.950578689575195],[16.701202392578125,30.69350814819336],[18.28125762939453,30.050809860229492],[18.69953052650482,30],[18.813359252879877,30],[18.8246491043041,30.050809860229492],[18.869278136051307,30.25166235864125],[18.896053314208984,30.372163772583008],[18.592470169067383,30.372163772583008],[17.99736785888672,30.886310577392578],[17.469486236572266,31.079113006591797],[16.178552627563477,31.20764923095703],[15.64897632598877,31.40045166015625],[15.575982093811035,31.593257904052734],[15.424593925476074,31.65752601623535],[15.206924438476562,32.36451721191406],[14.749334335327148,32.428794860839844],[14.674704551696777,32.557350158691406],[14.444439888000488,32.493072509765625],[14.065231323242188,32.75019073486328],[13.759129524230957,32.75019073486328],[13.760527610778809,32.878753662109375],[13.453653335571289,32.81447219848633],[13.301749229431152,32.94303894042969],[13.072009086608887,32.94303894042969],[12.841785430908203,32.878753662109375],[12.840824127197266,32.75019073486328],[12.534722328186035,32.75019073486328],[12.612099647521973,32.878753662109375],[12.228955268859863,32.81447219848633],[11.464441299438477,33.20018768310547],[11.157825469970703,33.20018768310547],[11.081541061401367,33.5859489440918],[10.697741508483887,33.52165222167969],[10.544031143188477,33.71455001831055],[10.23681354522705,33.71455001831055],[10.005777359008789,33.90746307373047],[10.081672668457031,34.22901916503906],[10.004497528076172,34.2933349609375],[10.543014526367188,34.55062484741211],[10.851213455200195,34.80794906616211],[10.85119342803955,34.93662643432617],[11.082771301269531,35.00096893310547],[11.005731582641602,35.38706970214844],[11.083049774169922,35.38706970214844],[11.08318042755127,35.58015823364258],[10.851019859313965,35.644527435302734]]],[[[2.533390045166016,34.42197799682617],[2.610407114028931,34.42197799682617],[2.608296155929565,34.48630142211914],[2.531259059906006,34.48630142211914],[2.533390045166016,34.42197799682617]]],[[[-8.822718620300293,38.48057174682617],[-8.816747665405273,38.416015625],[-8.818843841552734,37.5772590637207],[-8.896896362304688,37.5772590637207],[-9.00136661529541,36.9970588684082],[-8.70113754272461,37.12596130371094],[-8.311661720275879,37.12596130371094],[-8.067157745361328,36.9970588684082],[-7.677903652191162,36.9970588684082],[-7.454815864562988,37.12596130371094],[-7.465344429016113,37.254878997802734],[-6.84182596206665,37.254878997802734],[-6.587993621826172,36.9970588684082],[-6.349542140960693,36.932613372802734],[-6.330093860626221,36.67487716674805],[-6.063849925994873,36.2239875793457],[-5.831079006195068,36.2239875793457],[-5.662277221679688,36.03080368041992],[-5.287947177886963,36.2239875793457],[-5.22819709777832,36.48161697387695],[-4.688807487487793,36.5460319519043],[-4.468626022338867,36.73930740356445],[-2.680080890655518,36.73930740356445],[-2.532132625579834,36.8681755065918],[-2.061630010604858,36.80373764038086],[-1.857354998588562,37.3193473815918],[-1.623468399047852,37.3193473815918],[-1.708719491958618,37.44829177856445],[-1.630712270736694,37.44829177856445],[-1.403841376304626,37.5772590637207],[-0.704753637313843,37.641746520996094],[-0.803495347499847,38.028785705566406],[-0.660861134529114,38.28691864013672],[0.099359586834908,38.738853454589844],[-0.313707679510117,39.1264533996582],[-0.345421016216278,39.70827102661133],[-0.201878547668457,39.9670295715332],[0.106994137167931,40.0964469909668],[0.247769102454185,40.42012023925781],[0.402615189552307,40.4848747253418],[0.399184077978134,40.54964065551758],[0.392293244600296,40.6791877746582],[-0.166040390729904,40.74397277832031],[-0.374301671981812,40.225894927978516],[-0.528712570667267,40.16116714477539],[-1.726450324058533,40.355369567871094],[-2.25036358833313,39.90232849121094],[-2.391232252120972,39.64360046386719],[-2.702205657958984,39.57893371582031],[-2.436492681503296,39.1264533996582],[-2.663943529129028,38.997230529785156],[-2.655579566955566,38.8680305480957],[-2.8826904296875,38.738853454589844],[-3.022679567337036,38.48057174682617],[-4.345908164978027,38.351463317871094],[-4.756523609161377,38.60969924926758],[-5.95876932144165,38.93262481689453],[-6.288954257965088,39.1264533996582],[-7.15942907333374,39.19107437133789],[-7.418391227722168,39.449623107910156],[-7.435848712921143,39.64360046386719],[-7.672315120697021,39.64360046386719],[-7.957716941833496,39.320335388183594],[-7.855546951293945,39.06184005737305],[-7.614006996154785,38.997230529785156],[-7.681086540222168,38.8680305480957],[-7.916656970977783,38.8680305480957],[-7.983565330505371,38.738853454589844],[-8.822718620300293,38.48057174682617]]]]},"properties":{"Name":"Almohad Caliphate","FromYear":1188,"ToYear":1201,"Area":925047.5314704375,"Type":"POLITY","Wikipedia":"Almohad Caliphate","Wikidata":"Q199688","SeshatID":"ma_almohad_emp","Components":"","MemberOf":""}},
{"type":"Feature","geometry":{"type":"MultiPolygon","coordinates":[[[[14.731513977050781,52.99003219604492],[15.34544563293457,53.32708740234375],[15.439932823181152,53.52959060668945],[16.208393096923828,53.39456558227539],[16.476667404174805,53.597137451171875],[16.735136032104492,53.597137451171875],[16.821292877197266,53.597137451171875],[16.90744972229004,53.597137451171875],[16.90379524230957,53.52959060668945],[17.764890670776367,53.52959060668945],[17.77729606628418,53.732303619384766],[17.53472328186035,54.00291442871094],[17.576114654541016,54.681121826171875],[17.489192962646484,54.681121826171875],[17.49753189086914,54.817054748535156],[17.410511016845703,54.817054748535156],[16.619972229003906,54.681121826171875],[15.991765975952148,54.27390670776367],[15.036103248596191,54.20612335205078],[14.50934886932373,54.00291442871094],[14.499796867370605,53.732303619384766],[13.98438835144043,53.799922943115234],[14.159177780151367,53.86756134033203],[14.165812492370605,54.07062530517578],[13.304450988769531,54.20612335205078],[13.739368438720703,54.27390670776367],[13.662626266479492,54.613189697265625],[13.405717849731445,54.74907684326172],[13.14309310913086,54.681121826171875],[13.05121898651123,54.47740173339844],[12.4437894821167,54.47740173339844],[12.093385696411133,54.27390670776367],[11.398930549621582,54.138362884521484],[11.397537231445312,54.00291442871094],[11.311097145080566,54.00291442871094],[11.224658012390137,54.00291442871094],[10.877296447753906,53.732303619384766],[10.87574291229248,53.462066650390625],[11.217759132385254,53.192195892333984],[12.159278869628906,52.99003219604492],[12.503467559814453,53.057395935058594],[12.756768226623535,52.85536575317383],[14.045584678649902,52.99003219604492],[14.309375762939453,53.192195892333984],[14.481132507324219,53.192195892333984],[14.476561546325684,53.057395935058594],[14.731513977050781,52.99003219604492]]],[[[15.069417953491211,55.021148681640625],[15.077948570251465,55.225467681884766],[14.990630149841309,55.225467681884766],[14.64396858215332,55.29362487792969],[14.636160850524902,55.089229583740234],[15.069417953491211,55.021148681640625]]],[[[10.364044189453125,55.77145767211914],[10.539490699768066,55.77145767211914],[10.627213478088379,55.77145767211914],[10.62817668914795,55.97663879394531],[10.452422142028809,55.97663879394531],[10.364044189453125,55.77145767211914]]],[[[10.187621116638184,54.47740173339844],[10.187661170959473,54.545284271240234],[9.9271879196167,54.545284271240234],[10.013643264770508,55.021148681640625],[9.926376342773438,55.089229583740234],[10.536654472351074,55.021148681640625],[10.535674095153809,54.74907684326172],[10.709615707397461,54.74907684326172],[10.884882926940918,54.95309066772461],[10.800582885742188,55.430015563964844],[10.625955581665039,55.498252868652344],[10.626581192016602,55.63479995727539],[9.750565528869629,55.56651306152344],[9.750177383422852,55.70311737060547],[9.925520896911621,55.70311737060547],[10.013073921203613,55.90821838378906],[10.276667594909668,55.97663879394531],[10.277146339416504,56.25059127807617],[10.36523151397705,56.25059127807617],[10.364885330200195,56.11355972290039],[10.540846824645996,56.11355972290039],[10.541122436523438,56.182064056396484],[10.805220603942871,56.182064056396484],[10.895707130432129,56.524986267089844],[10.277772903442383,56.59365463256836],[10.278702735900879,57.07511901855469],[10.545770645141602,57.28189468383789],[10.458671569824219,57.7653923034668],[9.923136711120605,57.696231842041016],[9.834181785583496,57.55800247192383],[9.655976295471191,57.55800247192383],[9.656455039978027,57.41988754272461],[9.39068603515625,57.21294021606445],[8.502391815185547,57.21294021606445],[8.239216804504395,57.00625228881836],[8.241414070129395,56.86860656738281],[8.152853965759277,56.86860656738281],[8.243602752685547,56.731075286865234],[7.979492664337158,56.662349700927734],[7.989406585693359,56.11355972290039],[8.077386856079102,56.11355972290039],[7.997951984405518,55.63479995727539],[8.085573196411133,55.63479995727539],[8.087891578674316,55.498252868652344],[8.350449562072754,55.498252868652344],[8.52729320526123,55.36180877685547],[8.529091835021973,55.225467681884766],[8.441773414611816,55.225467681884766],[8.534452438354492,54.817054748535156],[8.797733306884766,54.613189697265625],[8.799209594726562,54.47740173339844],[8.539765357971191,54.4095458984375],[8.54152774810791,54.27390670776367],[8.715572357177734,54.20612335205078],[8.802155494689941,54.20612335205078],[8.887362480163574,54.341712951660156],[9.148486137390137,54.20612335205078],[9.927618026733398,54.27390670776367],[10.187621116638184,54.47740173339844]]],[[[11.795514106750488,57.62710189819336],[11.794431686401367,57.55800247192383],[11.792279243469238,57.41988754272461],[12.058022499084473,57.35087585449219],[12.14184856414795,57.07511901855469],[12.405158996582031,56.937416076660156],[12.402325630187988,56.799827575683594],[12.75311279296875,56.662349700927734],[12.749893188476562,56.524986267089844],[12.573304176330566,56.524986267089844],[12.656968116760254,56.319149017333984],[12.480693817138672,56.319149017333984],[12.477840423583984,56.182064056396484],[11.860556602478027,56.11355972290039],[11.768598556518555,55.83982467651367],[11.595718383789062,56.04508590698242],[11.331932067871094,56.04508590698242],[11.241952896118164,55.83982467651367],[10.890382766723633,55.77145767211914],[10.889443397521973,55.63479995727539],[11.064117431640625,55.56651306152344],[10.974503517150879,55.29362487792969],[11.497906684875488,55.225467681884766],[11.670741081237793,55.089229583740234],[11.66806411743164,54.88506317138672],[10.97249698638916,55.021148681640625],[10.88355827331543,54.74907684326172],[12.101152420043945,54.74907684326172],[12.107980728149414,55.15733337402344],[12.371088027954102,55.225467681884766],[12.375022888183594,55.430015563964844],[12.202529907226562,55.56651306152344],[12.555678367614746,55.70311737060547],[12.561474800109863,55.97663879394531],[12.908012390136719,55.77145767211914],[12.903090476989746,55.56651306152344],[12.726422309875488,55.498252868652344],[12.810799598693848,55.36180877685547],[14.296913146972656,55.36180877685547],[14.228706359863281,55.90821838378906],[14.319018363952637,55.97663879394531],[14.758404731750488,55.97663879394531],[14.76668930053711,56.182064056396484],[15.819687843322754,56.11355972290039],[16.094310760498047,56.319149017333984],[16.09789276123047,56.387733459472656],[15.928498268127441,56.524986267089844],[13.458279609680176,56.59365463256836],[13.291296005249023,56.937416076660156],[13.115922927856445,57.00625228881836],[13.119647979736328,57.14401626586914],[12.594780921936035,57.488929748535156],[12.597929954528809,57.62710189819336],[12.419615745544434,57.62710189819336],[12.333296775817871,57.7653923034668],[11.976224899291992,57.7653923034668],[11.795514106750488,57.62710189819336]]]]},"properties":{"Name":"Kingdom of Denmark","FromYear":1188,"ToYear":1201,"Area":137987.8740491764,"Type":"POLITY","Wikipedia":"Danish Realm","Wikidata":"Q756617","SeshatID":"dk_danish_k","Components":"","MemberOf":"(Kingdom of Denmark)"}},
{"type":"Feature","geometry":{"type":"MultiPolygon","coordinates":[[[[42.09503957757271,60],[39.775545622096715,60],[39.860355377197266,59.85470962524414],[40.275390625,59.714515686035156],[40.609432220458984,59.294734954833984],[40.79048156738281,59.294734954833984],[41.59706497192383,59.574459075927734],[41.63859939575195,59.714515686035156],[42.09503957757271,60]]],[[[35.800737768174045,60],[30.973453232530566,60],[30.15093149984802,60],[30.136613845825195,59.92485809326172],[29.94129180908203,59.85470962524414],[29.862111208084247,59.873825074291325],[29.767129777661573,59.89675509339695],[29.54485469457569,59.95041581296267],[29.33946554991521,60],[29.148536054256184,60],[29.06395512927285,60],[29.0010329089764,60],[28.849285125732422,59.85470962524414],[28.406457901000977,59.92485809326172],[28.291200637817383,59.78459548950195],[27.927438735961914,59.78459548950195],[27.88040542602539,59.504478454589844],[28.061809539794922,59.504478454589844],[28.038253784179688,59.36461639404297],[27.743431091308594,59.22488784790039],[27.719879150390625,58.528167724609375],[27.450220108032227,58.528167724609375],[27.40618324279785,58.2503662109375],[27.56344223022461,58.11164855957031],[27.88062395560949,58.22722255953921],[27.94413948059082,58.2503662109375],[27.952486171736837,58.163605507971305],[27.96638248767977,58.019158550637286],[27.977479934692383,57.903804779052734],[27.91824233618773,57.919760732690136],[27.72037696838379,57.97305679321289],[27.319580078125,57.696231842041016],[27.298233032226562,57.55800247192383],[27.721967697143555,57.41988754272461],[27.57203134453104,57.015225648670125],[27.568706512451172,57.00625228881836],[27.813203811645508,56.86860656738281],[27.901763916015625,56.86860656738281],[27.974763749940927,56.882359175865005],[28.267009735107422,56.937416076660156],[28.377832412719727,57.07511901855469],[29.418987274169922,56.937416076660156],[29.749645233154297,56.799827575683594],[30.108091354370117,56.319149017333984],[30.372501373291016,56.319149017333984],[30.83788299560547,56.45634460449219],[31.128190994262695,57.07511901855469],[31.93999481201172,57.14401626586914],[32.452354431152344,57.488929748535156],[32.63044738769531,57.488929748535156],[32.864906311035156,57.7653923034668],[33.13270950317383,57.7653923034668],[33.37158966064453,57.62710189819336],[33.34282684326172,57.488929748535156],[33.506492614746094,57.41988754272461],[33.477752685546875,57.28189468383789],[33.6411018371582,57.21294021606445],[33.61238479614258,57.07511901855469],[33.909461975097656,56.799827575683594],[33.92634963989258,56.45634460449219],[34.014591217041016,56.45634460449219],[34.04583740234375,56.182064056396484],[34.20764923095703,56.11355972290039],[34.23881530761719,55.83982467651367],[34.64900207519531,55.70311737060547],[34.955562591552734,55.90821838378906],[34.86773681640625,55.90821838378906],[34.911495208740234,56.11355972290039],[35.131900787353516,56.319149017333984],[35.20680618286133,56.662349700927734],[35.5298957824707,56.524986267089844],[36.106449127197266,56.731075286865234],[36.551456451416016,58.2503662109375],[36.461795806884766,58.2503662109375],[36.511962890625,58.45867156982422],[36.42213439941406,58.45867156982422],[36.450199127197266,58.94581604003906],[36.03256607055664,59.08528518676758],[35.99268341064453,59.294734954833984],[35.902156829833984,59.294734954833984],[35.913124084472656,59.714515686035156],[35.76533126831055,59.85470962524414],[35.800737768174045,60]]],[[[29.981555945974556,60],[29.968666885400424,60],[29.967727661132812,59.99503707885742],[29.981555945974556,60]]]]},"properties":{"Name":"Novgorod Republic","FromYear":1188,"ToYear":1201,"Area":542433.8095830372,"Type":"POLITY","Wikipedia":"Novgorod Republic","Wikidata":"Q151536","SeshatID":"ru_novgorod_rep","Components":"","MemberOf":""}},
{"type":"Feature","geometry":{"type":"Polygon","coordinates":[[[5.295057773590088,46.283294677734375],[5.292815208435059,46.348915100097656],[5.37468433380127,46.348915100097656],[5.372467994689941,46.414546966552734],[5.432206630706787,47.07159423828125],[5.594502449035645,47.13737487792969],[5.576864242553711,47.664100646972656],[5.249034404754639,47.598209381103516],[4.821161270141602,47.993770599365234],[4.572990417480469,47.993770599365234],[4.578328132629395,47.86185836791992],[4.338644027709961,47.664100646972656],[4.173548221588135,47.664100646972656],[3.914155960083008,47.92780685424805],[3.831467866897583,47.92780685424805],[3.834450483322144,47.86185836791992],[3.751797437667847,47.86185836791992],[3.754808187484741,47.79592514038086],[3.766778707504272,47.53233337402344],[3.601821660995483,47.53233337402344],[3.607901573181152,47.4006233215332],[3.940429925918579,47.33478927612305],[3.949059247970581,47.13737487792969],[3.866787195205688,47.13737487792969],[3.963295221328735,46.808616638183594],[3.804866790771484,46.677207946777344],[4.050973415374756,46.677207946777344],[4.225839138031006,46.414546966552734],[4.231192111968994,46.283294677734375],[4.734472751617432,45.95537567138672],[4.895442485809326,46.02093505859375],[4.967714786529541,46.283294677734375],[5.295057773590088,46.283294677734375]]]},"properties":{"Name":"Kingdom of Arles","FromYear":1188,"ToYear":1205,"Area":20921.237357768012,"Type":"POLITY","Wikipedia":"Kingdom of Arles","Wikidata":"Q3271735","SeshatID":"fr_capetian_k_2","Components":"","MemberOf":"(Kingdom of France)"}},
{"type":"Feature","geometry":{"type":"MultiPolygon","coordinates":[[[[8.408137321472168,39.57893371582031],[8.40887451171875,39.51427459716797],[8.330102920532227,39.51427459716797],[8.415505409240723,38.93262481689453],[8.96590518951416,38.8680305480957],[9.120378494262695,39.19107437133789],[9.592622756958008,39.1264533996582],[9.668553352355957,39.64360046386719],[9.74737548828125,39.64360046386719],[9.744987487792969,40.16116714477539],[9.507532119750977,40.225894927978516],[9.428478240966797,40.225894927978516],[9.428873062133789,40.16116714477539],[9.349844932556152,40.16116714477539],[9.350268363952637,40.0964469909668],[9.271265983581543,40.0964469909668],[9.271716117858887,40.031734466552734],[8.959155082702637,39.64360046386719],[8.408137321472168,39.57893371582031]]],[[[9.491888999938965,43.016544342041016],[9.331360816955566,43.016544342041016],[9.251097679138184,43.016544342041016],[9.17282485961914,42.75628662109375],[8.772740364074707,42.691246032714844],[8.534564018249512,42.496177673339844],[8.538846015930176,42.10627746582031],[8.700496673583984,41.911441802978516],[8.622743606567383,41.71668243408203],[8.782108306884766,41.71668243408203],[8.783942222595215,41.521995544433594],[9.1038236618042,41.32738494873047],[9.262411117553711,41.39224624633789],[9.49889087677002,41.781593322753906],[9.497812271118164,41.97637939453125],[9.577608108520508,41.97637939453125],[9.5735502243042,42.75628662109375],[9.49340534210205,42.75628662109375],[9.491888999938965,43.016544342041016]]],[[[10.45510196685791,42.88639831542969],[10.214488983154297,42.88639831542969],[10.134284973144531,42.88639831542969],[10.21481990814209,42.691246032714844],[10.455166816711426,42.691246032714844],[10.45510196685791,42.88639831542969]]],[[[10.212483406066895,43.92862319946289],[10.212624549865723,43.86341094970703],[10.293281555175781,43.86341094970703],[10.293390274047852,43.79821014404297],[10.293495178222656,43.73301696777344],[10.293599128723145,43.6678352355957],[10.45484447479248,43.472347259521484],[10.535322189331055,43.08163070678711],[10.695780754089355,42.95146560668945],[10.776015281677246,42.95146560668945],[10.776388168334961,43.211830139160156],[10.615739822387695,43.342071533203125],[10.696523666381836,43.79821014404297],[10.212483406066895,43.92862319946289]]]]},"properties":{"Name":"Republic of Pisa","FromYear":1188,"ToYear":1201,"Area":24075.88259662372,"Type":"POLITY","Wikipedia":"Republic of Pisa","Wikidata":"Q1365493","SeshatID":"","Components":"","MemberOf":""}},
{"type":"Feature","geometry":{"type":"Polygon","coordinates":[[[17.972288131713867,51.24601745605469],[17.475221633911133,51.44654083251953],[17.05156135559082,51.44654083251953],[16.97677993774414,51.64724349975586],[16.718996047973633,51.580322265625],[16.218982696533203,51.78114318847656],[16.060789108276367,52.0491943359375],[15.467615127563477,52.11625671386719],[15.390352249145508,52.31757736206055],[14.968768119812012,52.4518928527832],[15.064226150512695,52.720787048339844],[14.731513977050781,52.99003219604492],[14.476561546325684,53.057395935058594],[14.481132507324219,53.192195892333984],[14.309375762939453,53.192195892333984],[14.045584678649902,52.99003219604492],[14.125114440917969,52.78806686401367],[14.548598289489746,52.653533935546875],[14.537419319152832,52.31757736206055],[14.956645011901855,52.11625671386719],[14.951874732971191,51.98215103149414],[14.607197761535645,51.84812545776367],[14.602863311767578,51.71418380737305],[14.600712776184082,51.64724349975586],[14.76379108428955,51.44654083251953],[14.933256149291992,51.44654083251953],[15.19472885131836,51.64724349975586],[15.534167289733887,51.64724349975586],[15.528964042663574,51.51342010498047],[15.693191528320312,51.37968063354492],[15.680119514465332,51.04566955566406],[15.930866241455078,50.97892379760742],[15.92021369934082,50.71213912963867],[16.338764190673828,50.64549255371094],[16.41730308532715,50.51224899291992],[17.08426284790039,50.37908172607422],[17.24604034423828,50.2459831237793],[17.521461486816406,50.71213912963867],[18.70132827758789,50.71213912963867],[18.709320068359375,50.84549331665039],[18.049345016479492,51.112430572509766],[17.972288131713867,51.24601745605469]]]},"properties":{"Name":"Duchy of Silesia","FromYear":1188,"ToYear":1201,"Area":29008.390606233967,"Type":"POLITY","Wikipedia":"Duchy of Silesia","Wikidata":"Q568638","SeshatID":"pl_piast_dyn_2","Components":"","MemberOf":"(Duchies of Poland)"}},
{"type":"Feature","geometry":{"type":"Polygon","coordinates":[[[36.64551544189453,55.225467681884766],[36.37188720703125,55.56651306152344],[35.89144515991211,55.77145767211914],[34.955562591552734,55.90821838378906],[34.64900207519531,55.70311737060547],[34.23881530761719,55.83982467651367],[34.20764923095703,56.11355972290039],[34.04583740234375,56.182064056396484],[34.014591217041016,56.45634460449219],[33.92634963989258,56.45634460449219],[33.909461975097656,56.799827575683594],[33.61238479614258,57.07511901855469],[33.6411018371582,57.21294021606445],[33.477752685546875,57.28189468383789],[33.506492614746094,57.41988754272461],[33.34282684326172,57.488929748535156],[33.37158966064453,57.62710189819336],[33.13270950317383,57.7653923034668],[32.864906311035156,57.7653923034668],[32.63044738769531,57.488929748535156],[32.452354431152344,57.488929748535156],[31.93999481201172,57.14401626586914],[31.128190994262695,57.07511901855469],[30.83788299560547,56.45634460449219],[30.372501373291016,56.319149017333984],[30.108091354370117,56.319149017333984],[29.749645233154297,56.799827575683594],[29.418987274169922,56.937416076660156],[28.377832412719727,57.07511901855469],[28.267009735107422,56.937416076660156],[27.974763749940927,56.882359175865005],[27.901763916015625,56.86860656738281],[27.8910167812491,56.799827575683594],[27.880273818969727,56.731075286865234],[27.971710487031917,56.67950917156216],[28.123947143554688,56.59365463256836],[28.17983627319336,56.387733459472656],[28.169076919555664,56.319149017333984],[28.14765167236328,56.182064056396484],[28.05961799621582,56.182064056396484],[27.971586227416992,56.182064056396484],[27.470035552978516,55.77145767211914],[27.29458999633789,55.77145767211914],[27.401272483622947,55.555718996768846],[27.429689407348633,55.498252868652344],[28.252578735351562,55.15733337402344],[29.37604331970215,55.089229583740234],[29.4632625579834,55.089229583740234],[30.835119247436523,54.95309066772461],[30.811620712280273,54.817054748535156],[30.406360626220703,54.47740173339844],[30.481754302978516,54.4095458984375],[30.39191436767578,53.86756134033203],[30.29454231262207,53.799922943115234],[30.28354835510254,53.732303619384766],[29.960405349731445,53.32708740234375],[29.94979476928711,53.25962829589844],[30.03571891784668,53.25962829589844],[31.238658905029297,53.25962829589844],[32.16032028198242,53.124786376953125],[32.82181167602539,53.462066650390625],[32.846351623535156,53.597137451171875],[33.03108596801758,53.664710998535156],[33.365901947021484,54.07062530517578],[33.37873840332031,54.138362884521484],[33.39161682128906,54.20612335205078],[33.47819900512695,54.20612335205078],[33.465274810791016,54.138362884521484],[33.911109924316406,54.20612335205078],[34.78199005126953,53.799922943115234],[35.009151458740234,54.07062530517578],[35.29643249511719,54.20612335205078],[35.32442092895508,54.341712951660156],[35.91665267944336,54.681121826171875],[35.9458122253418,54.817054748535156],[36.49785232543945,54.95309066772461],[36.64551544189453,55.225467681884766]]]},"properties":{"Name":"Principality of Smolensk","FromYear":1188,"ToYear":1201,"Area":150519.68016958237,"Type":"POLITY","Wikipedia":"Principality of Smolensk","Wikidata":"Q1483495","SeshatID":"","Components":"","MemberOf":""}},
{"type":"Feature","geometry":{"type":"Polygon","coordinates":[[[20.14645767211914,52.0491943359375],[20.076417922973633,52.250450134277344],[19.48443031311035,52.31757736206055],[19.4229793548584,52.653533935546875],[19.099597930908203,52.92268753051758],[18.928207397460938,52.92268753051758],[18.689167022705078,53.192195892333984],[18.517410278320312,53.192195892333984],[18.526348114013672,53.32708740234375],[18.26409912109375,53.25962829589844],[18.3326416015625,52.99003219604492],[18.66219711303711,52.78806686401367],[18.653339385986328,52.653533935546875],[19.62150001525879,51.84812545776367],[19.871623992919922,51.78114318847656],[20.221450805664062,51.91512680053711],[20.23157501220703,52.0491943359375],[20.14645767211914,52.0491943359375]]]},"properties":{"Name":"Duchy of Kuyavia","FromYear":1188,"ToYear":1201,"Area":6843.821348227201,"Type":"POLITY","Wikipedia":"Duchy of Kuyavia","Wikidata":"Q11750543","SeshatID":"pl_piast_dyn_2","Components":"","MemberOf":"(Duchies of Poland)"}},
{"type":"Feature","geometry":{"type":"Polygon","coordinates":[[[36.51958084106445,36.80373764038086],[35.84174346923828,36.28839111328125],[35.91935348510742,36.28839111328125],[35.990074157714844,36.2239875793457],[35.858245849609375,35.708900451660156],[35.85155487060547,35.644527435302734],[36.41393280029297,35.837650299072266],[36.61079406738281,36.2239875793457],[36.59736633300781,36.80373764038086],[36.51958084106445,36.80373764038086]]]},"properties":{"Name":"Principality of Antioch","FromYear":1188,"ToYear":1259,"Area":5306.820572960555,"Type":"POLITY","Wikipedia":"Principality of Antioch","Wikidata":"Q235030","SeshatID":"","Components":"","MemberOf":""}},
{"type":"Feature","geometry":{"type":"MultiPolygon","coordinates":[[[[4.356745719909668,45.169586181640625],[4.679500579833984,45.23500442504883],[4.504523754119873,45.56227111816406],[4.828067779541016,45.62776184082031],[4.909576416015625,45.62776184082031],[5.07259464263916,45.62776184082031],[5.295057773590088,46.283294677734375],[4.967714786529541,46.283294677734375],[4.895442485809326,46.02093505859375],[4.734472751617432,45.95537567138672],[4.231192111968994,46.283294677734375],[4.225839138031006,46.414546966552734],[3.982912302017212,46.348915100097656],[4.078399658203125,46.02093505859375],[3.917757511138916,45.95537567138672],[3.931468486785889,45.62776184082031],[4.012977600097656,45.62776184082031],[3.9422926902771,45.36587905883789],[4.267813205718994,45.36587905883789],[4.356745719909668,45.169586181640625]]],[[[3.914155960083008,47.92780685424805],[3.647621154785156,48.323814392089844],[3.564719438552856,48.323814392089844],[3.475459814071655,48.455936431884766],[3.057219743728638,48.52202224731445],[2.884289264678955,48.654239654541016],[2.79067063331604,48.852684020996094],[3.033406257629395,48.98506164550781],[2.613454103469849,49.051273345947266],[2.439435005187988,49.18375015258789],[1.772406935691833,49.18375015258789],[1.388798952102661,48.654239654541016],[1.567061066627502,48.455936431884766],[1.733008742332458,48.455936431884766],[1.685470700263977,47.86185836791992],[1.768123745918274,47.86185836791992],[1.892255425453186,47.13737487792969],[2.711595296859741,47.20316696166992],[2.618989706039429,47.4006233215332],[2.368207454681396,47.46647262573242],[2.429348230361938,47.86185836791992],[2.763392686843872,47.79592514038086],[3.249412775039673,47.993770599365234],[3.754808187484741,47.79592514038086],[3.751797437667847,47.86185836791992],[3.834450483322144,47.86185836791992],[3.831467866897583,47.92780685424805],[3.914155960083008,47.92780685424805]]],[[[1.446373105049133,50.37908172607422],[1.614522457122803,50.37908172607422],[1.622958064079285,50.2459831237793],[1.950821161270142,50.37908172607422],[2.554430246353149,50.11296081542969],[3.729254722595215,50.11296081542969],[3.726047992706299,50.17946243286133],[3.64209246635437,50.17946243286133],[3.541608572006226,50.51224899291992],[3.37329888343811,50.51224899291992],[3.296015977859497,50.37908172607422],[3.124354124069214,50.445655822753906],[3.040239572525024,50.445655822753906],[2.776829481124878,50.64549255371094],[2.271415710449219,50.64549255371094],[2.263509750366211,50.77880859375],[2.094875812530518,50.77880859375],[2.074539184570312,51.112430572509766],[1.990016341209412,51.112430572509766],[1.576062202453613,50.97892379760742],[1.580376505851746,50.912200927734375],[1.846086263656616,50.71213912963867],[1.685989022254944,50.578861236572266],[1.433403611183167,50.578861236572266],[1.437737107276917,50.51224899291992],[1.442060351371765,50.445655822753906],[1.446373105049133,50.37908172607422]]]]},"properties":{"Name":"Kingdom of France","FromYear":1188,"ToYear":1205,"Area":37023.8261603817,"Type":"POLITY","Wikipedia":"Kingdom of France","Wikidata":"Q207162","SeshatID":"fr_capetian_k_2","Components":"","MemberOf":"(Kingdom of France)"}},
{"type":"Feature","geometry":{"type":"Polygon","coordinates":[[[4.338796615600586,43.472347259521484],[4.414638042449951,43.6026611328125],[4.41231107711792,43.6678352355957],[4.725685596466064,43.92862319946289],[4.476603984832764,44.12431716918945],[4.469520568847656,44.32010269165039],[4.057530879974365,44.5159797668457],[3.966166257858276,44.77729415893555],[3.56069803237915,44.77729415893555],[3.473977327346802,44.908016204833984],[3.230506658554077,44.908016204833984],[3.158156394958496,44.71194839477539],[2.917982816696167,44.64661407470703],[2.746667861938477,44.842647552490234],[2.584417343139648,44.842647552490234],[2.515990495681763,44.58129119873047],[2.276238918304443,44.5159797668457],[2.101012229919434,44.77729415893555],[1.448663711547852,44.842647552490234],[1.378401041030884,44.64661407470703],[1.061721682548523,44.5159797668457],[1.069124221801758,44.38538360595703],[0.833957612514496,44.25482940673828],[0.918528735637665,44.18956756591797],[0.947991132736206,43.6678352355957],[0.63697761297226,43.472347259521484],[0.966081380844116,43.342071533203125],[0.812541425228119,43.211830139160156],[0.983926355838776,43.016544342041016],[0.994516909122467,42.82133865356445],[1.485537886619568,42.62621307373047],[1.565624117851257,42.62621307373047],[1.645710229873657,42.62621307373047],[1.725796341896057,42.62621307373047],[1.72901451587677,42.56119155883789],[1.80907130241394,42.56119155883789],[1.812251329421997,42.496177673339844],[2.043031692504883,42.691246032714844],[2.517835140228271,42.82133865356445],[2.592146396636963,42.95146560668945],[2.990521192550659,43.016544342041016],[2.987718343734741,43.08163070678711],[3.140029191970825,43.276947021484375],[3.617136240005493,43.407203674316406],[3.850892543792725,43.6026611328125],[4.173032760620117,43.6026611328125],[4.177847862243652,43.472347259521484],[4.338796615600586,43.472347259521484]]]},"properties":{"Name":"County of Toulouse","FromYear":1188,"ToYear":1205,"Area":52816.25011669483,"Type":"POLITY","Wikipedia":"County of Toulouse","Wikidata":"Q1334322","SeshatID":"fr_capetian_k_2","Components":"","MemberOf":"(Kingdom of France)"}},
{"type":"Feature","geometry":{"type":"Polygon","coordinates":[[[1.12926721572876,41.781593322753906],[1.766952872276306,41.781593322753906],[1.846663594245911,41.781593322753906],[2.082794904708862,41.84651184082031],[2.227433204650879,42.17123794555664],[2.8609545144433675,42.30118795367803],[2.860961675643921,42.30118942260742],[2.858185291290283,42.36617660522461],[3.092691898345947,42.496177673339844],[2.993316411972046,42.95146560668945],[2.990521192550659,43.016544342041016],[2.592146396636963,42.95146560668945],[2.517835140228271,42.82133865356445],[2.043031692504883,42.691246032714844],[1.812251329421997,42.496177673339844],[1.748139262199402,42.17123794555664],[1.365143060684204,41.84651184082031],[1.12926721572876,41.781593322753906]]]},"properties":{"Name":"County of Berga","FromYear":1188,"ToYear":1209,"Area":8771.29304529245,"Type":"POLITY","Wikipedia":"Berga","Wikidata":"Q15487","SeshatID":"","Components":"","MemberOf":""}},
{"type":"Feature","geometry":{"type":"Polygon","coordinates":[[[-4.185935497283936,43.407203674316406],[-4.266379356384277,43.407203674316406],[-5.646126270294189,43.53750228881836],[-5.726631164550781,43.53750228881836],[-7.175715446472168,43.53750228881836],[-7.343485832214355,43.6026611328125],[-7.276463031768799,43.73301696777344],[-8.243616104125977,43.73301696777344],[-8.39044189453125,43.6026611328125],[-8.369025230407715,43.407203674316406],[-8.851689338684082,43.407203674316406],[-9.30460262298584,43.146724700927734],[-9.078654289245605,42.56119155883789],[-8.65738296508789,42.36617660522461],[-8.956093788146973,42.17123794555664],[-8.935100555419922,41.97637939453125],[-8.928141593933105,41.911441802978516],[-8.469955444335938,42.10627746582031],[-8.150541305541992,42.10627746582031],[-8.137139320373535,41.97637939453125],[-8.216935157775879,41.97637939453125],[-8.11717414855957,41.781593322753906],[-6.700808048248291,41.97637939453125],[-6.516909122467041,41.71668243408203],[-6.271912097930908,41.65177917480469],[-6.254164218902588,41.45711898803711],[-6.927728176116943,41.00318908691406],[-6.868430137634277,40.355369567871094],[-7.014894485473633,40.225894927978516],[-7.00321626663208,40.0964469909668],[-6.839452266693115,40.031734466552734],[-6.895466804504395,39.77294921875],[-7.435848712921143,39.64360046386719],[-7.418391227722168,39.449623107910156],[-7.15942907333374,39.19107437133789],[-6.288954257965088,39.1264533996582],[-5.95876932144165,38.93262481689453],[-4.756523609161377,38.60969924926758],[-4.637899398803711,39.1264533996582],[-5.035975933074951,39.19107437133789],[-5.21859073638916,39.51427459716797],[-5.449734210968018,39.449623107910156],[-5.47575044631958,39.77294921875],[-5.328420639038086,39.90232849121094],[-5.43380069732666,40.225894927978516],[-4.895932674407959,40.42012023925781],[-4.434581756591797,41.586883544921875],[-4.131639003753662,41.781593322753906],[-3.892507076263428,41.781593322753906],[-3.902783155441284,41.911441802978516],[-3.823015689849854,41.911441802978516],[-3.913116455078125,42.041324615478516],[-4.23771858215332,42.10627746582031],[-4.115132331848145,42.56119155883789],[-4.371692180633545,42.75628662109375],[-4.399298191070557,43.08163070678711],[-4.185935497283936,43.407203674316406]]]},"properties":{"Name":"Kingdom of León","FromYear":1188,"ToYear":1201,"Area":127104.75786098484,"Type":"POLITY","Wikipedia":"Kingdom of León","Wikidata":"Q175276","SeshatID":"","Components":"","MemberOf":""}},
{"type":"Feature","geometry":{"type":"Polygon","coordinates":[[[1.580376505851746,50.912200927734375],[1.495977640151978,50.912200927734375],[1.500322580337524,50.84549331665039],[1.50465714931488,50.77880859375],[1.508981347084045,50.71213912963867],[1.424705147743225,50.71213912963867],[1.429059624671936,50.64549255371094],[1.433403611183167,50.578861236572266],[1.685989022254944,50.578861236572266],[1.846086263656616,50.71213912963867],[1.580376505851746,50.912200927734375]]]},"properties":{"Name":"County of Boulogne","FromYear":1188,"ToYear":1235,"Area":683.9483313357756,"Type":"POLITY","Wikipedia":"County of Boulogne","Wikidata":"Q1431527","SeshatID":"fr_capetian_k_2","Components":"","MemberOf":"(Kingdom of France)"}},
{"type":"Feature","geometry":{"type":"MultiPolygon","coordinates":[[[[-4.109583377838135,57.903804779052734],[-4.118414402008057,57.97305679321289],[-3.428223133087158,58.180992126464844],[-3.021383285522461,58.528167724609375],[-3.038006544113159,58.66725540161133],[-5.198037147521973,58.66725540161133],[-5.169017314910889,58.45867156982422],[-5.258847236633301,58.45867156982422],[-5.239514827728271,58.31977081298828],[-5.418947219848633,58.31977081298828],[-5.469630241394043,58.042335510253906],[-5.459936618804932,57.97305679321289],[-5.261979579925537,57.8345832824707],[-4.904685974121094,57.8345832824707],[-4.815362930297852,57.8345832824707],[-4.109583377838135,57.903804779052734]]],[[[-3.441113948822021,59.015533447265625],[-3.531404256820679,59.015533447265625],[-3.415184020996094,58.80647277832031],[-3.063107252120972,58.876129150390625],[-2.972933053970337,58.876129150390625],[-2.792584657669067,58.876129150390625],[-2.809081315994263,59.015533447265625],[-3.088408470153809,59.08528518676758],[-3.195853710174561,59.22488784790039],[-3.376785039901733,59.22488784790039],[-3.441113948822021,59.015533447265625]]],[[[-2.578956842422485,59.36461639404297],[-2.842337846755981,59.294734954833984],[-2.825665473937988,59.15507125854492],[-2.644851207733154,59.15507125854492],[-2.653059244155884,59.22488784790039],[-2.562593460083008,59.22488784790039],[-2.578956842422485,59.36461639404297]]],[[[12.169829190517511,60],[5.192194471418304,60],[5.18274974822998,59.99503707885742],[5.192312240600586,59.78459548950195],[5.283252716064453,59.78459548950195],[5.214344501495361,59.294734954833984],[5.848016262054443,59.294734954833984],[5.842586994171143,59.434532165527344],[6.026472091674805,59.36461639404297],[5.949085235595703,59.015533447265625],[5.497633457183838,59.015533447265625],[5.514988899230957,58.59769821166992],[5.700376510620117,58.45867156982422],[6.515511512756348,58.2503662109375],[6.611622333526611,58.042335510253906],[7.597545146942139,57.97305679321289],[8.66648006439209,58.31977081298828],[8.932857513427734,58.59769821166992],[9.112746238708496,58.59769821166992],[9.111583709716797,58.73685073852539],[9.381759643554688,58.73685073852539],[9.380940437316895,58.876129150390625],[9.561288833618164,58.876129150390625],[9.65099048614502,59.015533447265625],[10.012155532836914,58.94581604003906],[10.192960739135742,59.15507125854492],[10.373775482177734,59.15507125854492],[10.465357780456543,59.434532165527344],[10.374953269958496,59.504478454589844],[10.557076454162598,59.64447021484375],[10.555644989013672,59.36461639404297],[10.825811386108398,59.15507125854492],[11.09703254699707,59.15507125854492],[11.179258346557617,58.38920593261719],[11.358803749084473,58.38920593261719],[11.44500732421875,58.11164855957031],[11.712594985961914,58.042335510253906],[11.711545944213867,57.97305679321289],[11.890416145324707,57.97305679321289],[12.1627197265625,58.180992126464844],[12.08616828918457,58.876129150390625],[11.995993614196777,58.876129150390625],[12.006281852722168,59.434532165527344],[11.91563892364502,59.434532165527344],[11.924447059631348,59.92485809326172],[12.169829190517511,60]]]]},"properties":{"Name":"Old Kingdom of Norway","FromYear":1188,"ToYear":1271,"Area":311193.0859701378,"Type":"POLITY","Wikipedia":"Norway","Wikidata":"Q202266","SeshatID":"no_norway_k_1","Components":"","MemberOf":""}},
{"type":"Feature","geometry":{"type":"Polygon","coordinates":[[[14.602863311767578,51.71418380737305],[14.607197761535645,51.84812545776367],[14.951874732971191,51.98215103149414],[14.956645011901855,52.11625671386719],[14.537419319152832,52.31757736206055],[14.548598289489746,52.653533935546875],[14.125114440917969,52.78806686401367],[14.045584678649902,52.99003219604492],[12.756768226623535,52.85536575317383],[12.503467559814453,53.057395935058594],[12.159278869628906,52.99003219604492],[11.217759132385254,53.192195892333984],[10.87574291229248,53.462066650390625],[10.877296447753906,53.732303619384766],[11.224658012390137,54.00291442871094],[11.138218879699707,54.00291442871094],[10.879310607910156,54.07062530517578],[11.053302764892578,54.20612335205078],[11.054854393005371,54.4095458984375],[10.274396896362305,54.47740173339844],[10.187621116638184,54.47740173339844],[9.927618026733398,54.27390670776367],[9.148486137390137,54.20612335205078],[8.887362480163574,54.341712951660156],[8.802155494689941,54.20612335205078],[8.80289077758789,54.138362884521484],[8.892172813415527,53.86756134033203],[8.459527015686035,53.93522644042969],[8.37701416015625,53.664710998535156],[8.204607963562012,53.664710998535156],[8.120620727539062,53.52959060668945],[7.94840145111084,53.52959060668945],[8.032201766967773,53.664710998535156],[7.944795608520508,53.732303619384766],[7.082295417785645,53.732303619384766],[6.913325786590576,53.597137451171875],[6.916844367980957,53.462066650390625],[6.226210117340088,53.52959060668945],[5.542333602905273,53.39456558227539],[5.20894193649292,53.124786376953125],[5.385728359222412,52.99003219604492],[5.390830039978027,52.85536575317383],[4.970867156982422,52.653533935546875],[4.871281623840332,52.99003219604492],[4.699799060821533,52.99003219604492],[4.454747676849365,52.720787048339844],[4.463808536529541,52.51908493041992],[4.21693229675293,52.31757736206055],[4.223166942596436,52.18334197998047],[3.974021434783936,52.0491943359375],[3.980464458465576,51.91512680053711],[3.810401916503906,51.91512680053711],[3.81699013710022,51.78114318847656],[3.647099733352661,51.78114318847656],[3.738690614700317,51.64724349975586],[3.399252653121948,51.64724349975586],[3.40621018409729,51.51342010498047],[3.74860668182373,51.44654083251953],[3.155481338500977,51.44654083251953],[3.159067630767822,51.37968063354492],[3.254344463348389,51.17921447753906],[4.103085994720459,51.112430572509766],[4.034165859222412,50.77880859375],[3.700162887573242,50.71213912963867],[3.541608572006226,50.51224899291992],[3.64209246635437,50.17946243286133],[3.726047992706299,50.17946243286133],[3.729254722595215,50.11296081542969],[3.813170909881592,50.11296081542969],[3.816332101821899,50.04647445678711],[3.900208711624146,50.04647445678711],[3.984085559844971,50.04647445678711],[3.987162351608276,49.98000717163086],[4.071000099182129,49.98000717163086],[4.154837608337402,49.98000717163086],[4.576823711395264,49.91355895996094],[4.679802417755127,49.44889450073242],[5.026719093322754,49.11750411987305],[4.865273475646973,48.98506164550781],[4.883440971374512,48.52202224731445],[5.303273677825928,48.38986587524414],[5.305657386779785,48.323814392089844],[5.47376823425293,48.257774353027344],[5.480661869049072,48.059749603271484],[5.646180152893066,48.059749603271484],[5.818123817443848,47.86185836791992],[5.822384834289551,47.730003356933594],[5.576864242553711,47.664100646972656],[5.594502449035645,47.13737487792969],[5.432206630706787,47.07159423828125],[5.372467994689941,46.414546966552734],[5.37468433380127,46.348915100097656],[5.292815208435059,46.348915100097656],[5.295057773590088,46.283294677734375],[5.07259464263916,45.62776184082031],[4.909576416015625,45.62776184082031],[4.828067779541016,45.62776184082031],[4.504523754119873,45.56227111816406],[4.679500579833984,45.23500442504883],[4.356745719909668,45.169586181640625],[4.123232841491699,44.908016204833984],[3.96091890335083,44.908016204833984],[3.966166257858276,44.77729415893555],[4.057530879974365,44.5159797668457],[4.469520568847656,44.32010269165039],[4.476603984832764,44.12431716918945],[4.725685596466064,43.92862319946289],[4.41231107711792,43.6678352355957],[4.414638042449951,43.6026611328125],[4.338796615600586,43.472347259521484],[5.063065528869629,43.472347259521484],[5.386905193328857,43.407203674316406],[5.390771865844727,43.276947021484375],[5.631923198699951,43.276947021484375],[5.796233177185059,43.146724700927734],[6.278174877166748,43.146724700927734],[6.596527099609375,43.276947021484375],[6.67255163192749,43.472347259521484],[7.471453189849854,43.79821014404297],[7.552080154418945,43.79821014404297],[7.548612117767334,43.99384307861328],[7.707837581634521,44.12431716918945],[8.192523002624512,44.12431716918945],[8.191595077514648,44.18956756591797],[8.272406578063965,44.18956756591797],[8.271506309509277,44.25482940673828],[8.352349281311035,44.25482940673828],[8.35147476196289,44.32010269165039],[8.349712371826172,44.45067596435547],[8.590126037597656,44.64661407470703],[8.914925575256348,44.58129119873047],[8.994627952575684,44.71194839477539],[9.156752586364746,44.71194839477539],[9.157340049743652,44.64661407470703],[9.481462478637695,44.64661407470703],[9.644309997558594,44.5159797668457],[9.64546012878418,44.32010269165039],[9.969700813293457,44.12431716918945],[9.969943046569824,44.05907440185547],[9.970182418823242,43.99384307861328],[10.050901412963867,43.99384307861328],[10.05069351196289,44.05907440185547],[10.13144302368164,44.05907440185547],[10.131620407104492,43.99384307861328],[10.212339401245117,43.99384307861328],[10.212483406066895,43.92862319946289],[10.696523666381836,43.79821014404297],[10.615739822387695,43.342071533203125],[10.776388168334961,43.211830139160156],[10.776015281677246,42.95146560668945],[10.85624885559082,42.95146560668945],[11.01634693145752,42.82133865356445],[11.015789985656738,42.62621307373047],[11.175962448120117,42.62621307373047],[11.1754732131958,42.496177673339844],[11.494861602783203,42.36617660522461],[11.574831008911133,42.36617660522461],[11.736565589904785,42.62621307373047],[12.0580472946167,42.75628662109375],[11.981149673461914,43.146724700927734],[11.820984840393066,43.211830139160156],[11.82194709777832,43.342071533203125],[12.224648475646973,43.407203674316406],[12.141195297241211,43.08163070678711],[12.301782608032227,43.08163070678711],[12.296512603759766,42.56119155883789],[12.931666374206543,42.17123794555664],[12.856051445007324,42.496177673339844],[13.098980903625488,42.691246032714844],[13.339327812194824,42.691246032714844],[13.583069801330566,42.88639831542969],[13.90514087677002,42.95146560668945],[13.906397819519043,43.016544342041016],[13.747068405151367,43.08163070678711],[13.672640800476074,43.407203674316406],[13.355091094970703,43.6678352355957],[13.033763885498047,43.73301696777344],[13.035634994506836,43.86341094970703],[12.873446464538574,43.79821014404297],[12.312999725341797,44.18956756591797],[12.153728485107422,44.45067596435547],[12.157197952270508,44.842647552490234],[12.399906158447266,44.77729415893555],[12.40256118774414,45.03877639770508],[12.160021781921387,45.169586181640625],[12.161133766174316,45.300437927246094],[12.161685943603516,45.36587905883789],[11.998926162719727,45.36587905883789],[12.000378608703613,45.56227111816406],[12.164421081542969,45.693260192871094],[12.736748695373535,45.82429504394531],[12.818355560302734,45.82429504394531],[12.9815673828125,45.82429504394531],[13.061376571655273,45.693260192871094],[13.144780158996582,45.82429504394531],[13.714865684509277,45.75876998901367],[13.710229873657227,45.496795654296875],[13.628785133361816,45.496795654296875],[13.945749282836914,45.03877639770508],[14.026969909667969,45.03877639770508],[14.189410209655762,45.03877639770508],[14.196189880371094,45.36587905883789],[14.277569770812988,45.36587905883789],[14.44612979888916,45.62776184082031],[15.339118957519531,45.496795654296875],[15.264768600463867,45.75876998901367],[15.678460121154785,45.95537567138672],[15.604452133178711,46.21768569946289],[16.01764488220215,46.348915100097656],[15.864084243774414,46.677207946777344],[16.123157501220703,47.07159423828125],[16.138551712036133,47.53233337402344],[16.303508758544922,47.53233337402344],[16.3150634765625,47.86185836791992],[16.48518943786621,47.993770599365234],[16.984167098999023,48.059749603271484],[16.911911010742188,48.323814392089844],[16.829010009765625,48.323814392089844],[16.927988052368164,48.72037124633789],[17.938142776489258,48.98506164550781],[18.378620147705078,49.44889450073242],[18.71640396118164,49.51522445678711],[18.396364212036133,49.78071212768555],[18.399965286254883,49.84712600708008],[18.316205978393555,49.84712600708008],[18.323387145996094,49.98000717163086],[17.904199600219727,49.98000717163086],[17.659317016601562,50.11296081542969],[17.24604034423828,50.2459831237793],[17.08426284790039,50.37908172607422],[16.41730308532715,50.51224899291992],[16.338764190673828,50.64549255371094],[15.92021369934082,50.71213912963867],[15.930866241455078,50.97892379760742],[15.680119514465332,51.04566955566406],[15.693191528320312,51.37968063354492],[15.528964042663574,51.51342010498047],[15.534167289733887,51.64724349975586],[15.19472885131836,51.64724349975586],[14.933256149291992,51.44654083251953],[14.76379108428955,51.44654083251953],[14.600712776184082,51.64724349975586],[14.515852928161621,51.64724349975586],[14.517960548400879,51.71418380737305],[14.602863311767578,51.71418380737305]]]},"properties":{"Name":"Holy Roman Empire","FromYear":1188,"ToYear":1201,"Area":879278.9558693548,"Type":"POLITY","Wikipedia":"Holy Roman Empire","Wikidata":"Q12548","SeshatID":"de_empire_2","Components":"","MemberOf":"(Holy Roman Empire)"}},
{"type":"Feature","geometry":{"type":"Polygon","coordinates":[[[25.416061401367188,47.07159423828125],[25.428136825561523,47.20316696166992],[25.263525009155273,47.20316696166992],[25.205156326293945,47.46647262573242],[24.887176513671875,47.598209381103516],[24.899059076840967,47.730003356933594],[24.90500259399414,47.79592514038086],[24.586227416992188,47.92780685424805],[24.686708450317383,48.1257438659668],[24.367206573486328,48.257774353027344],[24.378963470458984,48.38986587524414],[24.052976608276367,48.455936431884766],[23.826892852783203,48.72037124633789],[23.089706420898438,48.852684020996094],[22.77837371826172,49.11750411987305],[22.5230712890625,49.051273345947266],[21.79827117919922,49.38258361816406],[21.385677337646484,49.44889450073242],[20.95870590209961,49.316287994384766],[20.21193504333496,49.38258361816406],[19.865541458129883,49.18375015258789],[19.388931274414062,49.58156967163086],[19.13038444519043,49.44889450073242],[18.71640396118164,49.51522445678711],[18.378620147705078,49.44889450073242],[17.938142776489258,48.98506164550781],[16.927988052368164,48.72037124633789],[16.829010009765625,48.323814392089844],[16.911911010742188,48.323814392089844],[16.984167098999023,48.059749603271484],[16.48518943786621,47.993770599365234],[16.3150634765625,47.86185836791992],[16.303508758544922,47.53233337402344],[16.138551712036133,47.53233337402344],[16.123157501220703,47.07159423828125],[15.864084243774414,46.677207946777344],[16.01764488220215,46.348915100097656],[15.604452133178711,46.21768569946289],[15.678460121154785,45.95537567138672],[15.264768600463867,45.75876998901367],[15.339118957519531,45.496795654296875],[14.44612979888916,45.62776184082031],[14.277569770812988,45.36587905883789],[14.358949661254883,45.36587905883789],[14.603090286254883,45.36587905883789],[14.59854507446289,45.169586181640625],[14.705873954494141,45.12597788336516],[14.759533882141113,45.10417556762695],[14.757952549930629,45.03877822926232],[14.757952513026673,45.03877670306789],[14.75637149810791,44.973392486572266],[14.91874885559082,44.973392486572266],[14.908865928649902,44.58129119873047],[15.028629145527555,44.5159797668457],[15.06858201388312,44.49419194994971],[15.148378372192383,44.45067596435547],[15.146636962890625,44.38538360595703],[15.387516975402832,44.32010269165039],[15.382017135620117,44.12431716918945],[15.618592262268066,43.92862319946289],[15.860657691955566,43.92862319946289],[16.096418380737305,43.73301696777344],[16.41880226135254,43.73301696777344],[16.655973434448242,43.6026611328125],[16.736507415771484,43.6026611328125],[16.81704330444336,43.6026611328125],[16.814678192138672,43.53750228881836],[16.89518165588379,43.53750228881836],[16.97568702697754,43.53750228881836],[17.05619239807129,43.53750228881836],[17.053739547729492,43.472347259521484],[17.36538314819336,43.211830139160156],[17.362831115722656,43.146724700927734],[17.443153381347656,43.146724700927734],[17.440576553344727,43.08163070678711],[17.520870208740234,43.08163070678711],[17.518268585205078,43.016544342041016],[17.518270359111405,43.01654481607914],[18.00541877746582,43.146724700927734],[18.011009216308594,43.276947021484375],[17.850242614746094,43.276947021484375],[17.6170597076416,43.472347259521484],[17.552452087402344,43.86341094970703],[17.1541748046875,43.99384307861328],[16.919275283813477,44.18956756591797],[16.924123764038086,44.32010269165039],[16.285852432250977,44.58129119873047],[16.294586181640625,44.842647552490234],[16.616775512695312,44.77729415893555],[16.788463592529297,45.03877639770508],[17.03212547302246,45.03877639770508],[17.10333824157715,44.77729415893555],[17.503494262695312,44.64661407470703],[18.09087562561035,45.10417556762695],[18.57839012145996,45.10417556762695],[18.890594482421875,44.842647552490234],[19.14055824279785,44.973392486572266],[19.235076904296875,45.23500442504883],[19.885604858398438,45.23500442504883],[20.136940002441406,45.36587905883789],[20.288434982299805,45.169586181640625],[20.5284423828125,45.10417556762695],[20.516931533813477,44.908016204833984],[20.748632431030273,44.71194839477539],[21.40547752380371,44.842647552490234],[21.879146575927734,44.64661407470703],[21.951416015625,44.5159797668457],[22.689453125,44.64661407470703],[22.946857452392578,44.842647552490234],[23.3206729888916,45.496795654296875],[24.13511848449707,45.496795654296875],[24.466312408447266,45.56227111816406],[24.564184188842773,45.75876998901367],[25.54306983947754,45.75876998901367],[25.80573081970215,45.95537567138672],[25.905540466308594,46.1520881652832],[25.748003005981445,46.21768569946289],[25.708343505859375,46.677207946777344],[25.416061401367188,47.07159423828125]]]},"properties":{"Name":"Kingdom of Hungary","FromYear":1192,"ToYear":1201,"Area":335065.40803305374,"Type":"POLITY","Wikipedia":"Kingdom of Hungary","Wikidata":"Q171150","SeshatID":"hu_arpad_dyn","Components":"","MemberOf":""}},
{"type":"Feature","geometry":{"type":"MultiPolygon","coordinates":[[[[1.892255425453186,47.13737487792969],[1.316350340843201,47.13737487792969],[1.19774067401886,47.730003356933594],[1.276269555091858,47.79592514038086],[0.928915143013,48.059749603271484],[0.907571136951447,48.38986587524414],[0.824633359909058,48.38986587524414],[0.981968343257904,48.52202224731445],[1.06497848033905,48.52202224731445],[1.060728430747986,48.5881233215332],[1.143774747848511,48.5881233215332],[1.226821184158325,48.5881233215332],[1.30986750125885,48.5881233215332],[1.305716156959534,48.654239654541016],[1.388798952102661,48.654239654541016],[1.772406935691833,49.18375015258789],[1.819613456726074,49.78071212768555],[1.454967975616455,50.2459831237793],[1.370972871780396,50.2459831237793],[1.052847385406494,49.98000717163086],[0.224112883210182,49.84712600708008],[-0.012448177672923,49.64793395996094],[0.007001183927059,49.38258361816406],[-1.250783205032349,49.44889450073242],[-1.361783027648926,49.78071212768555],[-2.031550645828247,49.78071212768555],[-1.913302421569824,49.38258361816406],[-1.651668906211853,49.2500114440918],[-1.635041356086731,49.051273345947266],[-1.718345284461975,49.051273345947266],[-1.602181315422058,48.654239654541016],[-2.521934509277344,48.72037124633789],[-2.759404182434082,48.5881233215332],[-3.122164011001587,48.91886520385742],[-3.455082654953003,48.91886520385742],[-3.85184383392334,48.72037124633789],[-4.599917888641357,48.72037124633789],[-4.911745548248291,48.52202224731445],[-4.891265392303467,48.323814392089844],[-4.642560005187988,48.323814392089844],[-4.546383857727051,48.191749572753906],[-4.705362796783447,48.1257438659668],[-4.692053318023682,47.993770599365234],[-4.424368858337402,47.79592514038086],[-3.934937715530396,47.86185836791992],[-3.757235288619995,47.730003356933594],[-3.344320774078369,47.730003356933594],[-3.155531167984009,47.46647262573242],[-2.837259292602539,47.598209381103516],[-2.825755596160889,47.46647262573242],[-2.578423976898193,47.46647262573242],[-2.561590671539307,47.26897048950195],[-2.232228517532349,47.26897048950195],[-2.139080047607422,47.13737487792969],[-2.194406032562256,46.808616638183594],[-2.024919986724854,46.74290466308594],[-2.014399528503418,46.61152267456055],[-1.666043281555176,46.348915100097656],[-1.251809358596802,46.283294677734375],[-1.222735166549683,45.889827728271484],[-1.141096234321594,45.889827728271484],[-1.213142395019531,45.75876998901367],[-1.045281529426575,45.693260192871094],[-1.031213998794556,45.496795654296875],[-1.189373373985291,45.431331634521484],[-1.170574903488159,45.169586181640625],[-1.251859068870544,45.169586181640625],[-1.205376982688904,44.5159797668457],[-1.286344885826111,44.5159797668457],[-1.267958283424377,44.25482940673828],[-1.348801136016846,44.25482940673828],[-1.321390628814697,43.86341094970703],[-1.402047991752625,43.86341094970703],[-1.459883332252502,43.53750228881836],[-1.692170143127441,43.407203674316406],[-1.687574744224548,43.342071533203125],[-0.963850319385529,43.342071533203125],[-0.857915937900543,42.95146560668945],[0.040142297744751,42.691246032714844],[0.600951313972473,42.691246032714844],[0.673818349838257,42.82133865356445],[0.994516909122467,42.82133865356445],[0.983926355838776,43.016544342041016],[0.812541425228119,43.211830139160156],[0.966081380844116,43.342071533203125],[0.63697761297226,43.472347259521484],[0.947991132736206,43.6678352355957],[0.918528735637665,44.18956756591797],[0.833957612514496,44.25482940673828],[1.069124221801758,44.38538360595703],[1.061721682548523,44.5159797668457],[1.378401041030884,44.64661407470703],[1.448663711547852,44.842647552490234],[2.101012229919434,44.77729415893555],[2.276238918304443,44.5159797668457],[2.515990495681763,44.58129119873047],[2.584417343139648,44.842647552490234],[2.746667861938477,44.842647552490234],[2.917982816696167,44.64661407470703],[3.158156394958496,44.71194839477539],[3.230506658554077,44.908016204833984],[3.473977327346802,44.908016204833984],[3.56069803237915,44.77729415893555],[3.966166257858276,44.77729415893555],[3.96091890335083,44.908016204833984],[4.123232841491699,44.908016204833984],[4.356745719909668,45.169586181640625],[4.267813205718994,45.36587905883789],[3.9422926902771,45.36587905883789],[4.012977600097656,45.62776184082031],[3.931468486785889,45.62776184082031],[3.917757511138916,45.95537567138672],[4.078399658203125,46.02093505859375],[3.982912302017212,46.348915100097656],[4.225839138031006,46.414546966552734],[4.050973415374756,46.677207946777344],[3.804866790771484,46.677207946777344],[3.728644609451294,46.54585266113281],[3.069725751876831,46.61152267456055],[2.803918361663818,47.005828857421875],[2.793901681900024,47.20316696166992],[2.711595296859741,47.20316696166992],[1.892255425453186,47.13737487792969]]],[[[-4.638194561004639,52.18334197998047],[-4.723400115966797,52.18334197998047],[-5.218731880187988,52.0491943359375],[-5.264270305633545,51.71418380737305],[-4.909326076507568,51.580322265625],[-4.415247440338135,51.71418380737305],[-4.308269023895264,51.51342010498047],[-3.891522645950317,51.580322265625],[-3.70082426071167,51.37968063354492],[-3.277374029159546,51.37968063354492],[-3.121426105499268,51.51342010498047],[-2.945236444473267,51.44654083251953],[-3.107994079589844,51.37968063354492],[-3.094635725021362,51.24601745605469],[-4.201729774475098,51.31283950805664],[-4.426436901092529,51.04566955566406],[-4.67988109588623,51.04566955566406],[-4.657799243927002,50.84549331665039],[-4.819114208221436,50.77880859375],[-4.881234169006348,50.578861236572266],[-5.133819580078125,50.578861236572266],[-5.279601097106934,50.37908172607422],[-5.768607616424561,50.2459831237793],[-5.745615005493164,50.04647445678711],[-5.151133060455322,49.98000717163086],[-4.928657054901123,50.2459831237793],[-4.354779243469238,50.37908172607422],[-4.186630249023438,50.37908172607422],[-4.088706493377686,50.2459831237793],[-3.584736108779907,50.2459831237793],[-3.456606388092041,50.64549255371094],[-3.12621021270752,50.71213912963867],[-2.102793455123901,50.578861236572266],[-2.030619621276855,50.71213912963867],[-1.524962306022644,50.71213912963867],[-1.513427257537842,50.578861236572266],[-1.176646590232849,50.578861236572266],[-1.109168291091919,50.77880859375],[-1.367843627929688,50.84549331665039],[0.492853790521622,50.77880859375],[1.313834071159363,51.112430572509766],[1.380577206611633,51.37968063354492],[0.523877322673798,51.51342010498047],[0.862975299358368,51.51342010498047],[0.843909561634064,51.78114318847656],[1.183690190315247,51.78114318847656],[1.169783234596252,51.98215103149414],[1.425007224082947,51.98215103149414],[1.586262822151184,52.11625671386719],[1.653681755065918,52.38472366333008],[1.739019155502319,52.38472366333008],[1.716817617416382,52.720787048339844],[1.531973838806152,52.92268753051758],[1.093834638595581,53.057395935058594],[0.493327647447586,53.057395935058594],[0.337453275918961,52.85536575317383],[0.075146429240704,52.92268753051758],[0.316494405269623,53.124786376953125],[0.29531991481781,53.39456558227539],[0.020827349275351,53.597137451171875],[0.004257039166987,53.799922943115234],[-0.17964468896389,53.93522644042969],[-0.202435865998268,54.20612335205078],[-0.381431937217712,54.27390670776367],[-0.387277960777283,54.341712951660156],[-0.671433329582214,54.613189697265625],[-1.285956144332886,54.681121826171875],[-1.398887872695923,54.95309066772461],[-1.486006855964661,54.95309066772461],[-1.633551597595215,55.56651306152344],[-2.01904296875,55.90821838378906],[-2.106868505477905,55.90821838378906],[-2.268072366714478,55.77145767211914],[-2.239403486251831,55.498252868652344],[-2.560305595397949,55.225467681884766],[-2.734941720962524,55.225467681884766],[-2.807486772537231,55.089229583740234],[-3.141266584396362,54.95309066772461],[-3.402623414993286,54.95309066772461],[-3.394958257675171,54.88506317138672],[-3.648374080657959,54.817054748535156],[-3.704231739044189,54.545284271240234],[-3.617407321929932,54.545284271240234],[-3.586766958236694,54.27390670776367],[-3.319409608840942,54.20612335205078],[-3.304538726806641,54.07062530517578],[-2.96582555770874,54.138362884521484],[-3.196035623550415,53.86756134033203],[-3.095205545425415,53.732303619384766],[-3.152528285980225,53.462066650390625],[-3.324654340744019,53.462066650390625],[-3.3113312174087963,53.33832889099077],[-3.310120820999146,53.32708740234375],[-3.2198313932589544,53.28657054576656],[-3.1597921767913126,53.25962829589844],[-3.03944020090128,53.20562104534913],[-3.0095230383802134,53.192195892333984],[-2.9493420204780594,53.16519000989527],[-2.859304904937744,53.124786376953125],[-2.852354049682617,53.057395935058594],[-3.19550085067749,53.057395935058594],[-3.274127721786499,52.99003219604492],[-3.174215316772461,52.85536575317383],[-3.088564872741699,52.85536575317383],[-3.067585706710815,52.653533935546875],[-3.622879981994629,52.250450134277344],[-3.878627777099609,52.250450134277344],[-3.849620580673218,51.98215103149414],[-3.997964382171631,51.78114318847656],[-4.260177135467529,51.84812545776367],[-4.189918994903564,51.98215103149414],[-4.615292549133301,51.98215103149414],[-4.638194561004639,52.18334197998047]]],[[[-6.14714241027832,53.32708740234375],[-6.241942882537842,53.39456558227539],[-6.16473388671875,53.462066650390625],[-6.164712409634202,53.462066650390625],[-6.078670501708984,53.462066650390625],[-6.113253051675967,53.507043218526356],[-6.229749215703076,53.65855308879094],[-6.286456108093262,53.732303619384766],[-6.331579685211182,54.07062530517578],[-5.899145126342773,54.07062530517578],[-5.674689769744873,54.341712951660156],[-5.423318386077881,54.4095458984375],[-5.553964138031006,54.74907684326172],[-5.727906227111816,54.74907684326172],[-5.938195705413818,55.021148681640625],[-6.442390918731689,54.88506317138672],[-6.327431201934814,54.681121826171875],[-5.952661037445068,54.47740173339844],[-6.012425899505615,54.27390670776367],[-6.532209873199463,54.27390670776367],[-6.64980936050415,53.86756134033203],[-7.254220008850098,53.86756134033203],[-7.321455955505371,53.732303619384766],[-7.905546188354492,53.597137451171875],[-7.856867790222168,53.25962829589844],[-7.646926403045654,52.99003219604492],[-8.180913925170898,53.124786376953125],[-8.227591514587402,52.85536575317383],[-8.313241958618164,52.85536575317383],[-8.188875198364258,52.586299896240234],[-8.350115776062012,52.51908493041992],[-8.32118034362793,52.31757736206055],[-8.832940101623535,52.31757736206055],[-8.888623237609863,52.11625671386719],[-8.575459480285645,51.71418380737305],[-8.405654907226562,51.71418380737305],[-8.273340657964463,51.762908664965366],[-8.057999084700189,51.84220841952334],[-7.677979469299316,51.98215103149414],[-7.611197948455811,52.11625671386719],[-7.051559637853498,52.147974040818205],[-6.427507877349854,52.18334197998047],[-6.297028383674605,52.496593405379734],[-6.249480348044424,52.61074536532802],[-6.2316575050354,52.653533935546875],[-6.14614200592041,52.653533935546875],[-6.171980857849121,52.85536575317383],[-6.086330413818359,52.85536575317383],[-6.095015603143786,52.92273719417956],[-6.14714241027832,53.32708740234375]]]]},"properties":{"Name":"(Kingdom of England)","FromYear":1192,"ToYear":1201,"Area":423162.8877261214,"Type":"POLITY","Wikipedia":"Kingdom of England","Wikidata":"Q179876","SeshatID":"gb_england_plantagenet","Components":"Angevin Empire","MemberOf":""}},
{"type":"Feature","geometry":{"type":"Polygon","coordinates":[[[34.56792068481445,31.78606605529785],[34.94377517700195,31.7217960357666],[35.189048767089844,31.91460609436035],[35.194602966308594,31.978878021240234],[35.53378677368164,33.20018768310547],[35.7758674621582,33.32876968383789],[35.8250846862793,33.84315490722656],[35.60073471069336,33.90746307373047],[35.59455490112305,33.84315490722656],[35.4470100402832,33.90746307373047],[35.49934768676758,33.65024948120117],[35.34577560424805,33.65024948120117],[35.39840316772461,33.393062591552734],[35.21538543701172,33.07160949707031],[35.05632781982422,33.00732421875],[35.021759033203125,32.62162780761719],[34.76983642578125,32.36451721191406],[34.81304168701172,31.978878021240234],[34.57329559326172,31.8503360748291],[34.56792068481445,31.78606605529785]]]},"properties":{"Name":"Kingdom of Jerusalem","FromYear":1192,"ToYear":1235,"Area":8909.429815529033,"Type":"POLITY","Wikipedia":"Kingdom of Jerusalem","Wikidata":"Q55502","SeshatID":"il_jerusalem_k_2","Components":"","MemberOf":""}},
{"type":"Feature","geometry":{"type":"Polygon","coordinates":[[[1.185595035552979,42.236209869384766],[1.042807459831238,41.911441802978516],[0.720234453678131,41.97637939453125],[0.640438318252563,41.97637939453125],[0.571292340755463,41.781593322753906],[0.737652242183685,41.65177917480469],[1.056268811225891,41.65177917480469],[1.12926721572876,41.781593322753906],[1.365143060684204,41.84651184082031],[1.748139262199402,42.17123794555664],[1.812251329421997,42.496177673339844],[1.80907130241394,42.56119155883789],[1.72901451587677,42.56119155883789],[1.725796341896057,42.62621307373047],[1.645710229873657,42.62621307373047],[1.565624117851257,42.62621307373047],[1.485537886619568,42.62621307373047],[1.185595035552979,42.236209869384766]]]},"properties":{"Name":"County of Urgell","FromYear":1192,"ToYear":1201,"Area":4670.065577781902,"Type":"POLITY","Wikipedia":"County of Urgell","Wikidata":"Q1514510","SeshatID":"","Components":"","MemberOf":""}},
{"type":"Feature","geometry":{"type":"Polygon","coordinates":[[[29.387527465820312,49.316287994384766],[27.30976609271702,49.44415385446288],[27.23273277282715,49.44889450073242],[26.9208927154541,49.64793395996094],[26.66996192932129,49.64793395996094],[26.440895080566406,49.84712600708008],[26.113054275512695,49.91355895996094],[25.967002868652344,50.11296081542969],[25.799171447753906,50.11296081542969],[25.820768356323242,50.312522888183594],[25.659879684448242,50.37908172607422],[25.68891716003418,50.64549255371094],[24.553611755371094,50.2459831237793],[23.881650924682617,50.2459831237793],[23.383758544921875,50.312522888183594],[23.31188201904297,50.445655822753906],[22.975421905517578,50.445655822753906],[22.946025848388672,50.11296081542969],[22.258319854736328,49.91355895996094],[22.158485412597656,49.71431350708008],[21.385677337646484,49.44889450073242],[21.79827117919922,49.38258361816406],[22.5230712890625,49.051273345947266],[22.77837371826172,49.11750411987305],[23.089706420898438,48.852684020996094],[23.826892852783203,48.72037124633789],[24.052976608276367,48.455936431884766],[24.378963470458984,48.38986587524414],[24.367206573486328,48.257774353027344],[24.686708450317383,48.1257438659668],[24.586227416992188,47.92780685424805],[24.90500259399414,47.79592514038086],[24.899059076840967,47.730003356933594],[24.887176513671875,47.598209381103516],[25.205156326293945,47.46647262573242],[25.263525009155273,47.20316696166992],[25.428136825561523,47.20316696166992],[25.416061401367188,47.07159423828125],[25.75118064880371,47.13737487792969],[26.105649948120117,47.4006233215332],[26.435287475585938,47.4006233215332],[27.142614364624023,47.86185836791992],[28.578052520751953,48.1257438659668],[29.031408309936523,48.455936431884766],[29.162776947021484,48.852684020996094],[29.353984832763672,49.051273345947266],[29.387527465820312,49.316287994384766]]]},"properties":{"Name":"Principality of Halych","FromYear":1192,"ToYear":1201,"Area":106206.6527486486,"Type":"POLITY","Wikipedia":"Principality of Halych","Wikidata":"Q3403551","SeshatID":"","Components":"","MemberOf":""}},
{"type":"Feature","geometry":{"type":"MultiPolygon","coordinates":[[[[45,39.98320161293208],[45,42.731429989705475],[44.744632720947266,42.691246032714844],[44.689697265625,42.82133865356445],[44.36899948120117,42.82133865356445],[44.18382263183594,42.691246032714844],[43.78324508666992,42.691246032714844],[43.73988342285156,42.88639831542969],[43.20268249511719,43.016544342041016],[42.91782760620117,43.211830139160156],[41.953582763671875,43.211830139160156],[41.115562438964844,43.472347259521484],[41.03508758544922,43.472347259521484],[40.735965728759766,43.6026611328125],[40.333290100097656,43.6026611328125],[40.2978515625,43.86341094970703],[39.96403884887695,43.79821014404297],[39.351905822753906,43.99384307861328],[39.75851058959961,43.53750228881836],[40.219173431396484,43.407203674316406],[40.41570281982422,43.146724700927734],[40.81732177734375,43.146724700927734],[41.11582565307617,43.016544342041016],[41.608699798583984,42.62621307373047],[41.48331832885742,42.36617660522461],[41.700584411621094,42.236209869384766],[41.598209381103516,42.10627746582031],[41.75791549682617,42.10627746582031],[41.73545837402344,41.97637939453125],[41.81525421142578,41.97637939453125],[41.589237213134766,41.586883544921875],[41.57828140258789,41.521995544433594],[41.73747634887695,41.521995544433594],[41.79509735107422,41.39224624633789],[41.25373458862305,41.00318908691406],[41.518245697021484,40.6791877746582],[41.676727294921875,40.6791877746582],[41.65568161010742,40.54964065551758],[41.95132064819336,40.42012023925781],[42.346988677978516,40.42012023925781],[42.61675262451172,40.614410400390625],[43.10306167602539,40.6791877746582],[43.14754867553711,40.93837356567383],[43.56704330444336,41.06801223754883],[43.77094650268555,40.873565673828125],[43.591068267822266,40.29063034057617],[43.716285705566406,40.0964469909668],[44.405086517333984,39.9670295715332],[44.56298828125,39.9670295715332],[44.66431427001953,40.0964469909668],[44.811058044433594,40.031734466552734],[44.89003372192383,40.031734466552734],[45,39.98320161293208]]],[[[39.351905822753906,43.99384307861328],[39.36290740966797,44.05907440185547],[39.28215789794922,44.05907440185547],[39.2014045715332,44.05907440185547],[39.190467834472656,43.99384307861328],[39.27118682861328,43.99384307861328],[39.351905822753906,43.99384307861328]]],[[[39.13158416748047,44.12431716918945],[39.12065505981445,44.05907440185547],[39.2014045715332,44.05907440185547],[39.212364196777344,44.12431716918945],[39.13158416748047,44.12431716918945]]],[[[39.13158416748047,44.12431716918945],[39.14253234863281,44.18956756591797],[39.06172180175781,44.18956756591797],[39.050804138183594,44.12431716918945],[39.13158416748047,44.12431716918945]]]]},"properties":{"Name":"Kingdom of Georgia","FromYear":1192,"ToYear":1201,"Area":144345.67477799597,"Type":"POLITY","Wikipedia":"Kingdom of Georgia","Wikidata":"Q154667","SeshatID":"ge_georgia_k_2","Components":"","MemberOf":""}},
{"type":"Feature","geometry":{"type":"MultiPolygon","coordinates":[[[[24.156919479370117,35.51579284667969],[23.615402221679688,35.51579284667969],[23.679210662841797,35.258358001708984],[24.44841766357422,35.194007873535156],[24.52567481994629,35.194007873535156],[24.7574462890625,35.194007873535156],[24.823745727539062,35.00096893310547],[26.140073776245117,35.065311431884766],[26.22533416748047,35.194007873535156],[25.680648803710938,35.12965774536133],[25.69233512878418,35.32271194458008],[24.30097007751465,35.32271194458008],[24.149879455566406,35.38706970214844],[24.156919479370117,35.51579284667969]]],[[[22.887205123901367,36.417205810546875],[22.87404441833496,36.15959167480469],[23.10675048828125,36.15959167480469],[23.116798400878906,36.3527946472168],[22.964859008789062,36.417205810546875],[22.887205123901367,36.417205810546875]]],[[[24.28331756591797,37.706241607666016],[24.201318740844727,37.641746520996094],[24.27158546447754,37.51277160644531],[24.43158721923828,37.5772590637207],[24.36141586303711,37.706241607666016],[24.28331756591797,37.706241607666016]]],[[[25.0518856048584,37.51277160644531],[25.285974502563477,37.51277160644531],[25.220497131347656,37.706241607666016],[25.064300537109375,37.706241607666016],[24.986202239990234,37.706241607666016],[25.0518856048584,37.51277160644531]]],[[[20.621307373046875,37.89975357055664],[20.612695693969727,37.706241607666016],[20.922147750854492,37.641746520996094],[20.933977127075195,37.89975357055664],[20.69947624206543,37.89975357055664],[20.621307373046875,37.89975357055664]]],[[[24.694225311279297,38.028785705566406],[24.681930541992188,37.835243225097656],[24.830005645751953,37.706241607666016],[25.068470001220703,37.7707405090332],[24.772438049316406,38.028785705566406],[24.694225311279297,38.028785705566406]]],[[[20.319902420043945,38.157840728759766],[20.7864933013916,38.09331130981445],[20.795446395874023,38.28691864013672],[20.566410064697266,38.416015625],[20.488054275512695,38.416015625],[20.328466415405273,38.351463317871094],[20.319902420043945,38.157840728759766]]],[[[23.563383102416992,38.738853454589844],[23.56732749938965,38.80344009399414],[23.488826751708984,38.80344009399414],[23.484909057617188,38.738853454589844],[23.563383102416992,38.738853454589844]]],[[[24.364974975585938,38.997230529785156],[24.35651969909668,38.8680305480957],[24.662033081054688,38.738853454589844],[24.674930572509766,38.93262481689453],[24.443546295166016,38.997230529785156],[24.364974975585938,38.997230529785156]]],[[[20.073074340820312,39.64360046386719],[20.070056915283203,39.57893371582031],[20.148855209350586,39.57893371582031],[20.151897430419922,39.64360046386719],[20.073074340820312,39.64360046386719]]],[[[25.066978454589844,40.031734466552734],[24.973936080932617,39.8376350402832],[25.447328567504883,39.8376350402832],[25.46186065673828,40.031734466552734],[25.145954132080078,40.031734466552734],[25.066978454589844,40.031734466552734]]],[[[24.490964889526367,40.80876541137695],[24.551259994506836,40.54964065551758],[24.793624877929688,40.614410400390625],[24.808143615722656,40.80876541137695],[24.57025909423828,40.80876541137695],[24.490964889526367,40.80876541137695]]],[[[27.742563247680664,35.902034759521484],[28.139331817626953,36.03080368041992],[28.250165939331055,36.48161697387695],[28.09481430053711,36.48161697387695],[28.01713752746582,36.48161697387695],[27.692523956298828,36.28839111328125],[27.742563247680664,35.902034759521484]]],[[[27.116777420043945,36.932613372802734],[27.038949966430664,36.932613372802734],[26.865324020385742,36.67487716674805],[27.18541717529297,36.80373764038086],[27.116777420043945,36.932613372802734]]],[[[25.339021682739258,37.12596130371094],[25.330806732177734,36.9970588684082],[25.56435775756836,36.9970588684082],[25.57270622253418,37.12596130371094],[25.416915893554688,37.12596130371094],[25.339021682739258,37.12596130371094]]],[[[25.988245010375977,37.51277160644531],[26.304851531982422,37.5772590637207],[26.313875198364258,37.706241607666016],[26.157678604125977,37.706241607666016],[26.079580307006836,37.706241607666016],[25.988245010375977,37.51277160644531]]],[[[25.89913558959961,38.48057174682617],[25.876405715942383,38.157840728759766],[26.111188888549805,38.157840728759766],[26.217344284057617,38.54513168334961],[25.99143409729004,38.67427444458008],[25.912982940673828,38.67427444458008],[25.820756912231445,38.48057174682617],[25.89913558959961,38.48057174682617]]],[[[26.09356689453125,38.997230529785156],[26.24588966369629,38.93262481689453],[26.643573760986328,38.997230529785156],[26.511207580566406,39.320335388183594],[26.122615814208984,39.38497543334961],[26.043895721435547,39.38497543334961],[25.793418884277344,39.19107437133789],[26.103172302246094,39.1264533996582],[26.09356689453125,38.997230529785156]]],[[[27.680015563964844,42.691246032714844],[27.359554290771484,42.691246032714844],[27.26100730895996,42.496177673339844],[26.209197998046875,42.36617660522461],[25.33493423461914,42.43117141723633],[25.19643211364746,42.691246032714844],[24.8759708404541,42.691246032714844],[24.806385040283203,42.82133865356445],[23.844289779663086,42.82133865356445],[23.829574584960938,42.62621307373047],[23.10879898071289,42.62621307373047],[22.93951988220215,42.496177673339844],[22.987842559814453,42.041324615478516],[23.147491455078125,42.041324615478516],[23.13391876220703,41.84651184082031],[23.42995834350586,41.521995544433594],[23.34134864807129,41.39224624633789],[22.86409568786621,41.39224624633789],[22.529191970825195,41.132843017578125],[22.052602767944336,41.132843017578125],[21.806520462036133,41.00318908691406],[21.655447006225586,41.132843017578125],[21.595308303833008,41.45711898803711],[21.599205017089844,41.521995544433594],[21.607036590576172,41.65177917480469],[21.770336151123047,41.71668243408203],[21.714677810668945,42.10627746582031],[21.47511863708496,42.10627746582031],[21.247203826904297,42.30118942260742],[21.087324142456055,42.30118942260742],[21.1945858001709,42.75628662109375],[20.965734481811523,42.95146560668945],[20.805265426635742,42.95146560668945],[20.54973030090332,42.691246032714844],[20.225698471069336,42.62621307373047],[19.724998474121094,42.236209869384766],[19.465919494628906,41.84651184082031],[19.46272850036621,41.781593322753906],[19.54244041442871,41.781593322753906],[19.450061798095703,41.521995544433594],[19.529659271240234,41.521995544433594],[19.443790435791016,41.39224624633789],[19.523332595825195,41.39224624633789],[19.437559127807617,41.26253128051758],[19.498455047607422,40.873565673828125],[19.254547119140625,40.74397277832031],[19.2486515045166,40.614410400390625],[19.48629379272461,40.614410400390625],[19.47136878967285,40.29063034057617],[19.62952995300293,40.29063034057617],[20.009418487548828,39.9670295715332],[20.00027847290039,39.77294921875],[19.76365852355957,39.77294921875],[19.75778579711914,39.64360046386719],[19.912464141845703,39.57893371582031],[19.918411254882812,39.70827102661133],[20.15495491027832,39.70827102661133],[20.29724884033203,39.38497543334961],[20.91095733642578,39.06184005737305],[20.74135398864746,38.80344009399414],[20.973709106445312,38.738853454589844],[21.19325065612793,38.416015625],[21.738431930541992,38.351463317871094],[21.728593826293945,38.157840728759766],[21.415550231933594,38.157840728759766],[21.243581771850586,37.835243225097656],[21.696598052978516,37.51277160644531],[21.60311508178711,37.1904182434082],[21.681032180786133,37.1904182434082],[21.743539810180664,36.8681755065918],[21.899152755737305,36.8681755065918],[21.90850067138672,37.06150817871094],[22.21999168395996,37.06150817871094],[22.35634422302246,36.67487716674805],[22.51182746887207,36.67487716674805],[22.59941291809082,36.8681755065918],[22.83283233642578,36.8681755065918],[23.056013107299805,36.67487716674805],[22.853219985961914,37.254878997802734],[22.700735092163086,37.3193473815918],[22.71442985534668,37.5772590637207],[22.94858741760254,37.5772590637207],[23.175601959228516,37.44829177856445],[23.168506622314453,37.3193473815918],[23.402393341064453,37.3193473815918],[23.342487335205078,37.641746520996094],[23.108261108398438,37.641746520996094],[23.044498443603516,37.89975357055664],[23.20083236694336,37.89975357055664],[23.208162307739258,38.028785705566406],[23.44280242919922,38.028785705566406],[23.9786319732666,37.835243225097656],[24.002099990844727,38.22237777709961],[24.158668518066406,38.22237777709961],[24.178871154785156,38.54513168334961],[24.030162811279297,38.67427444458008],[23.563383102416992,38.738853454589844],[23.626148223876953,38.48057174682617],[23.312631607055664,38.48057174682617],[23.16720199584961,38.67427444458008],[22.935583114624023,38.738853454589844],[23.025423049926758,38.93262481689453],[23.331829071044922,38.80344009399414],[23.492761611938477,38.8680305480957],[22.95830535888672,39.1264533996582],[22.797286987304688,39.06184005737305],[22.816326141357422,39.38497543334961],[23.135168075561523,39.449623107910156],[22.610868453979492,39.90232849121094],[22.701663970947266,40.0964469909668],[22.543659210205078,40.0964469909668],[22.57158088684082,40.54964065551758],[22.89249038696289,40.614410400390625],[22.959190368652344,40.42012023925781],[23.73737335205078,40.225894927978516],[23.83857536315918,40.54964065551758],[23.684629440307617,40.614410400390625],[23.698017120361328,40.80876541137695],[24.010608673095703,40.74397277832031],[24.34656524658203,41.00318908691406],[25.849451065063477,40.93837356567383],[26.082168579101562,40.873565673828125],[26.140260696411133,40.614410400390625],[26.547176361083984,40.74397277832031],[26.620983123779297,40.6791877746582],[26.700223922729492,40.6791877746582],[26.779464721679688,40.6791877746582],[26.773971557617188,40.614410400390625],[26.853185653686523,40.614410400390625],[26.93239974975586,40.614410400390625],[26.76849937438965,40.54964065551758],[26.921367645263672,40.4848747253418],[27.017187118530273,40.6791877746582],[27.527481079101562,41.06801223754883],[29.115554809570312,41.06801223754883],[29.10276222229004,40.93837356567383],[29.24864959716797,40.80876541137695],[29.493009567260742,40.873565673828125],[29.3944091796875,40.6791877746582],[28.91274642944336,40.614410400390625],[28.900379180908203,40.4848747253418],[29.046321868896484,40.355369567871094],[27.938817977905273,40.355369567871094],[27.950454711914062,40.4848747253418],[27.792133331298828,40.4848747253418],[27.695789337158203,40.29063034057617],[27.537628173828125,40.29063034057617],[27.46982192993164,40.42012023925781],[26.673099517822266,40.355369567871094],[26.683887481689453,40.4848747253418],[26.604726791381836,40.4848747253418],[26.2723331451416,40.29063034057617],[26.132457733154297,39.51427459716797],[26.84657859802246,39.57893371582031],[26.742225646972656,39.25570297241211],[26.894468307495117,39.19107437133789],[26.879291534423828,38.997230529785156],[26.95786476135254,38.997230529785156],[26.849470138549805,38.60969924926758],[27.079774856567383,38.54513168334961],[27.06496238708496,38.351463317871094],[26.594974517822266,38.351463317871094],[26.535762786865234,38.60969924926758],[26.38368797302246,38.67427444458008],[26.42890739440918,38.22237777709961],[26.820327758789062,38.22237777709961],[26.888994216918945,38.09331130981445],[27.27528190612793,38.028785705566406],[27.177743911743164,37.7707405090332],[27.2558650970459,37.7707405090332],[27.16343116760254,37.5772590637207],[27.309988021850586,37.44829177856445],[27.22254180908203,37.3193473815918],[27.53919219970703,37.38381576538086],[27.597978591918945,37.12596130371094],[28.065349578857422,37.12596130371094],[28.138330459594727,37.06150817871094],[28.03143882751465,36.67487716674805],[28.186922073364258,36.67487716674805],[28.357105255126953,36.8681755065918],[29.124916076660156,36.73930740356445],[29.239721298217773,36.2239875793457],[29.938032150268555,36.2239875793457],[30.02613639831543,36.3527946472168],[30.49193572998047,36.3527946472168],[30.535690307617188,36.8681755065918],[30.77472496032715,36.932613372802734],[30.85255241394043,36.932613372802734],[30.719449996948242,37.1904182434082],[30.748069763183594,37.51277160644531],[30.603506088256836,37.641746520996094],[30.15203285217285,37.835243225097656],[30.09671974182129,38.09331130981445],[29.879138946533203,38.28691864013672],[29.913976669311523,38.67427444458008],[29.77464485168457,38.8680305480957],[29.919652938842773,39.57893371582031],[30.077245712280273,39.57893371582031],[30.09604263305664,39.77294921875],[30.779949188232422,40.29063034057617],[31.096271514892578,40.29063034057617],[31.268247604370117,40.42012023925781],[31.91566276550293,40.54964065551758],[33.59416961669922,40.6791877746582],[33.784358978271484,40.93837356567383],[36.878971099853516,40.93837356567383],[37.16904830932617,40.74397277832031],[37.56538772583008,40.74397277832031],[37.86391830444336,40.614410400390625],[38.66557693481445,40.6791877746582],[40.56735610961914,40.6791877746582],[41.25373458862305,41.00318908691406],[41.79509735107422,41.39224624633789],[41.73747634887695,41.521995544433594],[41.57828140258789,41.521995544433594],[41.567359924316406,41.45711898803711],[41.40821838378906,41.45711898803711],[41.307071685791016,41.32738494873047],[41.15876007080078,41.39224624633789],[41.04725646972656,41.19768524169922],[40.53934860229492,41.00318908691406],[40.390892028808594,41.06801223754883],[40.370330810546875,40.93837356567383],[39.735538482666016,40.93837356567383],[39.0508918762207,41.132843017578125],[38.78335189819336,40.93837356567383],[38.29773712158203,40.873565673828125],[38.15805435180664,41.00318908691406],[37.83116149902344,40.93837356567383],[37.770565032958984,41.06801223754883],[37.21474075317383,41.06801223754883],[37.23323440551758,41.19768524169922],[37.06510925292969,41.132843017578125],[36.77476501464844,41.32738494873047],[36.20920181274414,41.26253128051758],[35.953800201416016,41.71668243408203],[35.30754852294922,41.65177917480469],[35.08602523803711,41.781593322753906],[35.121212005615234,42.041324615478516],[34.881736755371094,42.041324615478516],[34.78450012207031,41.911441802978516],[32.630775451660156,41.911441802978516],[32.694705963134766,41.781593322753906],[32.1933708190918,41.586883544921875],[32.04172897338867,41.65177917480469],[32.02653121948242,41.521995544433594],[31.534175872802734,41.39224624633789],[31.1800537109375,41.06801223754883],[30.62422752380371,41.06801223754883],[30.47923469543457,41.19768524169922],[28.96312141418457,41.132843017578125],[28.975934982299805,41.26253128051758],[28.505287170410156,41.32738494873047],[28.27918243408203,41.45711898803711],[28.21833038330078,41.65177917480469],[27.979368209838867,41.65177917480469],[27.936981201171875,42.041324615478516],[27.494890213012695,42.43117141723633],[27.513538360595703,42.62621307373047],[27.673709869384766,42.62621307373047],[27.680015563964844,42.691246032714844]]],[[[25.718765258789062,40.29063034057617],[25.703752517700195,40.0964469909668],[26.024850845336914,40.16116714477539],[26.03508949279785,40.29063034057617],[25.7978458404541,40.29063034057617],[25.718765258789062,40.29063034057617]]],[[[27.71177101135254,43.016544342041016],[27.97858428955078,43.276947021484375],[27.985124588012695,43.342071533203125],[27.73743438720703,43.276947021484375],[27.718164443969727,43.08163070678711],[27.71177101135254,43.016544342041016]]],[[[34.088409423828125,45.03877639770508],[34.0071907043457,45.03877639770508],[33.92597198486328,45.03877639770508],[33.844749450683594,45.03877639770508],[33.76353073120117,45.03877639770508],[33.682308197021484,45.03877639770508],[33.60108947753906,45.03877639770508],[33.54755401611328,44.64661407470703],[33.46652603149414,44.64661407470703],[33.52096176147461,44.45067596435547],[33.601898193359375,44.45067596435547],[33.68283462524414,44.45067596435547],[33.763771057128906,44.45067596435547],[34.096588134765625,44.5159797668457],[34.3670654296875,44.71194839477539],[34.376285552978516,44.77729415893555],[34.24164581298828,44.973392486572266],[34.07926940917969,44.973392486572266],[34.088409423828125,45.03877639770508]]]]},"properties":{"Name":"Byzantine Empire","FromYear":1192,"ToYear":1201,"Area":431886.60292471905,"Type":"POLITY","Wikipedia":"Byzantine Empire","Wikidata":"Q112039853","SeshatID":"tr_byzantine_emp_3","Components":"","MemberOf":""}},
{"type":"Feature","geometry":{"type":"Polygon","coordinates":[[[34.309810638427734,35.708900451660156],[33.73737716674805,35.38706970214844],[32.886871337890625,35.38706970214844],[32.875247955322266,35.258358001708984],[32.55473709106445,35.12965774536133],[32.24578857421875,35.12965774536133],[32.229042053222656,34.93662643432617],[32.36665725708008,34.743614196777344],[33.04356002807617,34.55062484741211],[33.1320686340332,34.679283142089844],[33.523399353027344,34.743614196777344],[33.69539260864258,34.93662643432617],[34.08732223510742,35.00096893310547],[33.95713424682617,35.258358001708984],[34.5294189453125,35.58015823364258],[34.542076110839844,35.708900451660156],[34.38723373413086,35.708900451660156],[34.309810638427734,35.708900451660156]]]},"properties":{"Name":"Kingdom of Cyprus","FromYear":1192,"ToYear":1362,"Area":11437.482974276965,"Type":"POLITY","Wikipedia":"Kingdom of Cyprus","Wikidata":"Q213638","SeshatID":"cy_cyprus_k","Components":"","MemberOf":""}},
{"type":"Feature","geometry":{"type":"Polygon","coordinates":[[[17.659317016601562,50.11296081542969],[17.904199600219727,49.98000717163086],[18.323387145996094,49.98000717163086],[18.316205978393555,49.84712600708008],[18.399965286254883,49.84712600708008],[18.396364212036133,49.78071212768555],[18.71640396118164,49.51522445678711],[19.13038444519043,49.44889450073242],[19.388931274414062,49.58156967163086],[19.865541458129883,49.18375015258789],[20.21193504333496,49.38258361816406],[20.95870590209961,49.316287994384766],[21.385677337646484,49.44889450073242],[22.158485412597656,49.71431350708008],[22.258319854736328,49.91355895996094],[22.946025848388672,50.11296081542969],[22.975421905517578,50.445655822753906],[22.928876501107503,50.445655822753906],[22.891307830810547,50.445655822753906],[22.91514015197754,50.71213912963867],[23.08979606628418,50.77880859375],[23.10826873779297,50.97892379760742],[23.023828506469727,50.97892379760742],[23.042409896850586,51.17921447753906],[22.87944221496582,51.24601745605469],[22.995450973510742,51.580322265625],[22.6685791015625,51.71418380737305],[22.687358856201172,51.91512680053711],[22.347232818603516,51.91512680053711],[22.10417366027832,52.0491943359375],[22.292898178100586,52.250450134277344],[22.422412872314453,52.720787048339844],[22.343225479125977,52.78806686401367],[22.428829193115234,52.78806686401367],[22.6462345123291,53.25962829589844],[22.56031036376953,53.25962829589844],[22.30253791809082,53.25962829589844],[22.50091552734375,53.52959060668945],[22.16950225830078,53.664710998535156],[21.9842586517334,53.52959060668945],[21.8183536529541,53.597137451171875],[21.719682693481445,53.462066650390625],[21.381492614746094,53.52959060668945],[21.019489288330078,53.32708740234375],[20.58405303955078,53.25962829589844],[20.487110137939453,53.124786376953125],[19.972116470336914,53.124786376953125],[19.901874542236328,53.32708740234375],[19.56304168701172,53.39456558227539],[19.421106338500977,53.799922943115234],[19.334808349609375,53.799922943115234],[19.268539428710938,54.07062530517578],[19.355026245117188,54.07062530517578],[19.462186813354492,54.341712951660156],[18.686851501464844,54.4095458984375],[18.44533348083496,54.681121826171875],[18.459484100341797,54.88506317138672],[17.501720428466797,54.88506317138672],[17.49753189086914,54.817054748535156],[17.489192962646484,54.681121826171875],[17.576114654541016,54.681121826171875],[17.53472328186035,54.00291442871094],[17.77729606628418,53.732303619384766],[17.764890670776367,53.52959060668945],[16.90379524230957,53.52959060668945],[16.90744972229004,53.597137451171875],[16.821292877197266,53.597137451171875],[16.735136032104492,53.597137451171875],[16.476667404174805,53.597137451171875],[16.208393096923828,53.39456558227539],[15.439932823181152,53.52959060668945],[15.34544563293457,53.32708740234375],[14.731513977050781,52.99003219604492],[14.476561546325684,53.057395935058594],[14.481132507324219,53.192195892333984],[14.309375762939453,53.192195892333984],[14.045584678649902,52.99003219604492],[14.125114440917969,52.78806686401367],[14.548598289489746,52.653533935546875],[14.537419319152832,52.31757736206055],[14.956645011901855,52.11625671386719],[14.951874732971191,51.98215103149414],[14.607197761535645,51.84812545776367],[14.602863311767578,51.71418380737305],[14.600712776184082,51.64724349975586],[14.76379108428955,51.44654083251953],[14.933256149291992,51.44654083251953],[15.19472885131836,51.64724349975586],[15.534167289733887,51.64724349975586],[15.528964042663574,51.51342010498047],[15.693191528320312,51.37968063354492],[15.680119514465332,51.04566955566406],[15.930866241455078,50.97892379760742],[15.92021369934082,50.71213912963867],[16.338764190673828,50.64549255371094],[16.41730308532715,50.51224899291992],[17.08426284790039,50.37908172607422],[17.24604034423828,50.2459831237793],[17.659317016601562,50.11296081542969]]]},"properties":{"Name":"(Duchies of Poland)","FromYear":1192,"ToYear":1201,"Area":224655.8662187854,"Type":"POLITY","Wikipedia":"Testament of Bolesław III Wrymouth","Wikidata":"Q2984183","SeshatID":"pl_piast_dyn_2","Components":"Duchy of Kuyavia;Duchy of Sandomierz;Duchy of Opole;Duchy of Silesia;Duchy of Wrocław;Duchy of Greater Poland","MemberOf":""}},
{"type":"Feature","geometry":{"type":"Polygon","coordinates":[[[23.4851892093249,30],[38.974904333614376,30],[38.99673843383789,30.243623733520508],[38.868377685546875,30.500701904296875],[38.89213562011719,30.757776260375977],[38.81614303588867,30.757776260375977],[38.91627883911133,31.014846801757812],[38.77022933959961,31.079113006591797],[38.79471969604492,31.336183547973633],[38.71857833862305,31.336183547973633],[38.85757827758789,31.978878021240234],[38.704952239990234,31.978878021240234],[38.737064361572266,32.30024337768555],[38.66066360473633,32.30024337768555],[38.72636795043945,32.94303894042969],[39.4992790222168,33.71455001831055],[39.81368637084961,33.77885055541992],[40.472782135009766,34.164703369140625],[40.84990692138672,34.10039138793945],[40.91171646118164,33.971771240234375],[41.211639404296875,33.90746307373047],[41.27333068847656,33.77885055541992],[42.286964416503906,33.26447677612305],[42.36363983154297,33.26447677612305],[42.57145309448242,33.71455001831055],[42.89459991455078,33.84315490722656],[43.242584228515625,34.164703369140625],[43.39646530151367,34.164703369140625],[43.660587310791016,34.42197799682617],[43.81462097167969,34.42197799682617],[43.92555618286133,34.679283142089844],[44.1740608215332,34.80794906616211],[44.40733337402344,35.38706970214844],[44.898380279541016,35.58015823364258],[44.95335388183594,35.9664192199707],[44.593360900878906,36.15959167480469],[44.611854553222656,36.28839111328125],[44.3383903503418,36.5460319519043],[44.3570556640625,36.67487716674805],[43.781429290771484,36.9970588684082],[43.54787826538086,36.9970588684082],[43.30147933959961,37.44829177856445],[43.32033157348633,37.5772590637207],[43.55448913574219,37.5772590637207],[43.5736083984375,37.706241607666016],[44.44255065917969,37.7707405090332],[44.30603790283203,37.89975357055664],[44.45452117919922,38.351463317871094],[44.30800247192383,38.416015625],[44.32237243652344,38.997230529785156],[44.52192687988281,39.25570297241211],[44.847415924072266,39.320335388183594],[44.869144439697266,39.449623107910156],[43.6984977722168,39.51427459716797],[41.45375061035156,39.25570297241211],[40.676517486572266,39.320335388183594],[40.50029754638672,39.19107437133789],[40.26435852050781,39.19107437133789],[39.825660705566406,38.8680305480957],[38.57966995239258,38.351463317871094],[38.19630432128906,38.416015625],[37.85028076171875,38.157840728759766],[37.58363723754883,37.89975357055664],[37.505470275878906,37.89975357055664],[37.31027603149414,37.5772590637207],[36.975337982177734,37.38381576538086],[36.76753234863281,36.932613372802734],[36.59736633300781,36.80373764038086],[36.61079406738281,36.2239875793457],[36.41393280029297,35.837650299072266],[35.85155487060547,35.644527435302734],[35.84488296508789,35.58015823364258],[35.99294662475586,35.51579284667969],[35.88248825073242,35.194007873535156],[35.959747314453125,35.194007873535156],[36.268775939941406,35.194007873535156],[36.165035247802734,34.93662643432617],[36.312767028808594,34.87228775024414],[36.28647232055664,34.614952087402344],[36.20939254760742,34.614952087402344],[36.26693344116211,34.42197799682617],[36.010318756103516,34.164703369140625],[35.63188934326172,34.22901916503906],[35.6256217956543,34.164703369140625],[35.70256042480469,34.164703369140625],[35.68381118774414,33.971771240234375],[35.52387237548828,33.90746307373047],[35.60073471069336,33.90746307373047],[35.8250846862793,33.84315490722656],[35.7758674621582,33.32876968383789],[35.53378677368164,33.20018768310547],[35.194602966308594,31.978878021240234],[35.189048767089844,31.91460609436035],[34.94377517700195,31.7217960357666],[34.56792068481445,31.78606605529785],[34.56256103515625,31.7217960357666],[34.63344955444336,31.65752601623535],[34.30759811401367,31.40045166015625],[34.2972412109375,31.271915435791016],[33.74934005737305,31.079113006591797],[32.8316764831543,31.014846801757812],[32.76515197753906,31.143381118774414],[32.53215408325195,31.079113006591797],[32.23719787597656,31.20764923095703],[32.303932189941406,31.079113006591797],[31.999635696411133,31.079113006591797],[31.93739891052246,31.271915435791016],[31.780553817749023,31.20764923095703],[31.875221252441406,31.464719772338867],[31.265825271606445,31.464719772338867],[31.117990493774414,31.528987884521484],[31.203296661376953,31.65752601623535],[30.974620819091797,31.65752601623535],[30.965608596801758,31.528987884521484],[30.80877685546875,31.464719772338867],[30.351730346679688,31.464719772338867],[30.271244049072266,31.40045166015625],[30.33879280090332,31.271915435791016],[29.882049560546875,31.271915435791016],[29.8017635345459,31.20764923095703],[29.86956024169922,31.079113006591797],[29.633193969726562,30.950578689575195],[29.485143661499023,31.014846801757812],[29.3970890045166,30.822044372558594],[28.865032196044922,30.822044372558594],[28.496395111083984,31.014846801757812],[27.514896392822266,31.143381118774414],[27.297456741333008,31.336183547973633],[26.847702026367188,31.464719772338867],[25.248035430908203,31.464719772338867],[25.102048873901367,31.593257904052734],[25.11168098449707,31.78606605529785],[24.892484664916992,31.978878021240234],[24.129365921020508,31.978878021240234],[23.680339813232422,32.171695709228516],[23.29851722717285,32.171695709228516],[23.077939987182617,32.36451721191406],[23.089431762695312,32.62162780761719],[21.87872886657715,32.94303894042969],[21.41167449951172,32.75019073486328],[21.108016967773438,32.81447219848633],[20.87124252319336,32.62162780761719],[20.644094467163086,32.685909271240234],[20.71593475341797,32.557350158691406],[20.562992095947266,32.557350158691406],[20.481992721557617,32.428794860839844],[20.33134651184082,32.493072509765625],[20.246112823486328,32.23596954345703],[20.016965866088867,32.23596954345703],[20.089075088500977,32.107421875],[19.996076583862305,31.593257904052734],[20.214296340942383,31.271915435791016],[20.13410186767578,31.143381118774414],[20.202085494995117,30.886310577392578],[19.968164443969727,30.69350814819336],[19.964311599731445,30.564971923828125],[19.655010223388672,30.372163772583008],[18.869278136051307,30.25166235864125],[18.816862106323242,30.243623733520508],[18.811979293823242,30.050809860229492],[18.8246491043041,30.050809860229492],[19.19106674194336,30.050809860229492],[20.95157814025879,30.564971923828125],[21.938846588134766,30.564971923828125],[22.541486740112305,30.436433792114258],[22.76673698425293,30.372163772583008],[22.76180076599121,30.243623733520508],[22.91602325439453,30.307893753051758],[23.4851892093249,30]]]},"properties":{"Name":"Ayyubid Sultanate","FromYear":1192,"ToYear":1201,"Area":2034836.4657988623,"Type":"POLITY","Wikipedia":"Ayyubid dynasty","Wikidata":"Q180114","SeshatID":"eg_ayyubid_sultanate","Components":"","MemberOf":""}},
{"type":"Feature","geometry":{"type":"MultiPolygon","coordinates":[[[[25.98684310913086,51.04566955566406],[26.025373458862305,51.37968063354492],[25.5323543548584,51.51342010498047],[25.61762046813965,52.250450134277344],[25.532371520996094,52.250450134277344],[25.564071655273438,52.51908493041992],[25.47864532470703,52.51908493041992],[25.433034896850586,52.85536575317383],[25.441082000732422,52.92268753051758],[25.74785804748535,53.32708740234375],[25.281047821044922,53.732303619384766],[25.297597885131836,53.86756134033203],[25.141374588012695,54.00291442871094],[24.725271224975586,54.138362884521484],[24.741464614868164,54.27390670776367],[24.58430290222168,54.4095458984375],[24.54096594449339,54.4095458984375],[24.497575759887695,54.4095458984375],[24.355526004297744,54.30774374061041],[24.308311462402344,54.27390670776367],[23.41990852355957,54.07062530517578],[23.03854751586914,53.732303619384766],[22.924564361572266,53.462066650390625],[22.745656967163086,53.39456558227539],[22.732158660888672,53.25962829589844],[22.6462345123291,53.25962829589844],[22.428829193115234,52.78806686401367],[22.343225479125977,52.78806686401367],[22.422412872314453,52.720787048339844],[22.292898178100586,52.250450134277344],[22.10417366027832,52.0491943359375],[22.347232818603516,51.91512680053711],[22.687358856201172,51.91512680053711],[22.6685791015625,51.71418380737305],[22.995450973510742,51.580322265625],[22.87944221496582,51.24601745605469],[23.042409896850586,51.17921447753906],[23.023828506469727,50.97892379760742],[23.10826873779297,50.97892379760742],[23.08979606628418,50.77880859375],[22.91514015197754,50.71213912963867],[22.891307830810547,50.445655822753906],[22.928876501107503,50.445655822753906],[22.975421905517578,50.445655822753906],[23.31188201904297,50.445655822753906],[23.383758544921875,50.312522888183594],[23.881650924682617,50.2459831237793],[24.553611755371094,50.2459831237793],[25.68891716003418,50.64549255371094],[25.964094161987305,50.84549331665039],[25.98684310913086,51.04566955566406]]],[[[24.497575759887695,54.4095458984375],[24.505613327026367,54.47740173339844],[24.41883659362793,54.47740173339844],[24.410846710205078,54.4095458984375],[24.497575759887695,54.4095458984375]]]]},"properties":{"Name":"Principality of Volhynia","FromYear":1192,"ToYear":1201,"Area":82286.38715166855,"Type":"POLITY","Wikipedia":"Principality of Volhynia","Wikidata":"Q680472","SeshatID":"","Components":"","MemberOf":""}},
{"type":"Feature","geometry":{"type":"Polygon","coordinates":[[[22.6462345123291,53.25962829589844],[22.56031036376953,53.25962829589844],[22.30253791809082,53.25962829589844],[22.50091552734375,53.52959060668945],[22.16950225830078,53.664710998535156],[21.9842586517334,53.52959060668945],[21.8183536529541,53.597137451171875],[21.719682693481445,53.462066650390625],[21.381492614746094,53.52959060668945],[21.019489288330078,53.32708740234375],[20.58405303955078,53.25962829589844],[20.487110137939453,53.124786376953125],[19.972116470336914,53.124786376953125],[19.901874542236328,53.32708740234375],[19.56304168701172,53.39456558227539],[19.421106338500977,53.799922943115234],[19.334808349609375,53.799922943115234],[19.268539428710938,54.07062530517578],[19.355026245117188,54.07062530517578],[19.462186813354492,54.341712951660156],[18.686851501464844,54.4095458984375],[18.44533348083496,54.681121826171875],[18.459484100341797,54.88506317138672],[17.501720428466797,54.88506317138672],[17.49753189086914,54.817054748535156],[17.489192962646484,54.681121826171875],[17.576114654541016,54.681121826171875],[17.53472328186035,54.00291442871094],[17.77729606628418,53.732303619384766],[17.764890670776367,53.52959060668945],[16.90379524230957,53.52959060668945],[16.7244930267334,53.39456558227539],[16.79631805419922,53.124786376953125],[17.124940872192383,52.85536575317383],[17.549327850341797,52.78806686401367],[17.627155303955078,52.653533935546875],[18.050642013549805,52.586299896240234],[18.127891540527344,52.4518928527832],[18.213274002075195,52.4518928527832],[18.35076141357422,51.91512680053711],[18.079954147338867,51.64724349975586],[17.972288131713867,51.24601745605469],[18.049345016479492,51.112430572509766],[18.709320068359375,50.84549331665039],[18.70132827758789,50.71213912963867],[19.030193328857422,50.578861236572266],[19.102054595947266,50.37908172607422],[19.18613052368164,50.37908172607422],[19.077926635742188,49.98000717163086],[19.2415714263916,49.91355895996094],[19.388931274414062,49.58156967163086],[19.865541458129883,49.18375015258789],[20.21193504333496,49.38258361816406],[20.95870590209961,49.316287994384766],[21.385677337646484,49.44889450073242],[22.158485412597656,49.71431350708008],[22.258319854736328,49.91355895996094],[22.946025848388672,50.11296081542969],[22.975421905517578,50.445655822753906],[22.928876501107503,50.445655822753906],[22.891307830810547,50.445655822753906],[22.91514015197754,50.71213912963867],[23.08979606628418,50.77880859375],[23.10826873779297,50.97892379760742],[23.023828506469727,50.97892379760742],[23.042409896850586,51.17921447753906],[22.87944221496582,51.24601745605469],[22.995450973510742,51.580322265625],[22.6685791015625,51.71418380737305],[22.687358856201172,51.91512680053711],[22.347232818603516,51.91512680053711],[22.10417366027832,52.0491943359375],[22.292898178100586,52.250450134277344],[22.422412872314453,52.720787048339844],[22.343225479125977,52.78806686401367],[22.428829193115234,52.78806686401367],[22.6462345123291,53.25962829589844]],[[20.14645767211914,52.0491943359375],[20.23157501220703,52.0491943359375],[20.221450805664062,51.91512680053711],[19.871623992919922,51.78114318847656],[19.62150001525879,51.84812545776367],[18.653339385986328,52.653533935546875],[18.66219711303711,52.78806686401367],[18.3326416015625,52.99003219604492],[18.26409912109375,53.25962829589844],[18.526348114013672,53.32708740234375],[18.517410278320312,53.192195892333984],[18.689167022705078,53.192195892333984],[18.928207397460938,52.92268753051758],[19.099597930908203,52.92268753051758],[19.4229793548584,52.653533935546875],[19.48443031311035,52.31757736206055],[20.076417922973633,52.250450134277344],[20.14645767211914,52.0491943359375]]]},"properties":{"Name":"Duchy of Sandomierz","FromYear":1192,"ToYear":1201,"Area":142235.47626488938,"Type":"POLITY","Wikipedia":"Duchy of Sandomierz","Wikidata":"Q16933165","SeshatID":"pl_piast_dyn_2","Components":"","MemberOf":"(Duchies of Poland)"}},
{"type":"Feature","geometry":{"type":"Polygon","coordinates":[[[0.994516909122467,42.82133865356445],[0.673818349838257,42.82133865356445],[0.600951313972473,42.691246032714844],[0.699016273021698,42.36617660522461],[1.185595035552979,42.236209869384766],[1.485537886619568,42.62621307373047],[0.994516909122467,42.82133865356445]]]},"properties":{"Name":"County of Pallars Sobirà","FromYear":1192,"ToYear":1201,"Area":3158.5259545853314,"Type":"POLITY","Wikipedia":"Pallars Sobirà","Wikidata":"Q12719","SeshatID":"","Components":"","MemberOf":""}},
{"type":"Feature","geometry":{"type":"Polygon","coordinates":[[[1.12926721572876,41.781593322753906],[1.056268811225891,41.65177917480469],[0.737652242183685,41.65177917480469],[0.571292340755463,41.781593322753906],[0.640438318252563,41.97637939453125],[0.720234453678131,41.97637939453125],[1.042807459831238,41.911441802978516],[1.185595035552979,42.236209869384766],[0.699016273021698,42.36617660522461],[0.600951313972473,42.691246032714844],[0.040142297744751,42.691246032714844],[-0.857915937900543,42.95146560668945],[-1.161591291427612,42.691246032714844],[-1.157305121421814,42.62621307373047],[-1.460152745246887,42.36617660522461],[-1.429987907409668,41.911441802978516],[-1.828825831413269,41.911441802978516],[-1.820028781890869,41.781593322753906],[-1.979450225830078,41.781593322753906],[-1.8821781873703,41.521995544433594],[-2.116528034210205,41.45711898803711],[-2.098877191543579,41.19768524169922],[-1.513591289520264,40.74397277832031],[-1.726450324058533,40.355369567871094],[-0.528712570667267,40.16116714477539],[-0.374301671981812,40.225894927978516],[-0.166040390729904,40.74397277832031],[0.392293244600296,40.6791877746582],[0.399184077978134,40.54964065551758],[0.478371202945709,40.54964065551758],[0.709256291389465,40.6791877746582],[0.695793092250824,40.93837356567383],[0.854491233825684,40.93837356567383],[0.927217125892639,41.06801223754883],[1.47361946105957,41.26253128051758],[2.106574535369873,41.32738494873047],[2.333626985549927,41.586883544921875],[2.885612010955811,41.71668243408203],[3.114119291305542,41.97637939453125],[3.030748568023246,42.06289392710756],[2.863730669021606,42.236209869384766],[2.860961675643921,42.30118942260742],[2.8609545144433675,42.30118795367803],[2.227433204650879,42.17123794555664],[2.082794904708862,41.84651184082031],[1.846663594245911,41.781593322753906],[1.766952872276306,41.781593322753906],[1.12926721572876,41.781593322753906]]]},"properties":{"Name":"Crown of Aragon","FromYear":1192,"ToYear":1201,"Area":64898.04248498944,"Type":"POLITY","Wikipedia":"Crown of Aragon","Wikidata":"Q204920","SeshatID":"es_aragon_crown","Components":"","MemberOf":""}},
{"type":"Feature","geometry":{"type":"MultiPolygon","coordinates":[[[[29.58445930480957,45.431331634521484],[29.57703399658203,45.36587905883789],[29.658414840698242,45.36587905883789],[29.66587257385254,45.431331634521484],[29.58445930480957,45.431331634521484]]],[[[34.376285552978516,44.77729415893555],[34.45737838745117,44.77729415893555],[35.297096252441406,44.973392486572266],[35.40727996826172,45.169586181640625],[35.732418060302734,45.169586181640625],[35.87525939941406,45.03877639770508],[36.37263107299805,45.10417556762695],[36.42308807373047,45.431331634521484],[35.01994323730469,45.300437927246094],[34.98639678955078,45.62776184082031],[34.82337951660156,45.62776184082031],[34.74187088012695,45.62776184082031],[34.544586181640625,45.95537567138672],[34.15492630004883,46.08650588989258],[33.73704528808594,46.02093505859375],[33.70957565307617,45.82429504394531],[32.60533905029297,45.496795654296875],[33.221439361572266,45.23500442504883],[33.465389251708984,45.23500442504883],[33.60108947753906,45.03877639770508],[33.682308197021484,45.03877639770508],[33.76353073120117,45.03877639770508],[33.844749450683594,45.03877639770508],[33.92597198486328,45.03877639770508],[34.0071907043457,45.03877639770508],[34.088409423828125,45.03877639770508],[34.07926940917969,44.973392486572266],[34.24164581298828,44.973392486572266],[34.376285552978516,44.77729415893555]]],[[[29.58445930480957,45.431331634521484],[29.591896057128906,45.496795654296875],[29.614274978637695,45.693260192871094],[29.85890007019043,45.693260192871094],[30.044963836669922,45.889827728271484],[30.297666549682617,45.95537567138672],[30.87657928466797,46.677207946777344],[31.606428146362305,46.61152267456055],[31.787527084350586,46.74290466308594],[32.03373336791992,46.74290466308594],[32.18914794921875,46.677207946777344],[32.16309356689453,46.480194091796875],[31.835351943969727,46.480194091796875],[31.81834602355957,46.348915100097656],[32.0639533996582,46.348915100097656],[32.683658599853516,46.08650588989258],[32.84713363647461,46.08650588989258],[32.946651458740234,46.21768569946289],[33.59191131591797,46.1520881652832],[33.610260009765625,46.283294677734375],[34.019439697265625,46.283294677734375],[34.0825309753418,46.1520881652832],[34.736690521240234,46.1520881652832],[34.75596237182617,46.283294677734375],[35.24697494506836,46.283294677734375],[35.634639739990234,46.677207946777344],[36.80437088012695,46.808616638183594],[36.90787887573242,46.94007873535156],[37.2257080078125,46.87434005737305],[37.16523361206055,47.005828857421875],[37.51609802246094,47.13737487792969],[38.6794548034668,47.20316696166992],[38.949764251708984,47.33478927612305],[39.03213882446289,47.33478927612305],[39.23418045043945,47.993770599365234],[39.105133056640625,48.191749572753906],[39.166595458984375,48.52202224731445],[38.883888244628906,48.786521911621094],[38.908817291259766,48.91886520385742],[38.68401336669922,49.051273345947266],[38.65088653564453,49.316287994384766],[38.49656295776367,49.38258361816406],[38.3476448059082,49.91355895996094],[38.26384353637695,49.91355895996094],[38.289669036865234,50.04647445678711],[37.992820739746094,50.2459831237793],[38.018856048583984,50.37908172607422],[37.90232774923034,50.21234308737817],[37.87934851188952,50.17946243286133],[37.83794822471858,50.120223367648876],[37.786407470703125,50.04647445678711],[37.6782106719722,50.006605132031105],[37.60602951049805,49.98000717163086],[37.59345626831055,49.91355895996094],[37.2090950012207,49.64793395996094],[35.85762680184231,49.44889450073242],[35.407379150390625,49.38258361816406],[35.28220705357501,49.38258361816406],[31.5667724609375,49.38258361816406],[31.50535837402793,49.38071531734904],[31.302566780469842,49.374546118740234],[29.578569223842297,49.32209974686984],[29.387527465820312,49.316287994384766],[29.353984832763672,49.051273345947266],[29.162776947021484,48.852684020996094],[29.031408309936523,48.455936431884766],[28.578052520751953,48.1257438659668],[27.142614364624023,47.86185836791992],[26.435287475585938,47.4006233215332],[26.105649948120117,47.4006233215332],[25.75118064880371,47.13737487792969],[25.416061401367188,47.07159423828125],[25.708343505859375,46.677207946777344],[25.748003005981445,46.21768569946289],[25.905540466308594,46.1520881652832],[25.80573081970215,45.95537567138672],[25.54306983947754,45.75876998901367],[24.564184188842773,45.75876998901367],[24.466312408447266,45.56227111816406],[24.13511848449707,45.496795654296875],[23.3206729888916,45.496795654296875],[22.946857452392578,44.842647552490234],[22.689453125,44.64661407470703],[22.518192291259766,44.5159797668457],[22.50443458557129,44.32010269165039],[22.894636154174805,44.12431716918945],[22.951791763305664,43.79821014404297],[23.601760864257812,43.86341094970703],[24.15087890625,43.6678352355957],[24.881397247314453,43.73301696777344],[25.434297561645508,43.6026611328125],[25.84855079650879,43.73301696777344],[26.281423568725586,44.05907440185547],[27.492671966552734,44.05907440185547],[27.828874588012695,44.18956756591797],[27.943035125732422,44.5159797668457],[27.787734985351562,44.58129119873047],[27.801036834716797,44.71194839477539],[27.969886779785156,44.77729415893555],[27.99687957763672,45.03877639770508],[27.847858428955078,45.169586181640625],[27.868051528930664,45.36587905883789],[28.281864166259766,45.431331634521484],[28.34939956665039,45.300437927246094],[28.667741775512695,45.23500442504883],[29.095985412597656,45.431331634521484],[29.58445930480957,45.431331634521484]]]]},"properties":{"Name":"Halych-Volhynia occupation","FromYear":1192,"ToYear":1205,"Area":408047.26936122467,"Type":"POLITY","Wikipedia":"Kingdom of Galicia-Volhynia","Wikidata":"Q239502","SeshatID":"","Components":"","MemberOf":""}},
{"type":"Feature","geometry":{"type":"MultiPolygon","coordinates":[[[[17.748348236083984,42.75628662109375],[17.668203353881836,42.75628662109375],[17.665569305419922,42.691246032714844],[17.745683670043945,42.691246032714844],[17.748348236083984,42.75628662109375]]],[[[20.965734481811523,42.95146560668945],[21.78483009338379,43.211830139160156],[21.80172348022461,43.472347259521484],[21.64495849609375,43.53750228881836],[21.64914894104004,43.6026611328125],[20.93612289428711,43.79821014404297],[20.794334411621094,44.12431716918945],[20.47878646850586,44.25482940673828],[20.22886848449707,44.12431716918945],[19.83204460144043,44.25482940673828],[19.424442291259766,44.18956756591797],[19.42106056213379,44.12431716918945],[19.417680740356445,44.05907440185547],[19.498432159423828,44.05907440185547],[19.407573699951172,43.86341094970703],[19.00428581237793,43.86341094970703],[18.83355140686035,43.6678352355957],[18.50527572631836,43.53750228881836],[18.41588020324707,43.342071533203125],[18.011009216308594,43.276947021484375],[18.00541877746582,43.146724700927734],[17.518270359111405,43.01654481607914],[17.518268585205078,43.016544342041016],[17.515670776367188,42.95146560668945],[17.510494232177734,42.82133865356445],[17.83389663696289,42.88639831542969],[18.143457412719727,42.62621307373047],[18.85202980041504,42.36617660522461],[19.386180877685547,41.84651184082031],[19.465919494628906,41.84651184082031],[19.724998474121094,42.236209869384766],[20.225698471069336,42.62621307373047],[20.54973030090332,42.691246032714844],[20.805265426635742,42.95146560668945],[20.965734481811523,42.95146560668945]]]]},"properties":{"Name":"Kingdom of Serbia","FromYear":1192,"ToYear":1201,"Area":44483.13905327061,"Type":"POLITY","Wikipedia":"Kingdom of Serbia","Wikidata":"Q241748","SeshatID":"rs_serbia_k","Components":"","MemberOf":""}},
{"type":"Feature","geometry":{"type":"Polygon","coordinates":[[[39.825660705566406,38.8680305480957],[39.06686782836914,39.06184005737305],[39.21767044067383,39.57893371582031],[38.8509635925293,39.77294921875],[38.8049430847168,40.54964065551758],[38.66557693481445,40.6791877746582],[37.86391830444336,40.614410400390625],[37.56538772583008,40.74397277832031],[37.16904830932617,40.74397277832031],[36.878971099853516,40.93837356567383],[33.784358978271484,40.93837356567383],[33.59416961669922,40.6791877746582],[31.91566276550293,40.54964065551758],[31.268247604370117,40.42012023925781],[31.096271514892578,40.29063034057617],[30.779949188232422,40.29063034057617],[30.09604263305664,39.77294921875],[30.077245712280273,39.57893371582031],[29.919652938842773,39.57893371582031],[29.77464485168457,38.8680305480957],[29.913976669311523,38.67427444458008],[29.879138946533203,38.28691864013672],[30.09671974182129,38.09331130981445],[30.15203285217285,37.835243225097656],[30.603506088256836,37.641746520996094],[31.071958541870117,37.641746520996094],[31.372310638427734,37.51277160644531],[31.510461807250977,37.3193473815918],[31.822311401367188,37.3193473815918],[32.03799819946289,37.12596130371094],[32.27168655395508,37.12596130371094],[32.64261245727539,36.932613372802734],[33.26523971557617,36.932613372802734],[33.673797607421875,37.12596130371094],[34.30364990234375,37.1904182434082],[34.56466293334961,37.44829177856445],[34.87669372558594,37.44829177856445],[35.60308074951172,38.351463317871094],[36.75463104248047,38.157840728759766],[37.85028076171875,38.157840728759766],[38.19630432128906,38.416015625],[38.57966995239258,38.351463317871094],[39.825660705566406,38.8680305480957]]]},"properties":{"Name":"Sultanate of Rum","FromYear":1192,"ToYear":1201,"Area":258075.3346785576,"Type":"POLITY","Wikipedia":"Sultanate of Rum","Wikidata":"Q975405","SeshatID":"tr_rum_sultanate","Components":"","MemberOf":""}},
{"type":"Feature","geometry":{"type":"Polygon","coordinates":[[[17.659317016601562,50.11296081542969],[17.74323272705078,50.11296081542969],[17.746612548828125,50.17946243286133],[18.08956527709961,50.312522888183594],[18.337976455688477,50.2459831237793],[19.102054595947266,50.37908172607422],[19.030193328857422,50.578861236572266],[18.70132827758789,50.71213912963867],[17.521461486816406,50.71213912963867],[17.24604034423828,50.2459831237793],[17.659317016601562,50.11296081542969]]]},"properties":{"Name":"Duchy of Wrocław","FromYear":1192,"ToYear":1201,"Area":5861.457643219695,"Type":"POLITY","Wikipedia":"Duchy of Wrocław","Wikidata":"Q568638","SeshatID":"pl_piast_dyn_2","Components":"","MemberOf":"(Duchies of Poland)"}},
{"type":"Feature","geometry":{"type":"Polygon","coordinates":[[[45,39.362676471492684],[45,39.98320161293208],[44.89003372192383,40.031734466552734],[44.811058044433594,40.031734466552734],[44.66431427001953,40.0964469909668],[44.56298828125,39.9670295715332],[44.405086517333984,39.9670295715332],[43.716285705566406,40.0964469909668],[43.591068267822266,40.29063034057617],[43.77094650268555,40.873565673828125],[43.56704330444336,41.06801223754883],[43.14754867553711,40.93837356567383],[43.10306167602539,40.6791877746582],[42.61675262451172,40.614410400390625],[42.346988677978516,40.42012023925781],[41.95132064819336,40.42012023925781],[41.65568161010742,40.54964065551758],[41.676727294921875,40.6791877746582],[41.518245697021484,40.6791877746582],[41.25373458862305,41.00318908691406],[40.56735610961914,40.6791877746582],[38.66557693481445,40.6791877746582],[38.8049430847168,40.54964065551758],[38.8509635925293,39.77294921875],[39.21767044067383,39.57893371582031],[39.06686782836914,39.06184005737305],[39.825660705566406,38.8680305480957],[40.26435852050781,39.19107437133789],[40.50029754638672,39.19107437133789],[40.676517486572266,39.320335388183594],[41.45375061035156,39.25570297241211],[43.6984977722168,39.51427459716797],[44.869144439697266,39.449623107910156],[45,39.362676471492684]]]},"properties":{"Name":"Hamdanid Emirates","FromYear":1192,"ToYear":1201,"Area":79029.45050722279,"Type":"POLITY","Wikipedia":"Hamdanid dynasty","Wikidata":"Q837187","SeshatID":"","Components":"","MemberOf":""}},
{"type":"Feature","geometry":{"type":"Polygon","coordinates":[[[27.985124588012695,43.342071533203125],[28.06553840637207,43.342071533203125],[28.22636604309082,43.342071533203125],[28.159194946289062,43.472347259521484],[28.48109245300293,43.472347259521484],[28.616275787353516,43.99384307861328],[28.53555679321289,43.99384307861328],[28.576906204223633,44.38538360595703],[28.84072494506836,44.58129119873047],[28.802005767822266,44.973392486572266],[29.04557228088379,44.973392486572266],[29.024105072021484,44.77729415893555],[29.10519790649414,44.77729415893555],[29.112377166748047,44.842647552490234],[29.525348663330078,44.908016204833984],[29.658414840698242,45.36587905883789],[29.57703399658203,45.36587905883789],[29.58445930480957,45.431331634521484],[29.095985412597656,45.431331634521484],[28.667741775512695,45.23500442504883],[28.34939956665039,45.300437927246094],[28.281864166259766,45.431331634521484],[27.868051528930664,45.36587905883789],[27.847858428955078,45.169586181640625],[27.99687957763672,45.03877639770508],[27.969886779785156,44.77729415893555],[27.801036834716797,44.71194839477539],[27.787734985351562,44.58129119873047],[27.943035125732422,44.5159797668457],[27.828874588012695,44.18956756591797],[27.492671966552734,44.05907440185547],[26.281423568725586,44.05907440185547],[25.84855079650879,43.73301696777344],[25.434297561645508,43.6026611328125],[24.881397247314453,43.73301696777344],[24.15087890625,43.6678352355957],[23.601760864257812,43.86341094970703],[22.951791763305664,43.79821014404297],[22.894636154174805,44.12431716918945],[22.50443458557129,44.32010269165039],[22.518192291259766,44.5159797668457],[22.689453125,44.64661407470703],[21.951416015625,44.5159797668457],[21.879146575927734,44.64661407470703],[21.40547752380371,44.842647552490234],[20.748632431030273,44.71194839477539],[20.516931533813477,44.908016204833984],[20.5284423828125,45.10417556762695],[20.288434982299805,45.169586181640625],[20.136940002441406,45.36587905883789],[19.885604858398438,45.23500442504883],[19.235076904296875,45.23500442504883],[19.14055824279785,44.973392486572266],[19.299577713012695,44.908016204833984],[19.107723236083984,44.32010269165039],[19.424442291259766,44.18956756591797],[19.83204460144043,44.25482940673828],[20.22886848449707,44.12431716918945],[20.47878646850586,44.25482940673828],[20.794334411621094,44.12431716918945],[20.93612289428711,43.79821014404297],[21.64914894104004,43.6026611328125],[21.64495849609375,43.53750228881836],[21.80172348022461,43.472347259521484],[21.78483009338379,43.211830139160156],[20.965734481811523,42.95146560668945],[21.1945858001709,42.75628662109375],[21.087324142456055,42.30118942260742],[21.247203826904297,42.30118942260742],[21.47511863708496,42.10627746582031],[21.714677810668945,42.10627746582031],[21.770336151123047,41.71668243408203],[21.607036590576172,41.65177917480469],[21.599205017089844,41.521995544433594],[21.595308303833008,41.45711898803711],[21.655447006225586,41.132843017578125],[21.806520462036133,41.00318908691406],[22.052602767944336,41.132843017578125],[22.529191970825195,41.132843017578125],[22.86409568786621,41.39224624633789],[23.34134864807129,41.39224624633789],[23.42995834350586,41.521995544433594],[23.13391876220703,41.84651184082031],[23.147491455078125,42.041324615478516],[22.987842559814453,42.041324615478516],[22.93951988220215,42.496177673339844],[23.10879898071289,42.62621307373047],[23.829574584960938,42.62621307373047],[23.844289779663086,42.82133865356445],[24.806385040283203,42.82133865356445],[24.8759708404541,42.691246032714844],[25.19643211364746,42.691246032714844],[25.33493423461914,42.43117141723633],[26.209197998046875,42.36617660522461],[27.26100730895996,42.496177673339844],[27.359554290771484,42.691246032714844],[27.680015563964844,42.691246032714844],[27.686336517333984,42.75628662109375],[27.84662628173828,42.75628662109375],[27.86585807800293,42.95146560668945],[27.71177101135254,43.016544342041016],[27.718164443969727,43.08163070678711],[27.73743438720703,43.276947021484375],[27.985124588012695,43.342071533203125]]]},"properties":{"Name":"Second Bulgarian Empire","FromYear":1192,"ToYear":1201,"Area":138512.86570635327,"Type":"POLITY","Wikipedia":"Second Bulgarian Empire","Wikidata":"Q420759","SeshatID":"","Components":"","MemberOf":""}},
{"type":"Feature","geometry":{"type":"MultiPolygon","coordinates":[[[[1.892255425453186,47.13737487792969],[1.316350340843201,47.13737487792969],[1.19774067401886,47.730003356933594],[1.276269555091858,47.79592514038086],[0.928915143013,48.059749603271484],[0.907571136951447,48.38986587524414],[0.824633359909058,48.38986587524414],[0.981968343257904,48.52202224731445],[1.06497848033905,48.52202224731445],[1.060728430747986,48.5881233215332],[1.143774747848511,48.5881233215332],[1.226821184158325,48.5881233215332],[1.30986750125885,48.5881233215332],[1.305716156959534,48.654239654541016],[1.388798952102661,48.654239654541016],[1.772406935691833,49.18375015258789],[1.819613456726074,49.78071212768555],[1.454967975616455,50.2459831237793],[1.370972871780396,50.2459831237793],[1.052847385406494,49.98000717163086],[0.224112883210182,49.84712600708008],[-0.012448177672923,49.64793395996094],[0.007001183927059,49.38258361816406],[-1.250783205032349,49.44889450073242],[-1.361783027648926,49.78071212768555],[-2.031550645828247,49.78071212768555],[-1.913302421569824,49.38258361816406],[-1.651668906211853,49.2500114440918],[-1.635041356086731,49.051273345947266],[-1.718345284461975,49.051273345947266],[-1.602181315422058,48.654239654541016],[-2.521934509277344,48.72037124633789],[-2.759404182434082,48.5881233215332],[-3.122164011001587,48.91886520385742],[-3.455082654953003,48.91886520385742],[-3.85184383392334,48.72037124633789],[-4.599917888641357,48.72037124633789],[-4.911745548248291,48.52202224731445],[-4.891265392303467,48.323814392089844],[-4.642560005187988,48.323814392089844],[-4.546383857727051,48.191749572753906],[-4.705362796783447,48.1257438659668],[-4.692053318023682,47.993770599365234],[-4.424368858337402,47.79592514038086],[-3.934937715530396,47.86185836791992],[-3.757235288619995,47.730003356933594],[-3.344320774078369,47.730003356933594],[-3.155531167984009,47.46647262573242],[-2.837259292602539,47.598209381103516],[-2.825755596160889,47.46647262573242],[-2.578423976898193,47.46647262573242],[-2.561590671539307,47.26897048950195],[-2.232228517532349,47.26897048950195],[-2.139080047607422,47.13737487792969],[-2.194406032562256,46.808616638183594],[-2.024919986724854,46.74290466308594],[-2.014399528503418,46.61152267456055],[-1.666043281555176,46.348915100097656],[-1.251809358596802,46.283294677734375],[-1.222735166549683,45.889827728271484],[-1.141096234321594,45.889827728271484],[-1.213142395019531,45.75876998901367],[-1.045281529426575,45.693260192871094],[-1.031213998794556,45.496795654296875],[-1.189373373985291,45.431331634521484],[-1.170574903488159,45.169586181640625],[-1.251859068870544,45.169586181640625],[-1.205376982688904,44.5159797668457],[-1.286344885826111,44.5159797668457],[-1.267958283424377,44.25482940673828],[-1.348801136016846,44.25482940673828],[-1.321390628814697,43.86341094970703],[-1.402047991752625,43.86341094970703],[-1.459883332252502,43.53750228881836],[-1.692170143127441,43.407203674316406],[-1.687574744224548,43.342071533203125],[-0.963850319385529,43.342071533203125],[-0.857915937900543,42.95146560668945],[0.040142297744751,42.691246032714844],[0.600951313972473,42.691246032714844],[0.673818349838257,42.82133865356445],[0.994516909122467,42.82133865356445],[0.983926355838776,43.016544342041016],[0.812541425228119,43.211830139160156],[0.966081380844116,43.342071533203125],[0.63697761297226,43.472347259521484],[0.947991132736206,43.6678352355957],[0.918528735637665,44.18956756591797],[0.833957612514496,44.25482940673828],[1.069124221801758,44.38538360595703],[1.061721682548523,44.5159797668457],[1.378401041030884,44.64661407470703],[1.448663711547852,44.842647552490234],[2.101012229919434,44.77729415893555],[2.276238918304443,44.5159797668457],[2.515990495681763,44.58129119873047],[2.584417343139648,44.842647552490234],[2.746667861938477,44.842647552490234],[2.917982816696167,44.64661407470703],[3.158156394958496,44.71194839477539],[3.230506658554077,44.908016204833984],[3.473977327346802,44.908016204833984],[3.56069803237915,44.77729415893555],[3.966166257858276,44.77729415893555],[3.96091890335083,44.908016204833984],[4.123232841491699,44.908016204833984],[4.356745719909668,45.169586181640625],[4.267813205718994,45.36587905883789],[3.9422926902771,45.36587905883789],[4.012977600097656,45.62776184082031],[3.931468486785889,45.62776184082031],[3.917757511138916,45.95537567138672],[4.078399658203125,46.02093505859375],[3.982912302017212,46.348915100097656],[4.225839138031006,46.414546966552734],[4.050973415374756,46.677207946777344],[3.804866790771484,46.677207946777344],[3.728644609451294,46.54585266113281],[3.069725751876831,46.61152267456055],[2.803918361663818,47.005828857421875],[2.793901681900024,47.20316696166992],[2.711595296859741,47.20316696166992],[1.892255425453186,47.13737487792969]]],[[[-4.638194561004639,52.18334197998047],[-4.723400115966797,52.18334197998047],[-5.218731880187988,52.0491943359375],[-5.264270305633545,51.71418380737305],[-4.909326076507568,51.580322265625],[-4.415247440338135,51.71418380737305],[-4.308269023895264,51.51342010498047],[-3.891522645950317,51.580322265625],[-3.70082426071167,51.37968063354492],[-3.277374029159546,51.37968063354492],[-3.121426105499268,51.51342010498047],[-2.945236444473267,51.44654083251953],[-3.107994079589844,51.37968063354492],[-3.094635725021362,51.24601745605469],[-4.201729774475098,51.31283950805664],[-4.426436901092529,51.04566955566406],[-4.67988109588623,51.04566955566406],[-4.657799243927002,50.84549331665039],[-4.819114208221436,50.77880859375],[-4.881234169006348,50.578861236572266],[-5.133819580078125,50.578861236572266],[-5.279601097106934,50.37908172607422],[-5.768607616424561,50.2459831237793],[-5.745615005493164,50.04647445678711],[-5.151133060455322,49.98000717163086],[-4.928657054901123,50.2459831237793],[-4.354779243469238,50.37908172607422],[-4.186630249023438,50.37908172607422],[-4.088706493377686,50.2459831237793],[-3.584736108779907,50.2459831237793],[-3.456606388092041,50.64549255371094],[-3.12621021270752,50.71213912963867],[-2.102793455123901,50.578861236572266],[-2.030619621276855,50.71213912963867],[-1.524962306022644,50.71213912963867],[-1.513427257537842,50.578861236572266],[-1.176646590232849,50.578861236572266],[-1.109168291091919,50.77880859375],[-1.367843627929688,50.84549331665039],[0.492853790521622,50.77880859375],[1.313834071159363,51.112430572509766],[1.380577206611633,51.37968063354492],[0.523877322673798,51.51342010498047],[0.862975299358368,51.51342010498047],[0.843909561634064,51.78114318847656],[1.183690190315247,51.78114318847656],[1.169783234596252,51.98215103149414],[1.425007224082947,51.98215103149414],[1.586262822151184,52.11625671386719],[1.653681755065918,52.38472366333008],[1.739019155502319,52.38472366333008],[1.716817617416382,52.720787048339844],[1.531973838806152,52.92268753051758],[1.093834638595581,53.057395935058594],[0.493327647447586,53.057395935058594],[0.337453275918961,52.85536575317383],[0.075146429240704,52.92268753051758],[0.316494405269623,53.124786376953125],[0.29531991481781,53.39456558227539],[0.020827349275351,53.597137451171875],[0.004257039166987,53.799922943115234],[-0.17964468896389,53.93522644042969],[-0.202435865998268,54.20612335205078],[-0.381431937217712,54.27390670776367],[-0.387277960777283,54.341712951660156],[-0.671433329582214,54.613189697265625],[-1.285956144332886,54.681121826171875],[-1.398887872695923,54.95309066772461],[-1.486006855964661,54.95309066772461],[-1.633551597595215,55.56651306152344],[-2.01904296875,55.90821838378906],[-2.106868505477905,55.90821838378906],[-2.268072366714478,55.77145767211914],[-2.239403486251831,55.498252868652344],[-2.560305595397949,55.225467681884766],[-2.734941720962524,55.225467681884766],[-2.807486772537231,55.089229583740234],[-3.141266584396362,54.95309066772461],[-3.402623414993286,54.95309066772461],[-3.394958257675171,54.88506317138672],[-3.648374080657959,54.817054748535156],[-3.704231739044189,54.545284271240234],[-3.617407321929932,54.545284271240234],[-3.586766958236694,54.27390670776367],[-3.319409608840942,54.20612335205078],[-3.304538726806641,54.07062530517578],[-2.96582555770874,54.138362884521484],[-3.196035623550415,53.86756134033203],[-3.095205545425415,53.732303619384766],[-3.152528285980225,53.462066650390625],[-3.324654340744019,53.462066650390625],[-3.3113312174087963,53.33832889099077],[-3.310120820999146,53.32708740234375],[-3.2198313932589544,53.28657054576656],[-3.1597921767913126,53.25962829589844],[-3.03944020090128,53.20562104534913],[-3.0095230383802134,53.192195892333984],[-2.9493420204780594,53.16519000989527],[-2.859304904937744,53.124786376953125],[-2.852354049682617,53.057395935058594],[-3.19550085067749,53.057395935058594],[-3.274127721786499,52.99003219604492],[-3.174215316772461,52.85536575317383],[-3.088564872741699,52.85536575317383],[-3.067585706710815,52.653533935546875],[-3.622879981994629,52.250450134277344],[-3.878627777099609,52.250450134277344],[-3.849620580673218,51.98215103149414],[-3.997964382171631,51.78114318847656],[-4.260177135467529,51.84812545776367],[-4.189918994903564,51.98215103149414],[-4.615292549133301,51.98215103149414],[-4.638194561004639,52.18334197998047]]],[[[-6.14714241027832,53.32708740234375],[-6.241942882537842,53.39456558227539],[-6.16473388671875,53.462066650390625],[-6.164712409634202,53.462066650390625],[-6.078670501708984,53.462066650390625],[-6.113253051675967,53.507043218526356],[-6.229749215703076,53.65855308879094],[-6.286456108093262,53.732303619384766],[-6.331579685211182,54.07062530517578],[-5.899145126342773,54.07062530517578],[-5.674689769744873,54.341712951660156],[-5.423318386077881,54.4095458984375],[-5.553964138031006,54.74907684326172],[-5.727906227111816,54.74907684326172],[-5.938195705413818,55.021148681640625],[-6.442390918731689,54.88506317138672],[-6.327431201934814,54.681121826171875],[-5.952661037445068,54.47740173339844],[-6.012425899505615,54.27390670776367],[-6.532209873199463,54.27390670776367],[-6.64980936050415,53.86756134033203],[-7.254220008850098,53.86756134033203],[-7.321455955505371,53.732303619384766],[-7.905546188354492,53.597137451171875],[-7.856867790222168,53.25962829589844],[-7.646926403045654,52.99003219604492],[-8.180913925170898,53.124786376953125],[-8.227591514587402,52.85536575317383],[-8.313241958618164,52.85536575317383],[-8.188875198364258,52.586299896240234],[-8.350115776062012,52.51908493041992],[-8.32118034362793,52.31757736206055],[-8.832940101623535,52.31757736206055],[-8.888623237609863,52.11625671386719],[-8.575459480285645,51.71418380737305],[-8.405654907226562,51.71418380737305],[-8.273340657964463,51.762908664965366],[-8.057999084700189,51.84220841952334],[-7.677979469299316,51.98215103149414],[-7.611197948455811,52.11625671386719],[-7.051559637853498,52.147974040818205],[-6.427507877349854,52.18334197998047],[-6.297028383674605,52.496593405379734],[-6.249480348044424,52.61074536532802],[-6.2316575050354,52.653533935546875],[-6.14614200592041,52.653533935546875],[-6.171980857849121,52.85536575317383],[-6.086330413818359,52.85536575317383],[-6.095015603143786,52.92273719417956],[-6.14714241027832,53.32708740234375]]]]},"properties":{"Name":"Angevin Empire","FromYear":1192,"ToYear":1201,"Area":423162.8877261214,"Type":"POLITY","Wikipedia":"Angevin Empire","Wikidata":"Q538677","SeshatID":"gb_england_plantagenet","Components":"","MemberOf":"(Kingdom of England)"}},
{"type":"Feature","geometry":{"type":"Polygon","coordinates":[[[45,30.967295723148133],[45,39.362676471492684],[44.869144439697266,39.449623107910156],[44.847415924072266,39.320335388183594],[44.52192687988281,39.25570297241211],[44.32237243652344,38.997230529785156],[44.30800247192383,38.416015625],[44.45452117919922,38.351463317871094],[44.30603790283203,37.89975357055664],[44.44255065917969,37.7707405090332],[43.5736083984375,37.706241607666016],[43.55448913574219,37.5772590637207],[43.32033157348633,37.5772590637207],[43.30147933959961,37.44829177856445],[43.54787826538086,36.9970588684082],[43.781429290771484,36.9970588684082],[44.3570556640625,36.67487716674805],[44.3383903503418,36.5460319519043],[44.611854553222656,36.28839111328125],[44.593360900878906,36.15959167480469],[44.95335388183594,35.9664192199707],[44.898380279541016,35.58015823364258],[44.40733337402344,35.38706970214844],[44.1740608215332,34.80794906616211],[43.92555618286133,34.679283142089844],[43.81462097167969,34.42197799682617],[43.660587310791016,34.42197799682617],[43.39646530151367,34.164703369140625],[43.242584228515625,34.164703369140625],[42.89459991455078,33.84315490722656],[42.57145309448242,33.71455001831055],[42.36363983154297,33.26447677612305],[42.355987548828125,33.20018768310547],[42.578269958496094,33.13589859008789],[42.708534240722656,32.94303894042969],[43.152584075927734,32.81447219848633],[44.459014892578125,31.593257904052734],[44.44402313232422,31.464719772338867],[44.657562255859375,31.336183547973633],[44.63529586791992,31.143381118774414],[44.79490280151367,31.20764923095703],[45,30.967295723148133]]]},"properties":{"Name":"Great Seljuk Empire","FromYear":1192,"ToYear":1201,"Area":988550.9631157017,"Type":"POLITY","Wikipedia":"Seljuk Empire","Wikidata":"Q3708094","SeshatID":"","Components":"","MemberOf":""}},
{"type":"Feature","geometry":{"type":"Polygon","coordinates":[[[36.59736633300781,36.80373764038086],[36.76753234863281,36.932613372802734],[36.975337982177734,37.38381576538086],[37.31027603149414,37.5772590637207],[37.505470275878906,37.89975357055664],[37.58363723754883,37.89975357055664],[37.85028076171875,38.157840728759766],[36.75463104248047,38.157840728759766],[35.60308074951172,38.351463317871094],[34.87669372558594,37.44829177856445],[34.56466293334961,37.44829177856445],[34.30364990234375,37.1904182434082],[33.673797607421875,37.12596130371094],[33.26523971557617,36.932613372802734],[32.64261245727539,36.932613372802734],[32.27168655395508,37.12596130371094],[32.03799819946289,37.12596130371094],[31.822311401367188,37.3193473815918],[31.510461807250977,37.3193473815918],[31.372310638427734,37.51277160644531],[31.071958541870117,37.641746520996094],[30.603506088256836,37.641746520996094],[30.748069763183594,37.51277160644531],[30.719449996948242,37.1904182434082],[30.85255241394043,36.932613372802734],[30.930381774902344,36.932613372802734],[32.06806182861328,36.61045455932617],[32.498512268066406,36.2239875793457],[32.558349609375,36.03080368041992],[33.97906494140625,36.28839111328125],[34.2507209777832,36.67487716674805],[34.581634521484375,36.8681755065918],[34.892860412597656,36.8681755065918],[34.95038986206055,36.67487716674805],[35.11265563964844,36.73930740356445],[35.332271575927734,36.61045455932617],[35.487709045410156,36.61045455932617],[35.833587646484375,36.932613372802734],[36.144901275634766,36.932613372802734],[36.27198791503906,36.67487716674805],[36.51958084106445,36.80373764038086],[36.59736633300781,36.80373764038086]]]},"properties":{"Name":"Armenian Kingdom of Cilicia","FromYear":1192,"ToYear":1201,"Area":59655.785321725205,"Type":"POLITY","Wikipedia":"Armenian Kingdom of Cilicia","Wikidata":"Q335088","SeshatID":"","Components":"","MemberOf":""}}
]}