{"type":"FeatureCollection", "features": [
{"type":"Feature","geometry":{"type":"Polygon","coordinates":[[[-7.387404441833496,37.254878997802734],[-7.502705097198486,37.706241607666016],[-7.27909517288208,37.835243225097656],[-7.14418888092041,38.09331130981445],[-6.987714290618896,38.09331130981445],[-6.998411178588867,38.22237777709961],[-7.244168281555176,38.351463317871094],[-7.271727085113525,38.67427444458008],[-7.120340347290039,38.738853454589844],[-6.985427379608154,38.997230529785156],[-7.255166053771973,39.38497543334961],[-7.418391227722168,39.449623107910156],[-7.435848712921143,39.64360046386719],[-6.895466804504395,39.77294921875],[-6.839452266693115,40.031734466552734],[-7.00321626663208,40.0964469909668],[-7.014894485473633,40.225894927978516],[-6.868430137634277,40.355369567871094],[-6.927728176116943,41.00318908691406],[-6.254164218902588,41.45711898803711],[-6.271912097930908,41.65177917480469],[-6.351566314697266,41.65177917480469],[-6.700808048248291,41.97637939453125],[-8.11717414855957,41.781593322753906],[-8.216935157775879,41.97637939453125],[-8.137139320373535,41.97637939453125],[-8.150541305541992,42.10627746582031],[-8.469955444335938,42.10627746582031],[-8.928141593933105,41.911441802978516],[-8.921201705932617,41.84651184082031],[-8.72695255279541,40.74397277832031],[-8.872282981872559,40.614410400390625],[-8.846114158630371,40.355369567871094],[-8.925222396850586,40.355369567871094],[-9.025042533874512,39.77294921875],[-9.103915214538574,39.77294921875],[-9.157164573669434,39.51427459716797],[-9.387048721313477,39.449623107910156],[-9.42748737335205,39.06184005737305],[-9.571974754333496,38.93262481689453],[-9.553065299987793,38.738853454589844],[-9.38370418548584,38.60969924926758],[-9.23299789428711,38.67427444458008],[-9.20852279663086,38.416015625],[-8.822718620300293,38.48057174682617],[-8.818843841552734,37.5772590637207],[-8.896896362304688,37.5772590637207],[-9.00136661529541,36.9970588684082],[-8.70113754272461,37.12596130371094],[-7.677903652191162,36.9970588684082],[-7.454815864562988,37.12596130371094],[-7.465344429016113,37.254878997802734],[-7.387404441833496,37.254878997802734]]]},"properties":{"Name":"Kingdom of Portugal","FromYear":1250,"ToYear":1414,"Area":91910.93765342019,"Type":"POLITY","Wikipedia":"Kingdom of Portugal","Wikidata":"Q45670","SeshatID":"pt_portugal_k","Components":"","MemberOf":""}},
{"type":"Feature","geometry":{"type":"Polygon","coordinates":[[[13.5560941696167,46.02093505859375],[13.47651481628418,46.1520881652832],[13.31297492980957,46.1520881652832],[13.309985160827637,45.95537567138672],[13.474390029907227,46.02093505859375],[13.5560941696167,46.02093505859375]]]},"properties":{"Name":"Duchy of Styria","FromYear":1272,"ToYear":1421,"Area":276.50734116997296,"Type":"POLITY","Wikipedia":"Duchy of Styria","Wikidata":"Q580447","SeshatID":"","Components":"","MemberOf":""}},
{"type":"Feature","geometry":{"type":"Polygon","coordinates":[[[5.039933204650879,44.18956756591797],[4.95694637298584,44.25482940673828],[4.876103401184082,44.25482940673828],[4.865188250876609,44.23617757216094],[4.799726963043213,44.12431716918945],[5.039933204650879,44.18956756591797]]]},"properties":{"Name":"Principality of Orange","FromYear":1272,"ToYear":1458,"Area":140.52605969985626,"Type":"POLITY","Wikipedia":"Principality of Orange","Wikidata":"Q2281221","SeshatID":"de_empire_3","Components":"","MemberOf":"(Holy Roman Empire)"}},
{"type":"Feature","geometry":{"type":"Polygon","coordinates":[[[10.776388168334961,43.211830139160156],[10.857099533081055,43.407203674316406],[11.259588241577148,43.472347259521484],[11.580705642700195,43.342071533203125],[11.659855842590332,43.146724700927734],[11.900826454162598,43.146724700927734],[11.82194709777832,43.342071533203125],[12.144204139709473,43.407203674316406],[12.226542472839355,43.6026611328125],[11.744671821594238,43.79821014404297],[11.746879577636719,44.12431716918945],[11.505900382995605,44.38538360595703],[11.182066917419434,44.32010269165039],[10.858479499816895,44.25482940673828],[10.696523666381836,43.79821014404297],[10.615739822387695,43.342071533203125],[10.776388168334961,43.211830139160156]]]},"properties":{"Name":"Republic of Florence","FromYear":1279,"ToYear":1401,"Area":10107.330132583384,"Type":"POLITY","Wikipedia":"Republic of Florence","Wikidata":"Q148540","SeshatID":"it_florence_rep","Components":"","MemberOf":"(Holy Roman Empire)"}},
{"type":"Feature","geometry":{"type":"Polygon","coordinates":[[[29.58440589904785,56.86860656738281],[29.756702423095703,57.35087585449219],[29.37146759033203,57.696231842041016],[29.383460998535156,57.7653923034668],[28.984312057495117,58.042335510253906],[29.044050216674805,58.38920593261719],[28.88840675354004,58.528167724609375],[28.912445068359375,58.66725540161133],[28.82244300842285,58.66725540161133],[28.846500396728516,58.80647277832031],[28.756383895874023,58.80647277832031],[28.780460357666016,58.94581604003906],[28.43138885498047,59.015533447265625],[28.03827770943572,59.36459514969338],[28.038253784179688,59.36461639404297],[28.026525497436523,59.294734954833984],[27.731943130493164,59.15507125854492],[27.709064483642578,59.015533447265625],[27.79935646057129,59.015533447265625],[27.719879150390625,58.528167724609375],[27.450220108032227,58.528167724609375],[27.40618324279785,58.2503662109375],[27.56344223022461,58.11164855957031],[27.94413948059082,58.2503662109375],[27.977479934692383,57.903804779052734],[27.72037696838379,57.97305679321289],[27.403390857063933,57.661394243965894],[27.298233032226562,57.55800247192383],[27.29826726424591,57.557991314108996],[27.721967697143555,57.41988754272461],[27.5580997467041,56.937416076660156],[27.80249786376953,56.799827575683594],[27.89100456237793,56.799827575683594],[28.377832412719727,57.07511901855469],[29.58440589904785,56.86860656738281]]]},"properties":{"Name":"Pskov Republic","FromYear":1285,"ToYear":1421,"Area":22600.869647644748,"Type":"POLITY","Wikipedia":"Pskov Republic","Wikidata":"Q317078","SeshatID":"","Components":"","MemberOf":""}},
{"type":"Feature","geometry":{"type":"Polygon","coordinates":[[[15.6271390914917,38.28691864013672],[15.698192596435547,37.96426773071289],[15.932764053344727,37.96426773071289],[16.491945266723633,38.416015625],[16.502395629882812,38.80344009399414],[17.138301849365234,39.06184005737305],[17.069679260253906,39.38497543334961],[16.916194915771484,39.51427459716797],[16.44725799560547,39.64360046386719],[16.45665168762207,39.9670295715332],[16.697484970092773,40.0964469909668],[16.624452590942383,40.29063034057617],[16.861696243286133,40.29063034057617],[16.945016860961914,40.42012023925781],[16.867990493774414,40.4848747253418],[17.02848243713379,40.54964065551758],[17.345230102539062,40.54964065551758],[17.41753578186035,40.355369567871094],[17.813072204589844,40.355369567871094],[18.11216926574707,39.90232849121094],[18.34894371032715,39.90232849121094],[18.43811798095703,40.16116714477539],[17.981229782104492,40.614410400390625],[17.510658264160156,40.74397277832031],[17.20269203186035,41.00318908691406],[15.943941116333008,41.39224624633789],[15.87384033203125,41.71668243408203],[16.114879608154297,41.781593322753906],[16.11888313293457,41.911441802978516],[15.720044136047363,41.911441802978516],[15.640276908874512,41.911441802978516],[15.241438865661621,41.911441802978516],[15.165011405944824,42.041324615478516],[14.9239501953125,41.97637939453125],[14.765887260437012,42.041324615478516],[14.768959999084473,42.17123794555664],[14.607714653015137,42.10627746582031],[14.530768394470215,42.236209869384766],[14.370945930480957,42.236209869384766],[13.901384353637695,42.75628662109375],[13.98537540435791,42.95146560668945],[13.90514087677002,42.95146560668945],[13.583069801330566,42.88639831542969],[13.339327812194824,42.691246032714844],[13.098980903625488,42.691246032714844],[12.856051445007324,42.496177673339844],[13.00974178314209,42.041324615478516],[13.328027725219727,41.97637939453125],[13.40574836730957,41.84651184082031],[13.804443359375,41.84651184082031],[13.96146297454834,41.71668243408203],[14.03740406036377,41.521995544433594],[13.792884826660156,41.19768524169922],[13.791753768920898,41.132843017578125],[13.950616836547852,41.132843017578125],[14.104567527770996,40.873565673828125],[14.421854972839355,40.873565673828125],[14.417906761169434,40.6791877746582],[14.893351554870605,40.6791877746582],[15.041359901428223,40.225894927978516],[15.199469566345215,40.225894927978516],[15.431868553161621,40.031734466552734],[15.747773170471191,40.031734466552734],[15.665508270263672,39.90232849121094],[15.898874282836914,39.77294921875],[16.116540908813477,39.06184005737305],[16.270299911499023,38.93262481689453],[16.265209197998047,38.738853454589844],[15.949724197387695,38.67427444458008],[15.941911697387695,38.351463317871094],[15.6271390914917,38.28691864013672]]]},"properties":{"Name":"Kingdom of Naples","FromYear":1285,"ToYear":1449,"Area":68688.52360996425,"Type":"POLITY","Wikipedia":"Kingdom of Naples","Wikidata":"Q173065","SeshatID":"it_naples_k","Components":"","MemberOf":""}},
{"type":"Feature","geometry":{"type":"Polygon","coordinates":[[[28.434911727905273,36.8681755065918],[28.630977630615234,37.38381576538086],[28.402088165283203,37.44829177856445],[28.266332626342773,37.706241607666016],[28.027015686035156,37.641746520996094],[27.94894027709961,37.641746520996094],[27.709800720214844,37.5772590637207],[27.53919219970703,37.38381576538086],[27.53438949584961,37.3193473815918],[27.61235237121582,37.3193473815918],[27.597978591918945,37.12596130371094],[28.138330459594727,37.06150817871094],[28.03143882751465,36.67487716674805],[28.186922073364258,36.67487716674805],[28.357105255126953,36.8681755065918],[28.434911727905273,36.8681755065918]]]},"properties":{"Name":"Beylik of Menteshe","FromYear":1305,"ToYear":1406,"Area":5936.6346665733945,"Type":"POLITY","Wikipedia":"Menteshe","Wikidata":"Q1400572","SeshatID":"","Components":"","MemberOf":""}},
{"type":"Feature","geometry":{"type":"MultiPolygon","coordinates":[[[[5.984253883361816,50.445655822753906],[6.068368434906006,50.445655822753906],[5.966943264007568,50.97892379760742],[5.711322784423828,51.04566955566406],[5.727356910705566,50.578861236572266],[5.891401362447823,50.39156068401958],[5.902330875396729,50.37908172607422],[5.914029423024615,50.38858846002035],[5.984253883361816,50.445655822753906]]],[[[4.034165859222412,50.77880859375],[4.205820083618164,50.71213912963867],[4.299002170562744,50.51224899291992],[4.638418674468994,50.445655822753906],[5.048582077026367,50.71213912963867],[5.217134952545166,50.71213912963867],[5.283889770507812,51.17921447753906],[5.784458637237549,51.37968063354492],[5.779896259307861,51.51342010498047],[5.605600833892822,51.64724349975586],[5.263612270355225,51.71418380737305],[5.173510074615479,51.84812545776367],[5.088521957397461,51.84812545776367],[5.003533840179443,51.84812545776367],[4.918545722961426,51.84812545776367],[4.833557605743408,51.84812545776367],[4.836331844329834,51.78114318847656],[4.751386642456055,51.78114318847656],[4.666441440582275,51.78114318847656],[4.244784832000732,51.71418380737305],[4.08440637588501,51.51342010498047],[4.087535381317139,51.44654083251953],[4.263070583343506,51.31283950805664],[4.269116878509521,51.17921447753906],[4.10617733001709,51.04566955566406],[4.034165859222412,50.77880859375]]]]},"properties":{"Name":"County of Brabant","FromYear":1305,"ToYear":1401,"Area":13118.925708005097,"Type":"POLITY","Wikipedia":"Landgraviate of Brabant","Wikidata":"Q751868","SeshatID":"de_empire_3","Components":"","MemberOf":"(Holy Roman Empire)"}},
{"type":"Feature","geometry":{"type":"MultiPolygon","coordinates":[[[[11.574831008911133,42.36617660522461],[11.494861602783203,42.36617660522461],[11.494501113891602,42.30118942260742],[11.574441909790039,42.30118942260742],[11.574831008911133,42.36617660522461]]],[[[13.90514087677002,42.95146560668945],[13.906397819519043,43.016544342041016],[13.826133728027344,43.016544342041016],[13.827362060546875,43.08163070678711],[13.747068405151367,43.08163070678711],[13.748269081115723,43.146724700927734],[13.749470710754395,43.211830139160156],[13.7506742477417,43.276947021484375],[13.67029094696045,43.276947021484375],[13.672640800476074,43.407203674316406],[13.355091094970703,43.6678352355957],[13.033763885498047,43.73301696777344],[13.035634994506836,43.86341094970703],[12.873446464538574,43.79821014404297],[12.312999725341797,44.18956756591797],[12.155472755432129,44.64661407470703],[12.156049728393555,44.71194839477539],[11.993412017822266,44.64661407470703],[11.751571655273438,44.842647552490234],[11.346199035644531,44.908016204833984],[11.182066917419434,44.32010269165039],[11.505900382995605,44.38538360595703],[11.746879577636719,44.12431716918945],[11.744671821594238,43.79821014404297],[12.226542472839355,43.6026611328125],[12.144204139709473,43.407203674316406],[11.82194709777832,43.342071533203125],[11.900826454162598,43.146724700927734],[11.981149673461914,43.146724700927734],[12.0580472946167,42.75628662109375],[11.736565589904785,42.62621307373047],[11.574831008911133,42.36617660522461],[11.654799461364746,42.36617660522461],[11.733430862426758,42.17123794555664],[12.131669044494629,42.041324615478516],[12.130502700805664,41.911441802978516],[12.604641914367676,41.521995544433594],[12.922186851501465,41.45711898803711],[13.000019073486328,41.32738494873047],[13.397590637207031,41.32738494873047],[13.71342658996582,41.19768524169922],[13.792884826660156,41.19768524169922],[14.03740406036377,41.521995544433594],[13.96146297454834,41.71668243408203],[13.804443359375,41.84651184082031],[13.40574836730957,41.84651184082031],[13.328027725219727,41.97637939453125],[13.00974178314209,42.041324615478516],[12.856051445007324,42.496177673339844],[13.098980903625488,42.691246032714844],[13.339327812194824,42.691246032714844],[13.583069801330566,42.88639831542969],[13.90514087677002,42.95146560668945]]]]},"properties":{"Name":"Papal States","FromYear":1314,"ToYear":1462,"Area":39501.38404977706,"Type":"POLITY","Wikipedia":"Papal States","Wikidata":"Q170174","SeshatID":"it_papal_state_2","Components":"","MemberOf":""}},
{"type":"Feature","geometry":{"type":"MultiPolygon","coordinates":[[[[-4.382591724395752,54.4095458984375],[-4.807900905609131,54.341712951660156],[-4.799596309661865,54.27390670776367],[-4.861302852630615,54.07062530517578],[-4.358400821685791,54.20612335205078],[-4.382591724395752,54.4095458984375]]],[[[-2.106868505477905,55.90821838378906],[-2.19469428062439,55.90821838378906],[-2.656256437301636,56.11355972290039],[-3.000474214553833,56.04508590698242],[-3.27212119102478,56.11355972290039],[-2.671310901641846,56.25059127807617],[-2.789952516555786,56.524986267089844],[-2.532599925994873,56.59365463256836],[-2.208682298660278,56.86860656738281],[-2.075707674026489,57.28189468383789],[-1.823600172996521,57.41988754272461],[-1.852917313575745,57.696231842041016],[-3.734920263290405,57.7653923034668],[-3.726380348205566,57.696231842041016],[-3.994018077850342,57.696231842041016],[-3.930825471878052,57.903804779052734],[-4.118414402008057,57.97305679321289],[-3.428223133087158,58.180992126464844],[-3.021383285522461,58.528167724609375],[-3.136410236358643,58.73685073852539],[-3.676762819290161,58.73685073852539],[-4.019067287445068,58.59769821166992],[-5.198037147521973,58.66725540161133],[-5.169017314910889,58.45867156982422],[-5.258847236633301,58.45867156982422],[-5.239514827728271,58.31977081298828],[-5.418947219848633,58.31977081298828],[-5.459936618804932,57.97305679321289],[-5.728240966796875,57.97305679321289],[-5.887243270874023,57.8345832824707],[-5.917263507843018,57.41988754272461],[-5.729594707489014,57.35087585449219],[-5.700699329376221,57.14401626586914],[-5.808821201324463,57.28189468383789],[-6.085347175598145,57.35087585449219],[-6.11513090133667,57.55800247192383],[-6.323688507080078,57.7653923034668],[-6.502223968505859,57.7653923034668],[-6.471539974212646,57.55800247192383],[-6.817555904388428,57.488929748535156],[-6.796852111816406,57.35087585449219],[-6.618975639343262,57.35087585449219],[-6.410901069641113,57.14401626586914],[-6.055799961090088,57.14401626586914],[-5.947565078735352,57.00625228881836],[-5.908953666687012,56.731075286865234],[-6.341366291046143,56.662349700927734],[-6.23344087600708,56.524986267089844],[-6.292484283447266,56.319149017333984],[-5.684883117675781,56.387733459472656],[-5.656883716583252,56.182064056396484],[-5.920981407165527,56.182064056396484],[-6.068491458892822,55.97663879394531],[-6.507877826690674,55.97663879394531],[-6.634748458862305,55.63479995727539],[-6.381457328796387,55.70311737060547],[-6.362338542938232,55.56651306152344],[-6.187198638916016,55.56651306152344],[-6.127885818481445,55.77145767211914],[-5.952439785003662,55.77145767211914],[-5.89273738861084,55.97663879394531],[-5.80486011505127,55.97663879394531],[-5.689270496368408,55.77145767211914],[-5.915220260620117,55.498252868652344],[-5.887563228607178,55.29362487792969],[-5.625458240509033,55.29362487792969],[-5.574207305908203,55.56651306152344],[-5.381163120269775,55.430015563964844],[-5.118756771087646,55.430015563964844],[-5.162932395935059,55.77145767211914],[-5.426101684570312,55.77145767211914],[-5.444243907928467,55.90821838378906],[-4.996289253234863,55.83982467651367],[-4.978706836700439,55.70311737060547],[-4.794708251953125,55.63479995727539],[-4.768880844116211,55.430015563964844],[-5.171102046966553,55.15733337402344],[-5.153679370880127,55.021148681640625],[-5.32801628112793,55.021148681640625],[-5.110523223876953,54.681121826171875],[-4.936679363250732,54.681121826171875],[-4.953676700592041,54.817054748535156],[-4.423340797424316,54.74907684326172],[-3.735394239425659,54.817054748535156],[-3.489742517471313,54.95309066772461],[-3.402623414993286,54.95309066772461],[-3.141266584396362,54.95309066772461],[-2.807486772537231,55.089229583740234],[-2.734941720962524,55.225467681884766],[-2.560305595397949,55.225467681884766],[-2.239403486251831,55.498252868652344],[-2.268072366714478,55.77145767211914],[-2.106868505477905,55.90821838378906]]],[[[-7.288100242614746,57.07511901855469],[-7.319843292236328,57.28189468383789],[-7.230959415435791,57.28189468383789],[-7.252153396606445,57.41988754272461],[-7.597294807434082,57.35087585449219],[-7.465542793273926,57.07511901855469],[-7.288100242614746,57.07511901855469]]],[[[-7.562519073486328,57.696231842041016],[-7.440887928009033,57.488929748535156],[-7.105842113494873,57.62710189819336],[-7.116456508636475,57.696231842041016],[-7.562519073486328,57.696231842041016]]],[[[-6.25730562210083,58.528167724609375],[-6.785952091217041,58.45867156982422],[-6.764688491821289,58.31977081298828],[-6.854404926300049,58.31977081298828],[-7.281157493591309,58.180992126464844],[-7.06976318359375,57.97305679321289],[-7.12709903717041,57.7653923034668],[-6.52281665802002,57.903804779052734],[-6.385126113891602,58.180992126464844],[-6.205919742584229,58.180992126464844],[-6.25730562210083,58.528167724609375]]]]},"properties":{"Name":"Kingdom of Scotland","FromYear":1314,"ToYear":1474,"Area":86071.20070111276,"Type":"POLITY","Wikipedia":"Kingdom of Scotland","Wikidata":"Q230791","SeshatID":"gb_scotland_k","Components":"","MemberOf":""}},
{"type":"Feature","geometry":{"type":"Polygon","coordinates":[[[27.593130111694336,38.09331130981445],[27.671367645263672,38.09331130981445],[28.37550163269043,38.09331130981445],[28.642396926879883,38.48057174682617],[28.501859664916992,38.67427444458008],[28.523780822753906,38.93262481689453],[26.952821731567383,38.93262481689453],[26.947797775268555,38.8680305480957],[26.869274139404297,38.8680305480957],[26.942792892456055,38.80344009399414],[26.849470138549805,38.60969924926758],[27.079774856567383,38.54513168334961],[27.06496238708496,38.351463317871094],[26.594974517822266,38.351463317871094],[26.535762786865234,38.60969924926758],[26.38368797302246,38.67427444458008],[26.42890739440918,38.22237777709961],[26.820327758789062,38.22237777709961],[26.888994216918945,38.09331130981445],[27.118854522705078,38.028785705566406],[27.593130111694336,38.09331130981445]]]},"properties":{"Name":"Beylik of Saruhan","FromYear":1326,"ToYear":1406,"Area":14138.811586473767,"Type":"POLITY","Wikipedia":"Sarukhanids","Wikidata":"Q1968654","SeshatID":"","Components":"","MemberOf":""}},
{"type":"Feature","geometry":{"type":"Polygon","coordinates":[[[27.53919219970703,37.38381576538086],[27.709800720214844,37.5772590637207],[27.94894027709961,37.641746520996094],[28.027015686035156,37.641746520996094],[28.266332626342773,37.706241607666016],[28.402088165283203,37.44829177856445],[28.630977630615234,37.38381576538086],[28.636110305786133,37.44829177856445],[28.71411895751953,37.44829177856445],[28.677833557128906,37.96426773071289],[28.37550163269043,38.09331130981445],[27.671367645263672,38.09331130981445],[27.593130111694336,38.09331130981445],[27.192211151123047,37.96426773071289],[27.177743911743164,37.7707405090332],[27.2558650970459,37.7707405090332],[27.16343116760254,37.5772590637207],[27.309988021850586,37.44829177856445],[27.22254180908203,37.3193473815918],[27.461206436157227,37.38381576538086],[27.53919219970703,37.38381576538086]]]},"properties":{"Name":"Beylik of Aydin","FromYear":1326,"ToYear":1414,"Area":7957.838692289094,"Type":"POLITY","Wikipedia":"Aydinids","Wikidata":"Q717112","SeshatID":"","Components":"","MemberOf":""}},
{"type":"Feature","geometry":{"type":"MultiPolygon","coordinates":[[[[0.994516909122467,42.82133865356445],[1.074691534042358,42.82133865356445],[1.485537886619568,42.62621307373047],[1.565624117851257,42.62621307373047],[1.645710229873657,42.62621307373047],[1.725796341896057,42.62621307373047],[1.873243570327759,42.88639831542969],[1.304981589317322,43.016544342041016],[1.277275562286377,43.53750228881836],[0.947991132736206,43.6678352355957],[0.63697761297226,43.472347259521484],[0.966081380844116,43.342071533203125],[0.812541425228119,43.211830139160156],[0.983926355838776,43.016544342041016],[0.994516909122467,42.82133865356445]]],[[[-0.288277387619019,42.82133865356445],[-0.292272239923477,42.88639831542969],[-0.296277910470963,42.95146560668945],[-0.06344074010849,43.08163070678711],[-0.071348160505295,43.211830139160156],[-0.079298287630081,43.342071533203125],[-0.32871425151825,43.472347259521484],[-0.654836595058441,43.53750228881836],[-1.044264197349548,43.342071533203125],[-0.870625078678131,43.146724700927734],[-0.857915937900543,42.95146560668945],[-0.288277387619019,42.82133865356445]]]]},"properties":{"Name":"County of Foix","FromYear":1333,"ToYear":1406,"Area":8647.728302753781,"Type":"POLITY","Wikipedia":"County of Foix","Wikidata":"Q1481436","SeshatID":"fr_valois_k_1","Components":"","MemberOf":"(Kingdom of France)"}},
{"type":"Feature","geometry":{"type":"Polygon","coordinates":[[[1.485537886619568,42.62621307373047],[1.488844156265259,42.56119155883789],[1.575427651405334,42.43117141723633],[1.80907130241394,42.56119155883789],[1.72901451587677,42.56119155883789],[1.725796341896057,42.62621307373047],[1.645710229873657,42.62621307373047],[1.565624117851257,42.62621307373047],[1.485537886619568,42.62621307373047]]]},"properties":{"Name":"County of Urgell","FromYear":1344,"ToYear":1515,"Area":332.50452742783244,"Type":"POLITY","Wikipedia":"County of Urgell","Wikidata":"Q1514510","SeshatID":"","Components":"","MemberOf":""}},
{"type":"Feature","geometry":{"type":"MultiPolygon","coordinates":[[[[22.42144775390625,53.597137451171875],[22.548198699951172,54.00291442871094],[22.461759567260742,54.00291442871094],[22.482206344604492,54.20612335205078],[22.66232681274414,54.27390670776367],[22.69742774963379,54.613189697265625],[22.704511642456055,54.681121826171875],[22.812959671020508,54.88506317138672],[22.573020935058594,55.089229583740234],[22.31136703491211,55.089229583740234],[22.070266723632812,55.29362487792969],[21.640066146850586,55.36180877685547],[21.235198974609375,55.70311737060547],[21.248220443725586,55.83982467651367],[20.991283416748047,55.90821838378906],[20.98489761352539,55.83982467651367],[20.96585464477539,55.63479995727539],[21.202974319458008,55.36180877685547],[20.990678787231445,54.95309066772461],[20.72932243347168,54.95309066772461],[20.654220581054688,55.089229583740234],[19.950855255126953,55.021148681640625],[19.83608627319336,54.681121826171875],[20.004362106323242,54.613189697265625],[19.830615997314453,54.613189697265625],[19.819725036621094,54.47740173339844],[19.559396743774414,54.47740173339844],[19.462186813354492,54.341712951660156],[18.686851501464844,54.4095458984375],[18.44533348083496,54.681121826171875],[18.459484100341797,54.88506317138672],[17.501720428466797,54.88506317138672],[17.49753189086914,54.817054748535156],[17.559396743774414,54.4095458984375],[17.385942459106445,54.4095458984375],[17.377857208251953,54.27390670776367],[17.110219955444336,54.138362884521484],[17.091083526611328,53.799922943115234],[17.17738151550293,53.799922943115234],[17.079761505126953,53.597137451171875],[17.326608657836914,53.39456558227539],[17.506561279296875,53.52959060668945],[18.44928741455078,53.462066650390625],[18.517410278320312,53.192195892333984],[18.689167022705078,53.192195892333984],[18.928207397460938,52.92268753051758],[19.361536026000977,52.99003219604492],[19.724811553955078,53.25962829589844],[20.395845413208008,53.057395935058594],[20.66997718811035,53.25962829589844],[20.927749633789062,53.25962829589844],[21.28936767578125,53.462066650390625],[22.42144775390625,53.597137451171875]]],[[[27.880273818969727,56.731075286865234],[27.791820526123047,56.731075286865234],[27.162372589111328,56.662349700927734],[27.182950973510742,56.799827575683594],[26.82892417907715,56.799827575683594],[26.455169677734375,56.662349700927734],[26.59242820739746,56.387733459472656],[26.86699676513672,56.45634460449219],[26.92516326904297,56.25059127807617],[27.091259002685547,56.182064056396484],[26.80741310119629,56.04508590698242],[26.367769241333008,56.04508590698242],[26.318201065063477,56.319149017333984],[26.072818756103516,56.45634460449219],[26.18030548095703,56.59365463256836],[25.94385528564453,56.799827575683594],[25.766841888427734,56.799827575683594],[25.69721221923828,56.937416076660156],[25.50132179260254,56.799827575683594],[24.527748107910156,56.799827575683594],[24.439241409301758,56.799827575683594],[23.81141471862793,56.731075286865234],[23.739437103271484,56.86860656738281],[23.473756790161133,56.86860656738281],[23.667341232299805,57.00625228881836],[23.40944480895996,57.07511901855469],[22.851024627685547,57.62710189819336],[22.672710418701172,57.62710189819336],[22.746185302734375,57.488929748535156],[22.374841690063477,57.35087585449219],[22.204421997070312,57.41988754272461],[22.00445556640625,57.21294021606445],[21.649137496948242,57.21294021606445],[21.677616119384766,57.488929748535156],[21.506582260131836,57.55800247192383],[21.307584762573242,57.35087585449219],[21.280134201049805,57.07511901855469],[21.36885643005371,57.07511901855469],[21.41634750366211,56.662349700927734],[21.232851028442383,56.59365463256836],[21.24626350402832,56.731075286865234],[20.987478256225586,56.799827575683594],[20.954788208007812,56.45634460449219],[20.866546630859375,56.45634460449219],[20.92256736755371,56.11355972290039],[20.916179656982422,56.04508590698242],[21.56563377380371,56.387733459472656],[21.57248306274414,56.45634460449219],[21.695531845092773,56.799827575683594],[21.86543846130371,56.731075286865234],[21.769948959350586,56.662349700927734],[21.844234466552734,56.524986267089844],[22.19741439819336,56.524986267089844],[22.190176010131836,56.45634460449219],[24.1064510345459,56.25059127807617],[24.82863998413086,56.387733459472656],[25.066509246826172,56.182064056396484],[25.761505126953125,56.11355972290039],[25.8309326171875,55.97663879394531],[26.583187103271484,55.70311737060547],[26.865774154663086,55.83982467651367],[27.470035552978516,55.77145767211914],[27.971586227416992,56.182064056396484],[28.14765167236328,56.182064056396484],[28.123947143554688,56.59365463256836],[27.880273818969727,56.731075286865234]]],[[[21.769948959350586,56.662349700927734],[21.77698516845703,56.731075286865234],[21.68853187561035,56.731075286865234],[21.681549072265625,56.662349700927734],[21.769948959350586,56.662349700927734]]],[[[22.432353973388672,58.66725540161133],[22.50644874572754,58.528167724609375],[22.303327560424805,58.31977081298828],[22.213611602783203,58.31977081298828],[21.93695068359375,58.2503662109375],[22.01906394958496,58.180992126464844],[21.899707794189453,57.903804779052734],[22.078466415405273,57.903804779052734],[22.287872314453125,58.180992126464844],[22.93134117126465,58.31977081298828],[22.76801872253418,58.45867156982422],[22.882360458374023,58.66725540161133],[22.432353973388672,58.66725540161133]]],[[[28.026525497436523,59.294734954833984],[28.03827770943572,59.36459514969338],[28.061809539794922,59.504478454589844],[27.88040542602539,59.504478454589844],[26.79198455810547,59.504478454589844],[26.45072364807129,59.64447021484375],[25.370975494384766,59.714515686035156],[25.350799560546875,59.574459075927734],[24.715471267700195,59.574459075927734],[23.59966468811035,59.36461639404297],[23.491540908813477,59.22488784790039],[23.844436645507812,59.15507125854492],[23.9168701171875,59.015533447265625],[24.106542587280273,59.08528518676758],[24.0883846282959,58.94581604003906],[24.359081268310547,58.94581604003906],[24.520912170410156,58.80647277832031],[24.41238021850586,58.66725540161133],[24.592384338378906,58.66725540161133],[24.57384490966797,58.528167724609375],[24.38495445251465,58.45867156982422],[24.357757568359375,58.2503662109375],[24.268098831176758,58.2503662109375],[24.232419967651367,57.97305679321289],[24.59926414489746,58.042335510253906],[25.027973175048828,57.903804779052734],[25.009334564208984,57.7653923034668],[24.920066833496094,57.7653923034668],[24.990800857543945,57.62710189819336],[24.72332763671875,57.62710189819336],[24.78520965576172,57.41988754272461],[24.60722541809082,57.41988754272461],[24.402847290039062,57.21294021606445],[24.144969940185547,57.28189468383789],[23.9417724609375,57.07511901855469],[24.447917938232422,56.86860656738281],[24.820016860961914,57.00625228881836],[25.26335334777832,57.00625228881836],[25.468799591064453,57.21294021606445],[25.487674713134766,57.35087585449219],[25.31916618347168,57.41988754272461],[25.42708396911621,57.55800247192383],[25.961698532104492,57.55800247192383],[25.942115783691406,57.41988754272461],[26.643869400024414,57.35087585449219],[26.89006996154785,57.21294021606445],[27.255897521972656,57.28189468383789],[27.198556900024414,57.488929748535156],[27.29826726424591,57.557991314108996],[27.398048400878906,57.62710189819336],[27.403390857063933,57.661394243965894],[27.43037223815918,57.8345832824707],[27.251724243164062,57.8345832824707],[27.273202896118164,57.97305679321289],[27.105005264282227,58.042335510253906],[26.73659324645996,57.97305679321289],[26.72052574157715,58.45867156982422],[26.83169937133789,58.59769821166992],[26.75241470336914,58.66725540161133],[26.932416915893555,58.66725540161133],[26.874746322631836,58.876129150390625],[27.404638290405273,58.80647277832031],[27.370315551757812,59.15507125854492],[27.641536712646484,59.15507125854492],[27.731943130493164,59.15507125854492],[28.026525497436523,59.294734954833984]]],[[[23.68366241455078,58.59769821166992],[23.872373580932617,58.66725540161133],[23.709863662719727,58.80647277832031],[23.619747161865234,58.80647277832031],[23.43092918395996,58.73685073852539],[23.486656188964844,58.45867156982422],[23.666316986083984,58.45867156982422],[23.68366241455078,58.59769821166992]]],[[[22.898815155029297,58.80647277832031],[22.841659545898438,59.08528518676758],[22.389917373657227,59.08528518676758],[22.381933212280273,59.015533447265625],[22.898815155029297,58.80647277832031]]]]},"properties":{"Name":"Teutonic Order","FromYear":1352,"ToYear":1401,"Area":144474.07861983325,"Type":"POLITY","Wikipedia":"Teutonic Order","Wikidata":"Q48189","SeshatID":"pl_teutonic_order","Components":"","MemberOf":"(Holy Roman Empire)"}},
{"type":"Feature","geometry":{"type":"MultiPolygon","coordinates":[[[[2.610407114028931,34.42197799682617],[2.608296155929565,34.48630142211914],[2.531259059906006,34.48630142211914],[2.533390045166016,34.42197799682617],[2.610407114028931,34.42197799682617]]],[[[4.453888416290283,34.614952087402344],[4.604804992675781,34.743614196777344],[4.673835277557373,35.065311431884766],[4.672201633453369,35.12965774536133],[4.641877174377441,36.28839111328125],[4.562509536743164,36.3527946472168],[4.560747623443604,36.417205810546875],[4.638402462005615,36.417205810546875],[4.633151531219482,36.61045455932617],[4.475908756256104,36.67487716674805],[4.390811920166016,36.932613372802734],[4.31298303604126,36.932613372802734],[3.850007295608521,36.80373764038086],[3.458978891372681,36.8681755065918],[3.229894161224365,36.73930740356445],[2.841080188751221,36.73930740356445],[2.690169095993042,36.61045455932617],[2.376901149749756,36.67487716674805],[1.529616475105286,36.48161697387695],[1.216211557388306,36.5460319519043],[0.913757801055908,36.3527946472168],[0.678023815155029,36.417205810546875],[0.683685302734375,36.28839111328125],[0.376142233610153,36.2239875793457],[0.083524890244007,35.837650299072266],[-0.458719998598099,35.837650299072266],[-0.530006587505341,35.708900451660156],[-0.917115688323975,35.708900451660156],[-1.065529465675354,35.58015823364258],[-1.223541498184204,35.644527435302734],[-1.136477708816528,35.45143127441406],[-1.358735799789429,35.258358001708984],[-2.044016122817993,35.065311431884766],[-2.121232748031616,35.065311431884766],[-2.114432096481323,34.93662643432617],[-1.715473294258118,34.679283142089844],[-1.578816890716553,33.45735549926758],[-1.502088189125061,33.45735549926758],[-0.683780312538147,34.03607940673828],[-0.689594328403473,34.164703369140625],[-0.53571629524231,34.164703369140625],[-0.467391967773438,34.3576545715332],[0.302583903074265,34.3576545715332],[0.451262414455414,34.48630142211914],[0.684976637363434,34.42197799682617],[1.293753147125244,34.614952087402344],[2.449900150299072,34.614952087402344],[2.920501947402954,34.3576545715332],[4.455537796020508,34.55062484741211],[4.453888416290283,34.614952087402344]]]]},"properties":{"Name":"Zayyanid dynasty","FromYear":1363,"ToYear":1506,"Area":126172.03510638671,"Type":"POLITY","Wikipedia":"Zayyanid dynasty","Wikidata":"Q307697","SeshatID":"dz_zayyanid_dyn;dz_tlemcen","Components":"","MemberOf":""}},
{"type":"Feature","geometry":{"type":"Polygon","coordinates":[[[4.453888416290283,34.614952087402344],[4.530964851379395,34.614952087402344],[6.920335292816162,34.614952087402344],[7.153473854064941,34.48630142211914],[7.846806526184082,34.48630142211914],[8.001612663269043,34.42197799682617],[8.0807523727417,34.22901916503906],[8.773378372192383,34.22901916503906],[8.927783012390137,34.164703369140625],[8.928751945495605,34.03607940673828],[9.082552909851074,34.03607940673828],[9.315913200378418,33.5859489440918],[9.623573303222656,33.45735549926758],[9.547471046447754,33.32876968383789],[9.62503719329834,33.13589859008789],[10.08484935760498,33.13589859008789],[10.008606910705566,33.00732421875],[10.391599655151367,33.00732421875],[11.157184600830078,32.685909271240234],[11.309853553771973,32.493072509765625],[11.462910652160645,32.557350158691406],[11.539045333862305,32.428794860839844],[11.768352508544922,32.428794860839844],[11.767910957336426,32.30024337768555],[12.455889701843262,32.36451721191406],[13.0667085647583,32.30024337768555],[13.06567096710205,32.171695709228516],[13.29533576965332,32.23596954345703],[13.82862377166748,32.107421875],[14.586112022399902,31.65752601623535],[14.584433555603027,31.528987884521484],[15.187263488769531,31.079113006591797],[15.184454917907715,30.886310577392578],[15.489551544189453,30.950578689575195],[16.701202392578125,30.69350814819336],[18.28125762939453,30.050809860229492],[18.69953052650482,30],[18.813359252879877,30],[18.8246491043041,30.050809860229492],[18.869278136051307,30.25166235864125],[18.896053314208984,30.372163772583008],[18.592470169067383,30.372163772583008],[17.99736785888672,30.886310577392578],[17.469486236572266,31.079113006591797],[16.178552627563477,31.20764923095703],[15.64897632598877,31.40045166015625],[15.575982093811035,31.593257904052734],[15.424593925476074,31.65752601623535],[15.206924438476562,32.36451721191406],[14.749334335327148,32.428794860839844],[14.674704551696777,32.557350158691406],[14.444439888000488,32.493072509765625],[14.065231323242188,32.75019073486328],[13.759129524230957,32.75019073486328],[13.760527610778809,32.878753662109375],[13.453653335571289,32.81447219848633],[13.301749229431152,32.94303894042969],[13.072009086608887,32.94303894042969],[12.841785430908203,32.878753662109375],[12.840824127197266,32.75019073486328],[12.534722328186035,32.75019073486328],[12.612099647521973,32.878753662109375],[12.228955268859863,32.81447219848633],[11.464441299438477,33.20018768310547],[11.157825469970703,33.20018768310547],[11.081541061401367,33.5859489440918],[10.697741508483887,33.52165222167969],[10.544031143188477,33.71455001831055],[10.23681354522705,33.71455001831055],[10.005777359008789,33.90746307373047],[10.081672668457031,34.22901916503906],[10.004497528076172,34.2933349609375],[10.543014526367188,34.55062484741211],[10.851213455200195,34.80794906616211],[10.85119342803955,34.93662643432617],[11.082771301269531,35.00096893310547],[11.005731582641602,35.38706970214844],[11.083049774169922,35.38706970214844],[11.08318042755127,35.58015823364258],[10.851019859313965,35.644527435302734],[10.851000785827637,35.708900451660156],[10.463515281677246,35.902034759521484],[10.540250778198242,36.3527946472168],[10.462488174438477,36.417205810546875],[11.006199836730957,36.80373764038086],[11.006271362304688,36.9970588684082],[10.850569725036621,36.9970588684082],[10.539600372314453,36.73930740356445],[10.228352546691895,36.80373764038086],[10.305440902709961,37.06150817871094],[10.227567672729492,37.06150817871094],[10.226980209350586,37.254878997802734],[9.993423461914062,37.1904182434082],[9.603086471557617,37.3193473815918],[9.05947494506836,37.06150817871094],[8.903155326843262,37.12596130371094],[8.516410827636719,36.8681755065918],[7.738344192504883,36.8681755065918],[7.658689975738525,36.9970588684082],[7.346271514892578,37.06150817871094],[7.193697929382324,36.8681755065918],[6.804664611816406,36.8681755065918],[6.333924293518066,37.06150817871094],[6.103042125701904,36.932613372802734],[6.105763912200928,36.80373764038086],[5.639055728912354,36.80373764038086],[5.56428337097168,36.67487716674805],[5.097836971282959,36.67487716674805],[4.859498500823975,36.8681755065918],[4.468640327453613,36.932613372802734],[4.390811920166016,36.932613372802734],[4.475908756256104,36.67487716674805],[4.633151531219482,36.61045455932617],[4.638402462005615,36.417205810546875],[4.640142440795898,36.3527946472168],[4.562509536743164,36.3527946472168],[4.641877174377441,36.28839111328125],[4.672201633453369,35.12965774536133],[4.673835277557373,35.065311431884766],[4.604804992675781,34.743614196777344],[4.453888416290283,34.614952087402344]]]},"properties":{"Name":"Hafsid Dynasty","FromYear":1363,"ToYear":1452,"Area":224190.0243258465,"Type":"POLITY","Wikipedia":"Hafsid dynasty","Wikidata":"Q752662","SeshatID":"tn_hafsid_dyn","Components":"","MemberOf":""}},
{"type":"Feature","geometry":{"type":"MultiPolygon","coordinates":[[[[-2.121232748031616,35.065311431884766],[-2.198449373245239,35.065311431884766],[-2.819781064987183,35.12965774536133],[-2.837937116622925,35.45143127441406],[-2.992615222930908,35.45143127441406],[-2.981565713882446,35.258358001708984],[-3.286933660507202,35.194007873535156],[-3.364191055297852,35.194007873535156],[-4.754821300506592,35.194007873535156],[-5.239750862121582,35.51579284667969],[-5.338923931121826,35.837650299072266],[-5.876633644104004,35.77327346801758],[-5.999861240386963,35.32271194458008],[-6.14545202255249,35.194007873535156],[-6.132044315338135,35.00096893310547],[-6.290933609008789,35.065311431884766],[-6.200328826904297,34.87228775024414],[-6.277484893798828,34.87228775024414],[-6.332395076751709,34.55062484741211],[-6.482059955596924,34.48630142211914],[-6.473203659057617,34.3576545715332],[-6.699729919433594,34.2933349609375],[-6.613898754119873,34.164703369140625],[-6.90380334854126,33.90746307373047],[-7.062007427215576,33.971771240234375],[-7.129902839660645,33.84315490722656],[-8.551655769348145,33.32876968383789],[-9.198505401611328,32.75019073486328],[-9.332544326782227,32.493072509765625],[-9.309136390686035,32.171695709228516],[-9.52421760559082,31.978878021240234],[-9.5149564743042,31.8503360748291],[-9.734487533569336,31.7217960357666],[-9.783116340637207,31.336183547973633],[-9.859257698059082,31.336183547973633],[-9.881543159484863,30.564971923828125],[-9.649378776550293,30.500701904296875],[-9.627961158752441,30.179353713989258],[-9.721957173519684,30],[-5.365338324789795,30],[-4.865938663482666,30.500701904296875],[-4.565487384796143,30.564971923828125],[-4.648018360137939,30.69350814819336],[-4.208353042602539,31.014846801757812],[-4.214911460876465,31.143381118774414],[-3.923539161682129,31.40045166015625],[-3.767992734909058,31.336183547973633],[-3.780986070632935,31.593257904052734],[-3.555586099624634,31.65752601623535],[-3.638331174850464,31.78606605529785],[-3.416012048721313,31.91460609436035],[-3.349440097808838,32.107421875],[-3.19352912902832,32.043148040771484],[-3.203212976455688,32.23596954345703],[-2.834011793136597,32.493072509765625],[-2.840430974960327,32.62162780761719],[-2.540791511535645,32.75019073486328],[-1.879519820213318,33.32876968383789],[-1.575780987739563,33.393062591552734],[-1.578816890716553,33.45735549926758],[-1.715473294258118,34.679283142089844],[-2.114432096481323,34.93662643432617],[-2.121232748031616,35.065311431884766]]],[[[4.562509536743164,36.3527946472168],[4.640142440795898,36.3527946472168],[4.638402462005615,36.417205810546875],[4.560747623443604,36.417205810546875],[4.562509536743164,36.3527946472168]]]]},"properties":{"Name":"Marinid Sultanate","FromYear":1363,"ToYear":1414,"Area":388541.00210950506,"Type":"POLITY","Wikipedia":"Marinid Sultanate","Wikidata":"Q582861","SeshatID":"ma_marinid_dyn","Components":"","MemberOf":""}},
{"type":"Feature","geometry":{"type":"Polygon","coordinates":[[[12.12234115600586,50.2459831237793],[12.290331840515137,50.2459831237793],[12.376081466674805,50.37908172607422],[12.796454429626465,50.37908172607422],[13.2220458984375,50.64549255371094],[13.985281944274902,50.84549331665039],[14.069639205932617,50.84549331665039],[14.326505661010742,50.97892379760742],[14.334224700927734,51.24601745605469],[14.161297798156738,51.112430572509766],[13.994020462036133,51.17921447753906],[14.078585624694824,51.17921447753906],[14.08223819732666,51.31283950805664],[13.914700508117676,51.37968063354492],[14.08967113494873,51.580322265625],[14.259305000305176,51.580322265625],[14.263254165649414,51.71418380737305],[14.097269058227539,51.84812545776367],[13.757316589355469,51.84812545776367],[13.590681076049805,51.98215103149414],[13.589005470275879,51.91512680053711],[13.502351760864258,51.84812545776367],[13.586510930577386,51.81462605314726],[13.670628547668457,51.78114318847656],[13.667257308959961,51.64724349975586],[13.5823974609375,51.64724349975586],[13.155277252197266,51.51342010498047],[13.070503234863281,51.51342010498047],[12.899682998657227,51.44654083251953],[12.89716625213623,51.31283950805664],[12.729040145874023,51.37968063354492],[12.644350051879883,51.37968063354492],[12.476021766662598,51.44654083251953],[12.562965393066406,51.580322265625],[12.308514595031738,51.580322265625],[11.969246864318848,51.580322265625],[12.051520347595215,51.37968063354492],[11.373010635375977,51.24601745605469],[11.545162200927734,51.580322265625],[11.37657642364502,51.71418380737305],[10.952065467834473,51.71418380737305],[10.866110801696777,51.44654083251953],[11.205464363098145,51.51342010498047],[11.119558334350586,51.31283950805664],[10.273077964782715,51.31283950805664],[9.935389518737793,51.04566955566406],[10.020463943481445,50.84549331665039],[10.357894897460938,50.84549331665039],[10.35803508758545,50.64549255371094],[10.526506423950195,50.64549255371094],[10.779851913452148,50.912200927734375],[10.357752799987793,51.17921447753906],[10.865373611450195,51.24601745605469],[10.695862770080566,51.112430572509766],[11.033954620361328,51.112430572509766],[11.202224731445312,50.97892379760742],[11.285423278808594,50.77880859375],[11.032193183898926,50.71213912963867],[10.863081932067871,50.51224899291992],[10.358152389526367,50.51224899291992],[10.35853099822998,50.17946243286133],[10.69422435760498,50.04647445678711],[11.113865852355957,50.11296081542969],[11.114400863647461,50.2459831237793],[11.282390594482422,50.2459831237793],[11.199701309204102,50.51224899291992],[11.2842378616333,50.578861236572266],[11.536320686340332,50.51224899291992],[11.706402778625488,50.71213912963867],[11.95923137664795,50.71213912963867],[12.045051574707031,50.84549331665039],[12.212909698486328,50.77880859375],[12.21121883392334,50.64549255371094],[11.957799911499023,50.578861236572266],[11.955025672912598,50.312522888183594],[12.12234115600586,50.2459831237793]],[[11.96294116973877,51.04566955566406],[11.963705062866211,51.112430572509766],[11.879911422729492,51.17921447753906],[12.050686836242676,51.31283950805664],[12.219072341918945,51.24601745605469],[12.216384887695312,51.04566955566406],[11.96294116973877,51.04566955566406]],[[12.718811988830566,50.77880859375],[12.717718124389648,50.71213912963867],[12.800868034362793,50.64549255371094],[12.632396697998047,50.64549255371094],[12.552227973937988,50.912200927734375],[12.806585311889648,50.97892379760742],[12.803128242492676,50.77880859375],[12.718811988830566,50.77880859375]]]},"properties":{"Name":"House of Ascania","FromYear":1363,"ToYear":1421,"Area":28612.098908638407,"Type":"POLITY","Wikipedia":"House of Ascania","Wikidata":"Q168352","SeshatID":"de_empire_3","Components":"","MemberOf":"(Holy Roman Empire)"}},
{"type":"Feature","geometry":{"type":"MultiPolygon","coordinates":[[[[7.860316753387451,49.11750411987305],[7.861595630645752,49.051273345947266],[8.112674713134766,48.98506164550781],[8.2748384475708,49.2500114440918],[8.774468421936035,49.316287994384766],[8.605683326721191,49.44889450073242],[8.355094909667969,49.44889450073242],[8.267212867736816,49.71431350708008],[7.848801136016846,49.71431350708008],[7.761168956756592,49.91355895996094],[7.509773254394531,49.91355895996094],[7.600542545318604,49.58156967163086],[7.015303134918213,49.58156967163086],[7.357261657714844,49.2500114440918],[7.688215255737305,49.38258361816406],[7.860316753387451,49.11750411987305]]],[[[11.277556419372559,49.18375015258789],[11.527325630187988,49.11750411987305],[11.692716598510742,48.91886520385742],[11.942941665649414,48.98506164550781],[12.026208877563477,48.98506164550781],[12.275324821472168,48.91886520385742],[12.27397346496582,48.786521911621094],[12.357129096984863,48.786521911621094],[12.524224281311035,48.852684020996094],[12.610759735107422,49.11750411987305],[12.860783576965332,49.11750411987305],[13.02955150604248,49.2500114440918],[12.532414436340332,49.51522445678711],[12.534139633178711,49.64793395996094],[12.36764907836914,49.71431350708008],[12.370920181274414,49.98000717163086],[12.12159538269043,50.17946243286133],[11.869729042053223,50.17946243286133],[11.699701309204102,49.91355895996094],[11.19636058807373,49.78071212768555],[11.278903007507324,49.51522445678711],[11.028035163879395,49.44889450073242],[11.027566909790039,49.2500114440918],[11.277556419372559,49.18375015258789]]]]},"properties":{"Name":"Electorate of Trier","FromYear":1363,"ToYear":1421,"Area":16954.325267756132,"Type":"POLITY","Wikipedia":"Electorate of Trier","Wikidata":"Q1794352","SeshatID":"de_empire_3","Components":"","MemberOf":"(Holy Roman Empire)"}},
{"type":"Feature","geometry":{"type":"Polygon","coordinates":[[[-0.999997794628143,48.38986587524414],[-1.082935571670532,48.38986587524414],[-1.088102579116821,48.455936431884766],[-1.171076416969299,48.455936431884766],[-1.254050254821777,48.455936431884766],[-1.497624516487122,48.38986587524414],[-1.519098520278931,48.654239654541016],[-1.602181315422058,48.654239654541016],[-1.685264110565186,48.654239654541016],[-2.521934509277344,48.72037124633789],[-2.759404182434082,48.5881233215332],[-3.122164011001587,48.91886520385742],[-3.455082654953003,48.91886520385742],[-3.60882043838501,48.786521911621094],[-4.018082618713379,48.72037124633789],[-4.10120153427124,48.72037124633789],[-3.972950458526611,48.257774353027344],[-3.279724597930908,47.92780685424805],[-3.344320774078369,47.730003356933594],[-3.338321685791016,47.664100646972656],[-3.155531167984009,47.46647262573242],[-2.837259292602539,47.598209381103516],[-2.825755596160889,47.46647262573242],[-2.578423976898193,47.46647262573242],[-2.561590671539307,47.26897048950195],[-2.232228517532349,47.26897048950195],[-2.133697032928467,47.07159423828125],[-2.128328084945679,47.005828857421875],[-1.388491034507751,47.005828857421875],[-1.32141387462616,47.20316696166992],[-1.161801099777222,47.26897048950195],[-1.202268838882446,47.79592514038086],[-1.042080402374268,47.86185836791992],[-0.999997794628143,48.38986587524414]]]},"properties":{"Name":"Duchy of Brittany","FromYear":1363,"ToYear":1401,"Area":30109.20368083215,"Type":"POLITY","Wikipedia":"Duchy of Brittany","Wikidata":"Q71747","SeshatID":"fr_valois_k_1","Components":"","MemberOf":"(Kingdom of France)"}},
{"type":"Feature","geometry":{"type":"MultiPolygon","coordinates":[[[[34.38723373413086,35.708900451660156],[34.309810638427734,35.708900451660156],[33.73737716674805,35.38706970214844],[32.886871337890625,35.38706970214844],[32.875247955322266,35.258358001708984],[32.55473709106445,35.12965774536133],[32.24578857421875,35.12965774536133],[32.229042053222656,34.93662643432617],[32.36665725708008,34.743614196777344],[33.04356002807617,34.55062484741211],[33.1320686340332,34.679283142089844],[33.523399353027344,34.743614196777344],[33.69539260864258,34.93662643432617],[34.08732223510742,35.00096893310547],[33.95713424682617,35.258358001708984],[34.5294189453125,35.58015823364258],[34.542076110839844,35.708900451660156],[34.38723373413086,35.708900451660156]]],[[[34.335025787353516,36.73930740356445],[34.095237731933594,36.67487716674805],[34.07586669921875,36.48161697387695],[34.15354537963867,36.48161697387695],[34.160003662109375,36.5460319519043],[34.237701416015625,36.5460319519043],[34.24420166015625,36.61045455932617],[34.2507209777832,36.67487716674805],[34.328460693359375,36.67487716674805],[34.335025787353516,36.73930740356445]]],[[[30.863882064819336,37.06150817871094],[30.46895408630371,36.9970588684082],[30.391103744506836,36.9970588684082],[30.369121551513672,36.73930740356445],[30.60090423827632,36.84977239459689],[30.743512798806886,36.91773801178852],[30.77472496032715,36.932613372802734],[30.85255241394043,36.932613372802734],[30.863882064819336,37.06150817871094]]]]},"properties":{"Name":"Kingdom of Cyprus","FromYear":1363,"ToYear":1486,"Area":12554.137834512669,"Type":"POLITY","Wikipedia":"Kingdom of Cyprus","Wikidata":"Q213638","SeshatID":"cy_cyprus_k","Components":"","MemberOf":""}},
{"type":"Feature","geometry":{"type":"MultiPolygon","coordinates":[[[[41.46357727050781,36.5460319519043],[41.14310073852539,37.06150817871094],[41.15172576904297,37.12596130371094],[40.4583625793457,37.7707405090332],[40.15450668334961,37.835243225097656],[39.94593048095703,38.028785705566406],[39.71128845214844,38.028785705566406],[39.50235366821289,38.22237777709961],[38.72335433959961,37.641746520996094],[38.082881927490234,37.51277160644531],[37.95802688598633,37.12596130371094],[38.378692626953125,36.73930740356445],[38.2552375793457,36.3527946472168],[38.09247970581055,36.28839111328125],[38.13286590576172,35.9664192199707],[39.737091064453125,35.77327346801758],[40.37117385864258,35.258358001708984],[40.35566711425781,35.12965774536133],[40.51013946533203,35.12965774536133],[41.058353424072266,36.417205810546875],[41.46357727050781,36.5460319519043]]],[[[28.71411895751953,37.44829177856445],[30.051380157470703,37.5772590637207],[30.274263381958008,37.44829177856445],[30.75385284423828,37.5772590637207],[30.75965690612793,37.641746520996094],[30.837732315063477,37.641746520996094],[30.843578338623047,37.706241607666016],[30.921676635742188,37.706241607666016],[30.999774932861328,37.706241607666016],[31.51737403869629,38.22237777709961],[31.83683204650879,38.28691864013672],[31.84954261779785,38.416015625],[31.555078506469727,38.60969924926758],[30.933835983276367,38.67427444458008],[30.940032958984375,38.738853454589844],[30.94625473022461,38.80344009399414],[31.02475357055664,38.80344009399414],[31.031021118164062,38.8680305480957],[31.03731346130371,38.93262481689453],[31.075584411621094,39.320335388183594],[31.154281616210938,39.320335388183594],[31.180400848388672,39.57893371582031],[30.950529098510742,39.64360046386719],[29.3012752532959,39.70827102661133],[28.895294189453125,39.57893371582031],[28.776309967041016,39.1264533996582],[28.61906623840332,39.1264533996582],[28.523780822753906,38.93262481689453],[28.501859664916992,38.67427444458008],[28.642396926879883,38.48057174682617],[28.37550163269043,38.09331130981445],[28.677833557128906,37.96426773071289],[28.71411895751953,37.44829177856445]]],[[[32.764366149902344,40.355369567871094],[32.75697326660156,40.29063034057617],[32.67789077758789,40.29063034057617],[32.67055130004883,40.225894927978516],[32.74960708618164,40.225894927978516],[32.74226760864258,40.16116714477539],[32.77772903442383,39.77294921875],[33.56645965576172,39.77294921875],[33.76963806152344,40.16116714477539],[33.16746139526367,40.42012023925781],[32.764366149902344,40.355369567871094]]]]},"properties":{"Name":"Germiyanids","FromYear":1375,"ToYear":1406,"Area":119775.4706324967,"Type":"POLITY","Wikipedia":"Germiyanids","Wikidata":"Q1324889","SeshatID":"","Components":"","MemberOf":""}},
{"type":"Feature","geometry":{"type":"MultiPolygon","coordinates":[[[[42.09503957757271,60],[39.79088805958355,60],[39.80882263183594,59.99503707885742],[39.7890625,59.92485809326172],[40.0423583984375,59.85470962524414],[40.093631744384766,59.714515686035156],[40.275390625,59.714515686035156],[40.609432220458984,59.294734954833984],[40.79048156738281,59.294734954833984],[41.59706497192383,59.574459075927734],[41.63859939575195,59.714515686035156],[42.09503957757271,60]]],[[[35.800737768174045,60],[30.15093149984802,60],[30.136613845825195,59.92485809326172],[29.75929069519043,59.85470962524414],[29.772369384765625,59.92485809326172],[29.14763641357422,59.99503707885742],[29.148536054256184,60],[29.06395512927285,60],[28.849285125732422,59.85470962524414],[28.406457901000977,59.92485809326172],[28.291200637817383,59.78459548950195],[27.927438735961914,59.78459548950195],[27.88040542602539,59.504478454589844],[28.05001449584961,59.434532165527344],[28.038253784179688,59.36461639404297],[28.03827770943572,59.36459514969338],[28.43138885498047,59.015533447265625],[28.780460357666016,58.94581604003906],[28.756383895874023,58.80647277832031],[28.846500396728516,58.80647277832031],[28.82244300842285,58.66725540161133],[28.912445068359375,58.66725540161133],[28.88840675354004,58.528167724609375],[29.044050216674805,58.38920593261719],[28.984312057495117,58.042335510253906],[29.383460998535156,57.7653923034668],[29.37146759033203,57.696231842041016],[29.756702423095703,57.35087585449219],[29.58440589904785,56.86860656738281],[29.979244232177734,56.59365463256836],[29.955463409423828,56.45634460449219],[30.108091354370117,56.319149017333984],[30.372501373291016,56.319149017333984],[30.83788299560547,56.45634460449219],[31.128190994262695,57.07511901855469],[31.660518646240234,57.07511901855469],[32.13100051879883,57.21294021606445],[32.452354431152344,57.488929748535156],[32.63044738769531,57.488929748535156],[32.864906311035156,57.7653923034668],[33.13270950317383,57.7653923034668],[33.3571891784668,57.55800247192383],[33.66831970214844,57.7653923034668],[34.234012603759766,57.903804779052734],[35.022857666015625,57.8345832824707],[35.0073356628418,57.7653923034668],[35.36440658569336,57.7653923034668],[35.68968200683594,57.62710189819336],[35.83615493774414,57.488929748535156],[35.83041763305664,57.07511901855469],[35.91913604736328,57.07511901855469],[36.16024398803711,57.35087585449219],[36.54853439331055,57.488929748535156],[36.591026306152344,58.042335510253906],[36.50153350830078,58.042335510253906],[36.551456451416016,58.2503662109375],[36.461795806884766,58.2503662109375],[36.511962890625,58.45867156982422],[36.42213439941406,58.45867156982422],[36.450199127197266,58.94581604003906],[35.95899200439453,59.15507125854492],[35.913124084472656,59.714515686035156],[35.76533126831055,59.85470962524414],[35.800737768174045,60]]],[[[29.981555945974556,60],[29.968666885400424,60],[29.967727661132812,59.99503707885742],[29.981555945974556,60]]]]},"properties":{"Name":"Novgorod Republic","FromYear":1375,"ToYear":1428,"Area":1490417.1416193324,"Type":"POLITY","Wikipedia":"Novgorod Republic","Wikidata":"Q151536","SeshatID":"ru_novgorod_rep","Components":"","MemberOf":""}},
{"type":"Feature","geometry":{"type":"MultiPolygon","coordinates":[[[[11.398930549621582,54.138362884521484],[11.397537231445312,54.00291442871094],[10.879310607910156,54.07062530517578],[10.878901481628418,54.00291442871094],[11.05078125,53.86756134033203],[11.049796104431152,53.732303619384766],[10.617313385009766,53.39456558227539],[11.132387161254883,53.25962829589844],[11.157166299891088,53.288511959440115],[11.306057929992676,53.462066650390625],[11.563496589660645,53.39456558227539],[11.738075256347656,53.597137451171875],[11.910387992858887,53.597137451171875],[12.16561222076416,53.39456558227539],[12.767728805541992,53.39456558227539],[13.118182182312012,53.664710998535156],[13.031978607177734,53.664710998535156],[13.035120010375977,53.799922943115234],[12.862525939941406,53.799922943115234],[12.951896667480469,53.93522644042969],[12.439908027648926,54.27390670776367],[12.442490577697754,54.4095458984375],[12.35576343536377,54.4095458984375],[12.299477927346052,54.39359361049727],[11.398930549621582,54.138362884521484]]],[[[24.504359779505023,60],[24.468909901535334,60],[24.50045394897461,59.99503707885742],[24.504359779505023,60]]],[[[23.918549414649917,60],[23.04314430911812,60],[23.02524757385254,59.85470962524414],[23.76235580444336,59.92485809326172],[23.918549414649917,60]]],[[[22.365682168666495,60],[22.314125236378132,60],[22.31354331970215,59.99503707885742],[22.365682168666495,60]]],[[[19.027153356136658,60],[14.295119342573948,60],[14.289191246032715,59.85470962524414],[14.380191802978516,59.85470962524414],[14.275132179260254,59.504478454589844],[14.362988471984863,59.434532165527344],[14.272345542907715,59.434532165527344],[14.16283893585205,58.94581604003906],[14.253070831298828,58.94581604003906],[14.247637748718262,58.80647277832031],[14.602242469787598,58.66725540161133],[14.596416473388672,58.528167724609375],[14.039355278015137,58.042335510253906],[13.591900825500488,58.042335510253906],[13.585249900817871,57.8345832824707],[13.67457389831543,57.8345832824707],[13.57866096496582,57.62710189819336],[12.945629119873047,57.28189468383789],[13.119647979736328,57.14401626586914],[13.115922927856445,57.00625228881836],[13.291296005249023,56.937416076660156],[13.458279609680176,56.59365463256836],[15.928498268127441,56.524986267089844],[16.09789276123047,56.387733459472656],[16.186080932617188,56.387733459472656],[16.193382263183594,56.524986267089844],[16.28167724609375,56.524986267089844],[16.266908645629883,56.25059127807617],[16.62702751159668,56.387733459472656],[16.739154815673828,56.799827575683594],[17.12316131591797,57.28189468383789],[17.131839752197266,57.41988754272461],[16.953855514526367,57.41988754272461],[16.755352020263672,57.07511901855469],[16.477506637573242,56.86860656738281],[16.500974655151367,57.28189468383789],[16.68687629699707,57.41988754272461],[16.614076614379883,57.696231842041016],[16.703289031982422,57.696231842041016],[16.71156883239746,57.8345832824707],[16.626346588134766,57.903804779052734],[16.813568115234375,58.042335510253906],[16.830646514892578,58.31977081298828],[16.65959930419922,58.45867156982422],[16.83926010131836,58.45867156982422],[16.847923278808594,58.59769821166992],[17.02781105041504,58.59769821166992],[17.126813888549805,58.73685073852539],[17.487049102783203,58.73685073852539],[17.496623992919922,58.876129150390625],[17.947494506835938,58.876129150390625],[18.143529891967773,59.08528518676758],[18.414575576782227,59.08528518676758],[18.351261138916016,59.434532165527344],[18.628820419311523,59.504478454589844],[18.827571868896484,59.714515686035156],[19.00933265686035,59.714515686035156],[19.033178329467773,59.99503707885742],[19.027153356136658,60]]]]},"properties":{"Name":"Kingdom of Sweden","FromYear":1375,"ToYear":1401,"Area":349560.6908712823,"Type":"POLITY","Wikipedia":"Sweden","Wikidata":"Q34","SeshatID":"sv_swedish_k_1","Components":"","MemberOf":""}},
{"type":"Feature","geometry":{"type":"Polygon","coordinates":[[[35.728389739990234,54.613189697265625],[35.91665267944336,54.681121826171875],[35.9458122253418,54.817054748535156],[36.49785232543945,54.95309066772461],[36.54304885864258,55.15733337402344],[35.787078857421875,55.29362487792969],[35.68617630004883,55.63479995727539],[35.52572250366211,55.70311737060547],[35.49955368041992,56.387733459472656],[34.92669677734375,56.59365463256836],[33.97194290161133,56.25059127807617],[33.94371032714844,56.11355972290039],[33.67976760864258,56.11355972290039],[33.00997543334961,55.83982467651367],[32.658878326416016,55.83982467651367],[32.3565788269043,55.63479995727539],[31.85618782043457,55.77145767211914],[30.87911033630371,55.70311737060547],[30.882522583007812,55.225467681884766],[30.96984100341797,55.225467681884766],[30.7999210357666,54.74907684326172],[30.886892318725586,54.74907684326172],[30.938674926757812,54.545284271240234],[31.645355224609375,54.613189697265625],[31.79477310180664,54.47740173339844],[31.74848747253418,52.720787048339844],[31.993751525878906,52.653533935546875],[32.04511260986328,52.4518928527832],[32.215877532958984,52.4518928527832],[32.46813201904297,52.92268753051758],[32.871219635009766,53.25962829589844],[33.300838470458984,53.25962829589844],[33.68244171142578,53.462066650390625],[33.84568786621094,53.86756134033203],[34.04461669921875,54.00291442871094],[34.01094436645508,54.27390670776367],[34.42529296875,54.613189697265625],[35.728389739990234,54.613189697265625]]]},"properties":{"Name":"Principality of Smolensk","FromYear":1375,"ToYear":1401,"Area":75618.52359559502,"Type":"POLITY","Wikipedia":"Principality of Smolensk","Wikidata":"Q1483495","SeshatID":"","Components":"","MemberOf":""}},
{"type":"Feature","geometry":{"type":"MultiPolygon","coordinates":[[[[-5.51620626449585,36.15959167480469],[-5.438637256622314,36.15959167480469],[-5.287947177886963,36.2239875793457],[-5.22819709777832,36.48161697387695],[-4.688807487487793,36.5460319519043],[-4.468626022338867,36.73930740356445],[-2.680080890655518,36.73930740356445],[-2.454325914382935,36.8681755065918],[-2.376519203186035,36.8681755065918],[-2.061630010604858,36.80373764038086],[-1.857354998588562,37.3193473815918],[-1.779392838478088,37.3193473815918],[-1.939023733139038,37.38381576538086],[-2.121570110321045,37.835243225097656],[-2.828919172286987,37.89975357055664],[-2.960859060287476,37.51277160644531],[-3.19494891166687,37.51277160644531],[-3.203168392181396,37.641746520996094],[-3.515470266342163,37.641746520996094],[-3.650485277175903,37.3193473815918],[-4.659512996673584,37.254878997802734],[-4.953128337860107,36.9970588684082],[-5.726912975311279,36.932613372802734],[-5.849605083465576,36.48161697387695],[-5.607415199279785,36.3527946472168],[-5.51620626449585,36.15959167480469]]],[[[-1.779392838478088,37.3193473815918],[-1.775742173194885,37.254878997802734],[-1.697802424430847,37.254878997802734],[-1.701430559158325,37.3193473815918],[-1.779392838478088,37.3193473815918]]]]},"properties":{"Name":"Emirate of Granada","FromYear":1375,"ToYear":1401,"Area":28061.537275031667,"Type":"POLITY","Wikipedia":"Emirate of Granada","Wikidata":"Q238445","SeshatID":"","Components":"","MemberOf":""}},
{"type":"Feature","geometry":{"type":"Polygon","coordinates":[[[-1.828825831413269,41.911441802978516],[-1.429987907409668,41.911441802978516],[-1.438547492027283,42.041324615478516],[-1.442844986915588,42.10627746582031],[-1.388849973678589,42.496177673339844],[-0.857915937900543,42.95146560668945],[-0.870625078678131,43.146724700927734],[-1.044264197349548,43.342071533203125],[-1.687574744224548,43.342071533203125],[-1.767988562583923,43.342071533203125],[-1.848402380943298,43.342071533203125],[-1.8391273021698,43.211830139160156],[-2.203093767166138,42.691246032714844],[-2.01993727684021,42.36617660522461],[-1.775568842887878,42.30118942260742],[-1.828825831413269,41.911441802978516]]]},"properties":{"Name":"Kingdom of Navarre","FromYear":1375,"ToYear":1421,"Area":10050.65905301009,"Type":"POLITY","Wikipedia":"Kingdom of Navarre","Wikidata":"Q200262","SeshatID":"","Components":"","MemberOf":""}},
{"type":"Feature","geometry":{"type":"Polygon","coordinates":[[[9.35500431060791,39.38497543334961],[9.297350432047084,39.19107437133789],[9.278136253356934,39.1264533996582],[9.670903205871582,39.19107437133789],[9.744987487792969,40.16116714477539],[9.665326118469238,40.29063034057617],[9.823226928710938,40.355369567871094],[9.821690559387207,40.74397277832031],[9.50210952758789,41.19768524169922],[9.10431957244873,41.26253128051758],[9.024832725524902,41.26253128051758],[8.552037239074707,40.873565673828125],[8.154606819152832,40.93837356567383],[8.159523010253906,40.54964065551758],[8.237919807434082,40.614410400390625],[8.317132949829102,40.614410400390625],[8.555459022521973,40.54964065551758],[8.557509422302246,40.355369567871094],[8.400031089782715,40.29063034057617],[8.40076732635498,40.225894927978516],[8.324762344360352,39.9670295715332],[8.48337459564209,39.90232849121094],[8.484797477722168,39.77294921875],[8.330102920532227,39.51427459716797],[8.333152770996094,39.25570297241211],[8.411824226379395,39.25570297241211],[8.336196899414062,38.997230529785156],[8.96590518951416,38.8680305480957],[9.120892524719238,39.1264533996582],[9.094149677541182,39.19107437133789],[9.067418427889764,39.25566731894686],[9.040656089782715,39.320335388183594],[9.118840217590332,39.38497543334961],[9.197561264038086,39.38497543334961],[9.35500431060791,39.38497543334961]]]},"properties":{"Name":"Giudicato of Arborea","FromYear":1375,"ToYear":1414,"Area":26138.00895336178,"Type":"POLITY","Wikipedia":"Judicate of Arborea","Wikidata":"Q1241847","SeshatID":"","Components":"","MemberOf":""}},
{"type":"Feature","geometry":{"type":"MultiPolygon","coordinates":[[[[36.2602653503418,45.431331634521484],[35.7520751953125,45.300437927246094],[35.01994323730469,45.300437927246094],[34.98639678955078,45.62776184082031],[34.82337951660156,45.62776184082031],[34.74187088012695,45.62776184082031],[34.544586181640625,45.95537567138672],[34.15492630004883,46.08650588989258],[33.73704528808594,46.02093505859375],[33.70957565307617,45.82429504394531],[32.60533905029297,45.496795654296875],[33.221439361572266,45.23500442504883],[33.465389251708984,45.23500442504883],[33.61005401611328,45.10417556762695],[33.56534957885742,44.77729415893555],[33.55644607543945,44.71194839477539],[34.03373718261719,44.64661407470703],[34.04281997680664,44.71194839477539],[34.12388229370117,44.71194839477539],[34.56639862060547,44.973392486572266],[35.39760208129883,45.10417556762695],[35.40727996826172,45.169586181640625],[35.732418060302734,45.169586181640625],[35.87525939941406,45.03877639770508],[36.20014190673828,45.03877639770508],[36.3826904296875,45.169586181640625],[36.23013687133789,45.23500442504883],[36.2602653503418,45.431331634521484]]],[[[45,42.691246032714844],[45,48.82292661309222],[45,49.20143528716991],[45,56.086618076743854],[42.314048767089844,55.83982467651367],[42.22627258300781,55.83982467651367],[42.19496536254883,56.04508590698242],[42.21389389038086,56.11355972290039],[42.05680847167969,56.182064056396484],[42.04460525512695,56.45634460449219],[41.956363677978516,56.45634460449219],[41.975399017333984,56.524986267089844],[40.33198165893555,56.319149017333984],[40.15491485595703,55.97663879394531],[39.94414138793945,55.83982467651367],[39.3297233581543,55.83982467651367],[39.295616149902344,55.70311737060547],[39.12027359008789,55.70311737060547],[38.866424560546875,55.021148681640625],[38.453369140625,54.74907684326172],[37.80463409423828,54.95309066772461],[37.17942810058594,54.88506317138672],[36.54304885864258,55.15733337402344],[36.49785232543945,54.95309066772461],[35.9458122253418,54.817054748535156],[35.91665267944336,54.681121826171875],[35.728389739990234,54.613189697265625],[35.931175231933594,54.341712951660156],[35.88824462890625,54.138362884521484],[35.888473615611375,54.138362884521484],[36.06131362915039,54.138362884521484],[36.01848602294922,53.93522644042969],[36.10487747192383,53.93522644042969],[35.99152435600222,53.664710998535156],[35.95429723407539,53.57586905310983],[35.765281677246094,53.124786376953125],[36.324440002441406,52.92268753051758],[36.426849365234375,52.586299896240234],[36.74110794067383,52.4518928527832],[37.013519287109375,52.11625671386719],[37.42543029785156,52.0491943359375],[37.482810974121094,51.91512680053711],[37.964942932128906,51.78114318847656],[37.93708801269531,51.64724349975586],[38.14987564086914,51.44654083251953],[38.09486770629883,51.17921447753906],[37.898712158203125,51.04566955566406],[37.83774185180664,50.312522888183594],[37.75370788574219,50.312522888183594],[37.543670654296875,49.64793395996094],[37.627315521240234,49.64793395996094],[37.59037399291992,49.44889450073242],[37.67390441894531,49.44889450073242],[37.70854187011719,49.18375015258789],[37.86311340332031,49.11750411987305],[37.83888244628906,48.98506164550781],[36.9367561340332,48.5881233215332],[36.687618255615234,48.5881233215332],[36.62726974487305,48.72037124633789],[36.306053161621094,48.786521911621094],[36.328697204589844,48.91886520385742],[36.079010009765625,48.91886520385742],[36.06777572631836,48.852684020996094],[35.8071174621582,48.786521911621094],[35.99578094482422,48.91886520385742],[36.007015228271484,48.98506164550781],[35.94626998901367,49.11750411987305],[35.77958679199219,49.11750411987305],[35.496402740478516,48.91886520385742],[35.026123046875,47.53233337402344],[34.37619400024414,47.598209381103516],[34.109092712402344,47.46647262573242],[34.079959869384766,47.26897048950195],[33.69384002685547,46.87434005737305],[32.918460845947266,46.61152267456055],[32.171756744384766,46.54585266113281],[32.16309356689453,46.480194091796875],[31.835351943969727,46.480194091796875],[31.81834602355957,46.348915100097656],[32.0639533996582,46.348915100097656],[32.683658599853516,46.08650588989258],[32.84713363647461,46.08650588989258],[32.946651458740234,46.21768569946289],[33.59191131591797,46.1520881652832],[33.610260009765625,46.283294677734375],[34.019439697265625,46.283294677734375],[34.0825309753418,46.1520881652832],[34.736690521240234,46.1520881652832],[34.75596237182617,46.283294677734375],[35.24697494506836,46.283294677734375],[35.634639739990234,46.677207946777344],[36.80437088012695,46.808616638183594],[36.90787887573242,46.94007873535156],[37.2257080078125,46.87434005737305],[37.16523361206055,47.005828857421875],[37.51609802246094,47.13737487792969],[38.6794548034668,47.20316696166992],[39.03213882446289,47.33478927612305],[39.1145133972168,47.33478927612305],[39.220611572265625,47.46647262573242],[39.52638626098633,47.33478927612305],[39.47877502441406,47.07159423828125],[39.2203369140625,47.005828857421875],[39.13813400268555,47.005828857421875],[38.62202453613281,46.87434005737305],[38.494598388671875,46.61152267456055],[37.83858108520508,46.61152267456055],[37.89856719970703,46.480194091796875],[38.36785888671875,46.348915100097656],[38.334564208984375,46.1520881652832],[37.89311981201172,45.95537567138672],[37.7577018737793,45.62776184082031],[37.59468460083008,45.62776184082031],[37.747013092041016,45.56227111816406],[37.704429626464844,45.300437927246094],[37.216339111328125,45.300437927246094],[37.17478561401367,45.03877639770508],[37.52848815917969,44.71194839477539],[38.014862060546875,44.71194839477539],[38.21527862548828,44.45067596435547],[39.057334115217984,44.1633441633101],[39.13375692640997,44.137266660997525],[39.17170674827628,44.12431716918945],[39.21016005269757,44.111195875699565],[39.36290740966797,44.05907440185547],[39.351905822753906,43.99384307861328],[40.033470153808594,43.73301696777344],[40.28654479980469,43.79821014404297],[40.26399612426758,43.6678352355957],[40.40254592895508,43.53750228881836],[41.115562438964844,43.472347259521484],[41.7125244140625,43.211830139160156],[42.98605728149414,43.146724700927734],[43.419063568115234,42.88639831542969],[43.65967559814453,42.88639831542969],[43.851112365722656,42.62621307373047],[44.356510162353516,42.75628662109375],[44.541399433667316,42.725303348606914],[44.744632720947266,42.691246032714844],[44.75723648071289,42.75628662109375],[44.83738327026367,42.75628662109375],[44.82474899291992,42.691246032714844],[45,42.691246032714844]]]]},"properties":{"Name":"Blue Horde","FromYear":1375,"ToYear":1401,"Area":1827934.1401881198,"Type":"POLITY","Wikipedia":"Blue Horde","Wikidata":"Q644979","SeshatID":"","Components":"","MemberOf":""}},
{"type":"Feature","geometry":{"type":"Polygon","coordinates":[[[28.434911727905273,36.8681755065918],[28.512718200683594,36.8681755065918],[28.736103057861328,36.73930740356445],[29.124916076660156,36.73930740356445],[29.239721298217773,36.2239875793457],[29.938032150268555,36.2239875793457],[30.02613639831543,36.3527946472168],[30.49193572998047,36.3527946472168],[30.60090423827632,36.84977239459689],[30.619068145751953,36.932613372802734],[30.743512798806886,36.91773801178852],[31.158143997192383,36.8681755065918],[31.235950469970703,36.8681755065918],[31.691089630126953,36.73930740356445],[31.76885223388672,36.73930740356445],[31.960105895996094,37.12596130371094],[31.8043155670166,37.12596130371094],[31.684429168701172,37.51277160644531],[30.999774932861328,37.706241607666016],[30.921676635742188,37.706241607666016],[30.843578338623047,37.706241607666016],[30.837732315063477,37.641746520996094],[30.75965690612793,37.641746520996094],[30.75385284423828,37.5772590637207],[30.274263381958008,37.44829177856445],[30.051380157470703,37.5772590637207],[28.71411895751953,37.44829177856445],[28.636110305786133,37.44829177856445],[28.630977630615234,37.38381576538086],[28.434911727905273,36.8681755065918]]]},"properties":{"Name":"Beylik of Teke","FromYear":1375,"ToYear":1421,"Area":30648.22726771755,"Type":"POLITY","Wikipedia":"Beylik of Teke","Wikidata":"Q373988","SeshatID":"","Components":"","MemberOf":""}},
{"type":"Feature","geometry":{"type":"Polygon","coordinates":[[[0.683108568191528,45.431331634521484],[1.101593375205994,45.23500442504883],[1.197869300842285,44.973392486572266],[1.448663711547852,44.842647552490234],[2.101012229919434,44.77729415893555],[2.168789625167847,45.03877639770508],[2.402650356292725,45.23500442504883],[2.30465292930603,45.56227111816406],[0.903831779956818,45.82429504394531],[0.911711454391479,45.693260192871094],[0.683108568191528,45.431331634521484]]]},"properties":{"Name":"Duchy of Aquitaine","FromYear":1375,"ToYear":1401,"Area":9625.927167057513,"Type":"POLITY","Wikipedia":"Duchy of Aquitaine","Wikidata":"Q7703611","SeshatID":"fr_valois_k_1","Components":"","MemberOf":"(Kingdom of France)"}},
{"type":"Feature","geometry":{"type":"MultiPolygon","coordinates":[[[[20.69947624206543,37.89975357055664],[20.621307373046875,37.89975357055664],[20.612695693969727,37.706241607666016],[20.922147750854492,37.641746520996094],[20.933977127075195,37.89975357055664],[20.69947624206543,37.89975357055664]]],[[[20.795446395874023,38.28691864013672],[20.566410064697266,38.416015625],[20.488054275512695,38.416015625],[20.328466415405273,38.351463317871094],[20.319902420043945,38.157840728759766],[20.7864933013916,38.09331130981445],[20.795446395874023,38.28691864013672]]],[[[20.732181549072266,38.60969924926758],[20.66591453552246,38.8680305480957],[20.587390899658203,38.8680305480957],[20.49690055847168,38.60969924926758],[20.732181549072266,38.60969924926758]]]]},"properties":{"Name":"House of Tocco","FromYear":1375,"ToYear":1406,"Area":2210.2403810200626,"Type":"POLITY","Wikipedia":"County Palatine of Cephalonia and Zakynthos","Wikidata":"Q149846","SeshatID":"","Components":"","MemberOf":""}},
{"type":"Feature","geometry":{"type":"MultiPolygon","coordinates":[[[[33.55644607543945,44.71194839477539],[33.54755401611328,44.64661407470703],[33.46652603149414,44.64661407470703],[33.457679748535156,44.58129119873047],[33.53867721557617,44.58129119873047],[33.52981185913086,44.5159797668457],[33.85368347167969,44.5159797668457],[34.03373718261719,44.64661407470703],[33.55644607543945,44.71194839477539]]],[[[34.03373718261719,44.64661407470703],[34.114768981933594,44.64661407470703],[34.12388229370117,44.71194839477539],[34.04281997680664,44.71194839477539],[34.03373718261719,44.64661407470703]]]]},"properties":{"Name":"Principality of Theodoro","FromYear":1375,"ToYear":1467,"Area":700.2212617701271,"Type":"POLITY","Wikipedia":"Principality of Theodoro","Wikidata":"Q874954","SeshatID":"","Components":"","MemberOf":""}},
{"type":"Feature","geometry":{"type":"MultiPolygon","coordinates":[[[[4.356745719909668,45.169586181640625],[4.354236125946045,45.23500442504883],[4.351718902587891,45.300437927246094],[4.270370483398438,45.300437927246094],[3.9422926902771,45.36587905883789],[4.012977600097656,45.62776184082031],[3.931468486785889,45.62776184082031],[3.923265695571899,45.82429504394531],[3.675598859786987,45.889827728271484],[3.669878482818604,46.02093505859375],[3.343061447143555,46.02093505859375],[3.349043369293213,45.889827728271484],[3.267404317855835,45.889827728271484],[3.013109922409058,46.08650588989258],[2.771131753921509,46.02093505859375],[2.601117134094238,46.1520881652832],[2.535958290100098,45.82429504394531],[2.30465292930603,45.56227111816406],[2.402650356292725,45.23500442504883],[2.168789625167847,45.03877639770508],[2.101012229919434,44.77729415893555],[2.104349136352539,44.71194839477539],[2.185411214828491,44.71194839477539],[2.188707113265991,44.64661407470703],[2.191993713378906,44.58129119873047],[2.357206583023071,44.5159797668457],[2.590721607208252,44.71194839477539],[2.584417343139648,44.842647552490234],[2.746667861938477,44.842647552490234],[2.917982816696167,44.64661407470703],[3.080044031143188,44.64661407470703],[3.230506658554077,44.908016204833984],[3.473977327346802,44.908016204833984],[3.56069803237915,44.77729415893555],[3.966166257858276,44.77729415893555],[3.96091890335083,44.908016204833984],[4.123232841491699,44.908016204833984],[4.356745719909668,45.169586181640625]]],[[[1.846086263656616,50.71213912963867],[1.785665393321186,50.77880859375],[1.664775252342224,50.912200927734375],[1.6365936370134901,50.912200927734375],[1.580376505851746,50.912200927734375],[1.495977640151978,50.912200927734375],[1.433403611183167,50.578861236572266],[1.517598748207092,50.578861236572266],[1.601793885231018,50.578861236572266],[1.685989022254944,50.578861236572266],[1.846086263656616,50.71213912963867]]]]},"properties":{"Name":"County of Auvergne","FromYear":1385,"ToYear":1401,"Area":19584.645576314717,"Type":"POLITY","Wikipedia":"Auvergne","Wikidata":"Q1152","SeshatID":"fr_valois_k_1","Components":"","MemberOf":"(Kingdom of France)"}},
{"type":"Feature","geometry":{"type":"Polygon","coordinates":[[[39.50235366821289,38.22237777709961],[39.510986328125,38.28691864013672],[39.43267822265625,38.28691864013672],[39.441314697265625,38.351463317871094],[39.36298370361328,38.351463317871094],[39.310611724853516,38.54513168334961],[38.84877014160156,38.60969924926758],[36.82565689086914,38.738853454589844],[36.480289459228516,38.48057174682617],[36.15907287597656,38.416015625],[36.050289154052734,38.157840728759766],[35.722381591796875,38.028785705566406],[35.622135162353516,37.835243225097656],[36.012855529785156,37.835243225097656],[36.1468620300293,37.641746520996094],[37.01334762573242,37.706241607666016],[37.64599609375,37.7707405090332],[38.02067565917969,37.641746520996094],[38.082881927490234,37.51277160644531],[38.72335433959961,37.641746520996094],[39.50235366821289,38.22237777709961]]]},"properties":{"Name":"Beylik of Dulkadir","FromYear":1385,"ToYear":1401,"Area":30319.3751572596,"Type":"POLITY","Wikipedia":"Beylik of Dulkadir","Wikidata":"Q1264808","SeshatID":"","Components":"","MemberOf":""}},
{"type":"Feature","geometry":{"type":"Polygon","coordinates":[[[0.994516909122467,42.82133865356445],[0.983926355838776,43.016544342041016],[0.812541425228119,43.211830139160156],[0.966081380844116,43.342071533203125],[0.63697761297226,43.472347259521484],[0.476028978824615,43.472347259521484],[0.246216833591461,43.276947021484375],[0.349362075328827,42.88639831542969],[0.196577131748199,42.75628662109375],[0.520835757255554,42.691246032714844],[0.673818349838257,42.82133865356445],[0.994516909122467,42.82133865356445]]]},"properties":{"Name":"County of Béarn","FromYear":1385,"ToYear":1406,"Area":3806.0653952694183,"Type":"POLITY","Wikipedia":"Béarn","Wikidata":"Q213763","SeshatID":"fr_valois_k_1","Components":"","MemberOf":"(Kingdom of France)"}},
{"type":"Feature","geometry":{"type":"Polygon","coordinates":[[[5.065754413604736,45.82429504394531],[5.063460350036621,45.889827728271484],[4.981821060180664,45.889827728271484],[4.979487419128418,45.95537567138672],[4.897816181182861,45.95537567138672],[4.402639865875244,46.08650588989258],[4.326115131378174,45.95537567138672],[4.081100463867188,45.95537567138672],[4.072975635528564,46.1520881652832],[3.728644609451294,46.54585266113281],[3.069725751876831,46.61152267456055],[2.895960330963135,46.808616638183594],[2.403344392776489,46.808616638183594],[2.345533847808838,46.348915100097656],[2.427402973175049,46.348915100097656],[2.430803537368774,46.283294677734375],[2.512639284133911,46.283294677734375],[2.515997886657715,46.21768569946289],[2.597800731658936,46.21768569946289],[2.601117134094238,46.1520881652832],[2.771131753921509,46.02093505859375],[3.013109922409058,46.08650588989258],[3.267404317855835,45.889827728271484],[3.349043369293213,45.889827728271484],[3.343061447143555,46.02093505859375],[3.669878482818604,46.02093505859375],[3.675598859786987,45.889827728271484],[3.923265695571899,45.82429504394531],[3.931468486785889,45.62776184082031],[4.012977600097656,45.62776184082031],[3.9422926902771,45.36587905883789],[4.270370483398438,45.300437927246094],[4.351718902587891,45.300437927246094],[4.354236125946045,45.23500442504883],[4.356745719909668,45.169586181640625],[4.524181365966797,45.03877639770508],[4.846760749816895,45.10417556762695],[4.839807033538818,45.300437927246094],[4.593333721160889,45.36587905883789],[4.58107328414917,45.693260192871094],[5.070321559906006,45.693260192871094],[5.068041324615479,45.75876998901367],[5.065754413604736,45.82429504394531]]]},"properties":{"Name":"House of Bourbon","FromYear":1385,"ToYear":1401,"Area":14496.380393848574,"Type":"POLITY","Wikipedia":"House of Bourbon","Wikidata":"Q58389","SeshatID":"fr_valois_k_1","Components":"","MemberOf":"(Kingdom of France)"}},
{"type":"Feature","geometry":{"type":"MultiPolygon","coordinates":[[[[18.88353729248047,49.51522445678711],[19.23756217956543,49.84712600708008],[19.165773391723633,50.04647445678711],[19.081897735595703,50.04647445678711],[19.085887908935547,50.11296081542969],[19.089900970458984,50.17946243286133],[19.17385482788086,50.17946243286133],[19.18613052368164,50.37908172607422],[19.022031784057617,50.445655822753906],[19.030193328857422,50.578861236572266],[18.70132827758789,50.71213912963867],[18.709320068359375,50.84549331665039],[18.049345016479492,51.112430572509766],[17.972288131713867,51.24601745605469],[17.549257278442383,51.24601745605469],[17.31973648071289,51.71418380737305],[16.980127334594727,51.71418380737305],[16.718996047973633,51.580322265625],[16.55561637878418,51.71418380737305],[16.131103515625,51.71418380737305],[16.136985778808594,51.84812545776367],[15.80826187133789,52.11625671386719],[15.813953399658203,52.250450134277344],[15.646231651306152,52.31757736206055],[15.470279693603516,52.18334197998047],[15.131959915161133,52.250450134277344],[14.779444694519043,51.91512680053711],[14.615998268127441,52.11625671386719],[14.360513687133789,52.11625671386719],[13.940366744995117,52.31757736206055],[13.425350189208984,52.18334197998047],[13.422128677368164,52.0491943359375],[13.507246971130371,52.0491943359375],[13.505606651306152,51.98215103149414],[13.590681076049805,51.98215103149414],[13.757316589355469,51.84812545776367],[14.097269058227539,51.84812545776367],[14.263254165649414,51.71418380737305],[14.259305000305176,51.580322265625],[14.257346153259277,51.51342010498047],[14.25539779663086,51.44654083251953],[14.253460884094238,51.37968063354492],[14.251534461975098,51.31283950805664],[14.336182594299316,51.31283950805664],[14.334224700927734,51.24601745605469],[14.326505661010742,50.97892379760742],[14.069639205932617,50.84549331665039],[13.985281944274902,50.84549331665039],[13.2220458984375,50.64549255371094],[12.796454429626465,50.37908172607422],[12.376081466674805,50.37908172607422],[12.290331840515137,50.2459831237793],[12.12234115600586,50.2459831237793],[12.12159538269043,50.17946243286133],[12.370920181274414,49.98000717163086],[12.36764907836914,49.71431350708008],[12.534139633178711,49.64793395996094],[12.532414436340332,49.51522445678711],[13.02955150604248,49.2500114440918],[13.358475685119629,48.98506164550781],[13.441741943359375,48.98506164550781],[13.525009155273438,48.98506164550781],[13.52376937866211,48.91886520385742],[13.606999397277832,48.91886520385742],[14.100465774536133,48.654239654541016],[14.597285270690918,48.5881233215332],[14.850005149841309,48.72037124633789],[14.940543174743652,48.98506164550781],[15.190342903137207,48.98506164550781],[15.196345329284668,49.18375015258789],[15.707976341247559,49.51522445678711],[15.801013946533203,49.78071212768555],[16.2144718170166,49.64793395996094],[16.392419815063477,49.91355895996094],[16.817224502563477,50.04647445678711],[16.91307830810547,50.312522888183594],[17.720062255859375,49.64793395996094],[17.970993041992188,49.64793395996094],[18.232446670532227,49.84712600708008],[18.2916316986084,49.38258361816406],[18.88353729248047,49.51522445678711]]],[[[13.58568286895752,51.78114318847656],[13.586510930577386,51.81462605314726],[13.587339401245117,51.84812545776367],[13.502351760864258,51.84812545776367],[13.247386932373047,51.84812545776367],[13.244426727294922,51.71418380737305],[13.5823974609375,51.64724349975586],[13.667257308959961,51.64724349975586],[13.668937683105469,51.71418380737305],[13.670628547668457,51.78114318847656],[13.58568286895752,51.78114318847656]]]]},"properties":{"Name":"Kingdom of Bohemia","FromYear":1385,"ToYear":1414,"Area":106360.62626306384,"Type":"POLITY","Wikipedia":"Kingdom of Bohemia","Wikidata":"Q42585","SeshatID":"cz_bohemian_k_2","Components":"","MemberOf":"(Holy Roman Empire);(Kingdom of Bohemia)"}},
{"type":"Feature","geometry":{"type":"MultiPolygon","coordinates":[[[[-0.208102732896805,42.82133865356445],[-0.204148232936859,42.75628662109375],[-0.124003164470196,42.75628662109375],[-0.08396929866725178,42.75628662109375],[-0.043858088552952,42.75628662109375],[0.036286983639002,42.75628662109375],[0.040142297744751,42.691246032714844],[0.120257876813412,42.691246032714844],[0.116432055830956,42.75628662109375],[0.196577131748199,42.75628662109375],[0.349362075328827,42.88639831542969],[0.246216833591461,43.276947021484375],[0.476028978824615,43.472347259521484],[0.63697761297226,43.472347259521484],[0.947991132736206,43.6678352355957],[0.922246754169464,44.12431716918945],[0.28390035033226,43.99384307861328],[0.037705771625042,44.05907440185547],[0.041743285953999,43.99384307861328],[-0.038975734263659,43.99384307861328],[-0.119694747030735,43.99384307861328],[-0.200413763523102,43.99384307861328],[-0.281132787466049,43.99384307861328],[-0.32871425151825,43.472347259521484],[-0.079298287630081,43.342071533203125],[-0.06344074010849,43.08163070678711],[-0.296277910470963,42.95146560668945],[-0.288277387619019,42.82133865356445],[-0.208102732896805,42.82133865356445]]],[[[2.191993713378906,44.58129119873047],[1.952367544174194,44.5159797668457],[2.049894571304321,44.18956756591797],[2.457082748413086,44.12431716918945],[2.463313817977905,43.99384307861328],[2.789168834686279,43.92862319946289],[2.878650665283203,43.73301696777344],[3.27886176109314,43.79821014404297],[3.429201602935791,44.05907440185547],[3.264891147613525,44.12431716918945],[3.169776916503906,44.45067596435547],[2.590721607208252,44.71194839477539],[2.357206583023071,44.5159797668457],[2.191993713378906,44.58129119873047]]]]},"properties":{"Name":"County of Armagnac","FromYear":1385,"ToYear":1406,"Area":16044.697986863863,"Type":"POLITY","Wikipedia":"County of Armagnac","Wikidata":"Q676745","SeshatID":"fr_valois_k_1","Components":"","MemberOf":"(Kingdom of France)"}},
{"type":"Feature","geometry":{"type":"Polygon","coordinates":[[[16.927988052368164,48.72037124633789],[17.938142776489258,48.98506164550781],[18.114593505859375,49.18375015258789],[18.117929458618164,49.2500114440918],[18.201345443725586,49.2500114440918],[18.204734802246094,49.316287994384766],[18.28818702697754,49.316287994384766],[18.2916316986084,49.38258361816406],[18.232446670532227,49.84712600708008],[17.970993041992188,49.64793395996094],[17.720062255859375,49.64793395996094],[16.91307830810547,50.312522888183594],[16.817224502563477,50.04647445678711],[16.392419815063477,49.91355895996094],[16.2144718170166,49.64793395996094],[15.801013946533203,49.78071212768555],[15.707976341247559,49.51522445678711],[15.196345329284668,49.18375015258789],[15.190342903137207,48.98506164550781],[16.179914474487305,48.72037124633789],[16.927988052368164,48.72037124633789]]]},"properties":{"Name":"Margraviate of Moravia","FromYear":1385,"ToYear":1406,"Area":22847.065840985953,"Type":"POLITY","Wikipedia":"Margraviate of Moravia","Wikidata":"Q2670751","SeshatID":"cz_bohemian_k_2","Components":"","MemberOf":"(Holy Roman Empire);(Kingdom of Bohemia)"}},
{"type":"Feature","geometry":{"type":"Polygon","coordinates":[[[13.061376571655273,45.693260192871094],[13.14291763305664,45.693260192871094],[13.14384937286377,45.75876998901367],[13.551718711853027,45.75876998901367],[13.633292198181152,45.75876998901367],[13.5560941696167,46.02093505859375],[13.474390029907227,46.02093505859375],[13.309985160827637,45.95537567138672],[13.31297492980957,46.1520881652832],[13.47651481628418,46.1520881652832],[13.5560941696167,46.02093505859375],[13.885364532470703,46.1520881652832],[13.887821197509766,46.283294677734375],[13.725314140319824,46.348915100097656],[13.646848678588867,46.54585266113281],[12.58195972442627,46.61152267456055],[12.58055305480957,46.480194091796875],[12.416047096252441,46.414546966552734],[12.410961151123047,45.889827728271484],[12.49193000793457,45.82429504394531],[12.9815673828125,45.82429504394531],[13.061376571655273,45.693260192871094]]]},"properties":{"Name":"Patriarchate of Aquileia","FromYear":1385,"ToYear":1406,"Area":8309.965890474996,"Type":"POLITY","Wikipedia":"Patriarchate of Aquileia","Wikidata":"Q836894","SeshatID":"de_empire_3","Components":"","MemberOf":"(Holy Roman Empire)"}},
{"type":"Feature","geometry":{"type":"Polygon","coordinates":[[[4.730143547058105,43.79821014404297],[4.97415018081665,43.73301696777344],[5.048438549041748,43.92862319946289],[5.288479328155518,43.99384307861328],[5.199475288391113,44.25482940673828],[5.280318260192871,44.25482940673828],[5.193189144134521,44.45067596435547],[5.029144287109375,44.5159797668457],[4.95257568359375,44.38538360595703],[4.628954887390137,44.38538360595703],[4.797497272491455,44.18956756591797],[4.795260906219482,44.25482940673828],[4.865188250876609,44.23617757216094],[5.039933204650879,44.18956756591797],[4.799726963043213,44.12431716918945],[4.763816781019256,43.99384307861328],[4.727918148040771,43.86341094970703],[4.730143547058105,43.79821014404297]]]},"properties":{"Name":"Comtat Venaissin","FromYear":1385,"ToYear":1481,"Area":2437.1725289119313,"Type":"POLITY","Wikipedia":"Comtat Venaissin","Wikidata":"Q1122980","SeshatID":"","Components":"","MemberOf":""}},
{"type":"Feature","geometry":{"type":"Polygon","coordinates":[[[0.683108568191528,45.431331634521484],[0.223605588078499,44.973392486572266],[-0.17808398604393,44.908016204833984],[-0.071827687323093,44.5159797668457],[1.065428018569946,44.45067596435547],[1.378401041030884,44.64661407470703],[1.448663711547852,44.842647552490234],[1.197869300842285,44.973392486572266],[1.101593375205994,45.23500442504883],[0.683108568191528,45.431331634521484]]]},"properties":{"Name":"County of Périgord","FromYear":1385,"ToYear":1401,"Area":8547.049070668267,"Type":"POLITY","Wikipedia":"County of Périgord","Wikidata":"Q1947408","SeshatID":"fr_valois_k_1","Components":"","MemberOf":"(Kingdom of France)"}},
{"type":"Feature","geometry":{"type":"Polygon","coordinates":[[[36.15604782104492,40.873565673828125],[36.23536682128906,40.873565673828125],[36.244178771972656,40.93837356567383],[36.411773681640625,41.00318908691406],[36.47333526611328,40.873565673828125],[36.63197708129883,40.873565673828125],[36.7564811706543,41.19768524169922],[36.91539764404297,41.19768524169922],[36.92457962036133,41.26253128051758],[36.20920181274414,41.26253128051758],[35.953800201416016,41.71668243408203],[35.15697479248047,41.71668243408203],[35.121212005615234,42.041324615478516],[34.881736755371094,42.041324615478516],[34.78450012207031,41.911441802978516],[32.630775451660156,41.911441802978516],[32.694705963134766,41.781593322753906],[32.1933708190918,41.586883544921875],[32.04172897338867,41.65177917480469],[32.02653121948242,41.521995544433594],[31.7006893157959,41.45711898803711],[31.693260192871094,41.39224624633789],[31.981510162353516,41.132843017578125],[32.30678939819336,41.19768524169922],[32.37110900878906,41.06801223754883],[32.601707458496094,41.00318908691406],[32.55658721923828,40.614410400390625],[32.635799407958984,40.614410400390625],[32.613521575927734,40.42012023925781],[32.764366149902344,40.355369567871094],[33.16746139526367,40.42012023925781],[33.76963806152344,40.16116714477539],[33.94318771362305,40.29063034057617],[34.59186935424805,40.42012023925781],[34.87857437133789,40.80876541137695],[36.076725006103516,40.873565673828125],[36.08548355102539,40.93837356567383],[36.16482925415039,40.93837356567383],[36.15604782104492,40.873565673828125]]]},"properties":{"Name":"Beylik of Isfendiyar","FromYear":1385,"ToYear":1401,"Area":49082.78756941236,"Type":"POLITY","Wikipedia":"Candar dynasty","Wikidata":"Q2096678","SeshatID":"tr_candar_bey","Components":"","MemberOf":""}},
{"type":"Feature","geometry":{"type":"Polygon","coordinates":[[[2.30465292930603,45.56227111816406],[2.535958290100098,45.82429504394531],[2.601117134094238,46.1520881652832],[2.597800731658936,46.21768569946289],[2.515997886657715,46.21768569946289],[2.512639284133911,46.283294677734375],[2.430803537368774,46.283294677734375],[2.427402973175049,46.348915100097656],[2.345533847808838,46.348915100097656],[1.515491604804993,46.54585266113281],[0.941711187362671,46.54585266113281],[0.953762292861938,46.348915100097656],[1.207152485847473,46.21768569946289],[1.214894890785217,46.08650588989258],[0.973637998104095,46.02093505859375],[0.903831779956818,45.82429504394531],[2.30465292930603,45.56227111816406]]]},"properties":{"Name":"County of Touraine","FromYear":1385,"ToYear":1421,"Area":10209.566246617896,"Type":"POLITY","Wikipedia":"Touraine","Wikidata":"Q605051","SeshatID":"fr_valois_k_1","Components":"","MemberOf":"(Kingdom of France)"}},
{"type":"Feature","geometry":{"type":"MultiPolygon","coordinates":[[[[16.927988052368164,48.72037124633789],[17.938142776489258,48.98506164550781],[18.114593505859375,49.18375015258789],[18.117929458618164,49.2500114440918],[18.201345443725586,49.2500114440918],[18.204734802246094,49.316287994384766],[18.28818702697754,49.316287994384766],[18.2916316986084,49.38258361816406],[18.88353729248047,49.51522445678711],[19.23756217956543,49.84712600708008],[19.165773391723633,50.04647445678711],[19.081897735595703,50.04647445678711],[19.085887908935547,50.11296081542969],[19.089900970458984,50.17946243286133],[19.17385482788086,50.17946243286133],[19.18613052368164,50.37908172607422],[19.022031784057617,50.445655822753906],[19.030193328857422,50.578861236572266],[18.70132827758789,50.71213912963867],[18.709320068359375,50.84549331665039],[18.049345016479492,51.112430572509766],[17.972288131713867,51.24601745605469],[17.549257278442383,51.24601745605469],[17.31973648071289,51.71418380737305],[16.980127334594727,51.71418380737305],[16.718996047973633,51.580322265625],[16.55561637878418,51.71418380737305],[16.131103515625,51.71418380737305],[16.136985778808594,51.84812545776367],[15.80826187133789,52.11625671386719],[15.813953399658203,52.250450134277344],[15.646231651306152,52.31757736206055],[15.470279693603516,52.18334197998047],[15.131959915161133,52.250450134277344],[14.779444694519043,51.91512680053711],[14.615998268127441,52.11625671386719],[14.360513687133789,52.11625671386719],[13.940366744995117,52.31757736206055],[13.425350189208984,52.18334197998047],[13.422128677368164,52.0491943359375],[13.507246971130371,52.0491943359375],[13.505606651306152,51.98215103149414],[13.590681076049805,51.98215103149414],[13.757316589355469,51.84812545776367],[14.097269058227539,51.84812545776367],[14.263254165649414,51.71418380737305],[14.259305000305176,51.580322265625],[14.257346153259277,51.51342010498047],[14.25539779663086,51.44654083251953],[14.253460884094238,51.37968063354492],[14.251534461975098,51.31283950805664],[14.336182594299316,51.31283950805664],[14.334224700927734,51.24601745605469],[14.326505661010742,50.97892379760742],[14.069639205932617,50.84549331665039],[13.985281944274902,50.84549331665039],[13.2220458984375,50.64549255371094],[12.796454429626465,50.37908172607422],[12.376081466674805,50.37908172607422],[12.290331840515137,50.2459831237793],[12.12234115600586,50.2459831237793],[12.12159538269043,50.17946243286133],[12.370920181274414,49.98000717163086],[12.36764907836914,49.71431350708008],[12.534139633178711,49.64793395996094],[12.532414436340332,49.51522445678711],[13.02955150604248,49.2500114440918],[13.358475685119629,48.98506164550781],[13.441741943359375,48.98506164550781],[13.525009155273438,48.98506164550781],[13.52376937866211,48.91886520385742],[13.606999397277832,48.91886520385742],[14.100465774536133,48.654239654541016],[14.597285270690918,48.5881233215332],[14.850005149841309,48.72037124633789],[14.940543174743652,48.98506164550781],[15.190342903137207,48.98506164550781],[16.179914474487305,48.72037124633789],[16.927988052368164,48.72037124633789]]],[[[13.670628547668457,51.78114318847656],[13.58568286895752,51.78114318847656],[13.586510930577386,51.81462605314726],[13.587339401245117,51.84812545776367],[13.502351760864258,51.84812545776367],[13.247386932373047,51.84812545776367],[13.244426727294922,51.71418380737305],[13.5823974609375,51.64724349975586],[13.667257308959961,51.64724349975586],[13.668937683105469,51.71418380737305],[13.670628547668457,51.78114318847656]]]]},"properties":{"Name":"(Kingdom of Bohemia)","FromYear":1385,"ToYear":1414,"Area":129207.69210404981,"Type":"POLITY","Wikipedia":"Kingdom of Bohemia","Wikidata":"Q42585","SeshatID":"cz_bohemian_k_2","Components":"Kingdom of Bohemia;Margraviate of Moravia","MemberOf":"(Holy Roman Empire)"}},
{"type":"Feature","geometry":{"type":"Polygon","coordinates":[[[40.96498489379883,34.42197799682617],[40.7723274230957,34.743614196777344],[40.54866027832031,34.80794906616211],[40.51013946533203,35.12965774536133],[40.35566711425781,35.12965774536133],[40.37117385864258,35.258358001708984],[39.737091064453125,35.77327346801758],[38.13286590576172,35.9664192199707],[38.09247970581055,36.28839111328125],[38.2552375793457,36.3527946472168],[38.378692626953125,36.73930740356445],[37.95802688598633,37.12596130371094],[38.082881927490234,37.51277160644531],[38.02067565917969,37.641746520996094],[37.64599609375,37.7707405090332],[37.01334762573242,37.706241607666016],[37.06089782714844,37.44829177856445],[36.5780029296875,37.3193473815918],[36.57061767578125,37.254878997802734],[36.40012741088867,37.12596130371094],[36.378387451171875,36.932613372802734],[36.215576171875,36.8681755065918],[36.20844268798828,36.80373764038086],[36.28622817993164,36.80373764038086],[36.26490020751953,36.61045455932617],[35.84174346923828,36.28839111328125],[35.990074157714844,36.2239875793457],[35.84488296508789,35.58015823364258],[35.99294662475586,35.51579284667969],[35.88248825073242,35.194007873535156],[35.959747314453125,35.194007873535156],[35.92698669433594,34.87228775024414],[36.0682373046875,34.743614196777344],[36.048770904541016,34.55062484741211],[35.79212951660156,34.2933349609375],[35.64447784423828,34.3576545715332],[35.68381118774414,33.971771240234375],[35.4470100402832,33.90746307373047],[35.49934768676758,33.65024948120117],[35.34577560424805,33.65024948120117],[35.39840316772461,33.393062591552734],[35.21538543701172,33.07160949707031],[35.05632781982422,33.00732421875],[35.021759033203125,32.62162780761719],[34.76983642578125,32.36451721191406],[34.81304168701172,31.978878021240234],[34.57329559326172,31.8503360748291],[34.63344955444336,31.65752601623535],[34.30759811401367,31.40045166015625],[34.2972412109375,31.271915435791016],[33.98260498046875,31.143381118774414],[32.8316764831543,31.014846801757812],[32.76515197753906,31.143381118774414],[32.53215408325195,31.079113006591797],[32.23719787597656,31.20764923095703],[32.303932189941406,31.079113006591797],[31.999635696411133,31.079113006591797],[31.93739891052246,31.271915435791016],[31.780553817749023,31.20764923095703],[31.875221252441406,31.464719772338867],[31.265825271606445,31.464719772338867],[31.117990493774414,31.528987884521484],[31.203296661376953,31.65752601623535],[30.974620819091797,31.65752601623535],[30.965608596801758,31.528987884521484],[30.80877685546875,31.464719772338867],[30.351730346679688,31.464719772338867],[30.271244049072266,31.40045166015625],[30.33879280090332,31.271915435791016],[29.882049560546875,31.271915435791016],[29.8017635345459,31.20764923095703],[29.86956024169922,31.079113006591797],[29.633193969726562,30.950578689575195],[29.485143661499023,31.014846801757812],[29.3970890045166,30.822044372558594],[28.865032196044922,30.822044372558594],[28.496395111083984,31.014846801757812],[27.514896392822266,31.143381118774414],[27.297456741333008,31.336183547973633],[26.847702026367188,31.464719772338867],[25.248035430908203,31.464719772338867],[25.102048873901367,31.593257904052734],[25.11168098449707,31.78606605529785],[24.892484664916992,31.978878021240234],[24.129365921020508,31.978878021240234],[23.680339813232422,32.171695709228516],[23.29851722717285,32.171695709228516],[23.077939987182617,32.36451721191406],[23.089431762695312,32.62162780761719],[21.87872886657715,32.94303894042969],[21.41167449951172,32.75019073486328],[21.108016967773438,32.81447219848633],[20.87124252319336,32.62162780761719],[20.644094467163086,32.685909271240234],[20.71593475341797,32.557350158691406],[20.562992095947266,32.557350158691406],[20.481992721557617,32.428794860839844],[20.33134651184082,32.493072509765625],[20.246112823486328,32.23596954345703],[20.016965866088867,32.23596954345703],[20.089075088500977,32.107421875],[19.996076583862305,31.593257904052734],[20.214296340942383,31.271915435791016],[20.13410186767578,31.143381118774414],[20.202085494995117,30.886310577392578],[19.968164443969727,30.69350814819336],[19.964311599731445,30.564971923828125],[19.655010223388672,30.372163772583008],[18.869278136051307,30.25166235864125],[18.816862106323242,30.243623733520508],[18.811979293823242,30.050809860229492],[18.8246491043041,30.050809860229492],[19.19106674194336,30.050809860229492],[20.95157814025879,30.564971923828125],[21.938846588134766,30.564971923828125],[22.541486740112305,30.436433792114258],[22.76673698425293,30.372163772583008],[22.76180076599121,30.243623733520508],[22.91602325439453,30.307893753051758],[23.4851892093249,30],[38.974904333614376,30],[38.99673843383789,30.243623733520508],[38.868377685546875,30.500701904296875],[38.89213562011719,30.757776260375977],[38.81614303588867,30.757776260375977],[38.91627883911133,31.014846801757812],[38.77022933959961,31.079113006591797],[38.79471969604492,31.336183547973633],[38.71857833862305,31.336183547973633],[38.85757827758789,31.978878021240234],[38.704952239990234,31.978878021240234],[38.737064361572266,32.30024337768555],[38.66066360473633,32.30024337768555],[38.72636795043945,32.94303894042969],[39.4992790222168,33.71455001831055],[40.95730972290039,34.3576545715332],[40.96498489379883,34.42197799682617]]]},"properties":{"Name":"Mamluk Sultanate","FromYear":1385,"ToYear":1401,"Area":1480267.1818667648,"Type":"POLITY","Wikipedia":"Mamluk Sultanate","Wikidata":"Q282428","SeshatID":"eg_mamluk_sultanate_2","Components":"","MemberOf":""}},
{"type":"Feature","geometry":{"type":"Polygon","coordinates":[[[18.07171630859375,42.82133865356445],[18.15188980102539,42.82133865356445],[18.23491859436035,42.88639831542969],[18.080114364624023,43.016544342041016],[17.839323043823242,43.016544342041016],[17.83389663696289,42.88639831542969],[17.914100646972656,42.88639831542969],[17.911367416381836,42.82133865356445],[17.991540908813477,42.82133865356445],[18.07171630859375,42.82133865356445]]]},"properties":{"Name":"Republic of Ragusa","FromYear":1385,"ToYear":1401,"Area":544.42479006195,"Type":"POLITY","Wikipedia":"Republic of Ragusa","Wikidata":"Q208169","SeshatID":"","Components":"","MemberOf":""}},
{"type":"Feature","geometry":{"type":"Polygon","coordinates":[[[31.76885223388672,36.73930740356445],[31.76300811767578,36.67487716674805],[32.06806182861328,36.61045455932617],[32.498512268066406,36.2239875793457],[32.558349609375,36.03080368041992],[33.584774017333984,36.2239875793457],[33.6623649597168,36.2239875793457],[33.60980987548828,36.48161697387695],[33.77788543701172,36.61045455932617],[33.75169372558594,37.12596130371094],[34.30364990234375,37.1904182434082],[34.56466293334961,37.44829177856445],[34.87669372558594,37.44829177856445],[35.060890197753906,37.706241607666016],[35.39495086669922,37.89975357055664],[35.345943450927734,38.157840728759766],[35.204063415527344,38.28691864013672],[34.890830993652344,38.28691864013672],[34.677574157714844,38.48057174682617],[35.05714797973633,39.70827102661133],[34.43406677246094,39.77294921875],[34.37062454223633,39.90232849121094],[33.56645965576172,39.77294921875],[32.77772903442383,39.77294921875],[32.65647506713867,39.38497543334961],[32.49903106689453,39.38497543334961],[32.485225677490234,39.25570297241211],[31.613252639770508,39.19107437133789],[31.154281616210938,39.320335388183594],[31.075584411621094,39.320335388183594],[31.03731346130371,38.93262481689453],[31.031021118164062,38.8680305480957],[31.02475357055664,38.80344009399414],[30.94625473022461,38.80344009399414],[30.940032958984375,38.738853454589844],[30.933835983276367,38.67427444458008],[31.555078506469727,38.60969924926758],[31.84954261779785,38.416015625],[31.83683204650879,38.28691864013672],[31.51737403869629,38.22237777709961],[30.999774932861328,37.706241607666016],[31.684429168701172,37.51277160644531],[31.8043155670166,37.12596130371094],[31.960105895996094,37.12596130371094],[31.76885223388672,36.73930740356445]]]},"properties":{"Name":"Beylik of Karaman","FromYear":1385,"ToYear":1401,"Area":100337.20738903426,"Type":"POLITY","Wikipedia":"Karamanids","Wikidata":"Q1469100","SeshatID":"tr_karaman_bey","Components":"","MemberOf":""}},
{"type":"Feature","geometry":{"type":"MultiPolygon","coordinates":[[[[29.58445930480957,45.431331634521484],[29.57703399658203,45.36587905883789],[29.658414840698242,45.36587905883789],[29.66587257385254,45.431331634521484],[29.58445930480957,45.431331634521484]]],[[[29.58445930480957,45.431331634521484],[29.591896057128906,45.496795654296875],[29.614274978637695,45.693260192871094],[29.85890007019043,45.693260192871094],[30.395021438598633,46.08650588989258],[30.40288543701172,46.1520881652832],[30.262836456298828,46.348915100097656],[29.943092346191406,46.414546966552734],[29.899938583374023,46.74290466308594],[29.527965545654297,47.07159423828125],[29.551227569580078,47.26897048950195],[29.16246223449707,47.46647262573242],[29.208942413330078,47.86185836791992],[28.984228134155273,48.059749603271484],[28.013307571411133,48.257774353027344],[27.537879943847656,48.455936431884766],[27.39371109008789,48.654239654541016],[26.472915649414062,48.5881233215332],[25.981304168701172,48.654239654541016],[25.50884246826172,48.91886520385742],[25.252717971801758,48.852684020996094],[25.559406280517578,48.5881233215332],[25.54009246826172,48.38986587524414],[25.01179313659668,48.059749603271484],[24.987621307373047,47.79592514038086],[24.90500259399414,47.79592514038086],[24.881271362304688,47.53233337402344],[25.03432846069336,47.4006233215332],[25.016605377197266,47.20316696166992],[25.668907165527344,47.13737487792969],[25.72661018371582,46.87434005737305],[25.966814041137695,46.808616638183594],[25.942142486572266,46.54585266113281],[26.477930068969727,46.1520881652832],[26.44038200378418,45.75876998901367],[26.10191535949707,45.62776184082031],[26.240449905395508,45.36587905883789],[26.41556167602539,45.496795654296875],[26.659894943237305,45.496795654296875],[27.630565643310547,45.431331634521484],[27.861310958862305,45.300437927246094],[28.037626266479492,45.431331634521484],[28.281864166259766,45.431331634521484],[28.34939956665039,45.300437927246094],[28.667741775512695,45.23500442504883],[29.095985412597656,45.431331634521484],[29.58445930480957,45.431331634521484]]]]},"properties":{"Name":"Principality of Moldavia","FromYear":1385,"ToYear":1401,"Area":101939.51817048999,"Type":"POLITY","Wikipedia":"Moldavia","Wikidata":"Q10957559","SeshatID":"md_moldavia_principality_1","Components":"","MemberOf":""}},
{"type":"Feature","geometry":{"type":"Polygon","coordinates":[[[36.215576171875,36.8681755065918],[36.378387451171875,36.932613372802734],[36.40012741088867,37.12596130371094],[36.57061767578125,37.254878997802734],[36.5780029296875,37.3193473815918],[37.06089782714844,37.44829177856445],[37.01334762573242,37.706241607666016],[36.1468620300293,37.641746520996094],[36.012855529785156,37.835243225097656],[35.622135162353516,37.835243225097656],[35.54399108886719,37.835243225097656],[35.46584701538086,37.835243225097656],[35.47311782836914,37.89975357055664],[35.39495086669922,37.89975357055664],[35.060890197753906,37.706241607666016],[34.87669372558594,37.44829177856445],[34.56466293334961,37.44829177856445],[34.30364990234375,37.1904182434082],[33.75169372558594,37.12596130371094],[33.77788543701172,36.61045455932617],[33.60980987548828,36.48161697387695],[33.6623649597168,36.2239875793457],[33.73995590209961,36.2239875793457],[34.06945037841797,36.417205810546875],[34.07586669921875,36.48161697387695],[34.095237731933594,36.67487716674805],[34.335025787353516,36.73930740356445],[34.41278839111328,36.73930740356445],[34.581634521484375,36.8681755065918],[34.892860412597656,36.8681755065918],[34.95038986206055,36.67487716674805],[35.11265563964844,36.73930740356445],[35.487709045410156,36.61045455932617],[35.833587646484375,36.932613372802734],[36.13776779174805,36.8681755065918],[36.215576171875,36.8681755065918]]]},"properties":{"Name":"Ramadanid Emirate","FromYear":1385,"ToYear":1401,"Area":24004.159388440446,"Type":"POLITY","Wikipedia":"Ramadanid Emirate","Wikidata":"Q2261321","SeshatID":"","Components":"","MemberOf":""}},
{"type":"Feature","geometry":{"type":"Polygon","coordinates":[[[13.070503234863281,51.51342010498047],[13.155277252197266,51.51342010498047],[13.5823974609375,51.64724349975586],[13.244426727294922,51.71418380737305],[13.247386932373047,51.84812545776367],[13.502351760864258,51.84812545776367],[13.503973960876465,51.91512680053711],[13.589005470275879,51.91512680053711],[13.590681076049805,51.98215103149414],[13.505606651306152,51.98215103149414],[13.507246971130371,52.0491943359375],[13.422128677368164,52.0491943359375],[12.402885437011719,52.18334197998047],[12.146309852600098,52.11625671386719],[12.228504180908203,51.91512680053711],[12.397505760192871,51.84812545776367],[12.308514595031738,51.580322265625],[12.562965393066406,51.580322265625],[12.476021766662598,51.44654083251953],[12.644350051879883,51.37968063354492],[12.645486831665039,51.44654083251953],[12.730218887329102,51.44654083251953],[12.814950942993164,51.44654083251953],[12.899682998657227,51.44654083251953],[12.984415054321289,51.44654083251953],[13.069147109985352,51.44654083251953],[13.070503234863281,51.51342010498047]]]},"properties":{"Name":"Electorate of Saxony","FromYear":1385,"ToYear":1428,"Area":5457.78954493253,"Type":"POLITY","Wikipedia":"Electorate of Saxony","Wikidata":"Q156199","SeshatID":"de_empire_3","Components":"","MemberOf":"(Holy Roman Empire)"}},
{"type":"Feature","geometry":{"type":"Polygon","coordinates":[[[35.91913604736328,57.07511901855469],[35.85660934448242,56.799827575683594],[36.106449127197266,56.731075286865234],[36.31497573852539,56.86860656738281],[36.66921615600586,56.86860656738281],[36.80635070800781,57.07511901855469],[37.072513580322266,57.07511901855469],[37.283103942871094,57.21294021606445],[37.79916000366211,57.14401626586914],[37.846656799316406,57.696231842041016],[37.7574462890625,57.696231842041016],[37.77463912963867,57.7653923034668],[37.255943298339844,57.8345832824707],[37.20535659790039,57.62710189819336],[36.54853439331055,57.488929748535156],[36.16024398803711,57.35087585449219],[35.91913604736328,57.07511901855469]]]},"properties":{"Name":"Tver","FromYear":1395,"ToYear":1462,"Area":7163.5841225546,"Type":"POLITY","Wikipedia":"Tver","Wikidata":"Q2288","SeshatID":"","Components":"","MemberOf":""}},
{"type":"Feature","geometry":{"type":"MultiPolygon","coordinates":[[[[-8.36954402923584,52.653533935546875],[-8.37929916381836,52.720787048339844],[-8.464859962463379,52.720787048339844],[-8.456147529090426,52.66100298670118],[-8.455059051513672,52.653533935546875],[-8.36954402923584,52.653533935546875]]],[[[-6.325851917266846,52.720787048339844],[-6.411412239074707,52.720787048339844],[-6.402688503265381,52.653533935546875],[-6.317173004150391,52.653533935546875],[-6.325851917266846,52.720787048339844]]],[[[-6.283822536468506,53.057395935058594],[-6.275067806243896,52.99003219604492],[-6.189326763153076,52.99003219604492],[-6.198035717010498,53.057395935058594],[-6.283822536468506,53.057395935058594]]],[[[-6.283822536468506,53.057395935058594],[-6.292601108551025,53.124786376953125],[-6.378433704376221,53.124786376953125],[-6.369609355926514,53.057395935058594],[-6.283822536468506,53.057395935058594]]],[[[10.62817668914795,55.97663879394531],[10.452422142028809,55.97663879394531],[10.364044189453125,55.77145767211914],[10.539490699768066,55.77145767211914],[10.627213478088379,55.77145767211914],[10.62817668914795,55.97663879394531]]],[[[10.187621116638184,54.47740173339844],[10.187661170959473,54.545284271240234],[9.9271879196167,54.545284271240234],[10.013643264770508,55.021148681640625],[9.926376342773438,55.089229583740234],[10.536654472351074,55.021148681640625],[10.535674095153809,54.74907684326172],[10.709615707397461,54.74907684326172],[10.884882926940918,54.95309066772461],[10.800582885742188,55.430015563964844],[10.625955581665039,55.498252868652344],[10.626581192016602,55.63479995727539],[9.750565528869629,55.56651306152344],[9.750177383422852,55.70311737060547],[9.925520896911621,55.70311737060547],[10.013073921203613,55.90821838378906],[10.276667594909668,55.97663879394531],[10.277146339416504,56.25059127807617],[10.36523151397705,56.25059127807617],[10.364885330200195,56.11355972290039],[10.540846824645996,56.11355972290039],[10.541122436523438,56.182064056396484],[10.805220603942871,56.182064056396484],[10.895707130432129,56.524986267089844],[10.277772903442383,56.59365463256836],[10.278702735900879,57.07511901855469],[10.545770645141602,57.28189468383789],[10.458671569824219,57.7653923034668],[9.923136711120605,57.696231842041016],[9.834181785583496,57.55800247192383],[9.655976295471191,57.55800247192383],[9.656455039978027,57.41988754272461],[9.39068603515625,57.21294021606445],[8.502391815185547,57.21294021606445],[8.239216804504395,57.00625228881836],[8.241414070129395,56.86860656738281],[8.152853965759277,56.86860656738281],[8.243602752685547,56.731075286865234],[7.979492664337158,56.662349700927734],[7.989406585693359,56.11355972290039],[8.077386856079102,56.11355972290039],[7.997951984405518,55.63479995727539],[8.085573196411133,55.63479995727539],[8.087891578674316,55.498252868652344],[8.350449562072754,55.498252868652344],[8.52729320526123,55.36180877685547],[8.529091835021973,55.225467681884766],[8.441773414611816,55.225467681884766],[8.534452438354492,54.817054748535156],[8.797733306884766,54.613189697265625],[8.799209594726562,54.47740173339844],[8.539765357971191,54.4095458984375],[8.54152774810791,54.27390670776367],[8.715572357177734,54.20612335205078],[8.802155494689941,54.20612335205078],[8.887362480163574,54.341712951660156],[9.148486137390137,54.20612335205078],[9.927618026733398,54.27390670776367],[10.187621116638184,54.47740173339844]]],[[[14.64396858215332,55.29362487792969],[14.636160850524902,55.089229583740234],[15.069417953491211,55.021148681640625],[15.077948570251465,55.225467681884766],[14.990630149841309,55.225467681884766],[14.64396858215332,55.29362487792969]]],[[[11.795514106750488,57.62710189819336],[11.794431686401367,57.55800247192383],[11.792279243469238,57.41988754272461],[12.058022499084473,57.35087585449219],[12.14184856414795,57.07511901855469],[12.405158996582031,56.937416076660156],[12.402325630187988,56.799827575683594],[12.75311279296875,56.662349700927734],[12.749893188476562,56.524986267089844],[12.573304176330566,56.524986267089844],[12.656968116760254,56.319149017333984],[12.480693817138672,56.319149017333984],[12.477840423583984,56.182064056396484],[11.860556602478027,56.11355972290039],[11.768598556518555,55.83982467651367],[11.595718383789062,56.04508590698242],[11.331932067871094,56.04508590698242],[11.241952896118164,55.83982467651367],[10.890382766723633,55.77145767211914],[10.889443397521973,55.63479995727539],[11.064117431640625,55.56651306152344],[10.974503517150879,55.29362487792969],[11.497906684875488,55.225467681884766],[11.670741081237793,55.089229583740234],[11.66806411743164,54.88506317138672],[10.97249698638916,55.021148681640625],[10.88355827331543,54.74907684326172],[12.101152420043945,54.74907684326172],[12.107980728149414,55.15733337402344],[12.371088027954102,55.225467681884766],[12.375022888183594,55.430015563964844],[12.202529907226562,55.56651306152344],[12.555678367614746,55.70311737060547],[12.561474800109863,55.97663879394531],[12.908012390136719,55.77145767211914],[12.903090476989746,55.56651306152344],[12.726422309875488,55.498252868652344],[12.810799598693848,55.36180877685547],[14.296913146972656,55.36180877685547],[14.228706359863281,55.90821838378906],[14.319018363952637,55.97663879394531],[14.758404731750488,55.97663879394531],[14.76668930053711,56.182064056396484],[15.819687843322754,56.11355972290039],[16.094310760498047,56.319149017333984],[16.09789276123047,56.387733459472656],[15.928498268127441,56.524986267089844],[13.458279609680176,56.59365463256836],[13.291296005249023,56.937416076660156],[13.115922927856445,57.00625228881836],[13.119647979736328,57.14401626586914],[12.945629119873047,57.28189468383789],[12.333296775817871,57.7653923034668],[11.976224899291992,57.7653923034668],[11.795514106750488,57.62710189819336]]],[[[19.04520034790039,57.97305679321289],[18.598026275634766,57.97305679321289],[18.230064392089844,57.8345832824707],[18.031593322753906,57.55800247192383],[18.02667236328125,57.488929748535156],[18.076435089111328,56.937416076660156],[18.342275619506836,56.937416076660156],[18.45128059387207,57.21294021606445],[18.911693572998047,57.41988754272461],[18.844388961791992,57.696231842041016],[19.03397560119629,57.8345832824707],[19.04520034790039,57.97305679321289]]]]},"properties":{"Name":"Kingdom of Denmark","FromYear":1395,"ToYear":1401,"Area":95830.075125328,"Type":"POLITY","Wikipedia":"Danish Realm","Wikidata":"Q756617","SeshatID":"dk_danish_k","Components":"","MemberOf":"(Kingdom of Denmark)"}},
{"type":"Feature","geometry":{"type":"Polygon","coordinates":[[[-8.36954402923584,52.653533935546875],[-8.456147529090426,52.66100298670118],[-9.14934253692627,52.720787048339844],[-9.973213195800781,52.51908493041992],[-9.941752433776855,52.31757736206055],[-10.528071403503418,52.250450134277344],[-10.506694793701172,52.11625671386719],[-9.569916725158691,52.11625671386719],[-9.324491500854492,52.18334197998047],[-9.259406089782715,52.31757736206055],[-8.918232917785645,52.31757736206055],[-8.859267234802246,51.91512680053711],[-8.575459480285645,51.71418380737305],[-8.075331687927246,51.78114318847656],[-8.008954048156738,51.91512680053711],[-7.526036262512207,52.11625671386719],[-7.440874576568604,52.11625671386719],[-6.853535175323486,52.18334197998047],[-7.123294830322266,52.92268753051758],[-6.712756156921387,53.057395935058594],[-6.721763134002686,53.124786376953125],[-6.871671199798584,53.597137451171875],[-6.957827568054199,53.597137451171875],[-7.120770454406738,53.52959060668945],[-7.074308395385742,53.192195892333984],[-7.150925159454346,53.124786376953125],[-7.589578151702881,53.192195892333984],[-7.646926403045654,52.99003219604492],[-7.904150009155273,52.99003219604492],[-8.009249687194824,53.124786376953125],[-8.180913925170898,53.124786376953125],[-8.36954402923584,52.653533935546875]]]},"properties":{"Name":"Earldom of Desmond","FromYear":1395,"ToYear":1421,"Area":20208.40306131145,"Type":"POLITY","Wikipedia":"Earl of Desmond","Wikidata":"Q2991012","SeshatID":"gb_england_plantagenet","Components":"","MemberOf":"(Kingdom of England)"}},
{"type":"Feature","geometry":{"type":"MultiPolygon","coordinates":[[[[45,35.817275562300665],[45,42.25866758803593],[45,42.691246032714844],[44.82474899291992,42.691246032714844],[44.744632720947266,42.691246032714844],[44.75723648071289,42.75628662109375],[44.541399433667316,42.725303348606914],[43.851112365722656,42.62621307373047],[43.65967559814453,42.88639831542969],[43.419063568115234,42.88639831542969],[42.98605728149414,43.146724700927734],[41.7125244140625,43.211830139160156],[41.115562438964844,43.472347259521484],[40.40254592895508,43.53750228881836],[40.26399612426758,43.6678352355957],[40.28654479980469,43.79821014404297],[40.033470153808594,43.73301696777344],[39.351905822753906,43.99384307861328],[39.34092330932617,43.92862319946289],[39.977840423583984,43.407203674316406],[40.219173431396484,43.407203674316406],[40.41570281982422,43.146724700927734],[40.81732177734375,43.146724700927734],[41.11582565307617,43.016544342041016],[41.608699798583984,42.62621307373047],[41.48331832885742,42.36617660522461],[41.700584411621094,42.236209869384766],[41.598209381103516,42.10627746582031],[41.75791549682617,42.10627746582031],[41.7817268371582,41.781593322753906],[41.60022735595703,41.65177917480469],[41.567359924316406,41.45711898803711],[41.22755813598633,41.32738494873047],[41.29633712768555,41.26253128051758],[41.2856330871582,41.19768524169922],[40.9532585144043,40.614410400390625],[40.932769775390625,40.4848747253418],[41.149749755859375,40.355369567871094],[41.3870735168457,40.355369567871094],[41.42521667480469,40.0964469909668],[41.86845779418945,39.90232849121094],[42.2734260559082,39.9670295715332],[42.489471435546875,39.8376350402832],[42.8155517578125,39.90232849121094],[43.110111236572266,39.77294921875],[43.099605560302734,39.70827102661133],[43.16796112060547,39.64360046386719],[43.057979583740234,39.449623107910156],[43.687950134277344,39.449623107910156],[43.488861083984375,39.19107437133789],[43.57450866699219,38.738853454589844],[43.7314567565918,38.738853454589844],[44.15129089355469,38.416015625],[44.13113784790039,38.28691864013672],[44.34591293334961,38.157840728759766],[44.30603790283203,37.89975357055664],[44.58888626098633,37.706241607666016],[44.627601623535156,37.44829177856445],[44.773807525634766,37.38381576538086],[44.74457931518555,37.1904182434082],[44.871337890625,36.9970588684082],[44.37583541870117,36.80373764038086],[44.3383903503418,36.5460319519043],[44.611854553222656,36.28839111328125],[44.593360900878906,36.15959167480469],[44.94412612915039,35.902034759521484],[45,35.817275562300665]]],[[[45,48.82292661309222],[45,49.20143528716991],[44.96247100830078,49.18375015258789],[44.833282470703125,48.98506164550781],[45,48.82292661309222]]],[[[39.36290740966797,44.05907440185547],[39.28215789794922,44.05907440185547],[39.2014045715332,44.05907440185547],[39.190467834472656,43.99384307861328],[39.27118682861328,43.99384307861328],[39.351905822753906,43.99384307861328],[39.36290740966797,44.05907440185547]]],[[[39.13158416748047,44.12431716918945],[39.12065505981445,44.05907440185547],[39.2014045715332,44.05907440185547],[39.21016005269757,44.111195875699565],[39.212364196777344,44.12431716918945],[39.17170674827628,44.12431716918945],[39.13158416748047,44.12431716918945]]],[[[39.13158416748047,44.12431716918945],[39.13375692640997,44.137266660997525],[39.14253234863281,44.18956756591797],[39.06172180175781,44.18956756591797],[39.057334115217984,44.1633441633101],[39.050804138183594,44.12431716918945],[39.13158416748047,44.12431716918945]]]]},"properties":{"Name":"(Vassalage of Kingdom of Georgia to Timurid Empire)","FromYear":1395,"ToYear":1401,"Area":4005601.705808509,"Type":"RELATION","Wikipedia":"Kingdom of Georgia","Wikidata":"Q154667","SeshatID":"ge_georgia_k_3;uz_timurid_emp","Components":"Timurid Empire;Kingdom of Georgia","MemberOf":""}},
{"type":"Feature","geometry":{"type":"Polygon","coordinates":[[[45,42.691246032714844],[45,48.82292661309222],[44.833282470703125,48.98506164550781],[44.96247100830078,49.18375015258789],[45,49.20143528716991],[45,56.086618076743854],[42.314048767089844,55.83982467651367],[42.22627258300781,55.83982467651367],[42.19496536254883,56.04508590698242],[42.21389389038086,56.11355972290039],[41.8432502746582,56.04508590698242],[41.63531494140625,56.25059127807617],[41.21335220336914,56.319149017333984],[41.23186492919922,56.387733459472656],[40.33198165893555,56.319149017333984],[40.15491485595703,55.97663879394531],[39.94414138793945,55.83982467651367],[39.3297233581543,55.83982467651367],[39.295616149902344,55.70311737060547],[39.12027359008789,55.70311737060547],[38.866424560546875,55.021148681640625],[38.453369140625,54.74907684326172],[37.80463409423828,54.95309066772461],[37.17942810058594,54.88506317138672],[36.54304885864258,55.15733337402344],[36.49785232543945,54.95309066772461],[35.9458122253418,54.817054748535156],[35.91665267944336,54.681121826171875],[35.728389739990234,54.613189697265625],[35.931175231933594,54.341712951660156],[35.888473615611375,54.138362884521484],[35.831607818603516,53.86756134033203],[35.90385437011719,53.799922943115234],[35.78958511352539,53.664710998535156],[35.99152435600222,53.664710998535156],[36.048194885253906,53.664710998535156],[35.95429723407539,53.57586905310983],[35.83401870727539,53.462066650390625],[35.765281677246094,53.124786376953125],[36.324440002441406,52.92268753051758],[36.426849365234375,52.586299896240234],[36.74110794067383,52.4518928527832],[37.013519287109375,52.11625671386719],[37.42543029785156,52.0491943359375],[37.482810974121094,51.91512680053711],[37.964942932128906,51.78114318847656],[37.93708801269531,51.64724349975586],[38.14987564086914,51.44654083251953],[38.09486770629883,51.17921447753906],[37.898712158203125,51.04566955566406],[37.83774185180664,50.312522888183594],[37.75370788574219,50.312522888183594],[37.543670654296875,49.64793395996094],[37.627315521240234,49.64793395996094],[37.59037399291992,49.44889450073242],[37.67390441894531,49.44889450073242],[37.70854187011719,49.18375015258789],[37.86311340332031,49.11750411987305],[37.83888244628906,48.98506164550781],[36.9367561340332,48.5881233215332],[36.687618255615234,48.5881233215332],[36.62726974487305,48.72037124633789],[36.306053161621094,48.786521911621094],[36.328697204589844,48.91886520385742],[36.079010009765625,48.91886520385742],[36.06777572631836,48.852684020996094],[35.8071174621582,48.786521911621094],[35.99578094482422,48.91886520385742],[36.007015228271484,48.98506164550781],[35.94626998901367,49.11750411987305],[35.77958679199219,49.11750411987305],[35.496402740478516,48.91886520385742],[35.026123046875,47.53233337402344],[34.37619400024414,47.598209381103516],[34.109092712402344,47.46647262573242],[34.079959869384766,47.26897048950195],[33.69384002685547,46.87434005737305],[32.918460845947266,46.61152267456055],[32.171756744384766,46.54585266113281],[32.16309356689453,46.480194091796875],[31.835351943969727,46.480194091796875],[31.81834602355957,46.348915100097656],[32.0639533996582,46.348915100097656],[32.683658599853516,46.08650588989258],[32.84713363647461,46.08650588989258],[32.946651458740234,46.21768569946289],[33.59191131591797,46.1520881652832],[33.610260009765625,46.283294677734375],[34.019439697265625,46.283294677734375],[34.0825309753418,46.1520881652832],[34.736690521240234,46.1520881652832],[34.75596237182617,46.283294677734375],[35.24697494506836,46.283294677734375],[35.634639739990234,46.677207946777344],[36.80437088012695,46.808616638183594],[36.90787887573242,46.94007873535156],[37.2257080078125,46.87434005737305],[37.16523361206055,47.005828857421875],[37.51609802246094,47.13737487792969],[38.6794548034668,47.20316696166992],[39.03213882446289,47.33478927612305],[39.1145133972168,47.33478927612305],[39.220611572265625,47.46647262573242],[39.52638626098633,47.33478927612305],[39.47877502441406,47.07159423828125],[39.2203369140625,47.005828857421875],[39.13813400268555,47.005828857421875],[38.62202453613281,46.87434005737305],[38.494598388671875,46.61152267456055],[37.83858108520508,46.61152267456055],[37.89856719970703,46.480194091796875],[38.36785888671875,46.348915100097656],[38.334564208984375,46.1520881652832],[37.89311981201172,45.95537567138672],[37.7577018737793,45.62776184082031],[37.59468460083008,45.62776184082031],[37.747013092041016,45.56227111816406],[37.704429626464844,45.300437927246094],[37.216339111328125,45.300437927246094],[37.17478561401367,45.03877639770508],[37.52848815917969,44.71194839477539],[38.014862060546875,44.71194839477539],[38.21527862548828,44.45067596435547],[39.057334115217984,44.1633441633101],[39.13375692640997,44.137266660997525],[39.17170674827628,44.12431716918945],[39.21016005269757,44.111195875699565],[39.36290740966797,44.05907440185547],[39.351905822753906,43.99384307861328],[40.033470153808594,43.73301696777344],[40.28654479980469,43.79821014404297],[40.26399612426758,43.6678352355957],[40.40254592895508,43.53750228881836],[41.115562438964844,43.472347259521484],[41.7125244140625,43.211830139160156],[42.98605728149414,43.146724700927734],[43.419063568115234,42.88639831542969],[43.65967559814453,42.88639831542969],[43.851112365722656,42.62621307373047],[44.541399433667316,42.725303348606914],[44.75723648071289,42.75628662109375],[44.83738327026367,42.75628662109375],[44.82474899291992,42.691246032714844],[45,42.691246032714844]]]},"properties":{"Name":"Golden Horde","FromYear":1395,"ToYear":1401,"Area":4294426.701842542,"Type":"POLITY","Wikipedia":"Golden Horde","Wikidata":"Q79965","SeshatID":"ru_golden_horde","Components":"","MemberOf":""}},
{"type":"Feature","geometry":{"type":"MultiPolygon","coordinates":[[[[14.568227767944336,35.77327346801758],[14.571182250976562,35.9664192199707],[14.417119026184082,36.03080368041992],[14.339592933654785,36.03080368041992],[14.33681869506836,35.837650299072266],[14.568227767944336,35.77327346801758]]],[[[15.6271390914917,38.28691864013672],[14.05618953704834,37.96426773071289],[13.665236473083496,37.96426773071289],[13.354706764221191,38.157840728759766],[13.119925498962402,38.157840728759766],[13.040358543395996,38.028785705566406],[12.649824142456055,38.09331130981445],[12.49189567565918,37.89975357055664],[12.490468978881836,37.706241607666016],[13.192005157470703,37.5772590637207],[13.578389167785645,37.254878997802734],[14.27791690826416,37.12596130371094],[14.661029815673828,36.73930740356445],[15.049844741821289,36.73930740356445],[15.210210800170898,36.9970588684082],[15.213889122009277,37.1904182434082],[15.059245109558105,37.254878997802734],[15.064054489135742,37.51277160644531],[15.065269470214844,37.5772590637207],[15.389483451843262,38.157840728759766],[15.62426471710205,38.157840728759766],[15.6271390914917,38.28691864013672]]],[[[1.657540321350098,38.997230529785156],[1.651834011077881,39.1264533996582],[1.337347388267517,39.1264533996582],[1.258725643157959,39.1264533996582],[1.183109045028687,39.06184005737305],[1.273545265197754,38.80344009399414],[1.430543661117554,38.80344009399414],[1.657540321350098,38.997230529785156]]],[[[9.118840217590332,39.38497543334961],[9.067418427889764,39.25566731894686],[9.041731834411621,39.19107437133789],[9.094149677541182,39.19107437133789],[9.297350432047084,39.19107437133789],[9.356317520141602,39.19107437133789],[9.35500431060791,39.38497543334961],[9.197561264038086,39.38497543334961],[9.118840217590332,39.38497543334961]]],[[[3.197866439819336,39.8376350402832],[3.19298791885376,39.9670295715332],[2.956136703491211,39.9670295715332],[2.877186298370361,39.9670295715332],[2.338095426559448,39.64360046386719],[2.346148252487183,39.449623107910156],[2.658556938171387,39.51427459716797],[2.82365870475769,39.320335388183594],[3.295835733413696,39.320335388183594],[3.515789270401001,39.77294921875],[3.197866439819336,39.8376350402832]]],[[[4.302449703216553,39.8376350402832],[4.215116024017334,40.0964469909668],[3.820104122161865,40.0964469909668],[3.741101741790771,40.0964469909668],[3.826826572418213,39.90232849121094],[4.302449703216553,39.8376350402832]]],[[[8.400031089782715,40.29063034057617],[8.557509422302246,40.355369567871094],[8.555459022521973,40.54964065551758],[8.317132949829102,40.614410400390625],[8.237919807434082,40.614410400390625],[8.238710403442383,40.54964065551758],[8.239500045776367,40.4848747253418],[8.318660736083984,40.4848747253418],[8.319424629211426,40.42012023925781],[8.32018756866455,40.355369567871094],[8.32094955444336,40.29063034057617],[8.400031089782715,40.29063034057617]]],[[[-1.828825831413269,41.911441802978516],[-1.820028781890869,41.781593322753906],[-1.979450225830078,41.781593322753906],[-1.8821781873703,41.521995544433594],[-2.116528034210205,41.45711898803711],[-2.098877191543579,41.19768524169922],[-1.513591289520264,40.74397277832031],[-1.726450324058533,40.355369567871094],[-1.15704333782196,40.0964469909668],[-1.145419836044312,39.90232849121094],[-1.370439767837524,39.70827102661133],[-1.354927182197571,39.449623107910156],[-1.114913702011108,39.38497543334961],[-1.099924325942993,39.1264533996582],[-1.096204280853271,39.06184005737305],[-0.436175793409348,38.48057174682617],[-0.357796877622604,38.48057174682617],[0.099359586834908,38.738853454589844],[-0.313707679510117,39.1264533996582],[-0.345421016216278,39.70827102661133],[-0.201878547668457,39.9670295715332],[0.182543575763702,40.16116714477539],[0.247769102454185,40.42012023925781],[0.474957317113876,40.614410400390625],[0.709256291389465,40.6791877746582],[0.695793092250824,40.93837356567383],[1.238392949104309,41.19768524169922],[2.106574535369873,41.32738494873047],[2.333626985549927,41.586883544921875],[2.572504997253418,41.586883544921875],[3.116764783859253,41.911441802978516],[3.178062200546265,42.36617660522461],[3.009923458099365,42.56119155883789],[2.993316411972046,42.95146560668945],[2.990521192550659,43.016544342041016],[2.749729871749878,43.016544342041016],[2.517835140228271,42.82133865356445],[1.80907130241394,42.56119155883789],[1.575427651405334,42.43117141723633],[1.488844156265259,42.56119155883789],[1.485537886619568,42.62621307373047],[1.074691534042358,42.82133865356445],[0.994516909122467,42.82133865356445],[0.673818349838257,42.82133865356445],[0.520835757255554,42.691246032714844],[0.196577131748199,42.75628662109375],[0.116432055830956,42.75628662109375],[0.040142297744751,42.691246032714844],[-0.08396929866725178,42.75628662109375],[-0.208102732896805,42.82133865356445],[-0.288277387619019,42.82133865356445],[-0.857915937900543,42.95146560668945],[-1.388849973678589,42.496177673339844],[-1.442844986915588,42.10627746582031],[-1.438547492027283,42.041324615478516],[-1.429987907409668,41.911441802978516],[-1.828825831413269,41.911441802978516]]]]},"properties":{"Name":"Crown of Aragon","FromYear":1395,"ToYear":1401,"Area":130979.45482664178,"Type":"POLITY","Wikipedia":"Crown of Aragon","Wikidata":"Q204920","SeshatID":"es_aragon_crown","Components":"","MemberOf":""}},
{"type":"Feature","geometry":{"type":"Polygon","coordinates":[[[6.108088970184326,49.18375015258789],[6.356269359588623,49.2500114440918],[6.264857769012451,49.51522445678711],[6.348425388336182,49.51522445678711],[6.340545177459717,49.78071212768555],[6.586127281188965,49.98000717163086],[6.496578693389893,50.17946243286133],[6.07469654083252,50.2459831237793],[6.402873992919922,50.51224899291992],[6.15040922164917,50.51224899291992],[5.986405849456787,50.37908172607422],[5.914029423024615,50.38858846002035],[5.891401362447823,50.39156068401958],[5.479565620422363,50.445655822753906],[5.14820671081543,50.312522888183594],[5.082174777984619,49.84712600708008],[5.254647731781006,49.71431350708008],[5.35286808013916,49.316287994384766],[5.68668270111084,49.316287994384766],[5.596318244934082,49.51522445678711],[5.928430557250977,49.58156967163086],[6.018386363983154,49.38258361816406],[5.85359001159668,49.316287994384766],[5.857953548431396,49.18375015258789],[6.024710655212402,49.18375015258789],[6.108088970184326,49.18375015258789]]]},"properties":{"Name":"House of Luxembourg","FromYear":1395,"ToYear":1406,"Area":10210.743932413332,"Type":"POLITY","Wikipedia":"House of Luxembourg","Wikidata":"Q122293","SeshatID":"","Components":"","MemberOf":""}},
{"type":"Feature","geometry":{"type":"MultiPolygon","coordinates":[[[[17.748348236083984,42.75628662109375],[17.668203353881836,42.75628662109375],[17.665569305419922,42.691246032714844],[17.745683670043945,42.691246032714844],[17.748348236083984,42.75628662109375]]],[[[17.911367416381836,42.82133865356445],[17.914100646972656,42.88639831542969],[17.83389663696289,42.88639831542969],[17.831192016601562,42.82133865356445],[17.911367416381836,42.82133865356445]]],[[[18.87655258178711,42.88639831542969],[18.956756591796875,42.88639831542969],[19.046449661254883,43.08163070678711],[19.2070369720459,43.08163070678711],[19.709392547607422,43.472347259521484],[19.397510528564453,43.6678352355957],[19.498432159423828,44.05907440185547],[19.107723236083984,44.32010269165039],[19.296220779418945,44.842647552490234],[19.14055824279785,44.973392486572266],[18.890594482421875,44.842647552490234],[18.57839012145996,45.10417556762695],[16.544801712036133,45.03877639770508],[16.294586181640625,44.842647552490234],[16.285852432250977,44.58129119873047],[16.52429962158203,44.45067596435547],[16.51975440979004,44.32010269165039],[16.27495574951172,44.25482940673828],[16.268434524536133,44.05907440185547],[16.429935455322266,44.05907440185547],[16.7435302734375,43.79821014404297],[16.734172821044922,43.53750228881836],[16.814678192138672,43.53750228881836],[16.80995750427246,43.407203674316406],[17.12925910949707,43.342071533203125],[17.122674856933546,43.168226217644786],[17.12186050415039,43.146724700927734],[17.121862212493237,43.146725157650806],[17.36538314819336,43.211830139160156],[17.35520362854004,42.95146560668945],[17.515670776367188,42.95146560668945],[17.510494232177734,42.82133865356445],[17.753692626953125,42.88639831542969],[17.83389663696289,42.88639831542969],[17.839323043823242,43.016544342041016],[18.080114364624023,43.016544342041016],[18.23491859436035,42.88639831542969],[18.15188980102539,42.82133865356445],[18.07171630859375,42.82133865356445],[17.98878288269043,42.75628662109375],[18.30077362060547,42.56119155883789],[18.380830764770508,42.56119155883789],[18.389509201049805,42.75628662109375],[18.70707130432129,42.691246032714844],[18.747265673001625,42.691246032714844],[18.787187576293945,42.691246032714844],[18.79022441086148,42.756090152159366],[18.790233612060547,42.75628662109375],[18.79035457004202,42.75628662109375],[18.870378494262695,42.75628662109375],[18.873462677001953,42.82133865356445],[18.87655258178711,42.88639831542969]]]]},"properties":{"Name":"Kingdom of Bosnia","FromYear":1395,"ToYear":1401,"Area":51943.91183677723,"Type":"POLITY","Wikipedia":"Kingdom of Bosnia","Wikidata":"Q2980623","SeshatID":"ba_bosnia_k","Components":"","MemberOf":""}},
{"type":"Feature","geometry":{"type":"MultiPolygon","coordinates":[[[[5.039933204650879,44.18956756591797],[4.95694637298584,44.25482940673828],[4.876103401184082,44.25482940673828],[4.865188250876609,44.23617757216094],[4.799726963043213,44.12431716918945],[5.039933204650879,44.18956756591797]]],[[[5.889627456665039,45.56227111816406],[6.21734094619751,45.496795654296875],[6.309300899505615,45.10417556762695],[6.634309768676758,45.10417556762695],[6.637507915496826,44.973392486572266],[6.966631412506104,44.77729415893555],[6.895741939544678,44.32010269165039],[6.898605823516846,44.18956756591797],[6.660702705383301,43.99384307861328],[6.668147563934326,43.6678352355957],[6.829278945922852,43.6678352355957],[6.91260290145874,43.53750228881836],[6.993107318878174,43.53750228881836],[7.229573249816895,43.79821014404297],[7.310199737548828,43.79821014404297],[7.388396263122559,43.92862319946289],[7.629331111907959,43.99384307861328],[7.62705659866333,44.12431716918945],[8.110783576965332,44.18956756591797],[8.185933113098145,44.58129119873047],[8.914925575256348,44.58129119873047],[8.994627952575684,44.71194839477539],[9.481462478637695,44.64661407470703],[9.644309997558594,44.5159797668457],[9.64546012878418,44.32010269165039],[9.969700813293457,44.12431716918945],[9.969943046569824,44.05907440185547],[9.970182418823242,43.99384307861328],[10.050901412963867,43.99384307861328],[10.05069351196289,44.05907440185547],[10.13144302368164,44.05907440185547],[10.131620407104492,43.99384307861328],[10.212339401245117,43.99384307861328],[10.212483406066895,43.92862319946289],[10.696523666381836,43.79821014404297],[10.615739822387695,43.342071533203125],[10.776388168334961,43.211830139160156],[10.77629566192627,43.146724700927734],[10.776015281677246,42.95146560668945],[11.01634693145752,42.82133865356445],[11.015789985656738,42.62621307373047],[11.175962448120117,42.62621307373047],[11.255500793457031,42.496177673339844],[11.255227088928223,42.43117141723633],[11.335225105285645,42.43117141723633],[11.415224075317383,42.43117141723633],[11.414892196655273,42.36617660522461],[11.494861602783203,42.36617660522461],[11.574831008911133,42.36617660522461],[11.736565589904785,42.62621307373047],[12.0580472946167,42.75628662109375],[11.981149673461914,43.146724700927734],[11.900826454162598,43.146724700927734],[11.82194709777832,43.342071533203125],[12.144204139709473,43.407203674316406],[12.226542472839355,43.6026611328125],[11.744671821594238,43.79821014404297],[11.746879577636719,44.12431716918945],[11.505900382995605,44.38538360595703],[11.182066917419434,44.32010269165039],[11.346199035644531,44.908016204833984],[11.751571655273438,44.842647552490234],[11.993412017822266,44.64661407470703],[12.156049728393555,44.71194839477539],[12.156624794006348,44.77729415893555],[12.399906158447266,44.77729415893555],[12.40256118774414,45.03877639770508],[12.160021781921387,45.169586181640625],[12.161133766174316,45.300437927246094],[12.161685943603516,45.36587905883789],[11.998926162719727,45.36587905883789],[12.000378608703613,45.56227111816406],[12.165504455566406,45.82429504394531],[12.49193000793457,45.82429504394531],[12.9815673828125,45.82429504394531],[13.061376571655273,45.693260192871094],[13.14291763305664,45.693260192871094],[13.14384937286377,45.75876998901367],[13.551718711853027,45.75876998901367],[13.633292198181152,45.75876998901367],[13.714865684509277,45.75876998901367],[13.713706970214844,45.693260192871094],[13.71254825592041,45.62776184082031],[13.711389541625977,45.56227111816406],[13.710229873657227,45.496795654296875],[14.117451667785645,45.496795654296875],[13.786900520324707,45.23500442504883],[14.026969909667969,45.03877639770508],[14.108189582824707,45.03877639770508],[14.189410209655762,45.03877639770508],[14.196189880371094,45.36587905883789],[14.358949661254883,45.36587905883789],[14.440329551696777,45.36587905883789],[14.524674415588379,45.496795654296875],[15.339118957519531,45.496795654296875],[15.264768600463867,45.75876998901367],[15.678460121154785,45.95537567138672],[15.604452133178711,46.21768569946289],[16.01764488220215,46.348915100097656],[15.864084243774414,46.677207946777344],[16.032390594482422,46.808616638183594],[16.138551712036133,47.53233337402344],[16.303508758544922,47.53233337402344],[16.3150634765625,47.86185836791992],[16.986814498901367,48.1257438659668],[16.989469528198242,48.191749572753906],[16.829010009765625,48.323814392089844],[16.927988052368164,48.72037124633789],[17.938142776489258,48.98506164550781],[18.114593505859375,49.18375015258789],[18.117929458618164,49.2500114440918],[18.201345443725586,49.2500114440918],[18.204734802246094,49.316287994384766],[18.28818702697754,49.316287994384766],[18.2916316986084,49.38258361816406],[18.88353729248047,49.51522445678711],[19.23756217956543,49.84712600708008],[19.165773391723633,50.04647445678711],[19.081897735595703,50.04647445678711],[19.085887908935547,50.11296081542969],[19.089900970458984,50.17946243286133],[19.17385482788086,50.17946243286133],[19.18613052368164,50.37908172607422],[19.022031784057617,50.445655822753906],[19.030193328857422,50.578861236572266],[18.70132827758789,50.71213912963867],[18.709320068359375,50.84549331665039],[18.049345016479492,51.112430572509766],[17.972288131713867,51.24601745605469],[17.549257278442383,51.24601745605469],[17.31973648071289,51.71418380737305],[16.980127334594727,51.71418380737305],[16.718996047973633,51.580322265625],[16.55561637878418,51.71418380737305],[16.131103515625,51.71418380737305],[16.136985778808594,51.84812545776367],[15.80826187133789,52.11625671386719],[15.813953399658203,52.250450134277344],[15.646231651306152,52.31757736206055],[15.48926830291748,52.653533935546875],[16.097135543823242,52.85536575317383],[16.02382469177246,53.124786376953125],[16.109657287597656,53.124786376953125],[16.119178771972656,53.32708740234375],[16.294410705566406,53.39456558227539],[16.301027297973633,53.52959060668945],[16.476667404174805,53.597137451171875],[16.400707244873047,53.799922943115234],[16.65959930419922,53.799922943115234],[16.821292877197266,53.597137451171875],[17.079761505126953,53.597137451171875],[17.326608657836914,53.39456558227539],[17.506561279296875,53.52959060668945],[18.44928741455078,53.462066650390625],[18.517410278320312,53.192195892333984],[18.689167022705078,53.192195892333984],[18.928207397460938,52.92268753051758],[19.361536026000977,52.99003219604492],[19.724811553955078,53.25962829589844],[20.395845413208008,53.057395935058594],[20.66997718811035,53.25962829589844],[20.927749633789062,53.25962829589844],[21.28936767578125,53.462066650390625],[22.42144775390625,53.597137451171875],[22.548198699951172,54.00291442871094],[22.461759567260742,54.00291442871094],[22.482206344604492,54.20612335205078],[22.66232681274414,54.27390670776367],[22.69742774963379,54.613189697265625],[22.704511642456055,54.681121826171875],[22.812959671020508,54.88506317138672],[22.573020935058594,55.089229583740234],[22.31136703491211,55.089229583740234],[22.070266723632812,55.29362487792969],[21.640066146850586,55.36180877685547],[21.235198974609375,55.70311737060547],[21.248220443725586,55.83982467651367],[20.991283416748047,55.90821838378906],[20.98489761352539,55.83982467651367],[20.96585464477539,55.63479995727539],[21.202974319458008,55.36180877685547],[20.990678787231445,54.95309066772461],[20.72932243347168,54.95309066772461],[20.654220581054688,55.089229583740234],[19.950855255126953,55.021148681640625],[19.83608627319336,54.681121826171875],[20.004362106323242,54.613189697265625],[19.830615997314453,54.613189697265625],[19.819725036621094,54.47740173339844],[19.559396743774414,54.47740173339844],[19.462186813354492,54.341712951660156],[18.686851501464844,54.4095458984375],[18.44533348083496,54.681121826171875],[18.459484100341797,54.88506317138672],[17.501720428466797,54.88506317138672],[17.49753189086914,54.817054748535156],[17.410511016845703,54.817054748535156],[16.619972229003906,54.681121826171875],[15.991765975952148,54.27390670776367],[15.036103248596191,54.20612335205078],[14.50934886932373,54.00291442871094],[14.499796867370605,53.732303619384766],[13.98438835144043,53.799922943115234],[14.159177780151367,53.86756134033203],[14.165812492370605,54.07062530517578],[13.304450988769531,54.20612335205078],[13.739368438720703,54.27390670776367],[13.662626266479492,54.613189697265625],[13.405717849731445,54.74907684326172],[13.14309310913086,54.681121826171875],[13.05121898651123,54.47740173339844],[12.4437894821167,54.47740173339844],[12.299477927346052,54.39359361049727],[12.093385696411133,54.27390670776367],[11.398930549621582,54.138362884521484],[11.397537231445312,54.00291442871094],[10.879310607910156,54.07062530517578],[11.053302764892578,54.20612335205078],[11.054854393005371,54.4095458984375],[10.274396896362305,54.47740173339844],[10.187621116638184,54.47740173339844],[9.927618026733398,54.27390670776367],[9.148486137390137,54.20612335205078],[8.887362480163574,54.341712951660156],[8.802155494689941,54.20612335205078],[8.80289077758789,54.138362884521484],[8.892172813415527,53.86756134033203],[8.459527015686035,53.93522644042969],[8.37701416015625,53.664710998535156],[8.204607963562012,53.664710998535156],[8.120620727539062,53.52959060668945],[7.94840145111084,53.52959060668945],[8.032201766967773,53.664710998535156],[7.944795608520508,53.732303619384766],[7.082295417785645,53.732303619384766],[6.913325786590576,53.597137451171875],[6.916844367980957,53.462066650390625],[6.226210117340088,53.52959060668945],[5.542333602905273,53.39456558227539],[5.20894193649292,53.124786376953125],[5.385728359222412,52.99003219604492],[5.390830039978027,52.85536575317383],[5.053669929504395,52.720787048339844],[5.056382656097412,52.653533935546875],[4.970867156982422,52.653533935546875],[4.871281623840332,52.99003219604492],[4.785540580749512,52.99003219604492],[4.862768650054932,53.192195892333984],[4.691011905670166,53.192195892333984],[4.608114719390869,53.124786376953125],[4.702715873718262,52.92268753051758],[4.534325122833252,52.85536575317383],[4.463808536529541,52.51908493041992],[4.21693229675293,52.31757736206055],[4.223166942596436,52.18334197998047],[3.974021434783936,52.0491943359375],[3.980464458465576,51.91512680053711],[3.810401916503906,51.91512680053711],[3.81699013710022,51.78114318847656],[3.647099733352661,51.78114318847656],[3.738690614700317,51.64724349975586],[3.399252653121948,51.64724349975586],[3.40621018409729,51.51342010498047],[3.999631881713867,51.51342010498047],[4.08440637588501,51.51342010498047],[4.087535381317139,51.44654083251953],[4.263070583343506,51.31283950805664],[4.269116878509521,51.17921447753906],[4.10617733001709,51.04566955566406],[4.034165859222412,50.77880859375],[3.538282871246338,50.578861236572266],[3.541608572006226,50.51224899291992],[3.544927835464478,50.445655822753906],[3.548239946365356,50.37908172607422],[3.632314682006836,50.37908172607422],[3.635580539703369,50.312522888183594],[3.638839721679688,50.2459831237793],[3.64209246635437,50.17946243286133],[3.726047992706299,50.17946243286133],[3.729254722595215,50.11296081542969],[3.813170909881592,50.11296081542969],[3.816332101821899,50.04647445678711],[3.900208711624146,50.04647445678711],[3.984085559844971,50.04647445678711],[3.987162351608276,49.98000717163086],[4.071000099182129,49.98000717163086],[4.067962169647217,50.04647445678711],[4.151839256286621,50.04647445678711],[4.154837608337402,49.98000717163086],[4.238675117492676,49.98000717163086],[4.322512626647949,49.98000717163086],[4.406350135803223,49.98000717163086],[4.490188121795654,49.98000717163086],[4.493024826049805,49.91355895996094],[4.576823711395264,49.91355895996094],[4.674346446990967,49.58156967163086],[4.85741138458252,49.18375015258789],[5.026719093322754,49.11750411987305],[4.865273475646973,48.98506164550781],[4.883440971374512,48.52202224731445],[5.217910766601562,48.455936431884766],[5.47376823425293,48.257774353027344],[5.480661869049072,48.059749603271484],[5.646180152893066,48.059749603271484],[5.818123817443848,47.86185836791992],[6.144739151000977,47.993770599365234],[6.890934467315674,47.92780685424805],[6.983439445495605,47.53233337402344],[6.985063552856445,47.46647262573242],[6.986684322357178,47.4006233215332],[6.988301277160645,47.33478927612305],[6.989914417266846,47.26897048950195],[6.907573699951172,47.26897048950195],[6.909217357635498,47.20316696166992],[6.826910972595215,47.20316696166992],[6.828584671020508,47.13737487792969],[6.103800296783447,46.61152267456055],[6.107663631439209,46.480194091796875],[5.947766780853271,46.348915100097656],[5.949744701385498,46.283294677734375],[5.867908954620361,46.283294677734375],[5.295057773590088,46.283294677734375],[5.147360801696777,45.82429504394531],[5.065754413604736,45.82429504394531],[5.068041324615479,45.75876998901367],[5.070321559906006,45.693260192871094],[5.478028297424316,45.693260192871094],[5.649256229400635,45.431331634521484],[5.812080860137939,45.431331634521484],[5.889627456665039,45.56227111816406]],[[7.701082229614258,44.5159797668457],[7.699938297271729,44.58129119873047],[7.698789119720459,44.64661407470703],[7.697634220123291,44.71194839477539],[7.696474075317383,44.77729415893555],[7.695308685302734,44.842647552490234],[7.939755439758301,44.77729415893555],[7.864093780517578,44.45067596435547],[7.701082229614258,44.5159797668457]],[[12.730218887329102,51.44654083251953],[12.644350051879883,51.37968063354492],[12.645486831665039,51.44654083251953],[12.730218887329102,51.44654083251953]],[[13.58568286895752,51.78114318847656],[13.586510930577386,51.81462605314726],[13.670628547668457,51.78114318847656],[13.667257308959961,51.64724349975586],[13.668937683105469,51.71418380737305],[13.670628547668457,51.78114318847656],[13.58568286895752,51.78114318847656]],[[13.502351760864258,51.84812545776367],[13.503973960876465,51.91512680053711],[13.589005470275879,51.91512680053711],[13.502351760864258,51.84812545776367]],[[13.5560941696167,46.02093505859375],[13.474390029907227,46.02093505859375],[13.309985160827637,45.95537567138672],[13.31297492980957,46.1520881652832],[13.47651481628418,46.1520881652832],[13.5560941696167,46.02093505859375]]],[[[27.880273818969727,56.731075286865234],[27.791820526123047,56.731075286865234],[27.162372589111328,56.662349700927734],[27.182950973510742,56.799827575683594],[26.82892417907715,56.799827575683594],[26.455169677734375,56.662349700927734],[26.59242820739746,56.387733459472656],[26.86699676513672,56.45634460449219],[26.92516326904297,56.25059127807617],[27.091259002685547,56.182064056396484],[26.80741310119629,56.04508590698242],[26.367769241333008,56.04508590698242],[26.318201065063477,56.319149017333984],[26.072818756103516,56.45634460449219],[26.18030548095703,56.59365463256836],[25.94385528564453,56.799827575683594],[25.766841888427734,56.799827575683594],[25.69721221923828,56.937416076660156],[25.50132179260254,56.799827575683594],[24.527748107910156,56.799827575683594],[24.439241409301758,56.799827575683594],[23.81141471862793,56.731075286865234],[23.739437103271484,56.86860656738281],[23.473756790161133,56.86860656738281],[23.667341232299805,57.00625228881836],[23.40944480895996,57.07511901855469],[22.851024627685547,57.62710189819336],[22.672710418701172,57.62710189819336],[22.746185302734375,57.488929748535156],[22.374841690063477,57.35087585449219],[22.204421997070312,57.41988754272461],[22.00445556640625,57.21294021606445],[21.649137496948242,57.21294021606445],[21.677616119384766,57.488929748535156],[21.506582260131836,57.55800247192383],[21.307584762573242,57.35087585449219],[21.280134201049805,57.07511901855469],[21.36885643005371,57.07511901855469],[21.41634750366211,56.662349700927734],[21.232851028442383,56.59365463256836],[21.24626350402832,56.731075286865234],[20.987478256225586,56.799827575683594],[20.954788208007812,56.45634460449219],[20.866546630859375,56.45634460449219],[20.92256736755371,56.11355972290039],[20.916179656982422,56.04508590698242],[21.56563377380371,56.387733459472656],[21.57248306274414,56.45634460449219],[21.695531845092773,56.799827575683594],[21.86543846130371,56.731075286865234],[21.769948959350586,56.662349700927734],[21.844234466552734,56.524986267089844],[22.19741439819336,56.524986267089844],[22.190176010131836,56.45634460449219],[24.1064510345459,56.25059127807617],[24.82863998413086,56.387733459472656],[25.066509246826172,56.182064056396484],[25.761505126953125,56.11355972290039],[25.8309326171875,55.97663879394531],[26.583187103271484,55.70311737060547],[26.865774154663086,55.83982467651367],[27.470035552978516,55.77145767211914],[27.971586227416992,56.182064056396484],[28.14765167236328,56.182064056396484],[28.123947143554688,56.59365463256836],[27.880273818969727,56.731075286865234]]],[[[21.769948959350586,56.662349700927734],[21.77698516845703,56.731075286865234],[21.68853187561035,56.731075286865234],[21.681549072265625,56.662349700927734],[21.769948959350586,56.662349700927734]]],[[[22.432353973388672,58.66725540161133],[22.50644874572754,58.528167724609375],[22.303327560424805,58.31977081298828],[22.213611602783203,58.31977081298828],[21.93695068359375,58.2503662109375],[22.01906394958496,58.180992126464844],[21.899707794189453,57.903804779052734],[22.078466415405273,57.903804779052734],[22.287872314453125,58.180992126464844],[22.93134117126465,58.31977081298828],[22.76801872253418,58.45867156982422],[22.882360458374023,58.66725540161133],[22.432353973388672,58.66725540161133]]],[[[28.026525497436523,59.294734954833984],[28.03827770943572,59.36459514969338],[28.061809539794922,59.504478454589844],[27.88040542602539,59.504478454589844],[26.79198455810547,59.504478454589844],[26.45072364807129,59.64447021484375],[25.370975494384766,59.714515686035156],[25.350799560546875,59.574459075927734],[24.715471267700195,59.574459075927734],[23.59966468811035,59.36461639404297],[23.491540908813477,59.22488784790039],[23.844436645507812,59.15507125854492],[23.9168701171875,59.015533447265625],[24.106542587280273,59.08528518676758],[24.0883846282959,58.94581604003906],[24.359081268310547,58.94581604003906],[24.520912170410156,58.80647277832031],[24.41238021850586,58.66725540161133],[24.592384338378906,58.66725540161133],[24.57384490966797,58.528167724609375],[24.38495445251465,58.45867156982422],[24.357757568359375,58.2503662109375],[24.268098831176758,58.2503662109375],[24.232419967651367,57.97305679321289],[24.59926414489746,58.042335510253906],[25.027973175048828,57.903804779052734],[25.009334564208984,57.7653923034668],[24.920066833496094,57.7653923034668],[24.990800857543945,57.62710189819336],[24.72332763671875,57.62710189819336],[24.78520965576172,57.41988754272461],[24.60722541809082,57.41988754272461],[24.402847290039062,57.21294021606445],[24.144969940185547,57.28189468383789],[23.9417724609375,57.07511901855469],[24.447917938232422,56.86860656738281],[24.820016860961914,57.00625228881836],[25.26335334777832,57.00625228881836],[25.468799591064453,57.21294021606445],[25.487674713134766,57.35087585449219],[25.31916618347168,57.41988754272461],[25.42708396911621,57.55800247192383],[25.961698532104492,57.55800247192383],[25.942115783691406,57.41988754272461],[26.643869400024414,57.35087585449219],[26.89006996154785,57.21294021606445],[27.255897521972656,57.28189468383789],[27.198556900024414,57.488929748535156],[27.29826726424591,57.557991314108996],[27.398048400878906,57.62710189819336],[27.403390857063933,57.661394243965894],[27.43037223815918,57.8345832824707],[27.251724243164062,57.8345832824707],[27.273202896118164,57.97305679321289],[27.105005264282227,58.042335510253906],[26.73659324645996,57.97305679321289],[26.72052574157715,58.45867156982422],[26.83169937133789,58.59769821166992],[26.75241470336914,58.66725540161133],[26.932416915893555,58.66725540161133],[26.874746322631836,58.876129150390625],[27.404638290405273,58.80647277832031],[27.370315551757812,59.15507125854492],[27.641536712646484,59.15507125854492],[27.731943130493164,59.15507125854492],[28.026525497436523,59.294734954833984]]],[[[23.68366241455078,58.59769821166992],[23.872373580932617,58.66725540161133],[23.709863662719727,58.80647277832031],[23.619747161865234,58.80647277832031],[23.43092918395996,58.73685073852539],[23.486656188964844,58.45867156982422],[23.666316986083984,58.45867156982422],[23.68366241455078,58.59769821166992]]],[[[22.898815155029297,58.80647277832031],[22.841659545898438,59.08528518676758],[22.389917373657227,59.08528518676758],[22.381933212280273,59.015533447265625],[22.898815155029297,58.80647277832031]]]]},"properties":{"Name":"(Holy Roman Empire)","FromYear":1395,"ToYear":1401,"Area":1035034.3738465474,"Type":"POLITY","Wikipedia":"Holy Roman Empire","Wikidata":"Q12548","SeshatID":"de_empire_3","Components":"Swiss Confederation;(Kingdom of Bohemia);County of Savoy;Republic of Florence;Principality of Orange;Kingdom of Bohemia;Electorate of Trier;House of Habsburg;Margraviate of Moravia;House of Ascania;Electorate of Saxony;Teutonic Order;Margraviate of Brandenburg;Holy Roman Empire Minor States;Duchy of Bavaria;County of Brabant;Patriarchate of Aquileia","MemberOf":""}},
{"type":"Feature","geometry":{"type":"Polygon","coordinates":[[[15.646231651306152,52.31757736206055],[15.48926830291748,52.653533935546875],[16.097135543823242,52.85536575317383],[16.02382469177246,53.124786376953125],[16.109657287597656,53.124786376953125],[16.119178771972656,53.32708740234375],[16.294410705566406,53.39456558227539],[16.301027297973633,53.52959060668945],[16.476667404174805,53.597137451171875],[16.400707244873047,53.799922943115234],[16.314411163330078,53.799922943115234],[16.411012649536133,54.00291442871094],[15.982036590576172,54.07062530517578],[15.969222068786621,53.799922943115234],[16.055519104003906,53.799922943115234],[16.052295684814453,53.732303619384766],[15.704273223876953,53.664710998535156],[15.78133487701416,53.462066650390625],[15.439932823181152,53.52959060668945],[15.25675106048584,53.25962829589844],[14.82464599609375,53.192195892333984],[14.6481351852417,53.057395935058594],[14.476561546325684,53.057395935058594],[14.22566032409668,53.25962829589844],[14.316027641296387,53.39456558227539],[13.89604663848877,53.732303619384766],[13.54919719696045,53.664710998535156],[13.196187019348145,53.32708740234375],[12.16561222076416,53.39456558227539],[11.910387992858887,53.597137451171875],[11.738075256347656,53.597137451171875],[11.563496589660645,53.39456558227539],[11.306057929992676,53.462066650390625],[11.132898330688477,53.32708740234375],[11.157166299891088,53.288511959440115],[11.217759132385254,53.192195892333984],[11.38951587677002,53.192195892333984],[11.388239860534668,53.057395935058594],[11.216666221618652,53.057395935058594],[11.0437593460083,52.85536575317383],[11.127049446105957,52.51908493041992],[11.896748542785645,52.586299896240234],[12.32740306854248,52.78806686401367],[12.325196266174316,52.653533935546875],[12.578080177307129,52.4518928527832],[12.4050874710083,52.31757736206055],[12.402885437011719,52.18334197998047],[13.422128677368164,52.0491943359375],[13.425350189208984,52.18334197998047],[13.940366744995117,52.31757736206055],[14.360513687133789,52.11625671386719],[14.615998268127441,52.11625671386719],[14.779444694519043,51.91512680053711],[15.131959915161133,52.250450134277344],[15.470279693603516,52.18334197998047],[15.646231651306152,52.31757736206055]]]},"properties":{"Name":"Margraviate of Brandenburg","FromYear":1395,"ToYear":1401,"Area":41922.627013106416,"Type":"POLITY","Wikipedia":"Margraviate of Brandenburg","Wikidata":"Q148499","SeshatID":"de_empire_3","Components":"","MemberOf":"(Holy Roman Empire)"}},
{"type":"Feature","geometry":{"type":"MultiPolygon","coordinates":[[[[0.116432055830956,42.75628662109375],[0.196577131748199,42.75628662109375],[0.520835757255554,42.691246032714844],[0.673818349838257,42.82133865356445],[0.994516909122467,42.82133865356445],[1.074691534042358,42.82133865356445],[1.485537886619568,42.62621307373047],[1.565624117851257,42.62621307373047],[1.645710229873657,42.62621307373047],[1.725796341896057,42.62621307373047],[1.72901451587677,42.56119155883789],[1.80907130241394,42.56119155883789],[2.517835140228271,42.82133865356445],[2.749729871749878,43.016544342041016],[2.990521192550659,43.016544342041016],[2.987718343734741,43.08163070678711],[3.140029191970825,43.276947021484375],[3.617136240005493,43.407203674316406],[3.850892543792725,43.6026611328125],[4.173032760620117,43.6026611328125],[4.258322238922119,43.472347259521484],[4.338796615600586,43.472347259521484],[4.419270515441895,43.472347259521484],[4.577967166900635,43.53750228881836],[5.386905193328857,43.407203674316406],[5.390771865844727,43.276947021484375],[5.631923198699951,43.276947021484375],[5.796233177185059,43.146724700927734],[6.517646789550781,43.211830139160156],[6.593565464019775,43.407203674316406],[6.753026008605957,43.472347259521484],[6.833500385284424,43.472347259521484],[6.832098007202148,43.53750228881836],[6.91260290145874,43.53750228881836],[6.829278945922852,43.6678352355957],[6.668147563934326,43.6678352355957],[6.660702705383301,43.99384307861328],[6.898605823516846,44.18956756591797],[6.895741939544678,44.32010269165039],[6.966631412506104,44.77729415893555],[6.637507915496826,44.973392486572266],[6.634309768676758,45.10417556762695],[6.309300899505615,45.10417556762695],[6.21734094619751,45.496795654296875],[5.889627456665039,45.56227111816406],[5.812080860137939,45.431331634521484],[5.649256229400635,45.431331634521484],[5.478028297424316,45.693260192871094],[5.070321559906006,45.693260192871094],[5.068041324615479,45.75876998901367],[5.065754413604736,45.82429504394531],[5.147360801696777,45.82429504394531],[5.295057773590088,46.283294677734375],[5.867908954620361,46.283294677734375],[5.949744701385498,46.283294677734375],[5.947766780853271,46.348915100097656],[6.107663631439209,46.480194091796875],[6.103800296783447,46.61152267456055],[6.828584671020508,47.13737487792969],[6.826910972595215,47.20316696166992],[6.909217357635498,47.20316696166992],[6.907573699951172,47.26897048950195],[6.989914417266846,47.26897048950195],[6.988301277160645,47.33478927612305],[6.986684322357178,47.4006233215332],[6.985063552856445,47.46647262573242],[6.983439445495605,47.53233337402344],[6.890934467315674,47.92780685424805],[6.144739151000977,47.993770599365234],[5.818123817443848,47.86185836791992],[5.646180152893066,48.059749603271484],[5.480661869049072,48.059749603271484],[5.47376823425293,48.257774353027344],[5.217910766601562,48.455936431884766],[4.883440971374512,48.52202224731445],[4.865273475646973,48.98506164550781],[5.026719093322754,49.11750411987305],[4.85741138458252,49.18375015258789],[4.674346446990967,49.58156967163086],[4.576823711395264,49.91355895996094],[4.493024826049805,49.91355895996094],[4.490188121795654,49.98000717163086],[4.406350135803223,49.98000717163086],[4.322512626647949,49.98000717163086],[4.238675117492676,49.98000717163086],[4.154837608337402,49.98000717163086],[4.071000099182129,49.98000717163086],[3.987162351608276,49.98000717163086],[3.984085559844971,50.04647445678711],[3.900208711624146,50.04647445678711],[3.816332101821899,50.04647445678711],[3.813170909881592,50.11296081542969],[3.729254722595215,50.11296081542969],[3.726047992706299,50.17946243286133],[3.64209246635437,50.17946243286133],[3.638839721679688,50.2459831237793],[3.635580539703369,50.312522888183594],[3.632314682006836,50.37908172607422],[3.548239946365356,50.37908172607422],[3.544927835464478,50.445655822753906],[3.541608572006226,50.51224899291992],[3.538282871246338,50.578861236572266],[4.034165859222412,50.77880859375],[4.10617733001709,51.04566955566406],[4.269116878509521,51.17921447753906],[4.263070583343506,51.31283950805664],[4.087535381317139,51.44654083251953],[4.002803325653076,51.44654083251953],[3.155481338500977,51.44654083251953],[2.993350267410278,51.31283950805664],[2.159061908721924,51.112430572509766],[2.074539184570312,51.112430572509766],[2.090827465057373,50.84549331665039],[1.841925024986267,50.77880859375],[1.846086263656616,50.71213912963867],[1.785665393321186,50.77880859375],[1.664775252342224,50.912200927734375],[1.6365936370134901,50.912200927734375],[1.580376505851746,50.912200927734375],[1.495977640151978,50.912200927734375],[1.433403611183167,50.578861236572266],[1.454967975616455,50.2459831237793],[1.216153383255005,50.04647445678711],[0.224112883210182,49.84712600708008],[-0.012448177672923,49.64793395996094],[0.007001183927059,49.38258361816406],[-1.250783205032349,49.44889450073242],[-1.361783027648926,49.78071212768555],[-2.031550645828247,49.78071212768555],[-1.913302421569824,49.38258361816406],[-1.651668906211853,49.2500114440918],[-1.635041356086731,49.051273345947266],[-1.718345284461975,49.051273345947266],[-1.607621908187866,48.72037124633789],[-1.602181315422058,48.654239654541016],[-1.685264110565186,48.654239654541016],[-2.521934509277344,48.72037124633789],[-2.759404182434082,48.5881233215332],[-3.122164011001587,48.91886520385742],[-3.455082654953003,48.91886520385742],[-3.60882043838501,48.786521911621094],[-4.018082618713379,48.72037124633789],[-4.10120153427124,48.72037124633789],[-3.972950458526611,48.257774353027344],[-3.279724597930908,47.92780685424805],[-3.344320774078369,47.730003356933594],[-3.338321685791016,47.664100646972656],[-3.155531167984009,47.46647262573242],[-2.837259292602539,47.598209381103516],[-2.825755596160889,47.46647262573242],[-2.578423976898193,47.46647262573242],[-2.561590671539307,47.26897048950195],[-2.232228517532349,47.26897048950195],[-2.133697032928467,47.07159423828125],[-2.128328084945679,47.005828857421875],[-2.210532188415527,47.005828857421875],[-2.194406032562256,46.808616638183594],[-1.666043281555176,46.348915100097656],[-1.251809358596802,46.283294677734375],[-1.222735166549683,45.889827728271484],[-1.141096234321594,45.889827728271484],[-1.213142395019531,45.75876998901367],[-1.04058039188385,45.62776184082031],[-1.035891175270081,45.56227111816406],[-0.4522345662117,45.36587905883789],[-0.443411976099014,45.23500442504883],[-0.280779838562012,45.23500442504883],[-0.190878316760063,45.10417556762695],[-0.17808398604393,44.908016204833984],[-0.071827687323093,44.5159797668457],[0.037705771625042,44.05907440185547],[0.041743285953999,43.99384307861328],[-0.038975734263659,43.99384307861328],[-0.119694747030735,43.99384307861328],[-0.200413763523102,43.99384307861328],[-0.281132787466049,43.99384307861328],[-0.32871425151825,43.472347259521484],[-0.654836595058441,43.53750228881836],[-1.044264197349548,43.342071533203125],[-0.870625078678131,43.146724700927734],[-0.857915937900543,42.95146560668945],[-0.288277387619019,42.82133865356445],[-0.208102732896805,42.82133865356445],[-0.204148232936859,42.75628662109375],[-0.124003164470196,42.75628662109375],[-0.08396929866725178,42.75628662109375],[-0.043858088552952,42.75628662109375],[0.036286983639002,42.75628662109375],[0.040142297744751,42.691246032714844],[0.120257876813412,42.691246032714844],[0.116432055830956,42.75628662109375]],[[5.280318260192871,44.25482940673828],[5.199475288391113,44.25482940673828],[5.288479328155518,43.99384307861328],[5.048438549041748,43.92862319946289],[4.97415018081665,43.73301696777344],[4.730143547058105,43.79821014404297],[4.727918148040771,43.86341094970703],[4.725685596466064,43.92862319946289],[4.723446369171143,43.99384307861328],[4.763816781019256,43.99384307861328],[4.804165363311768,43.99384307861328],[4.801949977874756,44.05907440185547],[4.799726963043213,44.12431716918945],[4.797497272491455,44.18956756591797],[4.628954887390137,44.38538360595703],[4.95257568359375,44.38538360595703],[5.029144287109375,44.5159797668457],[5.193189144134521,44.45067596435547],[5.280318260192871,44.25482940673828]]],[[[7.701082229614258,44.5159797668457],[7.864093780517578,44.45067596435547],[7.939755439758301,44.77729415893555],[7.695308685302734,44.842647552490234],[7.696474075317383,44.77729415893555],[7.697634220123291,44.71194839477539],[7.698789119720459,44.64661407470703],[7.699938297271729,44.58129119873047],[7.701082229614258,44.5159797668457]]]]},"properties":{"Name":"(Kingdom of France)","FromYear":1395,"ToYear":1401,"Area":462404.7206683673,"Type":"POLITY","Wikipedia":"Kingdom of France","Wikidata":"Q207162","SeshatID":"fr_valois_k_1","Components":"Duchy of Brittany;House of Valois-Anjou;County of Blôis;County of Béarn;County of Foix;County of Touraine;Kingdom of France;Duchy of Aquitaine;Duchy of Burgundy;County of Périgord;County of Armagnac;County of Auvergne;House of Bourbon","MemberOf":""}},
{"type":"Feature","geometry":{"type":"MultiPolygon","coordinates":[[[[-8.36954402923584,52.653533935546875],[-8.37929916381836,52.720787048339844],[-8.464859962463379,52.720787048339844],[-8.456147529090426,52.66100298670118],[-8.455059051513672,52.653533935546875],[-8.36954402923584,52.653533935546875]]],[[[-6.325851917266846,52.720787048339844],[-6.411412239074707,52.720787048339844],[-6.402688503265381,52.653533935546875],[-6.317173004150391,52.653533935546875],[-6.325851917266846,52.720787048339844]]],[[[-6.283822536468506,53.057395935058594],[-6.275067806243896,52.99003219604492],[-6.189326763153076,52.99003219604492],[-6.198035717010498,53.057395935058594],[-6.283822536468506,53.057395935058594]]],[[[-6.283822536468506,53.057395935058594],[-6.292601108551025,53.124786376953125],[-6.378433704376221,53.124786376953125],[-6.369609355926514,53.057395935058594],[-6.283822536468506,53.057395935058594]]],[[[10.62817668914795,55.97663879394531],[10.452422142028809,55.97663879394531],[10.364044189453125,55.77145767211914],[10.539490699768066,55.77145767211914],[10.627213478088379,55.77145767211914],[10.62817668914795,55.97663879394531]]],[[[10.187621116638184,54.47740173339844],[10.187661170959473,54.545284271240234],[9.9271879196167,54.545284271240234],[10.013643264770508,55.021148681640625],[9.926376342773438,55.089229583740234],[10.536654472351074,55.021148681640625],[10.535674095153809,54.74907684326172],[10.709615707397461,54.74907684326172],[10.884882926940918,54.95309066772461],[10.800582885742188,55.430015563964844],[10.625955581665039,55.498252868652344],[10.626581192016602,55.63479995727539],[9.750565528869629,55.56651306152344],[9.750177383422852,55.70311737060547],[9.925520896911621,55.70311737060547],[10.013073921203613,55.90821838378906],[10.276667594909668,55.97663879394531],[10.277146339416504,56.25059127807617],[10.36523151397705,56.25059127807617],[10.364885330200195,56.11355972290039],[10.540846824645996,56.11355972290039],[10.541122436523438,56.182064056396484],[10.805220603942871,56.182064056396484],[10.895707130432129,56.524986267089844],[10.277772903442383,56.59365463256836],[10.278702735900879,57.07511901855469],[10.545770645141602,57.28189468383789],[10.458671569824219,57.7653923034668],[9.923136711120605,57.696231842041016],[9.834181785583496,57.55800247192383],[9.655976295471191,57.55800247192383],[9.656455039978027,57.41988754272461],[9.39068603515625,57.21294021606445],[8.502391815185547,57.21294021606445],[8.239216804504395,57.00625228881836],[8.241414070129395,56.86860656738281],[8.152853965759277,56.86860656738281],[8.243602752685547,56.731075286865234],[7.979492664337158,56.662349700927734],[7.989406585693359,56.11355972290039],[8.077386856079102,56.11355972290039],[7.997951984405518,55.63479995727539],[8.085573196411133,55.63479995727539],[8.087891578674316,55.498252868652344],[8.350449562072754,55.498252868652344],[8.52729320526123,55.36180877685547],[8.529091835021973,55.225467681884766],[8.441773414611816,55.225467681884766],[8.534452438354492,54.817054748535156],[8.797733306884766,54.613189697265625],[8.799209594726562,54.47740173339844],[8.539765357971191,54.4095458984375],[8.54152774810791,54.27390670776367],[8.715572357177734,54.20612335205078],[8.802155494689941,54.20612335205078],[8.887362480163574,54.341712951660156],[9.148486137390137,54.20612335205078],[9.927618026733398,54.27390670776367],[10.187621116638184,54.47740173339844]]],[[[14.64396858215332,55.29362487792969],[14.636160850524902,55.089229583740234],[15.069417953491211,55.021148681640625],[15.077948570251465,55.225467681884766],[14.990630149841309,55.225467681884766],[14.64396858215332,55.29362487792969]]],[[[11.795514106750488,57.62710189819336],[11.794431686401367,57.55800247192383],[11.792279243469238,57.41988754272461],[12.058022499084473,57.35087585449219],[12.14184856414795,57.07511901855469],[12.405158996582031,56.937416076660156],[12.402325630187988,56.799827575683594],[12.75311279296875,56.662349700927734],[12.749893188476562,56.524986267089844],[12.573304176330566,56.524986267089844],[12.656968116760254,56.319149017333984],[12.480693817138672,56.319149017333984],[12.477840423583984,56.182064056396484],[11.860556602478027,56.11355972290039],[11.768598556518555,55.83982467651367],[11.595718383789062,56.04508590698242],[11.331932067871094,56.04508590698242],[11.241952896118164,55.83982467651367],[10.890382766723633,55.77145767211914],[10.889443397521973,55.63479995727539],[11.064117431640625,55.56651306152344],[10.974503517150879,55.29362487792969],[11.497906684875488,55.225467681884766],[11.670741081237793,55.089229583740234],[11.66806411743164,54.88506317138672],[10.97249698638916,55.021148681640625],[10.88355827331543,54.74907684326172],[12.101152420043945,54.74907684326172],[12.107980728149414,55.15733337402344],[12.371088027954102,55.225467681884766],[12.375022888183594,55.430015563964844],[12.202529907226562,55.56651306152344],[12.555678367614746,55.70311737060547],[12.561474800109863,55.97663879394531],[12.908012390136719,55.77145767211914],[12.903090476989746,55.56651306152344],[12.726422309875488,55.498252868652344],[12.810799598693848,55.36180877685547],[14.296913146972656,55.36180877685547],[14.228706359863281,55.90821838378906],[14.319018363952637,55.97663879394531],[14.758404731750488,55.97663879394531],[14.76668930053711,56.182064056396484],[15.819687843322754,56.11355972290039],[16.094310760498047,56.319149017333984],[16.09789276123047,56.387733459472656],[15.928498268127441,56.524986267089844],[13.458279609680176,56.59365463256836],[13.291296005249023,56.937416076660156],[13.115922927856445,57.00625228881836],[13.119647979736328,57.14401626586914],[12.945629119873047,57.28189468383789],[12.333296775817871,57.7653923034668],[11.976224899291992,57.7653923034668],[11.795514106750488,57.62710189819336]]],[[[19.04520034790039,57.97305679321289],[18.598026275634766,57.97305679321289],[18.230064392089844,57.8345832824707],[18.031593322753906,57.55800247192383],[18.02667236328125,57.488929748535156],[18.076435089111328,56.937416076660156],[18.342275619506836,56.937416076660156],[18.45128059387207,57.21294021606445],[18.911693572998047,57.41988754272461],[18.844388961791992,57.696231842041016],[19.03397560119629,57.8345832824707],[19.04520034790039,57.97305679321289]]]]},"properties":{"Name":"(Kingdom of Denmark)","FromYear":1395,"ToYear":1401,"Area":95830.075125328,"Type":"POLITY","Wikipedia":"Danish Realm","Wikidata":"Q756617","SeshatID":"dk_danish_k","Components":"Kingdom of Denmark","MemberOf":""}},
{"type":"Feature","geometry":{"type":"MultiPolygon","coordinates":[[[[38.84877014160156,38.60969924926758],[38.87467575073242,38.80344009399414],[40.74570846557617,39.25570297241211],[40.76475524902344,39.38497543334961],[41.02999496459961,39.57893371582031],[41.059410095214844,39.77294921875],[40.04360580444336,39.8376350402832],[39.73749542236328,39.90232849121094],[39.67759704589844,40.031734466552734],[38.98551940917969,40.16116714477539],[38.84621047973633,40.29063034057617],[38.21356201171875,40.29063034057617],[37.8731689453125,40.6791877746582],[37.16904830932617,40.74397277832031],[36.878971099853516,40.93837356567383],[36.63197708129883,40.873565673828125],[36.47333526611328,40.873565673828125],[36.411773681640625,41.00318908691406],[36.244178771972656,40.93837356567383],[36.23536682128906,40.873565673828125],[36.15604782104492,40.873565673828125],[36.076725006103516,40.873565673828125],[34.87857437133789,40.80876541137695],[34.59186935424805,40.42012023925781],[33.94318771362305,40.29063034057617],[33.76963806152344,40.16116714477539],[33.56645965576172,39.77294921875],[34.37062454223633,39.90232849121094],[34.43406677246094,39.77294921875],[35.05714797973633,39.70827102661133],[34.677574157714844,38.48057174682617],[34.890830993652344,38.28691864013672],[35.204063415527344,38.28691864013672],[35.345943450927734,38.157840728759766],[35.39495086669922,37.89975357055664],[35.47311782836914,37.89975357055664],[35.46584701538086,37.835243225097656],[35.54399108886719,37.835243225097656],[35.622135162353516,37.835243225097656],[35.722381591796875,38.028785705566406],[36.050289154052734,38.157840728759766],[36.15907287597656,38.416015625],[36.480289459228516,38.48057174682617],[36.82565689086914,38.738853454589844],[38.84877014160156,38.60969924926758]]],[[[31.693260192871094,41.39224624633789],[31.613718032836914,41.39224624633789],[31.1800537109375,41.06801223754883],[30.62422752380371,41.06801223754883],[30.47923469543457,41.19768524169922],[29.20789337158203,41.19768524169922],[29.042552947998047,41.132843017578125],[29.10276222229004,40.93837356567383],[29.24864959716797,40.80876541137695],[29.493009567260742,40.873565673828125],[29.480079650878906,40.74397277832031],[28.91274642944336,40.614410400390625],[28.900379180908203,40.4848747253418],[29.046321868896484,40.355369567871094],[27.938817977905273,40.355369567871094],[27.944623947143555,40.42012023925781],[27.792133331298828,40.4848747253418],[27.695789337158203,40.29063034057617],[27.537628173828125,40.29063034057617],[27.46982192993164,40.42012023925781],[26.673099517822266,40.355369567871094],[26.683887481689453,40.4848747253418],[26.604726791381836,40.4848747253418],[26.2723331451416,40.29063034057617],[26.132457733154297,39.51427459716797],[26.84657859802246,39.57893371582031],[26.742225646972656,39.25570297241211],[26.894468307495117,39.19107437133789],[26.879291534423828,38.997230529785156],[26.95786476135254,38.997230529785156],[26.952821731567383,38.93262481689453],[28.523780822753906,38.93262481689453],[28.61906623840332,39.1264533996582],[28.776309967041016,39.1264533996582],[28.895294189453125,39.57893371582031],[29.3012752532959,39.70827102661133],[30.950529098510742,39.64360046386719],[31.180400848388672,39.57893371582031],[31.154281616210938,39.320335388183594],[31.613252639770508,39.19107437133789],[32.485225677490234,39.25570297241211],[32.49903106689453,39.38497543334961],[32.65647506713867,39.38497543334961],[32.77772903442383,39.77294921875],[32.74226760864258,40.16116714477539],[32.74960708618164,40.225894927978516],[32.67055130004883,40.225894927978516],[32.67789077758789,40.29063034057617],[32.75697326660156,40.29063034057617],[32.764366149902344,40.355369567871094],[32.613521575927734,40.42012023925781],[32.635799407958984,40.614410400390625],[32.55658721923828,40.614410400390625],[32.601707458496094,41.00318908691406],[32.37110900878906,41.06801223754883],[32.30678939819336,41.19768524169922],[31.981510162353516,41.132843017578125],[31.693260192871094,41.39224624633789]]],[[[26.22477912902832,40.6791877746582],[26.145538330078125,40.6791877746582],[26.140260696411133,40.614410400390625],[26.21947479248047,40.614410400390625],[26.22477912902832,40.6791877746582]]],[[[28.432037353515625,41.39224624633789],[28.27918243408203,41.45711898803711],[28.21833038330078,41.65177917480469],[27.979368209838867,41.65177917480469],[28.004253387451172,41.911441802978516],[27.783546447753906,42.10627746582031],[27.796031951904297,42.236209869384766],[27.494890213012695,42.43117141723633],[27.513538360595703,42.62621307373047],[27.84662628173828,42.75628662109375],[27.80489730834961,43.146724700927734],[27.89820098876953,43.276947021484375],[28.22636604309082,43.342071533203125],[28.159194946289062,43.472347259521484],[28.48109245300293,43.472347259521484],[28.616275787353516,43.99384307861328],[28.53555679321289,43.99384307861328],[28.576906204223633,44.38538360595703],[28.84072494506836,44.58129119873047],[28.802005767822266,44.973392486572266],[29.04557228088379,44.973392486572266],[29.024105072021484,44.77729415893555],[29.10519790649414,44.77729415893555],[29.112377166748047,44.842647552490234],[29.525348663330078,44.908016204833984],[29.658414840698242,45.36587905883789],[29.57703399658203,45.36587905883789],[29.58445930480957,45.431331634521484],[29.095985412597656,45.431331634521484],[28.667741775512695,45.23500442504883],[28.34939956665039,45.300437927246094],[28.281864166259766,45.431331634521484],[28.037626266479492,45.431331634521484],[27.861310958862305,45.300437927246094],[27.847858428955078,45.169586181640625],[27.99687957763672,45.03877639770508],[27.969886779785156,44.77729415893555],[27.801036834716797,44.71194839477539],[27.787734985351562,44.58129119873047],[27.943035125732422,44.5159797668457],[27.828874588012695,44.18956756591797],[27.492671966552734,44.05907440185547],[26.281423568725586,44.05907440185547],[25.84855079650879,43.73301696777344],[25.434297561645508,43.6026611328125],[24.7954044342041,43.6678352355957],[24.260427474975586,43.016544342041016],[23.452987670898438,42.95146560668945],[23.30677604675293,43.146724700927734],[22.909780502319336,43.211830139160156],[22.579370498657227,43.08163070678711],[22.56149673461914,42.82133865356445],[22.481321334838867,42.82133865356445],[22.539382934570312,42.496177673339844],[22.370676040649414,42.36617660522461],[21.323223114013672,42.236209869384766],[21.235557556152344,42.10627746582031],[20.83629035949707,42.10627746582031],[20.578678131103516,41.781593322753906],[20.4813289642334,41.45711898803711],[20.5573787689209,41.39224624633789],[20.546884536743164,41.19768524169922],[20.467424392700195,41.19768524169922],[20.529638290405273,40.873565673828125],[20.60896110534668,40.873565673828125],[20.59868621826172,40.6791877746582],[20.998435974121094,40.74397277832031],[21.214691162109375,40.355369567871094],[21.721254348754883,39.51427459716797],[22.16851043701172,39.06184005737305],[22.068891525268555,38.67427444458008],[21.990440368652344,38.67427444458008],[22.055156707763672,38.416015625],[22.13351058959961,38.416015625],[22.21186637878418,38.416015625],[22.210142816585535,38.383734363765385],[22.208419799804688,38.351463317871094],[22.28675079345703,38.351463317871094],[22.29022216796875,38.416015625],[22.368576049804688,38.416015625],[22.446931838989258,38.416015625],[22.525287628173828,38.416015625],[22.3934326171875,38.8680305480957],[22.943096160888672,38.8680305480957],[23.02161979675293,38.8680305480957],[22.95830535888672,39.1264533996582],[22.797286987304688,39.06184005737305],[22.816326141357422,39.38497543334961],[23.135168075561523,39.449623107910156],[22.610868453979492,39.90232849121094],[22.701663970947266,40.0964469909668],[22.543659210205078,40.0964469909668],[22.563520431518555,40.42012023925781],[22.567543029785156,40.4848747253418],[22.413206100463867,40.54964065551758],[22.421222686767578,40.6791877746582],[22.667186737060547,40.80876541137695],[23.142953872680664,40.80876541137695],[23.134389877319336,40.6791877746582],[23.1301326751709,40.614410400390625],[23.209346771240234,40.614410400390625],[23.13728407952858,40.42012023925781],[23.11326789855957,40.355369567871094],[23.73737335205078,40.225894927978516],[23.83857536315918,40.54964065551758],[23.684629440307617,40.614410400390625],[23.698017120361328,40.80876541137695],[24.010608673095703,40.74397277832031],[24.34656524658203,41.00318908691406],[25.849451065063477,40.93837356567383],[26.16149139404297,40.873565673828125],[26.193143766477508,40.77635060270899],[26.22477912902832,40.6791877746582],[26.62644386291504,40.74397277832031],[26.921367645263672,40.4848747253418],[27.017187118530273,40.6791877746582],[27.527481079101562,41.06801223754883],[28.077255249023438,41.00318908691406],[28.432037353515625,41.39224624633789]]]]},"properties":{"Name":"Ottoman Empire","FromYear":1395,"ToYear":1401,"Area":403705.80835282826,"Type":"POLITY","Wikipedia":"Ottoman Empire","Wikidata":"Q12560","SeshatID":"tr_ottoman_emirate","Components":"","MemberOf":""}},
{"type":"Feature","geometry":{"type":"MultiPolygon","coordinates":[[[[45,35.817275562300665],[45,42.25866758803593],[44.58973693847656,42.30118942260742],[44.12934494018555,41.97637939453125],[43.49097442626953,41.97637939453125],[43.13680648803711,41.781593322753906],[41.91884231567383,41.65177917480469],[41.74848937988281,41.586883544921875],[41.715553283691406,41.39224624633789],[41.2856330871582,41.19768524169922],[40.9532585144043,40.614410400390625],[40.932769775390625,40.4848747253418],[41.149749755859375,40.355369567871094],[41.3870735168457,40.355369567871094],[41.42521667480469,40.0964469909668],[41.86845779418945,39.90232849121094],[42.2734260559082,39.9670295715332],[42.489471435546875,39.8376350402832],[42.8155517578125,39.90232849121094],[43.110111236572266,39.77294921875],[43.099605560302734,39.70827102661133],[43.16796112060547,39.64360046386719],[43.057979583740234,39.449623107910156],[43.687950134277344,39.449623107910156],[43.488861083984375,39.19107437133789],[43.57450866699219,38.738853454589844],[43.7314567565918,38.738853454589844],[44.15129089355469,38.416015625],[44.13113784790039,38.28691864013672],[44.34591293334961,38.157840728759766],[44.30603790283203,37.89975357055664],[44.58888626098633,37.706241607666016],[44.627601623535156,37.44829177856445],[44.773807525634766,37.38381576538086],[44.74457931518555,37.1904182434082],[44.871337890625,36.9970588684082],[44.37583541870117,36.80373764038086],[44.3383903503418,36.5460319519043],[44.611854553222656,36.28839111328125],[44.593360900878906,36.15959167480469],[44.94412612915039,35.902034759521484],[45,35.817275562300665]]],[[[45,42.691246032714844],[45,48.82292661309222],[45,49.20143528716991],[45,56.086618076743854],[42.314048767089844,55.83982467651367],[42.22627258300781,55.83982467651367],[42.19496536254883,56.04508590698242],[42.21389389038086,56.11355972290039],[41.8432502746582,56.04508590698242],[41.63531494140625,56.25059127807617],[41.21335220336914,56.319149017333984],[41.23186492919922,56.387733459472656],[40.33198165893555,56.319149017333984],[40.15491485595703,55.97663879394531],[39.94414138793945,55.83982467651367],[39.3297233581543,55.83982467651367],[39.295616149902344,55.70311737060547],[39.12027359008789,55.70311737060547],[38.866424560546875,55.021148681640625],[38.453369140625,54.74907684326172],[37.80463409423828,54.95309066772461],[37.17942810058594,54.88506317138672],[36.54304885864258,55.15733337402344],[36.49785232543945,54.95309066772461],[35.9458122253418,54.817054748535156],[35.91665267944336,54.681121826171875],[35.728389739990234,54.613189697265625],[35.931175231933594,54.341712951660156],[35.888473615611375,54.138362884521484],[35.831607818603516,53.86756134033203],[35.90385437011719,53.799922943115234],[35.78958511352539,53.664710998535156],[35.99152435600222,53.664710998535156],[36.048194885253906,53.664710998535156],[35.95429723407539,53.57586905310983],[35.83401870727539,53.462066650390625],[35.765281677246094,53.124786376953125],[36.324440002441406,52.92268753051758],[36.426849365234375,52.586299896240234],[36.74110794067383,52.4518928527832],[37.013519287109375,52.11625671386719],[37.42543029785156,52.0491943359375],[37.482810974121094,51.91512680053711],[37.964942932128906,51.78114318847656],[37.93708801269531,51.64724349975586],[38.14987564086914,51.44654083251953],[38.09486770629883,51.17921447753906],[37.898712158203125,51.04566955566406],[37.83774185180664,50.312522888183594],[37.75370788574219,50.312522888183594],[37.543670654296875,49.64793395996094],[37.627315521240234,49.64793395996094],[37.59037399291992,49.44889450073242],[37.67390441894531,49.44889450073242],[37.70854187011719,49.18375015258789],[37.86311340332031,49.11750411987305],[37.83888244628906,48.98506164550781],[36.9367561340332,48.5881233215332],[36.687618255615234,48.5881233215332],[36.62726974487305,48.72037124633789],[36.306053161621094,48.786521911621094],[36.328697204589844,48.91886520385742],[36.079010009765625,48.91886520385742],[36.06777572631836,48.852684020996094],[35.8071174621582,48.786521911621094],[35.99578094482422,48.91886520385742],[36.007015228271484,48.98506164550781],[35.94626998901367,49.11750411987305],[35.77958679199219,49.11750411987305],[35.496402740478516,48.91886520385742],[35.026123046875,47.53233337402344],[34.37619400024414,47.598209381103516],[34.109092712402344,47.46647262573242],[34.079959869384766,47.26897048950195],[33.69384002685547,46.87434005737305],[32.918460845947266,46.61152267456055],[32.171756744384766,46.54585266113281],[32.16309356689453,46.480194091796875],[31.835351943969727,46.480194091796875],[31.81834602355957,46.348915100097656],[32.0639533996582,46.348915100097656],[32.683658599853516,46.08650588989258],[32.84713363647461,46.08650588989258],[32.946651458740234,46.21768569946289],[33.59191131591797,46.1520881652832],[33.610260009765625,46.283294677734375],[34.019439697265625,46.283294677734375],[34.0825309753418,46.1520881652832],[34.736690521240234,46.1520881652832],[34.75596237182617,46.283294677734375],[35.24697494506836,46.283294677734375],[35.634639739990234,46.677207946777344],[36.80437088012695,46.808616638183594],[36.90787887573242,46.94007873535156],[37.2257080078125,46.87434005737305],[37.16523361206055,47.005828857421875],[37.51609802246094,47.13737487792969],[38.6794548034668,47.20316696166992],[39.03213882446289,47.33478927612305],[39.1145133972168,47.33478927612305],[39.220611572265625,47.46647262573242],[39.52638626098633,47.33478927612305],[39.47877502441406,47.07159423828125],[39.2203369140625,47.005828857421875],[39.13813400268555,47.005828857421875],[38.62202453613281,46.87434005737305],[38.494598388671875,46.61152267456055],[37.83858108520508,46.61152267456055],[37.89856719970703,46.480194091796875],[38.36785888671875,46.348915100097656],[38.334564208984375,46.1520881652832],[37.89311981201172,45.95537567138672],[37.7577018737793,45.62776184082031],[37.59468460083008,45.62776184082031],[37.747013092041016,45.56227111816406],[37.704429626464844,45.300437927246094],[37.216339111328125,45.300437927246094],[37.17478561401367,45.03877639770508],[37.52848815917969,44.71194839477539],[38.014862060546875,44.71194839477539],[38.21527862548828,44.45067596435547],[39.057334115217984,44.1633441633101],[39.13375692640997,44.137266660997525],[39.17170674827628,44.12431716918945],[39.21016005269757,44.111195875699565],[39.36290740966797,44.05907440185547],[39.351905822753906,43.99384307861328],[40.033470153808594,43.73301696777344],[40.28654479980469,43.79821014404297],[40.26399612426758,43.6678352355957],[40.40254592895508,43.53750228881836],[41.115562438964844,43.472347259521484],[41.7125244140625,43.211830139160156],[42.98605728149414,43.146724700927734],[43.419063568115234,42.88639831542969],[43.65967559814453,42.88639831542969],[43.851112365722656,42.62621307373047],[44.541399433667316,42.725303348606914],[44.75723648071289,42.75628662109375],[44.83738327026367,42.75628662109375],[44.82474899291992,42.691246032714844],[45,42.691246032714844]]]]},"properties":{"Name":"(Alliance between Golden Horde and Timurid Empire)","FromYear":1395,"ToYear":1401,"Area":8257988.427860812,"Type":"RELATION","Wikipedia":"Golden Horde","Wikidata":"Q79965","SeshatID":"ru_golden_horde;uz_timurid_emp","Components":"Golden Horde;Timurid Empire","MemberOf":""}},
{"type":"Feature","geometry":{"type":"Polygon","coordinates":[[[7.701082229614258,44.5159797668457],[7.699938297271729,44.58129119873047],[7.698789119720459,44.64661407470703],[7.697634220123291,44.71194839477539],[7.696474075317383,44.77729415893555],[7.695308685302734,44.842647552490234],[7.529336929321289,45.03877639770508],[7.60564136505127,45.300437927246094],[8.581818580627441,45.300437927246094],[8.578357696533203,45.56227111816406],[8.088427543640137,45.62776184082031],[7.919662952423096,45.95537567138672],[7.347962379455566,45.95537567138672],[6.92860746383667,46.414546966552734],[6.355292797088623,46.414546966552734],[6.52780294418335,46.08650588989258],[6.776261329650879,45.95537567138672],[6.454796314239502,45.75876998901367],[6.291648864746094,45.75876998901367],[6.28804349899292,45.889827728271484],[6.043127059936523,45.889827728271484],[6.037380695343018,46.08650588989258],[5.87390661239624,46.08650588989258],[5.714531421661377,45.95537567138672],[5.722652435302734,45.693260192871094],[5.889627456665039,45.56227111816406],[6.21734094619751,45.496795654296875],[6.309300899505615,45.10417556762695],[6.634309768676758,45.10417556762695],[6.637507915496826,44.973392486572266],[6.966631412506104,44.77729415893555],[7.373385906219482,44.71194839477539],[7.456940650939941,44.58129119873047],[7.458178520202637,44.5159797668457],[7.460638523101807,44.38538360595703],[7.221852779388428,44.18956756591797],[6.895741939544678,44.32010269165039],[6.898605823516846,44.18956756591797],[6.660702705383301,43.99384307861328],[6.668147563934326,43.6678352355957],[6.829278945922852,43.6678352355957],[6.91260290145874,43.53750228881836],[6.993107318878174,43.53750228881836],[7.229573249816895,43.79821014404297],[7.310199737548828,43.79821014404297],[7.388396263122559,43.92862319946289],[7.629331111907959,43.99384307861328],[7.62705659866333,44.12431716918945],[7.701082229614258,44.5159797668457]]]},"properties":{"Name":"County of Savoy","FromYear":1395,"ToYear":1401,"Area":25458.29715042054,"Type":"POLITY","Wikipedia":"County of Savoy","Wikidata":"Q1232887","SeshatID":"de_empire_3","Components":"","MemberOf":"(Holy Roman Empire)"}},
{"type":"Feature","geometry":{"type":"Polygon","coordinates":[[[27.861310958862305,45.300437927246094],[27.630565643310547,45.431331634521484],[26.659894943237305,45.496795654296875],[26.41556167602539,45.496795654296875],[26.240449905395508,45.36587905883789],[26.10191535949707,45.62776184082031],[25.93889808654785,45.62776184082031],[25.84545135498047,45.496795654296875],[25.438228607177734,45.496795654296875],[25.34526824951172,45.36587905883789],[25.042299270629883,45.62776184082031],[23.483562469482422,45.496795654296875],[23.47352409362793,45.36587905883789],[23.138248443603516,45.23500442504883],[22.650352478027344,45.23500442504883],[22.531999588012695,44.71194839477539],[22.689453125,44.64661407470703],[22.518192291259766,44.5159797668457],[22.50443458557129,44.32010269165039],[22.894636154174805,44.12431716918945],[22.951791763305664,43.79821014404297],[23.601760864257812,43.86341094970703],[24.15087890625,43.6678352355957],[24.7954044342041,43.6678352355957],[25.434297561645508,43.6026611328125],[25.84855079650879,43.73301696777344],[26.281423568725586,44.05907440185547],[27.492671966552734,44.05907440185547],[27.828874588012695,44.18956756591797],[27.943035125732422,44.5159797668457],[27.787734985351562,44.58129119873047],[27.801036834716797,44.71194839477539],[27.969886779785156,44.77729415893555],[27.99687957763672,45.03877639770508],[27.847858428955078,45.169586181640625],[27.861310958862305,45.300437927246094]]]},"properties":{"Name":"Principality of Wallachia","FromYear":1395,"ToYear":1401,"Area":74679.7444170476,"Type":"POLITY","Wikipedia":"Wallachia","Wikidata":"Q171393","SeshatID":"ro_wallachia_principality_1","Components":"","MemberOf":""}},
{"type":"Feature","geometry":{"type":"MultiPolygon","coordinates":[[[[4.338796615600586,43.472347259521484],[4.419270515441895,43.472347259521484],[4.577967166900635,43.53750228881836],[5.386905193328857,43.407203674316406],[5.390771865844727,43.276947021484375],[5.631923198699951,43.276947021484375],[5.796233177185059,43.146724700927734],[6.517646789550781,43.211830139160156],[6.593565464019775,43.407203674316406],[6.753026008605957,43.472347259521484],[6.833500385284424,43.472347259521484],[6.832098007202148,43.53750228881836],[6.91260290145874,43.53750228881836],[6.829278945922852,43.6678352355957],[6.668147563934326,43.6678352355957],[6.660702705383301,43.99384307861328],[6.898605823516846,44.18956756591797],[6.895741939544678,44.32010269165039],[6.966631412506104,44.77729415893555],[6.637507915496826,44.973392486572266],[6.634309768676758,45.10417556762695],[6.309300899505615,45.10417556762695],[6.316179275512695,44.842647552490234],[5.595919132232666,44.5159797668457],[5.686428070068359,44.18956756591797],[5.280318260192871,44.25482940673828],[5.199475288391113,44.25482940673828],[5.288479328155518,43.99384307861328],[5.048438549041748,43.92862319946289],[4.97415018081665,43.73301696777344],[4.730143547058105,43.79821014404297],[4.409977436065674,43.73301696777344],[4.338796615600586,43.472347259521484]]],[[[-1.388491034507751,47.005828857421875],[-1.04985785484314,46.87434005737305],[0.342133671045303,46.94007873535156],[0.584407448768616,47.005828857421875],[0.489324986934662,47.20316696166992],[0.719330370426178,47.46647262573242],[1.131549596786499,47.46647262573242],[1.213993549346924,47.46647262573242],[1.296437382698059,47.46647262573242],[1.19774067401886,47.730003356933594],[1.276269555091858,47.79592514038086],[1.193651676177979,47.79592514038086],[1.189552307128906,47.86185836791992],[1.185442686080933,47.92780685424805],[0.924667775630951,48.1257438659668],[0.436810165643692,47.993770599365234],[0.336079269647598,48.257774353027344],[-0.000058500339946,48.323814392089844],[-0.092416204512119,48.455936431884766],[-0.580371201038361,48.323814392089844],[-0.999997794628143,48.38986587524414],[-1.042080402374268,47.86185836791992],[-1.202268838882446,47.79592514038086],[-1.161801099777222,47.26897048950195],[-1.32141387462616,47.20316696166992],[-1.388491034507751,47.005828857421875]]]]},"properties":{"Name":"House of Valois-Anjou","FromYear":1395,"ToYear":1401,"Area":46046.890477955276,"Type":"POLITY","Wikipedia":"House of Valois-Anjou","Wikidata":"Q1716871","SeshatID":"fr_valois_k_1","Components":"","MemberOf":"(Kingdom of France)"}},
{"type":"Feature","geometry":{"type":"MultiPolygon","coordinates":[[[[26.111188888549805,38.157840728759766],[26.217344284057617,38.54513168334961],[25.99143409729004,38.67427444458008],[25.912982940673828,38.67427444458008],[25.820756912231445,38.48057174682617],[25.89913558959961,38.48057174682617],[25.876405715942383,38.157840728759766],[26.111188888549805,38.157840728759766]]],[[[26.24588966369629,38.93262481689453],[26.643573760986328,38.997230529785156],[26.511207580566406,39.320335388183594],[26.122615814208984,39.38497543334961],[26.043895721435547,39.38497543334961],[25.793418884277344,39.19107437133789],[26.103172302246094,39.1264533996582],[26.09356689453125,38.997230529785156],[26.24588966369629,38.93262481689453]]],[[[26.22477912902832,40.6791877746582],[26.230104446411133,40.74397277832031],[26.193143766477508,40.77635060270899],[26.082168579101562,40.873565673828125],[26.06629753112793,40.6791877746582],[26.145538330078125,40.6791877746582],[26.22477912902832,40.6791877746582]]],[[[9.49340534210205,42.75628662109375],[9.491888999938965,43.016544342041016],[9.331360816955566,43.016544342041016],[9.251097679138184,43.016544342041016],[9.17282485961914,42.75628662109375],[8.772740364074707,42.691246032714844],[8.534564018249512,42.496177673339844],[8.538846015930176,42.10627746582031],[8.700496673583984,41.911441802978516],[8.622743606567383,41.71668243408203],[8.782108306884766,41.71668243408203],[8.783942222595215,41.521995544433594],[9.1038236618042,41.32738494873047],[9.262411117553711,41.39224624633789],[9.49889087677002,41.781593322753906],[9.497812271118164,41.97637939453125],[9.577608108520508,41.97637939453125],[9.5735502243042,42.75628662109375],[9.49340534210205,42.75628662109375]]],[[[7.310199737548828,43.79821014404297],[7.229573249816895,43.79821014404297],[7.230842113494873,43.73301696777344],[7.31143856048584,43.73301696777344],[7.310199737548828,43.79821014404297]]],[[[9.969943046569824,44.05907440185547],[9.889193534851074,44.05907440185547],[9.889463424682617,43.99384307861328],[9.970182418823242,43.99384307861328],[9.969943046569824,44.05907440185547]]],[[[7.310199737548828,43.79821014404297],[7.39082670211792,43.79821014404297],[8.033902168273926,43.92862319946289],[8.191595077514648,44.18956756591797],[8.592522621154785,44.45067596435547],[9.159077644348145,44.45067596435547],[9.565396308898926,44.18956756591797],[9.888919830322266,44.12431716918945],[9.969700813293457,44.12431716918945],[9.64546012878418,44.32010269165039],[9.644309997558594,44.5159797668457],[9.481462478637695,44.64661407470703],[8.994627952575684,44.71194839477539],[8.914925575256348,44.58129119873047],[8.185933113098145,44.58129119873047],[8.110783576965332,44.18956756591797],[7.62705659866333,44.12431716918945],[7.629331111907959,43.99384307861328],[7.388396263122559,43.92862319946289],[7.310199737548828,43.79821014404297]]],[[[26.62165641784668,37.641746520996094],[27.012035369873047,37.641746520996094],[27.026260375976562,37.835243225097656],[26.635540008544922,37.835243225097656],[26.55739402770996,37.835243225097656],[26.62165641784668,37.641746520996094]]],[[[33.52981185913086,44.5159797668457],[33.53867721557617,44.58129119873047],[33.457679748535156,44.58129119873047],[33.44884490966797,44.5159797668457],[33.52981185913086,44.5159797668457]]],[[[33.52981185913086,44.5159797668457],[33.52096176147461,44.45067596435547],[33.92564392089844,44.45067596435547],[34.376285552978516,44.77729415893555],[34.95339584350586,44.842647552490234],[35.387939453125,45.03877639770508],[35.39760208129883,45.10417556762695],[34.56639862060547,44.973392486572266],[34.12388229370117,44.71194839477539],[34.114768981933594,44.64661407470703],[34.03373718261719,44.64661407470703],[33.85368347167969,44.5159797668457],[33.52981185913086,44.5159797668457]]],[[[37.216339111328125,45.300437927246094],[36.74873733520508,45.431331634521484],[36.778892517089844,45.10417556762695],[36.86014175415039,45.10417556762695],[36.9413948059082,45.10417556762695],[37.17478561401367,45.03877639770508],[37.216339111328125,45.300437927246094]]],[[[36.23013687133789,45.23500442504883],[36.3826904296875,45.169586181640625],[36.42308807373047,45.431331634521484],[36.2602653503418,45.431331634521484],[36.250205993652344,45.36587905883789],[36.23013687133789,45.23500442504883]]],[[[39.2203369140625,47.005828857421875],[39.47877502441406,47.07159423828125],[39.52638626098633,47.33478927612305],[39.220611572265625,47.46647262573242],[39.1145133972168,47.33478927612305],[39.1968879699707,47.33478927612305],[39.18507385253906,47.26897048950195],[39.26741409301758,47.26897048950195],[39.25559616088867,47.20316696166992],[39.243812561035156,47.13737487792969],[39.232059478759766,47.07159423828125],[39.2203369140625,47.005828857421875]]]]},"properties":{"Name":"Republic of Genoa","FromYear":1395,"ToYear":1401,"Area":25318.271537720102,"Type":"POLITY","Wikipedia":"Republic of Genoa","Wikidata":"Q174306","SeshatID":"it_genoa_rep_2","Components":"","MemberOf":""}},
{"type":"Feature","geometry":{"type":"MultiPolygon","coordinates":[[[[5.818123817443848,47.86185836791992],[5.822384834289551,47.730003356933594],[5.496574401855469,47.598209381103516],[5.249034404754639,47.598209381103516],[5.07913875579834,47.730003356933594],[5.076695442199707,47.79592514038086],[4.821161270141602,47.993770599365234],[4.572990417480469,47.993770599365234],[4.578328132629395,47.86185836791992],[4.338644027709961,47.664100646972656],[4.173548221588135,47.664100646972656],[3.914155960083008,47.92780685424805],[3.754808187484741,47.79592514038086],[3.249412775039673,47.993770599365234],[2.763392686843872,47.79592514038086],[2.429348230361938,47.86185836791992],[2.368207454681396,47.46647262573242],[2.704806327819824,47.33478927612305],[2.895960330963135,46.808616638183594],[3.069725751876831,46.61152267456055],[3.728644609451294,46.54585266113281],[4.072975635528564,46.1520881652832],[4.081100463867188,45.95537567138672],[4.326115131378174,45.95537567138672],[4.402639865875244,46.08650588989258],[4.897816181182861,45.95537567138672],[4.967714786529541,46.283294677734375],[5.295057773590088,46.283294677734375],[5.867908954620361,46.283294677734375],[5.865897655487061,46.348915100097656],[5.947766780853271,46.348915100097656],[6.107663631439209,46.480194091796875],[6.103800296783447,46.61152267456055],[6.828584671020508,47.13737487792969],[6.826910972595215,47.20316696166992],[6.909217357635498,47.20316696166992],[6.907573699951172,47.26897048950195],[6.989914417266846,47.26897048950195],[6.988301277160645,47.33478927612305],[6.986684322357178,47.4006233215332],[6.985063552856445,47.46647262573242],[6.983439445495605,47.53233337402344],[6.890934467315674,47.92780685424805],[6.144739151000977,47.993770599365234],[5.818123817443848,47.86185836791992]]],[[[4.493024826049805,49.91355895996094],[4.328337669372559,49.84712600708008],[4.253391742706299,49.64793395996094],[4.169747829437256,49.64793395996094],[4.17567253112793,49.51522445678711],[4.674346446990967,49.58156967163086],[4.576823711395264,49.91355895996094],[4.493024826049805,49.91355895996094]]],[[[3.729254722595215,50.11296081542969],[3.726047992706299,50.17946243286133],[3.64209246635437,50.17946243286133],[3.638839721679688,50.2459831237793],[3.635580539703369,50.312522888183594],[3.632314682006836,50.37908172607422],[3.548239946365356,50.37908172607422],[3.544927835464478,50.445655822753906],[3.541608572006226,50.51224899291992],[3.538282871246338,50.578861236572266],[4.034165859222412,50.77880859375],[4.10617733001709,51.04566955566406],[4.269116878509521,51.17921447753906],[4.263070583343506,51.31283950805664],[4.087535381317139,51.44654083251953],[4.002803325653076,51.44654083251953],[3.155481338500977,51.44654083251953],[2.993350267410278,51.31283950805664],[2.159061908721924,51.112430572509766],[2.074539184570312,51.112430572509766],[2.090827465057373,50.84549331665039],[1.841925024986267,50.77880859375],[1.846086263656616,50.71213912963867],[1.761810064315796,50.71213912963867],[1.766002058982849,50.64549255371094],[1.681766510009766,50.64549255371094],[1.685989022254944,50.578861236572266],[1.601793885231018,50.578861236572266],[1.782671809196472,50.37908172607422],[2.554430246353149,50.11296081542969],[3.729254722595215,50.11296081542969]]]]},"properties":{"Name":"Duchy of Burgundy","FromYear":1395,"ToYear":1401,"Area":69987.80511471114,"Type":"POLITY","Wikipedia":"Duchy of Burgundy","Wikidata":"Q4712","SeshatID":"fr_valois_k_1","Components":"","MemberOf":"(Kingdom of France)"}},
{"type":"Feature","geometry":{"type":"Polygon","coordinates":[[[1.185442686080933,47.92780685424805],[1.189552307128906,47.86185836791992],[1.193651676177979,47.79592514038086],[1.276269555091858,47.79592514038086],[1.19774067401886,47.730003356933594],[1.296437382698059,47.46647262573242],[1.402540564537048,47.07159423828125],[1.892255425453186,47.13737487792969],[1.677664279937744,47.993770599365234],[1.185442686080933,47.92780685424805]]]},"properties":{"Name":"County of Blôis","FromYear":1395,"ToYear":1401,"Area":3703.442796408298,"Type":"POLITY","Wikipedia":"County of Blois","Wikidata":"Q19336869","SeshatID":"fr_valois_k_1","Components":"","MemberOf":"(Kingdom of France)"}},
{"type":"Feature","geometry":{"type":"MultiPolygon","coordinates":[[[[-8.36954402923584,52.653533935546875],[-8.37929916381836,52.720787048339844],[-8.464859962463379,52.720787048339844],[-8.456147529090426,52.66100298670118],[-8.455059051513672,52.653533935546875],[-8.36954402923584,52.653533935546875]]],[[[-6.325851917266846,52.720787048339844],[-6.411412239074707,52.720787048339844],[-6.402688503265381,52.653533935546875],[-6.317173004150391,52.653533935546875],[-6.325851917266846,52.720787048339844]]],[[[-6.283822536468506,53.057395935058594],[-6.275067806243896,52.99003219604492],[-6.189326763153076,52.99003219604492],[-6.198035717010498,53.057395935058594],[-6.283822536468506,53.057395935058594]]],[[[-6.283822536468506,53.057395935058594],[-6.292601108551025,53.124786376953125],[-6.378433704376221,53.124786376953125],[-6.369609355926514,53.057395935058594],[-6.283822536468506,53.057395935058594]]],[[[10.62817668914795,55.97663879394531],[10.452422142028809,55.97663879394531],[10.364044189453125,55.77145767211914],[10.539490699768066,55.77145767211914],[10.627213478088379,55.77145767211914],[10.62817668914795,55.97663879394531]]],[[[10.187621116638184,54.47740173339844],[10.187661170959473,54.545284271240234],[9.9271879196167,54.545284271240234],[10.013643264770508,55.021148681640625],[9.926376342773438,55.089229583740234],[10.536654472351074,55.021148681640625],[10.535674095153809,54.74907684326172],[10.709615707397461,54.74907684326172],[10.884882926940918,54.95309066772461],[10.800582885742188,55.430015563964844],[10.625955581665039,55.498252868652344],[10.626581192016602,55.63479995727539],[9.750565528869629,55.56651306152344],[9.750177383422852,55.70311737060547],[9.925520896911621,55.70311737060547],[10.013073921203613,55.90821838378906],[10.276667594909668,55.97663879394531],[10.277146339416504,56.25059127807617],[10.36523151397705,56.25059127807617],[10.364885330200195,56.11355972290039],[10.540846824645996,56.11355972290039],[10.541122436523438,56.182064056396484],[10.805220603942871,56.182064056396484],[10.895707130432129,56.524986267089844],[10.277772903442383,56.59365463256836],[10.278702735900879,57.07511901855469],[10.545770645141602,57.28189468383789],[10.458671569824219,57.7653923034668],[9.923136711120605,57.696231842041016],[9.834181785583496,57.55800247192383],[9.655976295471191,57.55800247192383],[9.656455039978027,57.41988754272461],[9.39068603515625,57.21294021606445],[8.502391815185547,57.21294021606445],[8.239216804504395,57.00625228881836],[8.241414070129395,56.86860656738281],[8.152853965759277,56.86860656738281],[8.243602752685547,56.731075286865234],[7.979492664337158,56.662349700927734],[7.989406585693359,56.11355972290039],[8.077386856079102,56.11355972290039],[7.997951984405518,55.63479995727539],[8.085573196411133,55.63479995727539],[8.087891578674316,55.498252868652344],[8.350449562072754,55.498252868652344],[8.52729320526123,55.36180877685547],[8.529091835021973,55.225467681884766],[8.441773414611816,55.225467681884766],[8.534452438354492,54.817054748535156],[8.797733306884766,54.613189697265625],[8.799209594726562,54.47740173339844],[8.539765357971191,54.4095458984375],[8.54152774810791,54.27390670776367],[8.715572357177734,54.20612335205078],[8.802155494689941,54.20612335205078],[8.887362480163574,54.341712951660156],[9.148486137390137,54.20612335205078],[9.927618026733398,54.27390670776367],[10.187621116638184,54.47740173339844]]],[[[11.795514106750488,57.62710189819336],[11.794431686401367,57.55800247192383],[11.792279243469238,57.41988754272461],[12.058022499084473,57.35087585449219],[12.14184856414795,57.07511901855469],[12.405158996582031,56.937416076660156],[12.402325630187988,56.799827575683594],[12.75311279296875,56.662349700927734],[12.749893188476562,56.524986267089844],[12.573304176330566,56.524986267089844],[12.656968116760254,56.319149017333984],[12.480693817138672,56.319149017333984],[12.477840423583984,56.182064056396484],[11.860556602478027,56.11355972290039],[11.768598556518555,55.83982467651367],[11.595718383789062,56.04508590698242],[11.331932067871094,56.04508590698242],[11.241952896118164,55.83982467651367],[10.890382766723633,55.77145767211914],[10.889443397521973,55.63479995727539],[11.064117431640625,55.56651306152344],[10.974503517150879,55.29362487792969],[11.497906684875488,55.225467681884766],[11.670741081237793,55.089229583740234],[11.66806411743164,54.88506317138672],[10.97249698638916,55.021148681640625],[10.88355827331543,54.74907684326172],[12.101152420043945,54.74907684326172],[12.107980728149414,55.15733337402344],[12.371088027954102,55.225467681884766],[12.375022888183594,55.430015563964844],[12.202529907226562,55.56651306152344],[12.555678367614746,55.70311737060547],[12.561474800109863,55.97663879394531],[12.908012390136719,55.77145767211914],[12.903090476989746,55.56651306152344],[12.726422309875488,55.498252868652344],[12.810799598693848,55.36180877685547],[14.296913146972656,55.36180877685547],[14.228706359863281,55.90821838378906],[14.319018363952637,55.97663879394531],[14.758404731750488,55.97663879394531],[14.76668930053711,56.182064056396484],[15.819687843322754,56.11355972290039],[16.094310760498047,56.319149017333984],[16.09789276123047,56.387733459472656],[16.186080932617188,56.387733459472656],[16.193382263183594,56.524986267089844],[16.28167724609375,56.524986267089844],[16.266908645629883,56.25059127807617],[16.62702751159668,56.387733459472656],[16.739154815673828,56.799827575683594],[17.12316131591797,57.28189468383789],[17.131839752197266,57.41988754272461],[16.953855514526367,57.41988754272461],[16.755352020263672,57.07511901855469],[16.477506637573242,56.86860656738281],[16.500974655151367,57.28189468383789],[16.68687629699707,57.41988754272461],[16.614076614379883,57.696231842041016],[16.703289031982422,57.696231842041016],[16.71156883239746,57.8345832824707],[16.626346588134766,57.903804779052734],[16.813568115234375,58.042335510253906],[16.830646514892578,58.31977081298828],[16.65959930419922,58.45867156982422],[16.83926010131836,58.45867156982422],[16.847923278808594,58.59769821166992],[17.02781105041504,58.59769821166992],[17.126813888549805,58.73685073852539],[17.487049102783203,58.73685073852539],[17.496623992919922,58.876129150390625],[17.947494506835938,58.876129150390625],[18.143529891967773,59.08528518676758],[18.414575576782227,59.08528518676758],[18.351261138916016,59.434532165527344],[18.628820419311523,59.504478454589844],[18.827571868896484,59.714515686035156],[19.00933265686035,59.714515686035156],[19.033178329467773,59.99503707885742],[19.027153356136658,60],[14.295119342573948,60],[14.289191246032715,59.85470962524414],[14.380191802978516,59.85470962524414],[14.275132179260254,59.504478454589844],[14.362988471984863,59.434532165527344],[14.272345542907715,59.434532165527344],[14.16283893585205,58.94581604003906],[14.253070831298828,58.94581604003906],[14.247637748718262,58.80647277832031],[14.602242469787598,58.66725540161133],[14.596416473388672,58.528167724609375],[14.039355278015137,58.042335510253906],[13.591900825500488,58.042335510253906],[13.585249900817871,57.8345832824707],[13.67457389831543,57.8345832824707],[13.57866096496582,57.62710189819336],[12.945629119873047,57.28189468383789],[12.333296775817871,57.7653923034668],[11.976224899291992,57.7653923034668],[11.795514106750488,57.62710189819336]]],[[[24.504359779505023,60],[24.468909901535334,60],[24.50045394897461,59.99503707885742],[24.504359779505023,60]]],[[[23.918549414649917,60],[23.04314430911812,60],[23.02524757385254,59.85470962524414],[23.76235580444336,59.92485809326172],[23.918549414649917,60]]],[[[22.365682168666495,60],[22.314125236378132,60],[22.31354331970215,59.99503707885742],[22.365682168666495,60]]],[[[14.64396858215332,55.29362487792969],[14.636160850524902,55.089229583740234],[15.069417953491211,55.021148681640625],[15.077948570251465,55.225467681884766],[14.990630149841309,55.225467681884766],[14.64396858215332,55.29362487792969]]],[[[19.04520034790039,57.97305679321289],[18.598026275634766,57.97305679321289],[18.230064392089844,57.8345832824707],[18.031593322753906,57.55800247192383],[18.02667236328125,57.488929748535156],[18.076435089111328,56.937416076660156],[18.342275619506836,56.937416076660156],[18.45128059387207,57.21294021606445],[18.911693572998047,57.41988754272461],[18.844388961791992,57.696231842041016],[19.03397560119629,57.8345832824707],[19.04520034790039,57.97305679321289]]]]},"properties":{"Name":"(Personal union of Kingdom of Denmark with Kingdom of Sweden)","FromYear":1395,"ToYear":1401,"Area":433944.03831775807,"Type":"RELATION","Wikipedia":"Margaret I of Denmark","Wikidata":"Q202266","SeshatID":"dk_danish_k;sv_swedish_k_1","Components":"Kingdom of Sweden;Kingdom of Denmark;(Kingdom of Denmark)","MemberOf":""}},
{"type":"Feature","geometry":{"type":"MultiPolygon","coordinates":[[[[5.039933204650879,44.18956756591797],[4.95694637298584,44.25482940673828],[4.876103401184082,44.25482940673828],[4.865188250876609,44.23617757216094],[4.799726963043213,44.12431716918945],[5.039933204650879,44.18956756591797]]],[[[5.889627456665039,45.56227111816406],[6.21734094619751,45.496795654296875],[6.309300899505615,45.10417556762695],[6.634309768676758,45.10417556762695],[6.637507915496826,44.973392486572266],[6.966631412506104,44.77729415893555],[6.895741939544678,44.32010269165039],[6.898605823516846,44.18956756591797],[6.660702705383301,43.99384307861328],[6.668147563934326,43.6678352355957],[6.829278945922852,43.6678352355957],[6.91260290145874,43.53750228881836],[6.993107318878174,43.53750228881836],[7.229573249816895,43.79821014404297],[7.310199737548828,43.79821014404297],[7.388396263122559,43.92862319946289],[7.629331111907959,43.99384307861328],[7.62705659866333,44.12431716918945],[8.110783576965332,44.18956756591797],[8.185933113098145,44.58129119873047],[8.914925575256348,44.58129119873047],[8.994627952575684,44.71194839477539],[9.481462478637695,44.64661407470703],[9.644309997558594,44.5159797668457],[9.64546012878418,44.32010269165039],[9.969700813293457,44.12431716918945],[9.969943046569824,44.05907440185547],[9.970182418823242,43.99384307861328],[10.050901412963867,43.99384307861328],[10.05069351196289,44.05907440185547],[10.13144302368164,44.05907440185547],[10.131620407104492,43.99384307861328],[10.212339401245117,43.99384307861328],[10.212483406066895,43.92862319946289],[10.696523666381836,43.79821014404297],[10.615739822387695,43.342071533203125],[10.776388168334961,43.211830139160156],[10.77629566192627,43.146724700927734],[10.776015281677246,42.95146560668945],[11.01634693145752,42.82133865356445],[11.015789985656738,42.62621307373047],[11.175962448120117,42.62621307373047],[11.255500793457031,42.496177673339844],[11.255227088928223,42.43117141723633],[11.335225105285645,42.43117141723633],[11.415224075317383,42.43117141723633],[11.414892196655273,42.36617660522461],[11.494861602783203,42.36617660522461],[11.574831008911133,42.36617660522461],[11.736565589904785,42.62621307373047],[12.0580472946167,42.75628662109375],[11.981149673461914,43.146724700927734],[11.900826454162598,43.146724700927734],[11.82194709777832,43.342071533203125],[12.144204139709473,43.407203674316406],[12.226542472839355,43.6026611328125],[11.744671821594238,43.79821014404297],[11.746879577636719,44.12431716918945],[11.505900382995605,44.38538360595703],[11.182066917419434,44.32010269165039],[11.346199035644531,44.908016204833984],[11.751571655273438,44.842647552490234],[11.993412017822266,44.64661407470703],[12.156049728393555,44.71194839477539],[12.156624794006348,44.77729415893555],[12.399906158447266,44.77729415893555],[12.40256118774414,45.03877639770508],[12.160021781921387,45.169586181640625],[12.161133766174316,45.300437927246094],[12.161685943603516,45.36587905883789],[11.998926162719727,45.36587905883789],[12.000378608703613,45.56227111816406],[12.165504455566406,45.82429504394531],[12.49193000793457,45.82429504394531],[12.9815673828125,45.82429504394531],[13.061376571655273,45.693260192871094],[13.14291763305664,45.693260192871094],[13.14384937286377,45.75876998901367],[13.551718711853027,45.75876998901367],[13.633292198181152,45.75876998901367],[13.714865684509277,45.75876998901367],[13.713706970214844,45.693260192871094],[13.71254825592041,45.62776184082031],[13.711389541625977,45.56227111816406],[13.710229873657227,45.496795654296875],[14.117451667785645,45.496795654296875],[13.786900520324707,45.23500442504883],[14.026969909667969,45.03877639770508],[14.108189582824707,45.03877639770508],[14.189410209655762,45.03877639770508],[14.196189880371094,45.36587905883789],[14.358949661254883,45.36587905883789],[14.440329551696777,45.36587905883789],[14.524674415588379,45.496795654296875],[15.339118957519531,45.496795654296875],[15.264768600463867,45.75876998901367],[15.678460121154785,45.95537567138672],[15.604452133178711,46.21768569946289],[16.01764488220215,46.348915100097656],[15.864084243774414,46.677207946777344],[16.032390594482422,46.808616638183594],[16.138551712036133,47.53233337402344],[16.303508758544922,47.53233337402344],[16.3150634765625,47.86185836791992],[16.986814498901367,48.1257438659668],[16.989469528198242,48.191749572753906],[16.829010009765625,48.323814392089844],[16.927988052368164,48.72037124633789],[17.938142776489258,48.98506164550781],[18.114593505859375,49.18375015258789],[18.117929458618164,49.2500114440918],[18.201345443725586,49.2500114440918],[18.204734802246094,49.316287994384766],[18.28818702697754,49.316287994384766],[18.2916316986084,49.38258361816406],[18.88353729248047,49.51522445678711],[19.23756217956543,49.84712600708008],[19.165773391723633,50.04647445678711],[19.081897735595703,50.04647445678711],[19.085887908935547,50.11296081542969],[19.089900970458984,50.17946243286133],[19.17385482788086,50.17946243286133],[19.18613052368164,50.37908172607422],[19.022031784057617,50.445655822753906],[19.030193328857422,50.578861236572266],[18.70132827758789,50.71213912963867],[18.709320068359375,50.84549331665039],[18.049345016479492,51.112430572509766],[17.972288131713867,51.24601745605469],[17.549257278442383,51.24601745605469],[17.31973648071289,51.71418380737305],[16.980127334594727,51.71418380737305],[16.718996047973633,51.580322265625],[16.55561637878418,51.71418380737305],[16.131103515625,51.71418380737305],[16.136985778808594,51.84812545776367],[15.80826187133789,52.11625671386719],[15.813953399658203,52.250450134277344],[15.646231651306152,52.31757736206055],[15.48926830291748,52.653533935546875],[16.097135543823242,52.85536575317383],[16.02382469177246,53.124786376953125],[16.109657287597656,53.124786376953125],[16.119178771972656,53.32708740234375],[16.294410705566406,53.39456558227539],[16.301027297973633,53.52959060668945],[16.476667404174805,53.597137451171875],[16.400707244873047,53.799922943115234],[16.65959930419922,53.799922943115234],[16.821292877197266,53.597137451171875],[17.079761505126953,53.597137451171875],[17.326608657836914,53.39456558227539],[17.506561279296875,53.52959060668945],[18.44928741455078,53.462066650390625],[18.517410278320312,53.192195892333984],[18.689167022705078,53.192195892333984],[18.928207397460938,52.92268753051758],[19.361536026000977,52.99003219604492],[19.724811553955078,53.25962829589844],[20.395845413208008,53.057395935058594],[20.66997718811035,53.25962829589844],[20.927749633789062,53.25962829589844],[21.28936767578125,53.462066650390625],[22.42144775390625,53.597137451171875],[22.548198699951172,54.00291442871094],[22.461759567260742,54.00291442871094],[22.482206344604492,54.20612335205078],[22.66232681274414,54.27390670776367],[22.69742774963379,54.613189697265625],[22.704511642456055,54.681121826171875],[22.812959671020508,54.88506317138672],[22.573020935058594,55.089229583740234],[22.31136703491211,55.089229583740234],[22.070266723632812,55.29362487792969],[21.640066146850586,55.36180877685547],[21.235198974609375,55.70311737060547],[21.248220443725586,55.83982467651367],[20.991283416748047,55.90821838378906],[20.98489761352539,55.83982467651367],[20.96585464477539,55.63479995727539],[21.202974319458008,55.36180877685547],[20.990678787231445,54.95309066772461],[20.72932243347168,54.95309066772461],[20.654220581054688,55.089229583740234],[19.950855255126953,55.021148681640625],[19.83608627319336,54.681121826171875],[20.004362106323242,54.613189697265625],[19.830615997314453,54.613189697265625],[19.819725036621094,54.47740173339844],[19.559396743774414,54.47740173339844],[19.462186813354492,54.341712951660156],[18.686851501464844,54.4095458984375],[18.44533348083496,54.681121826171875],[18.459484100341797,54.88506317138672],[17.501720428466797,54.88506317138672],[17.49753189086914,54.817054748535156],[17.410511016845703,54.817054748535156],[16.619972229003906,54.681121826171875],[15.991765975952148,54.27390670776367],[15.036103248596191,54.20612335205078],[14.50934886932373,54.00291442871094],[14.499796867370605,53.732303619384766],[13.98438835144043,53.799922943115234],[14.159177780151367,53.86756134033203],[14.165812492370605,54.07062530517578],[13.304450988769531,54.20612335205078],[13.739368438720703,54.27390670776367],[13.662626266479492,54.613189697265625],[13.405717849731445,54.74907684326172],[13.14309310913086,54.681121826171875],[13.05121898651123,54.47740173339844],[12.4437894821167,54.47740173339844],[12.299477927346052,54.39359361049727],[12.093385696411133,54.27390670776367],[11.398930549621582,54.138362884521484],[11.397537231445312,54.00291442871094],[10.879310607910156,54.07062530517578],[11.053302764892578,54.20612335205078],[11.054854393005371,54.4095458984375],[10.274396896362305,54.47740173339844],[10.187621116638184,54.47740173339844],[9.927618026733398,54.27390670776367],[9.148486137390137,54.20612335205078],[8.887362480163574,54.341712951660156],[8.802155494689941,54.20612335205078],[8.80289077758789,54.138362884521484],[8.892172813415527,53.86756134033203],[8.459527015686035,53.93522644042969],[8.37701416015625,53.664710998535156],[8.204607963562012,53.664710998535156],[8.120620727539062,53.52959060668945],[7.94840145111084,53.52959060668945],[8.032201766967773,53.664710998535156],[7.944795608520508,53.732303619384766],[7.082295417785645,53.732303619384766],[6.913325786590576,53.597137451171875],[6.916844367980957,53.462066650390625],[6.226210117340088,53.52959060668945],[5.542333602905273,53.39456558227539],[5.20894193649292,53.124786376953125],[5.385728359222412,52.99003219604492],[5.390830039978027,52.85536575317383],[5.053669929504395,52.720787048339844],[5.056382656097412,52.653533935546875],[4.970867156982422,52.653533935546875],[4.871281623840332,52.99003219604492],[4.785540580749512,52.99003219604492],[4.862768650054932,53.192195892333984],[4.691011905670166,53.192195892333984],[4.608114719390869,53.124786376953125],[4.702715873718262,52.92268753051758],[4.534325122833252,52.85536575317383],[4.463808536529541,52.51908493041992],[4.21693229675293,52.31757736206055],[4.223166942596436,52.18334197998047],[3.974021434783936,52.0491943359375],[3.980464458465576,51.91512680053711],[3.810401916503906,51.91512680053711],[3.81699013710022,51.78114318847656],[3.647099733352661,51.78114318847656],[3.738690614700317,51.64724349975586],[3.399252653121948,51.64724349975586],[3.40621018409729,51.51342010498047],[3.999631881713867,51.51342010498047],[4.08440637588501,51.51342010498047],[4.087535381317139,51.44654083251953],[4.263070583343506,51.31283950805664],[4.269116878509521,51.17921447753906],[4.10617733001709,51.04566955566406],[4.034165859222412,50.77880859375],[3.538282871246338,50.578861236572266],[3.541608572006226,50.51224899291992],[3.544927835464478,50.445655822753906],[3.548239946365356,50.37908172607422],[3.632314682006836,50.37908172607422],[3.635580539703369,50.312522888183594],[3.638839721679688,50.2459831237793],[3.64209246635437,50.17946243286133],[3.726047992706299,50.17946243286133],[3.729254722595215,50.11296081542969],[3.813170909881592,50.11296081542969],[3.816332101821899,50.04647445678711],[3.900208711624146,50.04647445678711],[3.984085559844971,50.04647445678711],[3.987162351608276,49.98000717163086],[4.071000099182129,49.98000717163086],[4.067962169647217,50.04647445678711],[4.151839256286621,50.04647445678711],[4.154837608337402,49.98000717163086],[4.238675117492676,49.98000717163086],[4.322512626647949,49.98000717163086],[4.406350135803223,49.98000717163086],[4.490188121795654,49.98000717163086],[4.493024826049805,49.91355895996094],[4.576823711395264,49.91355895996094],[4.674346446990967,49.58156967163086],[4.85741138458252,49.18375015258789],[5.026719093322754,49.11750411987305],[4.865273475646973,48.98506164550781],[4.883440971374512,48.52202224731445],[5.217910766601562,48.455936431884766],[5.47376823425293,48.257774353027344],[5.480661869049072,48.059749603271484],[5.646180152893066,48.059749603271484],[5.818123817443848,47.86185836791992],[6.144739151000977,47.993770599365234],[6.890934467315674,47.92780685424805],[6.983439445495605,47.53233337402344],[6.985063552856445,47.46647262573242],[6.986684322357178,47.4006233215332],[6.988301277160645,47.33478927612305],[6.989914417266846,47.26897048950195],[6.907573699951172,47.26897048950195],[6.909217357635498,47.20316696166992],[6.826910972595215,47.20316696166992],[6.828584671020508,47.13737487792969],[6.103800296783447,46.61152267456055],[6.107663631439209,46.480194091796875],[5.947766780853271,46.348915100097656],[5.949744701385498,46.283294677734375],[5.867908954620361,46.283294677734375],[5.295057773590088,46.283294677734375],[5.147360801696777,45.82429504394531],[5.065754413604736,45.82429504394531],[5.068041324615479,45.75876998901367],[5.070321559906006,45.693260192871094],[5.478028297424316,45.693260192871094],[5.649256229400635,45.431331634521484],[5.812080860137939,45.431331634521484],[5.889627456665039,45.56227111816406]],[[7.701082229614258,44.5159797668457],[7.699938297271729,44.58129119873047],[7.698789119720459,44.64661407470703],[7.697634220123291,44.71194839477539],[7.696474075317383,44.77729415893555],[7.695308685302734,44.842647552490234],[7.939755439758301,44.77729415893555],[7.864093780517578,44.45067596435547],[7.701082229614258,44.5159797668457]],[[12.730218887329102,51.44654083251953],[12.644350051879883,51.37968063354492],[12.645486831665039,51.44654083251953],[12.730218887329102,51.44654083251953]],[[13.58568286895752,51.78114318847656],[13.586510930577386,51.81462605314726],[13.670628547668457,51.78114318847656],[13.667257308959961,51.64724349975586],[13.668937683105469,51.71418380737305],[13.670628547668457,51.78114318847656],[13.58568286895752,51.78114318847656]],[[13.502351760864258,51.84812545776367],[13.503973960876465,51.91512680053711],[13.589005470275879,51.91512680053711],[13.502351760864258,51.84812545776367]],[[13.5560941696167,46.02093505859375],[13.474390029907227,46.02093505859375],[13.309985160827637,45.95537567138672],[13.31297492980957,46.1520881652832],[13.47651481628418,46.1520881652832],[13.5560941696167,46.02093505859375]]],[[[27.880273818969727,56.731075286865234],[27.791820526123047,56.731075286865234],[27.162372589111328,56.662349700927734],[27.182950973510742,56.799827575683594],[26.82892417907715,56.799827575683594],[26.455169677734375,56.662349700927734],[26.59242820739746,56.387733459472656],[26.86699676513672,56.45634460449219],[26.92516326904297,56.25059127807617],[27.091259002685547,56.182064056396484],[26.80741310119629,56.04508590698242],[26.367769241333008,56.04508590698242],[26.318201065063477,56.319149017333984],[26.072818756103516,56.45634460449219],[26.18030548095703,56.59365463256836],[25.94385528564453,56.799827575683594],[25.766841888427734,56.799827575683594],[25.69721221923828,56.937416076660156],[25.50132179260254,56.799827575683594],[24.527748107910156,56.799827575683594],[24.439241409301758,56.799827575683594],[23.81141471862793,56.731075286865234],[23.739437103271484,56.86860656738281],[23.473756790161133,56.86860656738281],[23.667341232299805,57.00625228881836],[23.40944480895996,57.07511901855469],[22.851024627685547,57.62710189819336],[22.672710418701172,57.62710189819336],[22.746185302734375,57.488929748535156],[22.374841690063477,57.35087585449219],[22.204421997070312,57.41988754272461],[22.00445556640625,57.21294021606445],[21.649137496948242,57.21294021606445],[21.677616119384766,57.488929748535156],[21.506582260131836,57.55800247192383],[21.307584762573242,57.35087585449219],[21.280134201049805,57.07511901855469],[21.36885643005371,57.07511901855469],[21.41634750366211,56.662349700927734],[21.232851028442383,56.59365463256836],[21.24626350402832,56.731075286865234],[20.987478256225586,56.799827575683594],[20.954788208007812,56.45634460449219],[20.866546630859375,56.45634460449219],[20.92256736755371,56.11355972290039],[20.916179656982422,56.04508590698242],[21.56563377380371,56.387733459472656],[21.57248306274414,56.45634460449219],[21.695531845092773,56.799827575683594],[21.86543846130371,56.731075286865234],[21.769948959350586,56.662349700927734],[21.844234466552734,56.524986267089844],[22.19741439819336,56.524986267089844],[22.190176010131836,56.45634460449219],[24.1064510345459,56.25059127807617],[24.82863998413086,56.387733459472656],[25.066509246826172,56.182064056396484],[25.761505126953125,56.11355972290039],[25.8309326171875,55.97663879394531],[26.583187103271484,55.70311737060547],[26.865774154663086,55.83982467651367],[27.470035552978516,55.77145767211914],[27.971586227416992,56.182064056396484],[28.14765167236328,56.182064056396484],[28.123947143554688,56.59365463256836],[27.880273818969727,56.731075286865234]]],[[[21.769948959350586,56.662349700927734],[21.77698516845703,56.731075286865234],[21.68853187561035,56.731075286865234],[21.681549072265625,56.662349700927734],[21.769948959350586,56.662349700927734]]],[[[22.432353973388672,58.66725540161133],[22.50644874572754,58.528167724609375],[22.303327560424805,58.31977081298828],[22.213611602783203,58.31977081298828],[21.93695068359375,58.2503662109375],[22.01906394958496,58.180992126464844],[21.899707794189453,57.903804779052734],[22.078466415405273,57.903804779052734],[22.287872314453125,58.180992126464844],[22.93134117126465,58.31977081298828],[22.76801872253418,58.45867156982422],[22.882360458374023,58.66725540161133],[22.432353973388672,58.66725540161133]]],[[[28.026525497436523,59.294734954833984],[28.03827770943572,59.36459514969338],[28.061809539794922,59.504478454589844],[27.88040542602539,59.504478454589844],[26.79198455810547,59.504478454589844],[26.45072364807129,59.64447021484375],[25.370975494384766,59.714515686035156],[25.350799560546875,59.574459075927734],[24.715471267700195,59.574459075927734],[23.59966468811035,59.36461639404297],[23.491540908813477,59.22488784790039],[23.844436645507812,59.15507125854492],[23.9168701171875,59.015533447265625],[24.106542587280273,59.08528518676758],[24.0883846282959,58.94581604003906],[24.359081268310547,58.94581604003906],[24.520912170410156,58.80647277832031],[24.41238021850586,58.66725540161133],[24.592384338378906,58.66725540161133],[24.57384490966797,58.528167724609375],[24.38495445251465,58.45867156982422],[24.357757568359375,58.2503662109375],[24.268098831176758,58.2503662109375],[24.232419967651367,57.97305679321289],[24.59926414489746,58.042335510253906],[25.027973175048828,57.903804779052734],[25.009334564208984,57.7653923034668],[24.920066833496094,57.7653923034668],[24.990800857543945,57.62710189819336],[24.72332763671875,57.62710189819336],[24.78520965576172,57.41988754272461],[24.60722541809082,57.41988754272461],[24.402847290039062,57.21294021606445],[24.144969940185547,57.28189468383789],[23.9417724609375,57.07511901855469],[24.447917938232422,56.86860656738281],[24.820016860961914,57.00625228881836],[25.26335334777832,57.00625228881836],[25.468799591064453,57.21294021606445],[25.487674713134766,57.35087585449219],[25.31916618347168,57.41988754272461],[25.42708396911621,57.55800247192383],[25.961698532104492,57.55800247192383],[25.942115783691406,57.41988754272461],[26.643869400024414,57.35087585449219],[26.89006996154785,57.21294021606445],[27.255897521972656,57.28189468383789],[27.198556900024414,57.488929748535156],[27.29826726424591,57.557991314108996],[27.398048400878906,57.62710189819336],[27.403390857063933,57.661394243965894],[27.43037223815918,57.8345832824707],[27.251724243164062,57.8345832824707],[27.273202896118164,57.97305679321289],[27.105005264282227,58.042335510253906],[26.73659324645996,57.97305679321289],[26.72052574157715,58.45867156982422],[26.83169937133789,58.59769821166992],[26.75241470336914,58.66725540161133],[26.932416915893555,58.66725540161133],[26.874746322631836,58.876129150390625],[27.404638290405273,58.80647277832031],[27.370315551757812,59.15507125854492],[27.641536712646484,59.15507125854492],[27.731943130493164,59.15507125854492],[28.026525497436523,59.294734954833984]]],[[[23.68366241455078,58.59769821166992],[23.872373580932617,58.66725540161133],[23.709863662719727,58.80647277832031],[23.619747161865234,58.80647277832031],[23.43092918395996,58.73685073852539],[23.486656188964844,58.45867156982422],[23.666316986083984,58.45867156982422],[23.68366241455078,58.59769821166992]]],[[[22.898815155029297,58.80647277832031],[22.841659545898438,59.08528518676758],[22.389917373657227,59.08528518676758],[22.381933212280273,59.015533447265625],[22.898815155029297,58.80647277832031]]]]},"properties":{"Name":"(Allegiance of Teutonic Order to Holy Roman Empire)","FromYear":1395,"ToYear":1401,"Area":1035034.3738465474,"Type":"RELATION","Wikipedia":"Teutonic Order","Wikidata":"Q48189","SeshatID":"pl_teutonic_order;de_empire_3","Components":"Swiss Confederation;County of Savoy;(Kingdom of Bohemia);Republic of Florence;Principality of Orange;Kingdom of Bohemia;Electorate of Trier;House of Habsburg;Margraviate of Moravia;House of Ascania;(Holy Roman Empire);Electorate of Saxony;Teutonic Order;Margraviate of Brandenburg;Holy Roman Empire Minor States;Duchy of Bavaria;County of Brabant;Patriarchate of Aquileia","MemberOf":""}},
{"type":"Feature","geometry":{"type":"Polygon","coordinates":[[[15.646231651306152,52.31757736206055],[15.813953399658203,52.250450134277344],[15.80826187133789,52.11625671386719],[16.136985778808594,51.84812545776367],[16.131103515625,51.71418380737305],[16.55561637878418,51.71418380737305],[16.718996047973633,51.580322265625],[16.980127334594727,51.71418380737305],[17.31973648071289,51.71418380737305],[17.549257278442383,51.24601745605469],[17.972288131713867,51.24601745605469],[18.049345016479492,51.112430572509766],[18.709320068359375,50.84549331665039],[18.70132827758789,50.71213912963867],[19.030193328857422,50.578861236572266],[19.022031784057617,50.445655822753906],[19.18613052368164,50.37908172607422],[19.17385482788086,50.17946243286133],[19.089900970458984,50.17946243286133],[19.085887908935547,50.11296081542969],[19.081897735595703,50.04647445678711],[19.165773391723633,50.04647445678711],[19.23756217956543,49.84712600708008],[18.88353729248047,49.51522445678711],[19.13038444519043,49.44889450073242],[19.472537994384766,49.58156967163086],[19.865541458129883,49.18375015258789],[20.21193504333496,49.38258361816406],[21.79827117919922,49.38258361816406],[22.5230712890625,49.051273345947266],[22.77837371826172,49.11750411987305],[22.928722381591797,48.91886520385742],[23.666343688964844,48.786521911621094],[24.052976608276367,48.455936431884766],[24.378963470458984,48.38986587524414],[24.367206573486328,48.257774353027344],[24.686708450317383,48.1257438659668],[24.586227416992188,47.92780685424805],[24.90500259399414,47.79592514038086],[24.987621307373047,47.79592514038086],[25.01179313659668,48.059749603271484],[25.54009246826172,48.38986587524414],[25.559406280517578,48.5881233215332],[25.252717971801758,48.852684020996094],[25.35540199279785,49.051273345947266],[25.778654098510742,49.11750411987305],[26.22332000732422,49.38258361816406],[26.189617156982422,49.84712600708008],[26.029254913330078,49.91355895996094],[25.967002868652344,50.11296081542969],[25.799171447753906,50.11296081542969],[25.736732482910156,50.312522888183594],[24.83966064453125,50.578861236572266],[24.769216537475586,50.71213912963867],[24.587074279785156,50.578861236572266],[24.334489822387695,50.578861236572266],[24.368066787719727,50.912200927734375],[24.199270248413086,50.912200927734375],[24.73369789123535,51.17921447753906],[24.960941314697266,51.71418380737305],[25.223169326782227,51.78114318847656],[25.261207580566406,52.11625671386719],[24.84287452697754,52.18334197998047],[24.64307975769043,51.91512680053711],[24.04088592529297,51.84812545776367],[23.93526268005371,51.64724349975586],[23.589168548583984,51.580322265625],[22.747228622436523,51.64724349975586],[22.61488151550293,52.0491943359375],[23.138765335083008,52.18334197998047],[23.34299087524414,52.51908493041992],[23.185659408569336,52.653533935546875],[22.843597412109375,52.653533935546875],[22.65958023071289,52.51908493041992],[22.409648895263672,52.586299896240234],[22.343225479125977,52.78806686401367],[22.698820114135742,52.92268753051758],[22.738895416259766,53.32708740234375],[22.42144775390625,53.597137451171875],[21.28936767578125,53.462066650390625],[20.927749633789062,53.25962829589844],[20.66997718811035,53.25962829589844],[20.395845413208008,53.057395935058594],[19.724811553955078,53.25962829589844],[19.361536026000977,52.99003219604492],[18.928207397460938,52.92268753051758],[18.689167022705078,53.192195892333984],[18.517410278320312,53.192195892333984],[18.44928741455078,53.462066650390625],[17.506561279296875,53.52959060668945],[17.326608657836914,53.39456558227539],[17.079761505126953,53.597137451171875],[16.821292877197266,53.597137451171875],[16.65959930419922,53.799922943115234],[16.400707244873047,53.799922943115234],[16.476667404174805,53.597137451171875],[16.301027297973633,53.52959060668945],[16.294410705566406,53.39456558227539],[16.119178771972656,53.32708740234375],[16.109657287597656,53.124786376953125],[16.02382469177246,53.124786376953125],[16.097135543823242,52.85536575317383],[15.48926830291748,52.653533935546875],[15.646231651306152,52.31757736206055]]]},"properties":{"Name":"Kingdom of Poland","FromYear":1395,"ToYear":1401,"Area":233778.32133963873,"Type":"POLITY","Wikipedia":"Kingdom of Poland","Wikidata":"Q577867","SeshatID":"pl_jagiellonian_dyn","Components":"","MemberOf":"(Polish-Lithuania Kingdom);(Kingdom of Poland)"}},
{"type":"Feature","geometry":{"type":"Polygon","coordinates":[[[15.646231651306152,52.31757736206055],[15.813953399658203,52.250450134277344],[15.80826187133789,52.11625671386719],[16.136985778808594,51.84812545776367],[16.131103515625,51.71418380737305],[16.55561637878418,51.71418380737305],[16.718996047973633,51.580322265625],[16.980127334594727,51.71418380737305],[17.31973648071289,51.71418380737305],[17.549257278442383,51.24601745605469],[17.972288131713867,51.24601745605469],[18.049345016479492,51.112430572509766],[18.709320068359375,50.84549331665039],[18.70132827758789,50.71213912963867],[19.030193328857422,50.578861236572266],[19.022031784057617,50.445655822753906],[19.18613052368164,50.37908172607422],[19.17385482788086,50.17946243286133],[19.089900970458984,50.17946243286133],[19.085887908935547,50.11296081542969],[19.081897735595703,50.04647445678711],[19.165773391723633,50.04647445678711],[19.23756217956543,49.84712600708008],[18.88353729248047,49.51522445678711],[19.13038444519043,49.44889450073242],[19.472537994384766,49.58156967163086],[19.865541458129883,49.18375015258789],[20.21193504333496,49.38258361816406],[21.79827117919922,49.38258361816406],[22.5230712890625,49.051273345947266],[22.77837371826172,49.11750411987305],[22.928722381591797,48.91886520385742],[23.666343688964844,48.786521911621094],[24.052976608276367,48.455936431884766],[24.378963470458984,48.38986587524414],[24.367206573486328,48.257774353027344],[24.686708450317383,48.1257438659668],[24.586227416992188,47.92780685424805],[24.90500259399414,47.79592514038086],[24.987621307373047,47.79592514038086],[25.01179313659668,48.059749603271484],[25.54009246826172,48.38986587524414],[25.559406280517578,48.5881233215332],[25.252717971801758,48.852684020996094],[25.50884246826172,48.91886520385742],[25.981304168701172,48.654239654541016],[26.472915649414062,48.5881233215332],[27.39371109008789,48.654239654541016],[27.537879943847656,48.455936431884766],[28.013307571411133,48.257774353027344],[28.984228134155273,48.059749603271484],[29.208942413330078,47.86185836791992],[29.16246223449707,47.46647262573242],[29.551227569580078,47.26897048950195],[29.527965545654297,47.07159423828125],[29.899938583374023,46.74290466308594],[29.943092346191406,46.414546966552734],[30.262836456298828,46.348915100097656],[30.40288543701172,46.1520881652832],[30.484655380249023,46.1520881652832],[30.87657928466797,46.677207946777344],[31.606428146362305,46.61152267456055],[31.787527084350586,46.74290466308594],[32.03373336791992,46.74290466308594],[32.180442810058594,46.61152267456055],[32.171756744384766,46.54585266113281],[32.918460845947266,46.61152267456055],[33.69384002685547,46.87434005737305],[34.079959869384766,47.26897048950195],[34.109092712402344,47.46647262573242],[34.37619400024414,47.598209381103516],[35.026123046875,47.53233337402344],[35.496402740478516,48.91886520385742],[35.77958679199219,49.11750411987305],[35.94626998901367,49.11750411987305],[36.007015228271484,48.98506164550781],[36.09028244018555,48.98506164550781],[36.079010009765625,48.91886520385742],[36.328697204589844,48.91886520385742],[36.306053161621094,48.786521911621094],[36.62726974487305,48.72037124633789],[36.687618255615234,48.5881233215332],[36.9367561340332,48.5881233215332],[37.83888244628906,48.98506164550781],[37.86311340332031,49.11750411987305],[37.70854187011719,49.18375015258789],[37.67390441894531,49.44889450073242],[37.59037399291992,49.44889450073242],[37.627315521240234,49.64793395996094],[37.543670654296875,49.64793395996094],[37.75370788574219,50.312522888183594],[37.83774185180664,50.312522888183594],[37.898712158203125,51.04566955566406],[38.09486770629883,51.17921447753906],[38.14987564086914,51.44654083251953],[37.93708801269531,51.64724349975586],[37.964942932128906,51.78114318847656],[37.482810974121094,51.91512680053711],[37.42543029785156,52.0491943359375],[37.013519287109375,52.11625671386719],[36.74110794067383,52.4518928527832],[36.426849365234375,52.586299896240234],[36.324440002441406,52.92268753051758],[35.765281677246094,53.124786376953125],[35.83401870727539,53.462066650390625],[35.95429723407539,53.57586905310983],[36.048194885253906,53.664710998535156],[35.99152435600222,53.664710998535156],[35.78958511352539,53.664710998535156],[35.90385437011719,53.799922943115234],[35.831607818603516,53.86756134033203],[35.888473615611375,54.138362884521484],[35.931175231933594,54.341712951660156],[35.728389739990234,54.613189697265625],[34.42529296875,54.613189697265625],[34.01094436645508,54.27390670776367],[34.04461669921875,54.00291442871094],[33.84568786621094,53.86756134033203],[33.68244171142578,53.462066650390625],[33.300838470458984,53.25962829589844],[32.871219635009766,53.25962829589844],[32.46813201904297,52.92268753051758],[32.215877532958984,52.4518928527832],[32.04511260986328,52.4518928527832],[31.993751525878906,52.653533935546875],[31.74848747253418,52.720787048339844],[31.79477310180664,54.47740173339844],[31.645355224609375,54.613189697265625],[30.938674926757812,54.545284271240234],[30.886892318725586,54.74907684326172],[30.7999210357666,54.74907684326172],[30.96984100341797,55.225467681884766],[30.882522583007812,55.225467681884766],[30.87911033630371,55.70311737060547],[31.85618782043457,55.77145767211914],[32.3565788269043,55.63479995727539],[32.658878326416016,55.83982467651367],[33.00997543334961,55.83982467651367],[33.67976760864258,56.11355972290039],[33.94371032714844,56.11355972290039],[33.97194290161133,56.25059127807617],[34.92669677734375,56.59365463256836],[34.95655059814453,56.731075286865234],[34.79452896118164,56.799827575683594],[33.701107025146484,57.07511901855469],[33.3571891784668,57.55800247192383],[33.13270950317383,57.7653923034668],[32.864906311035156,57.7653923034668],[32.63044738769531,57.488929748535156],[32.452354431152344,57.488929748535156],[32.13100051879883,57.21294021606445],[31.660518646240234,57.07511901855469],[31.128190994262695,57.07511901855469],[30.83788299560547,56.45634460449219],[30.372501373291016,56.319149017333984],[30.108091354370117,56.319149017333984],[29.955463409423828,56.45634460449219],[29.979244232177734,56.59365463256836],[29.58440589904785,56.86860656738281],[28.377832412719727,57.07511901855469],[27.89100456237793,56.799827575683594],[27.880273818969727,56.731075286865234],[28.123947143554688,56.59365463256836],[28.14765167236328,56.182064056396484],[27.971586227416992,56.182064056396484],[27.470035552978516,55.77145767211914],[26.865774154663086,55.83982467651367],[26.583187103271484,55.70311737060547],[25.8309326171875,55.97663879394531],[25.761505126953125,56.11355972290039],[25.066509246826172,56.182064056396484],[24.82863998413086,56.387733459472656],[24.1064510345459,56.25059127807617],[22.190176010131836,56.45634460449219],[22.1019344329834,56.45634460449219],[22.01369285583496,56.45634460449219],[21.92544937133789,56.45634460449219],[21.837207794189453,56.45634460449219],[21.830202102661133,56.387733459472656],[21.74201202392578,56.387733459472656],[21.65382194519043,56.387733459472656],[21.56563377380371,56.387733459472656],[20.916179656982422,56.04508590698242],[20.909809112548828,55.97663879394531],[20.9976863861084,55.97663879394531],[20.991283416748047,55.90821838378906],[21.248220443725586,55.83982467651367],[21.235198974609375,55.70311737060547],[21.640066146850586,55.36180877685547],[22.070266723632812,55.29362487792969],[22.31136703491211,55.089229583740234],[22.573020935058594,55.089229583740234],[22.812959671020508,54.88506317138672],[22.704511642456055,54.681121826171875],[22.69742774963379,54.613189697265625],[22.66232681274414,54.27390670776367],[22.482206344604492,54.20612335205078],[22.461759567260742,54.00291442871094],[22.548198699951172,54.00291442871094],[22.42144775390625,53.597137451171875],[21.28936767578125,53.462066650390625],[20.927749633789062,53.25962829589844],[20.66997718811035,53.25962829589844],[20.395845413208008,53.057395935058594],[19.724811553955078,53.25962829589844],[19.361536026000977,52.99003219604492],[18.928207397460938,52.92268753051758],[18.689167022705078,53.192195892333984],[18.517410278320312,53.192195892333984],[18.44928741455078,53.462066650390625],[17.506561279296875,53.52959060668945],[17.326608657836914,53.39456558227539],[17.079761505126953,53.597137451171875],[16.821292877197266,53.597137451171875],[16.65959930419922,53.799922943115234],[16.400707244873047,53.799922943115234],[16.476667404174805,53.597137451171875],[16.301027297973633,53.52959060668945],[16.294410705566406,53.39456558227539],[16.119178771972656,53.32708740234375],[16.109657287597656,53.124786376953125],[16.02382469177246,53.124786376953125],[16.097135543823242,52.85536575317383],[15.48926830291748,52.653533935546875],[15.646231651306152,52.31757736206055]]]},"properties":{"Name":"(Polish-Lithuania Kingdom)","FromYear":1395,"ToYear":1401,"Area":1040496.9643030039,"Type":"POLITY","Wikipedia":"Jagiellonian dynasty","Wikidata":"Q194355","SeshatID":"pl_jagiellonian_dyn","Components":"Kingdom of Poland;Grand Duchy of Lithuania;(Kingdom of Poland)","MemberOf":""}},
{"type":"Feature","geometry":{"type":"MultiPolygon","coordinates":[[[[5.039933204650879,44.18956756591797],[4.95694637298584,44.25482940673828],[4.876103401184082,44.25482940673828],[4.865188250876609,44.23617757216094],[4.799726963043213,44.12431716918945],[5.039933204650879,44.18956756591797]]],[[[5.889627456665039,45.56227111816406],[6.21734094619751,45.496795654296875],[6.309300899505615,45.10417556762695],[6.634309768676758,45.10417556762695],[6.637507915496826,44.973392486572266],[6.966631412506104,44.77729415893555],[6.895741939544678,44.32010269165039],[6.898605823516846,44.18956756591797],[6.660702705383301,43.99384307861328],[6.668147563934326,43.6678352355957],[6.829278945922852,43.6678352355957],[6.91260290145874,43.53750228881836],[6.993107318878174,43.53750228881836],[7.229573249816895,43.79821014404297],[7.310199737548828,43.79821014404297],[7.388396263122559,43.92862319946289],[7.629331111907959,43.99384307861328],[7.62705659866333,44.12431716918945],[8.110783576965332,44.18956756591797],[8.185933113098145,44.58129119873047],[8.914925575256348,44.58129119873047],[8.994627952575684,44.71194839477539],[9.481462478637695,44.64661407470703],[9.644309997558594,44.5159797668457],[9.64546012878418,44.32010269165039],[9.969700813293457,44.12431716918945],[9.969943046569824,44.05907440185547],[9.970182418823242,43.99384307861328],[10.050901412963867,43.99384307861328],[10.05069351196289,44.05907440185547],[10.13144302368164,44.05907440185547],[10.131620407104492,43.99384307861328],[10.212339401245117,43.99384307861328],[10.212483406066895,43.92862319946289],[10.696523666381836,43.79821014404297],[10.615739822387695,43.342071533203125],[10.776388168334961,43.211830139160156],[10.77629566192627,43.146724700927734],[10.776015281677246,42.95146560668945],[11.01634693145752,42.82133865356445],[11.015789985656738,42.62621307373047],[11.175962448120117,42.62621307373047],[11.255500793457031,42.496177673339844],[11.255227088928223,42.43117141723633],[11.335225105285645,42.43117141723633],[11.415224075317383,42.43117141723633],[11.414892196655273,42.36617660522461],[11.494861602783203,42.36617660522461],[11.574831008911133,42.36617660522461],[11.736565589904785,42.62621307373047],[12.0580472946167,42.75628662109375],[11.981149673461914,43.146724700927734],[11.900826454162598,43.146724700927734],[11.82194709777832,43.342071533203125],[12.144204139709473,43.407203674316406],[12.226542472839355,43.6026611328125],[11.744671821594238,43.79821014404297],[11.746879577636719,44.12431716918945],[11.505900382995605,44.38538360595703],[11.182066917419434,44.32010269165039],[11.346199035644531,44.908016204833984],[11.751571655273438,44.842647552490234],[11.993412017822266,44.64661407470703],[12.156049728393555,44.71194839477539],[12.156624794006348,44.77729415893555],[12.399906158447266,44.77729415893555],[12.40256118774414,45.03877639770508],[12.160021781921387,45.169586181640625],[12.161133766174316,45.300437927246094],[12.161685943603516,45.36587905883789],[11.998926162719727,45.36587905883789],[12.000378608703613,45.56227111816406],[12.165504455566406,45.82429504394531],[12.49193000793457,45.82429504394531],[12.9815673828125,45.82429504394531],[13.061376571655273,45.693260192871094],[13.14291763305664,45.693260192871094],[13.14384937286377,45.75876998901367],[13.551718711853027,45.75876998901367],[13.633292198181152,45.75876998901367],[13.714865684509277,45.75876998901367],[13.713706970214844,45.693260192871094],[13.71254825592041,45.62776184082031],[13.711389541625977,45.56227111816406],[13.710229873657227,45.496795654296875],[14.117451667785645,45.496795654296875],[13.786900520324707,45.23500442504883],[14.026969909667969,45.03877639770508],[14.108189582824707,45.03877639770508],[14.189410209655762,45.03877639770508],[14.196189880371094,45.36587905883789],[14.358949661254883,45.36587905883789],[14.440329551696777,45.36587905883789],[14.524674415588379,45.496795654296875],[15.339118957519531,45.496795654296875],[15.264768600463867,45.75876998901367],[15.678460121154785,45.95537567138672],[15.604452133178711,46.21768569946289],[16.01764488220215,46.348915100097656],[15.864084243774414,46.677207946777344],[16.032390594482422,46.808616638183594],[16.138551712036133,47.53233337402344],[16.303508758544922,47.53233337402344],[16.3150634765625,47.86185836791992],[16.986814498901367,48.1257438659668],[16.989469528198242,48.191749572753906],[16.829010009765625,48.323814392089844],[16.927988052368164,48.72037124633789],[17.938142776489258,48.98506164550781],[18.114593505859375,49.18375015258789],[18.117929458618164,49.2500114440918],[18.201345443725586,49.2500114440918],[18.204734802246094,49.316287994384766],[18.28818702697754,49.316287994384766],[18.2916316986084,49.38258361816406],[18.88353729248047,49.51522445678711],[19.23756217956543,49.84712600708008],[19.165773391723633,50.04647445678711],[19.081897735595703,50.04647445678711],[19.085887908935547,50.11296081542969],[19.089900970458984,50.17946243286133],[19.17385482788086,50.17946243286133],[19.18613052368164,50.37908172607422],[19.022031784057617,50.445655822753906],[19.030193328857422,50.578861236572266],[18.70132827758789,50.71213912963867],[18.709320068359375,50.84549331665039],[18.049345016479492,51.112430572509766],[17.972288131713867,51.24601745605469],[17.549257278442383,51.24601745605469],[17.31973648071289,51.71418380737305],[16.980127334594727,51.71418380737305],[16.718996047973633,51.580322265625],[16.55561637878418,51.71418380737305],[16.131103515625,51.71418380737305],[16.136985778808594,51.84812545776367],[15.80826187133789,52.11625671386719],[15.813953399658203,52.250450134277344],[15.646231651306152,52.31757736206055],[15.48926830291748,52.653533935546875],[16.097135543823242,52.85536575317383],[16.02382469177246,53.124786376953125],[16.109657287597656,53.124786376953125],[16.119178771972656,53.32708740234375],[16.294410705566406,53.39456558227539],[16.301027297973633,53.52959060668945],[16.476667404174805,53.597137451171875],[16.400707244873047,53.799922943115234],[16.65959930419922,53.799922943115234],[16.821292877197266,53.597137451171875],[17.079761505126953,53.597137451171875],[17.326608657836914,53.39456558227539],[17.506561279296875,53.52959060668945],[18.44928741455078,53.462066650390625],[18.517410278320312,53.192195892333984],[18.689167022705078,53.192195892333984],[18.928207397460938,52.92268753051758],[19.361536026000977,52.99003219604492],[19.724811553955078,53.25962829589844],[20.395845413208008,53.057395935058594],[20.66997718811035,53.25962829589844],[20.927749633789062,53.25962829589844],[21.28936767578125,53.462066650390625],[22.42144775390625,53.597137451171875],[22.548198699951172,54.00291442871094],[22.461759567260742,54.00291442871094],[22.482206344604492,54.20612335205078],[22.66232681274414,54.27390670776367],[22.69742774963379,54.613189697265625],[22.704511642456055,54.681121826171875],[22.812959671020508,54.88506317138672],[22.573020935058594,55.089229583740234],[22.31136703491211,55.089229583740234],[22.070266723632812,55.29362487792969],[21.640066146850586,55.36180877685547],[21.235198974609375,55.70311737060547],[21.248220443725586,55.83982467651367],[20.991283416748047,55.90821838378906],[20.98489761352539,55.83982467651367],[20.96585464477539,55.63479995727539],[21.202974319458008,55.36180877685547],[20.990678787231445,54.95309066772461],[20.72932243347168,54.95309066772461],[20.654220581054688,55.089229583740234],[19.950855255126953,55.021148681640625],[19.83608627319336,54.681121826171875],[20.004362106323242,54.613189697265625],[19.830615997314453,54.613189697265625],[19.819725036621094,54.47740173339844],[19.559396743774414,54.47740173339844],[19.462186813354492,54.341712951660156],[18.686851501464844,54.4095458984375],[18.44533348083496,54.681121826171875],[18.459484100341797,54.88506317138672],[17.501720428466797,54.88506317138672],[17.49753189086914,54.817054748535156],[17.410511016845703,54.817054748535156],[16.619972229003906,54.681121826171875],[15.991765975952148,54.27390670776367],[15.036103248596191,54.20612335205078],[14.50934886932373,54.00291442871094],[14.499796867370605,53.732303619384766],[13.98438835144043,53.799922943115234],[14.159177780151367,53.86756134033203],[14.165812492370605,54.07062530517578],[13.304450988769531,54.20612335205078],[13.739368438720703,54.27390670776367],[13.662626266479492,54.613189697265625],[13.405717849731445,54.74907684326172],[13.14309310913086,54.681121826171875],[13.05121898651123,54.47740173339844],[12.4437894821167,54.47740173339844],[12.299477927346052,54.39359361049727],[12.093385696411133,54.27390670776367],[11.398930549621582,54.138362884521484],[11.397537231445312,54.00291442871094],[10.879310607910156,54.07062530517578],[11.053302764892578,54.20612335205078],[11.054854393005371,54.4095458984375],[10.274396896362305,54.47740173339844],[10.187621116638184,54.47740173339844],[9.927618026733398,54.27390670776367],[9.148486137390137,54.20612335205078],[8.887362480163574,54.341712951660156],[8.802155494689941,54.20612335205078],[8.80289077758789,54.138362884521484],[8.892172813415527,53.86756134033203],[8.459527015686035,53.93522644042969],[8.37701416015625,53.664710998535156],[8.204607963562012,53.664710998535156],[8.120620727539062,53.52959060668945],[7.94840145111084,53.52959060668945],[8.032201766967773,53.664710998535156],[7.944795608520508,53.732303619384766],[7.082295417785645,53.732303619384766],[6.913325786590576,53.597137451171875],[6.916844367980957,53.462066650390625],[6.226210117340088,53.52959060668945],[5.542333602905273,53.39456558227539],[5.20894193649292,53.124786376953125],[5.385728359222412,52.99003219604492],[5.390830039978027,52.85536575317383],[5.053669929504395,52.720787048339844],[5.056382656097412,52.653533935546875],[4.970867156982422,52.653533935546875],[4.871281623840332,52.99003219604492],[4.785540580749512,52.99003219604492],[4.862768650054932,53.192195892333984],[4.691011905670166,53.192195892333984],[4.608114719390869,53.124786376953125],[4.702715873718262,52.92268753051758],[4.534325122833252,52.85536575317383],[4.463808536529541,52.51908493041992],[4.21693229675293,52.31757736206055],[4.223166942596436,52.18334197998047],[3.974021434783936,52.0491943359375],[3.980464458465576,51.91512680053711],[3.810401916503906,51.91512680053711],[3.81699013710022,51.78114318847656],[3.647099733352661,51.78114318847656],[3.738690614700317,51.64724349975586],[3.399252653121948,51.64724349975586],[3.40621018409729,51.51342010498047],[3.999631881713867,51.51342010498047],[4.08440637588501,51.51342010498047],[4.087535381317139,51.44654083251953],[4.263070583343506,51.31283950805664],[4.269116878509521,51.17921447753906],[4.10617733001709,51.04566955566406],[4.034165859222412,50.77880859375],[3.538282871246338,50.578861236572266],[3.541608572006226,50.51224899291992],[3.544927835464478,50.445655822753906],[3.548239946365356,50.37908172607422],[3.632314682006836,50.37908172607422],[3.635580539703369,50.312522888183594],[3.638839721679688,50.2459831237793],[3.64209246635437,50.17946243286133],[3.726047992706299,50.17946243286133],[3.729254722595215,50.11296081542969],[3.813170909881592,50.11296081542969],[3.816332101821899,50.04647445678711],[3.900208711624146,50.04647445678711],[3.984085559844971,50.04647445678711],[3.987162351608276,49.98000717163086],[4.071000099182129,49.98000717163086],[4.067962169647217,50.04647445678711],[4.151839256286621,50.04647445678711],[4.154837608337402,49.98000717163086],[4.238675117492676,49.98000717163086],[4.322512626647949,49.98000717163086],[4.406350135803223,49.98000717163086],[4.490188121795654,49.98000717163086],[4.493024826049805,49.91355895996094],[4.576823711395264,49.91355895996094],[4.674346446990967,49.58156967163086],[4.85741138458252,49.18375015258789],[5.026719093322754,49.11750411987305],[4.865273475646973,48.98506164550781],[4.883440971374512,48.52202224731445],[5.217910766601562,48.455936431884766],[5.47376823425293,48.257774353027344],[5.480661869049072,48.059749603271484],[5.646180152893066,48.059749603271484],[5.818123817443848,47.86185836791992],[6.144739151000977,47.993770599365234],[6.890934467315674,47.92780685424805],[6.983439445495605,47.53233337402344],[6.985063552856445,47.46647262573242],[6.986684322357178,47.4006233215332],[6.988301277160645,47.33478927612305],[6.989914417266846,47.26897048950195],[6.907573699951172,47.26897048950195],[6.909217357635498,47.20316696166992],[6.826910972595215,47.20316696166992],[6.828584671020508,47.13737487792969],[6.103800296783447,46.61152267456055],[6.107663631439209,46.480194091796875],[5.947766780853271,46.348915100097656],[5.949744701385498,46.283294677734375],[5.867908954620361,46.283294677734375],[5.295057773590088,46.283294677734375],[5.147360801696777,45.82429504394531],[5.065754413604736,45.82429504394531],[5.068041324615479,45.75876998901367],[5.070321559906006,45.693260192871094],[5.478028297424316,45.693260192871094],[5.649256229400635,45.431331634521484],[5.812080860137939,45.431331634521484],[5.889627456665039,45.56227111816406]],[[7.701082229614258,44.5159797668457],[7.699938297271729,44.58129119873047],[7.698789119720459,44.64661407470703],[7.697634220123291,44.71194839477539],[7.696474075317383,44.77729415893555],[7.695308685302734,44.842647552490234],[7.939755439758301,44.77729415893555],[7.864093780517578,44.45067596435547],[7.701082229614258,44.5159797668457]],[[12.730218887329102,51.44654083251953],[12.644350051879883,51.37968063354492],[12.645486831665039,51.44654083251953],[12.730218887329102,51.44654083251953]],[[13.58568286895752,51.78114318847656],[13.586510930577386,51.81462605314726],[13.670628547668457,51.78114318847656],[13.667257308959961,51.64724349975586],[13.668937683105469,51.71418380737305],[13.670628547668457,51.78114318847656],[13.58568286895752,51.78114318847656]],[[13.502351760864258,51.84812545776367],[13.503973960876465,51.91512680053711],[13.589005470275879,51.91512680053711],[13.502351760864258,51.84812545776367]],[[13.5560941696167,46.02093505859375],[13.474390029907227,46.02093505859375],[13.309985160827637,45.95537567138672],[13.31297492980957,46.1520881652832],[13.47651481628418,46.1520881652832],[13.5560941696167,46.02093505859375]]],[[[27.880273818969727,56.731075286865234],[27.791820526123047,56.731075286865234],[27.162372589111328,56.662349700927734],[27.182950973510742,56.799827575683594],[26.82892417907715,56.799827575683594],[26.455169677734375,56.662349700927734],[26.59242820739746,56.387733459472656],[26.86699676513672,56.45634460449219],[26.92516326904297,56.25059127807617],[27.091259002685547,56.182064056396484],[26.80741310119629,56.04508590698242],[26.367769241333008,56.04508590698242],[26.318201065063477,56.319149017333984],[26.072818756103516,56.45634460449219],[26.18030548095703,56.59365463256836],[25.94385528564453,56.799827575683594],[25.766841888427734,56.799827575683594],[25.69721221923828,56.937416076660156],[25.50132179260254,56.799827575683594],[24.527748107910156,56.799827575683594],[24.439241409301758,56.799827575683594],[23.81141471862793,56.731075286865234],[23.739437103271484,56.86860656738281],[23.473756790161133,56.86860656738281],[23.667341232299805,57.00625228881836],[23.40944480895996,57.07511901855469],[22.851024627685547,57.62710189819336],[22.672710418701172,57.62710189819336],[22.746185302734375,57.488929748535156],[22.374841690063477,57.35087585449219],[22.204421997070312,57.41988754272461],[22.00445556640625,57.21294021606445],[21.649137496948242,57.21294021606445],[21.677616119384766,57.488929748535156],[21.506582260131836,57.55800247192383],[21.307584762573242,57.35087585449219],[21.280134201049805,57.07511901855469],[21.36885643005371,57.07511901855469],[21.41634750366211,56.662349700927734],[21.232851028442383,56.59365463256836],[21.24626350402832,56.731075286865234],[20.987478256225586,56.799827575683594],[20.954788208007812,56.45634460449219],[20.866546630859375,56.45634460449219],[20.92256736755371,56.11355972290039],[20.916179656982422,56.04508590698242],[21.56563377380371,56.387733459472656],[21.57248306274414,56.45634460449219],[21.695531845092773,56.799827575683594],[21.86543846130371,56.731075286865234],[21.769948959350586,56.662349700927734],[21.844234466552734,56.524986267089844],[22.19741439819336,56.524986267089844],[22.190176010131836,56.45634460449219],[24.1064510345459,56.25059127807617],[24.82863998413086,56.387733459472656],[25.066509246826172,56.182064056396484],[25.761505126953125,56.11355972290039],[25.8309326171875,55.97663879394531],[26.583187103271484,55.70311737060547],[26.865774154663086,55.83982467651367],[27.470035552978516,55.77145767211914],[27.971586227416992,56.182064056396484],[28.14765167236328,56.182064056396484],[28.123947143554688,56.59365463256836],[27.880273818969727,56.731075286865234]]],[[[21.769948959350586,56.662349700927734],[21.77698516845703,56.731075286865234],[21.68853187561035,56.731075286865234],[21.681549072265625,56.662349700927734],[21.769948959350586,56.662349700927734]]],[[[22.432353973388672,58.66725540161133],[22.50644874572754,58.528167724609375],[22.303327560424805,58.31977081298828],[22.213611602783203,58.31977081298828],[21.93695068359375,58.2503662109375],[22.01906394958496,58.180992126464844],[21.899707794189453,57.903804779052734],[22.078466415405273,57.903804779052734],[22.287872314453125,58.180992126464844],[22.93134117126465,58.31977081298828],[22.76801872253418,58.45867156982422],[22.882360458374023,58.66725540161133],[22.432353973388672,58.66725540161133]]],[[[28.026525497436523,59.294734954833984],[28.03827770943572,59.36459514969338],[28.061809539794922,59.504478454589844],[27.88040542602539,59.504478454589844],[26.79198455810547,59.504478454589844],[26.45072364807129,59.64447021484375],[25.370975494384766,59.714515686035156],[25.350799560546875,59.574459075927734],[24.715471267700195,59.574459075927734],[23.59966468811035,59.36461639404297],[23.491540908813477,59.22488784790039],[23.844436645507812,59.15507125854492],[23.9168701171875,59.015533447265625],[24.106542587280273,59.08528518676758],[24.0883846282959,58.94581604003906],[24.359081268310547,58.94581604003906],[24.520912170410156,58.80647277832031],[24.41238021850586,58.66725540161133],[24.592384338378906,58.66725540161133],[24.57384490966797,58.528167724609375],[24.38495445251465,58.45867156982422],[24.357757568359375,58.2503662109375],[24.268098831176758,58.2503662109375],[24.232419967651367,57.97305679321289],[24.59926414489746,58.042335510253906],[25.027973175048828,57.903804779052734],[25.009334564208984,57.7653923034668],[24.920066833496094,57.7653923034668],[24.990800857543945,57.62710189819336],[24.72332763671875,57.62710189819336],[24.78520965576172,57.41988754272461],[24.60722541809082,57.41988754272461],[24.402847290039062,57.21294021606445],[24.144969940185547,57.28189468383789],[23.9417724609375,57.07511901855469],[24.447917938232422,56.86860656738281],[24.820016860961914,57.00625228881836],[25.26335334777832,57.00625228881836],[25.468799591064453,57.21294021606445],[25.487674713134766,57.35087585449219],[25.31916618347168,57.41988754272461],[25.42708396911621,57.55800247192383],[25.961698532104492,57.55800247192383],[25.942115783691406,57.41988754272461],[26.643869400024414,57.35087585449219],[26.89006996154785,57.21294021606445],[27.255897521972656,57.28189468383789],[27.198556900024414,57.488929748535156],[27.29826726424591,57.557991314108996],[27.398048400878906,57.62710189819336],[27.403390857063933,57.661394243965894],[27.43037223815918,57.8345832824707],[27.251724243164062,57.8345832824707],[27.273202896118164,57.97305679321289],[27.105005264282227,58.042335510253906],[26.73659324645996,57.97305679321289],[26.72052574157715,58.45867156982422],[26.83169937133789,58.59769821166992],[26.75241470336914,58.66725540161133],[26.932416915893555,58.66725540161133],[26.874746322631836,58.876129150390625],[27.404638290405273,58.80647277832031],[27.370315551757812,59.15507125854492],[27.641536712646484,59.15507125854492],[27.731943130493164,59.15507125854492],[28.026525497436523,59.294734954833984]]],[[[23.68366241455078,58.59769821166992],[23.872373580932617,58.66725540161133],[23.709863662719727,58.80647277832031],[23.619747161865234,58.80647277832031],[23.43092918395996,58.73685073852539],[23.486656188964844,58.45867156982422],[23.666316986083984,58.45867156982422],[23.68366241455078,58.59769821166992]]],[[[22.898815155029297,58.80647277832031],[22.841659545898438,59.08528518676758],[22.389917373657227,59.08528518676758],[22.381933212280273,59.015533447265625],[22.898815155029297,58.80647277832031]]]]},"properties":{"Name":"(Vassalage of Kingdom of Bohemia to Holy Roman Empire)","FromYear":1395,"ToYear":1401,"Area":1035034.3738465474,"Type":"RELATION","Wikipedia":"Kingdom of Bohemia","Wikidata":"Q42585","SeshatID":"cz_bohemian_k_2;de_empire_3","Components":"Electorate of Trier;House of Habsburg;House of Ascania;Teutonic Order;Holy Roman Empire Minor States;Duchy of Bavaria;County of Brabant;Swiss Confederation;(Kingdom of Bohemia);County of Savoy;Republic of Florence;Principality of Orange;Kingdom of Bohemia;Margraviate of Moravia;(Holy Roman Empire);Electorate of Saxony;Margraviate of Brandenburg;Patriarchate of Aquileia","MemberOf":""}},
{"type":"Feature","geometry":{"type":"Polygon","coordinates":[[[6.989914417266846,47.26897048950195],[6.907573699951172,47.26897048950195],[6.909217357635498,47.20316696166992],[6.826910972595215,47.20316696166992],[6.828584671020508,47.13737487792969],[7.242939949035645,47.005828857421875],[7.328055381774902,46.87434005737305],[7.332393169403076,46.677207946777344],[7.171326637268066,46.54585266113281],[7.257669448852539,46.348915100097656],[7.745107173919678,46.54585266113281],[8.154950141906738,46.54585266113281],[8.316819190979004,46.677207946777344],[8.563860893249512,46.61152267456055],[8.723495483398438,46.94007873535156],[9.133634567260742,47.005828857421875],[8.88456916809082,47.20316696166992],[8.880444526672363,47.53233337402344],[8.713688850402832,47.664100646972656],[8.466045379638672,47.664100646972656],[8.142682075500488,47.26897048950195],[8.059174537658691,47.33478927612305],[7.976799964904785,47.33478927612305],[7.894424915313721,47.33478927612305],[7.812050342559814,47.33478927612305],[7.72967529296875,47.33478927612305],[7.569034099578857,47.13737487792969],[7.322217464447021,47.13737487792969],[7.317800998687744,47.33478927612305],[6.989914417266846,47.26897048950195]]]},"properties":{"Name":"Swiss Confederation","FromYear":1395,"ToYear":1401,"Area":11857.941575381117,"Type":"POLITY","Wikipedia":"Switzerland","Wikidata":"Q39","SeshatID":"ch_swiss_conf_1","Components":"","MemberOf":"(Holy Roman Empire)"}},
{"type":"Feature","geometry":{"type":"MultiPolygon","coordinates":[[[[-8.36954402923584,52.653533935546875],[-8.37929916381836,52.720787048339844],[-8.464859962463379,52.720787048339844],[-8.456147529090426,52.66100298670118],[-8.455059051513672,52.653533935546875],[-8.36954402923584,52.653533935546875]]],[[[-6.325851917266846,52.720787048339844],[-6.411412239074707,52.720787048339844],[-6.402688503265381,52.653533935546875],[-6.317173004150391,52.653533935546875],[-6.325851917266846,52.720787048339844]]],[[[-6.283822536468506,53.057395935058594],[-6.275067806243896,52.99003219604492],[-6.189326763153076,52.99003219604492],[-6.198035717010498,53.057395935058594],[-6.283822536468506,53.057395935058594]]],[[[-6.283822536468506,53.057395935058594],[-6.292601108551025,53.124786376953125],[-6.378433704376221,53.124786376953125],[-6.369609355926514,53.057395935058594],[-6.283822536468506,53.057395935058594]]],[[[10.62817668914795,55.97663879394531],[10.452422142028809,55.97663879394531],[10.364044189453125,55.77145767211914],[10.539490699768066,55.77145767211914],[10.627213478088379,55.77145767211914],[10.62817668914795,55.97663879394531]]],[[[10.187621116638184,54.47740173339844],[10.187661170959473,54.545284271240234],[9.9271879196167,54.545284271240234],[10.013643264770508,55.021148681640625],[9.926376342773438,55.089229583740234],[10.536654472351074,55.021148681640625],[10.535674095153809,54.74907684326172],[10.709615707397461,54.74907684326172],[10.884882926940918,54.95309066772461],[10.800582885742188,55.430015563964844],[10.625955581665039,55.498252868652344],[10.626581192016602,55.63479995727539],[9.750565528869629,55.56651306152344],[9.750177383422852,55.70311737060547],[9.925520896911621,55.70311737060547],[10.013073921203613,55.90821838378906],[10.276667594909668,55.97663879394531],[10.277146339416504,56.25059127807617],[10.36523151397705,56.25059127807617],[10.364885330200195,56.11355972290039],[10.540846824645996,56.11355972290039],[10.541122436523438,56.182064056396484],[10.805220603942871,56.182064056396484],[10.895707130432129,56.524986267089844],[10.277772903442383,56.59365463256836],[10.278702735900879,57.07511901855469],[10.545770645141602,57.28189468383789],[10.458671569824219,57.7653923034668],[9.923136711120605,57.696231842041016],[9.834181785583496,57.55800247192383],[9.655976295471191,57.55800247192383],[9.656455039978027,57.41988754272461],[9.39068603515625,57.21294021606445],[8.502391815185547,57.21294021606445],[8.239216804504395,57.00625228881836],[8.241414070129395,56.86860656738281],[8.152853965759277,56.86860656738281],[8.243602752685547,56.731075286865234],[7.979492664337158,56.662349700927734],[7.989406585693359,56.11355972290039],[8.077386856079102,56.11355972290039],[7.997951984405518,55.63479995727539],[8.085573196411133,55.63479995727539],[8.087891578674316,55.498252868652344],[8.350449562072754,55.498252868652344],[8.52729320526123,55.36180877685547],[8.529091835021973,55.225467681884766],[8.441773414611816,55.225467681884766],[8.534452438354492,54.817054748535156],[8.797733306884766,54.613189697265625],[8.799209594726562,54.47740173339844],[8.539765357971191,54.4095458984375],[8.54152774810791,54.27390670776367],[8.715572357177734,54.20612335205078],[8.802155494689941,54.20612335205078],[8.887362480163574,54.341712951660156],[9.148486137390137,54.20612335205078],[9.927618026733398,54.27390670776367],[10.187621116638184,54.47740173339844]]],[[[11.795514106750488,57.62710189819336],[11.794431686401367,57.55800247192383],[11.792279243469238,57.41988754272461],[12.058022499084473,57.35087585449219],[12.14184856414795,57.07511901855469],[12.405158996582031,56.937416076660156],[12.402325630187988,56.799827575683594],[12.75311279296875,56.662349700927734],[12.749893188476562,56.524986267089844],[12.573304176330566,56.524986267089844],[12.656968116760254,56.319149017333984],[12.480693817138672,56.319149017333984],[12.477840423583984,56.182064056396484],[11.860556602478027,56.11355972290039],[11.768598556518555,55.83982467651367],[11.595718383789062,56.04508590698242],[11.331932067871094,56.04508590698242],[11.241952896118164,55.83982467651367],[10.890382766723633,55.77145767211914],[10.889443397521973,55.63479995727539],[11.064117431640625,55.56651306152344],[10.974503517150879,55.29362487792969],[11.497906684875488,55.225467681884766],[11.670741081237793,55.089229583740234],[11.66806411743164,54.88506317138672],[10.97249698638916,55.021148681640625],[10.88355827331543,54.74907684326172],[12.101152420043945,54.74907684326172],[12.107980728149414,55.15733337402344],[12.371088027954102,55.225467681884766],[12.375022888183594,55.430015563964844],[12.202529907226562,55.56651306152344],[12.555678367614746,55.70311737060547],[12.561474800109863,55.97663879394531],[12.908012390136719,55.77145767211914],[12.903090476989746,55.56651306152344],[12.726422309875488,55.498252868652344],[12.810799598693848,55.36180877685547],[14.296913146972656,55.36180877685547],[14.228706359863281,55.90821838378906],[14.319018363952637,55.97663879394531],[14.758404731750488,55.97663879394531],[14.76668930053711,56.182064056396484],[15.819687843322754,56.11355972290039],[16.094310760498047,56.319149017333984],[16.09789276123047,56.387733459472656],[15.928498268127441,56.524986267089844],[13.458279609680176,56.59365463256836],[13.291296005249023,56.937416076660156],[13.115922927856445,57.00625228881836],[13.119647979736328,57.14401626586914],[12.945629119873047,57.28189468383789],[13.57866096496582,57.62710189819336],[13.67457389831543,57.8345832824707],[13.585249900817871,57.8345832824707],[13.591900825500488,58.042335510253906],[14.039355278015137,58.042335510253906],[14.596416473388672,58.528167724609375],[14.602242469787598,58.66725540161133],[14.247637748718262,58.80647277832031],[14.253070831298828,58.94581604003906],[14.16283893585205,58.94581604003906],[14.272345542907715,59.434532165527344],[14.362988471984863,59.434532165527344],[14.275132179260254,59.504478454589844],[14.380191802978516,59.85470962524414],[14.289191246032715,59.85470962524414],[14.295119342573948,60],[5.192194471418304,60],[5.18274974822998,59.99503707885742],[5.192312240600586,59.78459548950195],[5.283252716064453,59.78459548950195],[5.214344501495361,59.294734954833984],[5.848016262054443,59.294734954833984],[5.842586994171143,59.434532165527344],[6.026472091674805,59.36461639404297],[5.949085235595703,59.015533447265625],[5.497633457183838,59.015533447265625],[5.514988899230957,58.59769821166992],[5.700376510620117,58.45867156982422],[6.515511512756348,58.2503662109375],[6.611622333526611,58.042335510253906],[7.597545146942139,57.97305679321289],[8.66648006439209,58.31977081298828],[8.932857513427734,58.59769821166992],[9.112746238708496,58.59769821166992],[9.111583709716797,58.73685073852539],[9.381759643554688,58.73685073852539],[9.380940437316895,58.876129150390625],[9.561288833618164,58.876129150390625],[9.65099048614502,59.015533447265625],[10.012155532836914,58.94581604003906],[10.192960739135742,59.15507125854492],[10.373775482177734,59.15507125854492],[10.465357780456543,59.434532165527344],[10.374953269958496,59.504478454589844],[10.557076454162598,59.64447021484375],[10.555644989013672,59.36461639404297],[10.825811386108398,59.15507125854492],[11.09703254699707,59.15507125854492],[11.179258346557617,58.38920593261719],[11.44767951965332,58.31977081298828],[11.44500732421875,58.11164855957031],[11.713647842407227,58.11164855957031],[11.70738697052002,57.696231842041016],[11.796599388122559,57.696231842041016],[11.795514106750488,57.62710189819336]]],[[[-3.376785039901733,59.22488784790039],[-3.441113948822021,59.015533447265625],[-3.531404256820679,59.015533447265625],[-3.415184020996094,58.80647277832031],[-3.063107252120972,58.876129150390625],[-2.972933053970337,58.876129150390625],[-2.792584657669067,58.876129150390625],[-2.809081315994263,59.015533447265625],[-3.088408470153809,59.08528518676758],[-3.195853710174561,59.22488784790039],[-3.376785039901733,59.22488784790039]]],[[[-2.562593460083008,59.22488784790039],[-2.578956842422485,59.36461639404297],[-2.842337846755981,59.294734954833984],[-2.825665473937988,59.15507125854492],[-2.644851207733154,59.15507125854492],[-2.653059244155884,59.22488784790039],[-2.562593460083008,59.22488784790039]]],[[[14.64396858215332,55.29362487792969],[14.636160850524902,55.089229583740234],[15.069417953491211,55.021148681640625],[15.077948570251465,55.225467681884766],[14.990630149841309,55.225467681884766],[14.64396858215332,55.29362487792969]]],[[[19.04520034790039,57.97305679321289],[18.598026275634766,57.97305679321289],[18.230064392089844,57.8345832824707],[18.031593322753906,57.55800247192383],[18.02667236328125,57.488929748535156],[18.076435089111328,56.937416076660156],[18.342275619506836,56.937416076660156],[18.45128059387207,57.21294021606445],[18.911693572998047,57.41988754272461],[18.844388961791992,57.696231842041016],[19.03397560119629,57.8345832824707],[19.04520034790039,57.97305679321289]]]]},"properties":{"Name":"(Personal union of Kingdom of Denmark with Old Kingdom of Norway)","FromYear":1395,"ToYear":1401,"Area":615752.4726808635,"Type":"RELATION","Wikipedia":"Margaret I of Denmark","Wikidata":"Q202266","SeshatID":"dk_danish_k;no_norway_k_2","Components":"Old Kingdom of Norway;Kingdom of Denmark;(Kingdom of Denmark)","MemberOf":""}},
{"type":"Feature","geometry":{"type":"MultiPolygon","coordinates":[[[[22.87404441833496,36.15959167480469],[23.10675048828125,36.15959167480469],[23.116798400878906,36.3527946472168],[22.964859008789062,36.417205810546875],[22.887205123901367,36.417205810546875],[22.87404441833496,36.15959167480469]]],[[[21.90537452697754,36.9970588684082],[21.749671936035156,36.9970588684082],[21.743539810180664,36.8681755065918],[21.902257919311523,36.932613372802734],[21.90537452697754,36.9970588684082]]],[[[22.643253326416016,37.706241607666016],[22.636377334594727,37.5772590637207],[22.71442985534668,37.5772590637207],[22.94858741760254,37.5772590637207],[22.874034881591797,37.641746520996094],[22.877548217773438,37.706241607666016],[22.799449920654297,37.706241607666016],[22.721351623535156,37.706241607666016],[22.643253326416016,37.706241607666016]]],[[[19.918411254882812,39.70827102661133],[19.921405792236328,39.77294921875],[19.76365852355957,39.77294921875],[19.75778579711914,39.64360046386719],[19.912464141845703,39.57893371582031],[19.918411254882812,39.70827102661133]]],[[[19.539230346679688,41.71668243408203],[19.618911743164062,41.71668243408203],[19.63520050048828,42.041324615478516],[19.23607635498047,42.041324615478516],[19.232942581176758,41.97637939453125],[19.3127384185791,41.97637939453125],[19.309585571289062,41.911441802978516],[19.389352798461914,41.911441802978516],[19.386180877685547,41.84651184082031],[19.465919494628906,41.84651184082031],[19.46272850036621,41.781593322753906],[19.54244041442871,41.781593322753906],[19.539230346679688,41.71668243408203]]],[[[18.695072174072266,42.43117141723633],[18.85202980041504,42.36617660522461],[18.807669212427694,42.44417095481037],[18.77808952331543,42.496177673339844],[18.71286923169824,42.470169530092775],[18.615074157714844,42.43117141723633],[18.695072174072266,42.43117141723633]]],[[[18.61803436279297,42.496177673339844],[18.621000289916992,42.56119155883789],[18.623973846435547,42.62621307373047],[18.70406150817871,42.62621307373047],[18.70707130432129,42.691246032714844],[18.389509201049805,42.75628662109375],[18.380830764770508,42.56119155883789],[18.460887908935547,42.56119155883789],[18.457979202270508,42.496177673339844],[18.538005828857422,42.496177673339844],[18.61803436279297,42.496177673339844]]],[[[13.710229873657227,45.496795654296875],[13.628785133361816,45.496795654296875],[13.547340393066406,45.496795654296875],[13.544051170349121,45.300437927246094],[13.705584526062012,45.23500442504883],[13.780906677246094,44.908016204833984],[13.943220138549805,44.908016204833984],[13.945749282836914,45.03877639770508],[14.026969909667969,45.03877639770508],[13.786900520324707,45.23500442504883],[14.117451667785645,45.496795654296875],[13.710229873657227,45.496795654296875]]],[[[12.49193000793457,45.82429504394531],[12.165504455566406,45.82429504394531],[12.000378608703613,45.56227111816406],[11.998926162719727,45.36587905883789],[12.161685943603516,45.36587905883789],[12.162237167358398,45.431331634521484],[12.816752433776855,45.693260192871094],[13.060476303100586,45.62776184082031],[13.061376571655273,45.693260192871094],[12.9815673828125,45.82429504394531],[12.49193000793457,45.82429504394531]]],[[[24.156919479370117,35.51579284667969],[23.615402221679688,35.51579284667969],[23.679210662841797,35.258358001708984],[24.44841766357422,35.194007873535156],[24.52567481994629,35.194007873535156],[24.7574462890625,35.194007873535156],[24.823745727539062,35.00096893310547],[26.140073776245117,35.065311431884766],[26.22533416748047,35.194007873535156],[25.680648803710938,35.12965774536133],[25.69233512878418,35.32271194458008],[24.30097007751465,35.32271194458008],[24.149879455566406,35.38706970214844],[24.156919479370117,35.51579284667969]]],[[[25.330806732177734,36.9970588684082],[25.56435775756836,36.9970588684082],[25.57270622253418,37.12596130371094],[25.416915893554688,37.12596130371094],[25.339021682739258,37.12596130371094],[25.330806732177734,36.9970588684082]]],[[[24.201318740844727,37.641746520996094],[24.27158546447754,37.51277160644531],[24.43158721923828,37.5772590637207],[24.36141586303711,37.706241607666016],[24.28331756591797,37.706241607666016],[24.201318740844727,37.641746520996094]]],[[[25.0518856048584,37.51277160644531],[25.285974502563477,37.51277160644531],[25.220497131347656,37.706241607666016],[25.064300537109375,37.706241607666016],[24.986202239990234,37.706241607666016],[25.0518856048584,37.51277160644531]]],[[[24.681930541992188,37.835243225097656],[24.830005645751953,37.706241607666016],[25.068470001220703,37.7707405090332],[24.772438049316406,38.028785705566406],[24.694225311279297,38.028785705566406],[24.681930541992188,37.835243225097656]]],[[[22.525287628173828,38.416015625],[22.603641510009766,38.416015625],[22.988061904907227,38.28691864013672],[23.026295891480647,38.024626437000684],[23.044498443603516,37.89975357055664],[23.04452424099773,37.89976396975649],[23.36458969116211,38.028785705566406],[23.44280242919922,38.028785705566406],[23.9786319732666,37.835243225097656],[24.002099990844727,38.22237777709961],[24.158668518066406,38.22237777709961],[24.178871154785156,38.54513168334961],[24.030162811279297,38.67427444458008],[23.563383102416992,38.738853454589844],[23.626148223876953,38.48057174682617],[23.312631607055664,38.48057174682617],[22.939332962036133,38.80344009399414],[22.943096160888672,38.8680305480957],[22.3934326171875,38.8680305480957],[22.525287628173828,38.416015625]]],[[[23.563383102416992,38.738853454589844],[23.56732749938965,38.80344009399414],[23.488826751708984,38.80344009399414],[23.484909057617188,38.738853454589844],[23.563383102416992,38.738853454589844]]],[[[24.364974975585938,38.997230529785156],[24.35651969909668,38.8680305480957],[24.662033081054688,38.738853454589844],[24.674930572509766,38.93262481689453],[24.443546295166016,38.997230529785156],[24.364974975585938,38.997230529785156]]],[[[23.34353256225586,38.997230529785156],[23.033077239990234,39.06184005737305],[23.025423049926758,38.93262481689453],[23.331829071044922,38.80344009399414],[23.492761611938477,38.8680305480957],[23.41423797607422,38.8680305480957],[23.34353256225586,38.997230529785156]]]]},"properties":{"Name":"Republic of Venice","FromYear":1395,"ToYear":1401,"Area":24167.95001662691,"Type":"POLITY","Wikipedia":"Republic of Venice","Wikidata":"Q4948","SeshatID":"it_venetian_rep_3","Components":"","MemberOf":""}},
{"type":"Feature","geometry":{"type":"Polygon","coordinates":[[[-4.382591724395752,54.4095458984375],[-4.807900905609131,54.341712951660156],[-4.799596309661865,54.27390670776367],[-4.861302852630615,54.07062530517578],[-4.358400821685791,54.20612335205078],[-4.382591724395752,54.4095458984375]]]},"properties":{"Name":"Isle of Man","FromYear":1395,"ToYear":1401,"Area":766.8325917978626,"Type":"POLITY","Wikipedia":"Isle of Man","Wikidata":"Q9676","SeshatID":"","Components":"","MemberOf":""}},
{"type":"Feature","geometry":{"type":"Polygon","coordinates":[[[19.453214645385742,41.586883544921875],[19.450061798095703,41.521995544433594],[19.529659271240234,41.521995544433594],[19.428295135498047,41.06801223754883],[19.498455047607422,40.873565673828125],[19.254547119140625,40.74397277832031],[19.2486515045166,40.614410400390625],[19.41007423400879,40.6791877746582],[19.48028564453125,40.4848747253418],[19.4773006439209,40.42012023925781],[19.474327087402344,40.355369567871094],[19.47136878967285,40.29063034057617],[19.55044937133789,40.29063034057617],[19.62952995300293,40.29063034057617],[19.62653160095215,40.225894927978516],[19.705585479736328,40.225894927978516],[20.028079986572266,40.355369567871094],[20.123241424560547,40.6791877746582],[20.443561553955078,40.74397277832031],[20.4503173828125,40.873565673828125],[20.529638290405273,40.873565673828125],[20.467424392700195,41.19768524169922],[20.546884536743164,41.19768524169922],[20.5573787689209,41.39224624633789],[20.4813289642334,41.45711898803711],[20.578678131103516,41.781593322753906],[20.49896812438965,41.781593322753906],[20.41925811767578,41.781593322753906],[20.422788619995117,41.84651184082031],[20.343050003051758,41.84651184082031],[20.2633113861084,41.84651184082031],[20.26679801940918,41.911441802978516],[20.11414909362793,42.041324615478516],[19.871313095092773,41.97637939453125],[19.86795997619629,41.911441802978516],[19.788190841674805,41.911441802978516],[19.771717071533203,41.586883544921875],[19.453214645385742,41.586883544921875]]]},"properties":{"Name":"Albanian Principalities","FromYear":1395,"ToYear":1401,"Area":13542.240619496937,"Type":"POLITY","Wikipedia":"Albanian principalities","Wikidata":"Q2658979","SeshatID":"","Components":"","MemberOf":""}},
{"type":"Feature","geometry":{"type":"MultiPolygon","coordinates":[[[[6.983439445495605,47.53233337402344],[7.39728307723999,47.46647262573242],[7.559404373168945,47.598209381103516],[7.552440643310547,47.92780685424805],[7.466878890991211,48.059749603271484],[7.218601703643799,48.059749603271484],[7.138998985290527,47.92780685424805],[6.890934467315674,47.92780685424805],[6.983439445495605,47.53233337402344]]],[[[8.210589408874512,48.1257438659668],[8.208345413208008,48.257774353027344],[7.959747314453125,48.257774353027344],[7.796617031097412,48.1257438659668],[7.792711734771729,48.323814392089844],[7.709810256958008,48.323814392089844],[7.628283500671387,48.257774353027344],[7.637851715087891,47.79592514038086],[7.886958122253418,47.730003356933594],[7.725746154785156,47.53233337402344],[7.560789108276367,47.53233337402344],[7.72967529296875,47.33478927612305],[7.812050342559814,47.33478927612305],[7.894424915313721,47.33478927612305],[7.976799964904785,47.33478927612305],[8.059174537658691,47.33478927612305],[8.138138771057129,47.53233337402344],[8.054483413696289,47.598209381103516],[8.218400955200195,47.664100646972656],[8.127795219421387,48.1257438659668],[8.210589408874512,48.1257438659668]]],[[[8.210589408874512,48.1257438659668],[8.211709976196289,48.059749603271484],[8.21282958984375,47.993770599365234],[8.295553207397461,47.993770599365234],[8.378276824951172,47.993770599365234],[8.461000442504883,47.993770599365234],[8.45998764038086,48.059749603271484],[8.377227783203125,48.059749603271484],[8.376178741455078,48.1257438659668],[8.293384552001953,48.1257438659668],[8.210589408874512,48.1257438659668]]],[[[8.539809226989746,48.257774353027344],[8.706449508666992,48.191749572753906],[8.7875337600708,48.323814392089844],[8.538827896118164,48.323814392089844],[8.539809226989746,48.257774353027344]]],[[[8.291211128234863,48.257774353027344],[8.290122985839844,48.323814392089844],[8.454909324645996,48.38986587524414],[8.206095695495605,48.38986587524414],[8.291211128234863,48.257774353027344]]],[[[8.452873229980469,48.52202224731445],[8.451854705810547,48.5881233215332],[8.285761833190918,48.5881233215332],[8.370917320251465,48.455936431884766],[8.452873229980469,48.52202224731445]]],[[[8.61889362335205,48.52202224731445],[8.701903343200684,48.52202224731445],[8.700084686279297,48.654239654541016],[8.535882949829102,48.52202224731445],[8.61889362335205,48.52202224731445]]],[[[14.440329551696777,45.36587905883789],[14.524674415588379,45.496795654296875],[15.339118957519531,45.496795654296875],[15.264768600463867,45.75876998901367],[15.678460121154785,45.95537567138672],[15.604452133178711,46.21768569946289],[16.01764488220215,46.348915100097656],[15.864084243774414,46.677207946777344],[16.032390594482422,46.808616638183594],[16.138551712036133,47.53233337402344],[16.303508758544922,47.53233337402344],[16.3150634765625,47.86185836791992],[16.986814498901367,48.1257438659668],[16.989469528198242,48.191749572753906],[16.829010009765625,48.323814392089844],[16.927988052368164,48.72037124633789],[16.179914474487305,48.72037124633789],[15.190342903137207,48.98506164550781],[14.940543174743652,48.98506164550781],[14.850005149841309,48.72037124633789],[14.597285270690918,48.5881233215332],[14.100465774536133,48.654239654541016],[14.099007606506348,48.5881233215332],[14.015960693359375,48.5881233215332],[14.014547348022461,48.52202224731445],[13.931536674499512,48.52202224731445],[13.930166244506836,48.455936431884766],[13.847192764282227,48.455936431884766],[13.177251815795898,48.059749603271484],[13.175244331359863,47.92780685424805],[13.418926239013672,47.664100646972656],[13.41247844696045,47.26897048950195],[13.659500122070312,47.26897048950195],[13.738253593444824,47.07159423828125],[13.08034896850586,47.07159423828125],[12.9981107711792,47.07159423828125],[12.175729751586914,47.07159423828125],[12.177369117736816,47.26897048950195],[12.342669486999512,47.33478927612305],[12.262062072753906,47.53233337402344],[12.014627456665039,47.53233337402344],[11.848007202148438,47.26897048950195],[11.600985527038574,47.26897048950195],[11.436545372009277,47.33478927612305],[11.437032699584961,47.46647262573242],[11.272144317626953,47.46647262573242],[11.024742126464844,47.4006233215332],[10.94240665435791,47.53233337402344],[10.859928131103516,47.53233337402344],[10.777449607849121,47.53233337402344],[10.694971084594727,47.53233337402344],[10.694906234741211,47.598209381103516],[10.61239242553711,47.598209381103516],[10.447366714477539,47.598209381103516],[10.36567211151123,47.33478927612305],[10.200922012329102,47.33478927612305],[10.119163513183594,47.20316696166992],[10.120388984680176,46.94007873535156],[10.44906997680664,46.94007873535156],[10.450072288513184,46.54585266113281],[11.187925338745117,46.61152267456055],[11.105613708496094,46.414546966552734],[11.269417762756348,46.414546966552734],[11.515933990478516,46.61152267456055],[11.844345092773438,46.677207946777344],[12.58195972442627,46.61152267456055],[13.646848678588867,46.54585266113281],[13.725314140319824,46.348915100097656],[13.887821197509766,46.283294677734375],[13.885364532470703,46.1520881652832],[13.5560941696167,46.02093505859375],[13.633292198181152,45.75876998901367],[13.714865684509277,45.75876998901367],[13.713706970214844,45.693260192871094],[13.71254825592041,45.62776184082031],[13.711389541625977,45.56227111816406],[13.710229873657227,45.496795654296875],[14.117451667785645,45.496795654296875],[13.786900520324707,45.23500442504883],[14.026969909667969,45.03877639770508],[14.108189582824707,45.03877639770508],[14.189410209655762,45.03877639770508],[14.196189880371094,45.36587905883789],[14.358949661254883,45.36587905883789],[14.440329551696777,45.36587905883789]]],[[[9.706672668457031,47.33478927612305],[9.623783111572266,47.4006233215332],[9.542471885681152,47.26897048950195],[9.707632064819336,47.20316696166992],[9.789048194885254,47.33478927612305],[9.706672668457031,47.33478927612305]]],[[[10.528592109680176,48.257774353027344],[10.197128295898438,48.257774353027344],[10.115167617797852,48.059749603271484],[10.363642692565918,47.993770599365234],[10.52871322631836,48.191749572753906],[10.528592109680176,48.257774353027344]]],[[[9.367846488952637,48.323814392089844],[9.36722469329834,48.38986587524414],[9.201349258422852,48.38986587524414],[9.202736854553223,48.257774353027344],[9.367846488952637,48.323814392089844]]],[[[9.449578285217285,48.455936431884766],[9.451920509338379,48.191749572753906],[9.782355308532715,48.323814392089844],[10.03139591217041,48.257774353027344],[10.03072738647461,48.38986587524414],[9.947789192199707,48.38986587524414],[9.449578285217285,48.455936431884766]]],[[[10.196342468261719,48.455936431884766],[10.11336898803711,48.455936431884766],[10.113962173461914,48.323814392089844],[10.279766082763672,48.323814392089844],[10.196342468261719,48.455936431884766]]]]},"properties":{"Name":"House of Habsburg","FromYear":1395,"ToYear":1401,"Area":99582.98446198771,"Type":"POLITY","Wikipedia":"House of Habsburg","Wikidata":"Q65968","SeshatID":"de_empire_3","Components":"","MemberOf":"(Holy Roman Empire)"}},
{"type":"Feature","geometry":{"type":"MultiPolygon","coordinates":[[[[-1.853058218955994,43.407203674316406],[-1.848402380943298,43.342071533203125],[-1.767988562583923,43.342071533203125],[-1.772614240646362,43.407203674316406],[-1.853058218955994,43.407203674316406]]],[[[-1.044264197349548,43.342071533203125],[-0.654836595058441,43.53750228881836],[-0.32871425151825,43.472347259521484],[-0.281132787466049,43.99384307861328],[-0.200413763523102,43.99384307861328],[-0.119694747030735,43.99384307861328],[-0.038975734263659,43.99384307861328],[0.041743285953999,43.99384307861328],[0.037705771625042,44.05907440185547],[-0.071827687323093,44.5159797668457],[-0.17808398604393,44.908016204833984],[-0.190878316760063,45.10417556762695],[-0.280779838562012,45.23500442504883],[-0.443411976099014,45.23500442504883],[-0.4522345662117,45.36587905883789],[-1.035891175270081,45.56227111816406],[-1.031213998794556,45.496795654296875],[-1.189373373985291,45.431331634521484],[-1.170574903488159,45.169586181640625],[-1.251859068870544,45.169586181640625],[-1.205376982688904,44.5159797668457],[-1.286344885826111,44.5159797668457],[-1.267958283424377,44.25482940673828],[-1.348801136016846,44.25482940673828],[-1.321390628814697,43.86341094970703],[-1.402047991752625,43.86341094970703],[-1.459883332252502,43.53750228881836],[-1.692170143127441,43.407203674316406],[-1.687574744224548,43.342071533203125],[-1.044264197349548,43.342071533203125]]],[[[-4.10120153427124,48.72037124633789],[-4.18432092666626,48.72037124633789],[-4.599917888641357,48.72037124633789],[-4.911745548248291,48.52202224731445],[-4.891265392303467,48.323814392089844],[-4.642560005187988,48.323814392089844],[-4.546383857727051,48.191749572753906],[-4.705362796783447,48.1257438659668],[-4.692053318023682,47.993770599365234],[-4.424368858337402,47.79592514038086],[-4.100244045257568,47.86185836791992],[-4.017590999603271,47.86185836791992],[-3.757235288619995,47.730003356933594],[-3.42690372467041,47.730003356933594],[-3.344320774078369,47.730003356933594],[-3.279724597930908,47.92780685424805],[-3.972950458526611,48.257774353027344],[-4.10120153427124,48.72037124633789]]],[[[2.074539184570312,51.112430572509766],[1.990016341209412,51.112430572509766],[1.905493497848511,51.112430572509766],[1.909662842750549,51.04566955566406],[1.825181484222412,51.04566955566406],[1.740700125694275,51.04566955566406],[1.576062202453613,50.97892379760742],[1.6365936370134901,50.912200927734375],[1.75760805606842,50.77880859375],[1.785665393321186,50.77880859375],[1.841925024986267,50.77880859375],[2.090827465057373,50.84549331665039],[2.074539184570312,51.112430572509766]]],[[[-8.36954402923584,52.653533935546875],[-8.456147529090426,52.66100298670118],[-9.14934253692627,52.720787048339844],[-9.973213195800781,52.51908493041992],[-9.941752433776855,52.31757736206055],[-10.528071403503418,52.250450134277344],[-10.506694793701172,52.11625671386719],[-9.569916725158691,52.11625671386719],[-9.324491500854492,52.18334197998047],[-9.259406089782715,52.31757736206055],[-8.918232917785645,52.31757736206055],[-8.859267234802246,51.91512680053711],[-8.575459480285645,51.71418380737305],[-8.075331687927246,51.78114318847656],[-8.008954048156738,51.91512680053711],[-7.526036262512207,52.11625671386719],[-7.440874576568604,52.11625671386719],[-6.853535175323486,52.18334197998047],[-7.123294830322266,52.92268753051758],[-6.712756156921387,53.057395935058594],[-6.721763134002686,53.124786376953125],[-6.635931015014648,53.124786376953125],[-6.138383388519287,53.25962829589844],[-6.241942882537842,53.39456558227539],[-6.087455749511719,53.52959060668945],[-6.286456108093262,53.732303619384766],[-6.331579685211182,54.07062530517578],[-6.918198585510254,53.93522644042969],[-6.90884256362915,53.86756134033203],[-6.899511337280273,53.799922943115234],[-6.890205860137939,53.732303619384766],[-6.880926132202148,53.664710998535156],[-6.871671199798584,53.597137451171875],[-6.957827568054199,53.597137451171875],[-7.120770454406738,53.52959060668945],[-7.074308395385742,53.192195892333984],[-7.150925159454346,53.124786376953125],[-7.589578151702881,53.192195892333984],[-7.646926403045654,52.99003219604492],[-7.904150009155273,52.99003219604492],[-8.009249687194824,53.124786376953125],[-8.180913925170898,53.124786376953125],[-8.36954402923584,52.653533935546875]]],[[[-3.402623414993286,54.95309066772461],[-3.394958257675171,54.88506317138672],[-3.648374080657959,54.817054748535156],[-3.704231739044189,54.545284271240234],[-3.617407321929932,54.545284271240234],[-3.586766958236694,54.27390670776367],[-3.319409608840942,54.20612335205078],[-3.304538726806641,54.07062530517578],[-2.96582555770874,54.138362884521484],[-3.196035623550415,53.86756134033203],[-3.095205545425415,53.732303619384766],[-3.152528285980225,53.462066650390625],[-4.162125587463379,53.25962829589844],[-4.271347522735596,53.462066650390625],[-4.701662540435791,53.462066650390625],[-4.669717311859131,53.192195892333984],[-4.490120410919189,53.124786376953125],[-4.809510231018066,52.92268753051758],[-4.793659210205078,52.78806686401367],[-4.29533576965332,52.92268753051758],[-4.156738758087158,52.4518928527832],[-4.552989482879639,52.18334197998047],[-5.218731880187988,52.0491943359375],[-5.264270305633545,51.71418380737305],[-4.909326076507568,51.580322265625],[-4.415247440338135,51.71418380737305],[-4.308269023895264,51.51342010498047],[-3.891522645950317,51.580322265625],[-3.70082426071167,51.37968063354492],[-3.277374029159546,51.37968063354492],[-3.121426105499268,51.51342010498047],[-2.945236444473267,51.44654083251953],[-3.107994079589844,51.37968063354492],[-3.094635725021362,51.24601745605469],[-4.201729774475098,51.31283950805664],[-4.426436901092529,51.04566955566406],[-4.67988109588623,51.04566955566406],[-4.657799243927002,50.84549331665039],[-4.819114208221436,50.77880859375],[-4.881234169006348,50.578861236572266],[-5.133819580078125,50.578861236572266],[-5.279601097106934,50.37908172607422],[-5.768607616424561,50.2459831237793],[-5.745615005493164,50.04647445678711],[-5.151133060455322,49.98000717163086],[-4.928657054901123,50.2459831237793],[-4.354779243469238,50.37908172607422],[-4.186630249023438,50.37908172607422],[-4.088706493377686,50.2459831237793],[-3.584736108779907,50.2459831237793],[-3.456606388092041,50.64549255371094],[-3.12621021270752,50.71213912963867],[-2.102793455123901,50.578861236572266],[-2.030619621276855,50.71213912963867],[-1.524962306022644,50.71213912963867],[-1.513427257537842,50.578861236572266],[-1.176646590232849,50.578861236572266],[-1.109168291091919,50.77880859375],[-1.367843627929688,50.84549331665039],[0.492853790521622,50.77880859375],[1.313834071159363,51.112430572509766],[1.380577206611633,51.37968063354492],[0.523877322673798,51.51342010498047],[0.862975299358368,51.51342010498047],[0.843909561634064,51.78114318847656],[1.183690190315247,51.78114318847656],[1.169783234596252,51.98215103149414],[1.425007224082947,51.98215103149414],[1.586262822151184,52.11625671386719],[1.653681755065918,52.38472366333008],[1.739019155502319,52.38472366333008],[1.716817617416382,52.720787048339844],[1.531973838806152,52.92268753051758],[1.093834638595581,53.057395935058594],[0.493327647447586,53.057395935058594],[0.337453275918961,52.85536575317383],[0.075146429240704,52.92268753051758],[0.316494405269623,53.124786376953125],[0.29531991481781,53.39456558227539],[0.020827349275351,53.597137451171875],[0.004257039166987,53.799922943115234],[-0.17964468896389,53.93522644042969],[-0.294801265001297,54.27390670776367],[-0.381431937217712,54.27390670776367],[-0.393139123916626,54.4095458984375],[-0.671433329582214,54.613189697265625],[-1.285956144332886,54.681121826171875],[-1.398887872695923,54.95309066772461],[-1.486006855964661,54.95309066772461],[-1.633551597595215,55.56651306152344],[-2.01904296875,55.90821838378906],[-2.106868505477905,55.90821838378906],[-2.268072366714478,55.77145767211914],[-2.239403486251831,55.498252868652344],[-2.560305595397949,55.225467681884766],[-2.734941720962524,55.225467681884766],[-2.807486772537231,55.089229583740234],[-3.141266584396362,54.95309066772461],[-3.402623414993286,54.95309066772461]]]]},"properties":{"Name":"(Kingdom of England)","FromYear":1395,"ToYear":1401,"Area":213429.0070042216,"Type":"POLITY","Wikipedia":"Kingdom of England","Wikidata":"Q179876","SeshatID":"gb_england_plantagenet","Components":"Kingdom of England;Earldom of Desmond","MemberOf":""}},
{"type":"Feature","geometry":{"type":"Polygon","coordinates":[[[39.67759704589844,40.031734466552734],[40.03242492675781,40.29063034057617],[40.11150360107422,40.29063034057617],[40.734127044677734,40.225894927978516],[41.149749755859375,40.355369567871094],[40.932769775390625,40.4848747253418],[40.9532585144043,40.614410400390625],[41.2856330871582,41.19768524169922],[41.29633712768555,41.26253128051758],[41.15876007080078,41.39224624633789],[41.04725646972656,41.19768524169922],[40.53934860229492,41.00318908691406],[40.390892028808594,41.06801223754883],[40.370330810546875,40.93837356567383],[39.735538482666016,40.93837356567383],[39.0508918762207,41.132843017578125],[38.951820373535156,41.00318908691406],[38.535701751708984,40.873565673828125],[38.29773712158203,40.873565673828125],[38.15805435180664,41.00318908691406],[37.83116149902344,40.93837356567383],[37.770565032958984,41.06801223754883],[37.443668365478516,41.00318908691406],[37.21474075317383,41.06801223754883],[37.23323440551758,41.19768524169922],[36.99485778808594,41.19768524169922],[36.91539764404297,41.19768524169922],[36.7564811706543,41.19768524169922],[36.63197708129883,40.873565673828125],[36.878971099853516,40.93837356567383],[37.16904830932617,40.74397277832031],[37.8731689453125,40.6791877746582],[38.21356201171875,40.29063034057617],[38.84621047973633,40.29063034057617],[38.98551940917969,40.16116714477539],[39.67759704589844,40.031734466552734]]]},"properties":{"Name":"Empire of Trebizond","FromYear":1395,"ToYear":1401,"Area":26486.80564946798,"Type":"POLITY","Wikipedia":"Empire of Trebizond","Wikidata":"Q178913","SeshatID":"tr_trebizond_emp","Components":"","MemberOf":""}},
{"type":"Feature","geometry":{"type":"MultiPolygon","coordinates":[[[[44.82474899291992,42.691246032714844],[44.744632720947266,42.691246032714844],[44.75723648071289,42.75628662109375],[44.541399433667316,42.725303348606914],[43.851112365722656,42.62621307373047],[43.65967559814453,42.88639831542969],[43.419063568115234,42.88639831542969],[42.98605728149414,43.146724700927734],[41.7125244140625,43.211830139160156],[41.115562438964844,43.472347259521484],[40.40254592895508,43.53750228881836],[40.26399612426758,43.6678352355957],[40.28654479980469,43.79821014404297],[40.033470153808594,43.73301696777344],[39.351905822753906,43.99384307861328],[39.34092330932617,43.92862319946289],[39.977840423583984,43.407203674316406],[40.219173431396484,43.407203674316406],[40.41570281982422,43.146724700927734],[40.81732177734375,43.146724700927734],[41.11582565307617,43.016544342041016],[41.608699798583984,42.62621307373047],[41.48331832885742,42.36617660522461],[41.700584411621094,42.236209869384766],[41.598209381103516,42.10627746582031],[41.75791549682617,42.10627746582031],[41.7817268371582,41.781593322753906],[41.60022735595703,41.65177917480469],[41.567359924316406,41.45711898803711],[41.22755813598633,41.32738494873047],[41.29633712768555,41.26253128051758],[41.2856330871582,41.19768524169922],[41.715553283691406,41.39224624633789],[41.74848937988281,41.586883544921875],[41.91884231567383,41.65177917480469],[43.13680648803711,41.781593322753906],[43.49097442626953,41.97637939453125],[44.12934494018555,41.97637939453125],[44.58973693847656,42.30118942260742],[45,42.25866758803593],[45,42.691246032714844],[44.82474899291992,42.691246032714844]]],[[[39.36290740966797,44.05907440185547],[39.28215789794922,44.05907440185547],[39.2014045715332,44.05907440185547],[39.190467834472656,43.99384307861328],[39.27118682861328,43.99384307861328],[39.351905822753906,43.99384307861328],[39.36290740966797,44.05907440185547]]],[[[39.13158416748047,44.12431716918945],[39.12065505981445,44.05907440185547],[39.2014045715332,44.05907440185547],[39.21016005269757,44.111195875699565],[39.212364196777344,44.12431716918945],[39.17170674827628,44.12431716918945],[39.13158416748047,44.12431716918945]]],[[[39.13158416748047,44.12431716918945],[39.13375692640997,44.137266660997525],[39.14253234863281,44.18956756591797],[39.06172180175781,44.18956756591797],[39.057334115217984,44.1633441633101],[39.050804138183594,44.12431716918945],[39.13158416748047,44.12431716918945]]]]},"properties":{"Name":"Kingdom of Georgia","FromYear":1395,"ToYear":1401,"Area":42039.97979023958,"Type":"POLITY","Wikipedia":"Kingdom of Georgia","Wikidata":"Q154667","SeshatID":"ge_georgia_k_3","Components":"","MemberOf":""}},
{"type":"Feature","geometry":{"type":"Polygon","coordinates":[[[15.646231651306152,52.31757736206055],[15.813953399658203,52.250450134277344],[15.80826187133789,52.11625671386719],[16.136985778808594,51.84812545776367],[16.131103515625,51.71418380737305],[16.55561637878418,51.71418380737305],[16.718996047973633,51.580322265625],[16.980127334594727,51.71418380737305],[17.31973648071289,51.71418380737305],[17.549257278442383,51.24601745605469],[17.972288131713867,51.24601745605469],[18.049345016479492,51.112430572509766],[18.709320068359375,50.84549331665039],[18.70132827758789,50.71213912963867],[19.030193328857422,50.578861236572266],[19.022031784057617,50.445655822753906],[19.18613052368164,50.37908172607422],[19.17385482788086,50.17946243286133],[19.089900970458984,50.17946243286133],[19.085887908935547,50.11296081542969],[19.081897735595703,50.04647445678711],[19.165773391723633,50.04647445678711],[19.23756217956543,49.84712600708008],[18.88353729248047,49.51522445678711],[19.13038444519043,49.44889450073242],[19.472537994384766,49.58156967163086],[19.865541458129883,49.18375015258789],[20.21193504333496,49.38258361816406],[21.79827117919922,49.38258361816406],[22.5230712890625,49.051273345947266],[22.77837371826172,49.11750411987305],[22.928722381591797,48.91886520385742],[23.666343688964844,48.786521911621094],[24.052976608276367,48.455936431884766],[24.378963470458984,48.38986587524414],[24.367206573486328,48.257774353027344],[24.686708450317383,48.1257438659668],[24.586227416992188,47.92780685424805],[24.90500259399414,47.79592514038086],[24.987621307373047,47.79592514038086],[25.01179313659668,48.059749603271484],[25.54009246826172,48.38986587524414],[25.559406280517578,48.5881233215332],[25.252717971801758,48.852684020996094],[25.35540199279785,49.051273345947266],[25.778654098510742,49.11750411987305],[26.22332000732422,49.38258361816406],[26.189617156982422,49.84712600708008],[26.029254913330078,49.91355895996094],[25.967002868652344,50.11296081542969],[25.799171447753906,50.11296081542969],[25.736732482910156,50.312522888183594],[24.83966064453125,50.578861236572266],[24.769216537475586,50.71213912963867],[24.587074279785156,50.578861236572266],[24.334489822387695,50.578861236572266],[24.368066787719727,50.912200927734375],[24.199270248413086,50.912200927734375],[24.73369789123535,51.17921447753906],[24.960941314697266,51.71418380737305],[25.223169326782227,51.78114318847656],[25.261207580566406,52.11625671386719],[24.84287452697754,52.18334197998047],[24.64307975769043,51.91512680053711],[24.04088592529297,51.84812545776367],[23.93526268005371,51.64724349975586],[23.589168548583984,51.580322265625],[22.747228622436523,51.64724349975586],[22.61488151550293,52.0491943359375],[23.138765335083008,52.18334197998047],[23.34299087524414,52.51908493041992],[23.185659408569336,52.653533935546875],[22.843597412109375,52.653533935546875],[22.65958023071289,52.51908493041992],[22.409648895263672,52.586299896240234],[22.343225479125977,52.78806686401367],[22.698820114135742,52.92268753051758],[22.738895416259766,53.32708740234375],[22.42144775390625,53.597137451171875],[21.28936767578125,53.462066650390625],[20.927749633789062,53.25962829589844],[20.66997718811035,53.25962829589844],[20.395845413208008,53.057395935058594],[19.724811553955078,53.25962829589844],[19.361536026000977,52.99003219604492],[18.928207397460938,52.92268753051758],[18.689167022705078,53.192195892333984],[18.517410278320312,53.192195892333984],[18.44928741455078,53.462066650390625],[17.506561279296875,53.52959060668945],[17.326608657836914,53.39456558227539],[17.079761505126953,53.597137451171875],[16.821292877197266,53.597137451171875],[16.65959930419922,53.799922943115234],[16.400707244873047,53.799922943115234],[16.476667404174805,53.597137451171875],[16.301027297973633,53.52959060668945],[16.294410705566406,53.39456558227539],[16.119178771972656,53.32708740234375],[16.109657287597656,53.124786376953125],[16.02382469177246,53.124786376953125],[16.097135543823242,52.85536575317383],[15.48926830291748,52.653533935546875],[15.646231651306152,52.31757736206055]]]},"properties":{"Name":"(Kingdom of Poland)","FromYear":1395,"ToYear":1401,"Area":233778.32133963873,"Type":"POLITY","Wikipedia":"Kingdom of Poland","Wikidata":"Q577867","SeshatID":"","Components":"Kingdom of Poland","MemberOf":"(Polish-Lithuania Kingdom)"}},
{"type":"Feature","geometry":{"type":"MultiPolygon","coordinates":[[[[37.79916000366211,57.14401626586914],[38.04844665527344,57.07511901855469],[38.455238342285156,57.28189468383789],[38.81077194213867,57.28189468383789],[38.79320526123047,57.21294021606445],[39.148521423339844,57.21294021606445],[39.13078689575195,57.14401626586914],[39.68149948120117,57.21294021606445],[39.66343688964844,57.14401626586914],[40.2664794921875,57.07511901855469],[41.51583480834961,57.41988754272461],[41.79169464111328,57.7653923034668],[41.990081787109375,57.8345832824707],[42.009986877441406,57.903804779052734],[41.58277130126953,57.97305679321289],[41.602508544921875,58.042335510253906],[41.244544982910156,58.042335510253906],[41.1861686706543,57.8345832824707],[40.70145797729492,57.696231842041016],[40.746116638183594,58.180992126464844],[40.91361999511719,58.45867156982422],[40.84334182739258,58.528167724609375],[40.86294937133789,58.59769821166992],[40.773006439208984,58.59769821166992],[40.83198547363281,58.80647277832031],[40.091800689697266,58.73685073852539],[39.5561637878418,59.08528518676758],[38.94242858886719,59.15507125854492],[38.79894256591797,59.294734954833984],[38.43684387207031,59.294734954833984],[38.36333084106445,59.015533447265625],[37.893917083740234,58.94581604003906],[37.67790985107422,58.80647277832031],[36.77674865722656,58.80647277832031],[36.72089767456055,58.94581604003906],[36.450199127197266,58.94581604003906],[36.42213439941406,58.45867156982422],[36.511962890625,58.45867156982422],[36.461795806884766,58.2503662109375],[36.551456451416016,58.2503662109375],[36.50153350830078,58.042335510253906],[36.591026306152344,58.042335510253906],[36.54853439331055,57.488929748535156],[37.20535659790039,57.62710189819336],[37.255943298339844,57.8345832824707],[37.77463912963867,57.7653923034668],[37.6425666809082,58.66725540161133],[38.020450592041016,58.73685073852539],[38.07468795776367,58.59769821166992],[38.25457763671875,58.59769821166992],[38.39838790893555,58.45867156982422],[38.4348258972168,57.903804779052734],[38.52420425415039,57.903804779052734],[38.48878479003906,57.7653923034668],[37.846656799316406,57.696231842041016],[37.79916000366211,57.14401626586914]]],[[[45,59.505991504442775],[45,60],[42.09503957757271,60],[41.63859939575195,59.714515686035156],[41.59706497192383,59.574459075927734],[40.79048156738281,59.294734954833984],[41.021793365478516,59.15507125854492],[41.2634391784668,59.36461639404297],[41.53519058227539,59.36461639404297],[42.07190704345703,59.64447021484375],[42.6168327331543,59.64447021484375],[42.59543991088867,59.574459075927734],[43.97914505004883,59.64447021484375],[43.95685577392578,59.574459075927734],[45,59.505991504442775]]]]},"properties":{"Name":"Principality of Vladimir-Suzdal","FromYear":1395,"ToYear":1414,"Area":90644.7151277977,"Type":"POLITY","Wikipedia":"Vladimir-Suzdal","Wikidata":"Q83546","SeshatID":"","Components":"","MemberOf":""}},
{"type":"Feature","geometry":{"type":"Polygon","coordinates":[[[20.684539794921875,39.25570297241211],[20.602754592895508,39.19107437133789],[20.91095733642578,39.06184005737305],[20.74135398864746,38.80344009399414],[20.973709106445312,38.738853454589844],[21.118022918701172,38.48057174682617],[21.196401596069336,38.48057174682617],[21.581768035888672,38.351463317871094],[21.73976380684172,38.37728140031063],[21.9768009185791,38.416015625],[22.055156707763672,38.416015625],[21.990440368652344,38.67427444458008],[22.068891525268555,38.67427444458008],[22.16851043701172,39.06184005737305],[21.721254348754883,39.51427459716797],[21.39595603942871,39.320335388183594],[20.68769073486328,39.320335388183594],[20.684539794921875,39.25570297241211]]]},"properties":{"Name":"Despotate of Arta","FromYear":1395,"ToYear":1401,"Area":10916.64603441466,"Type":"POLITY","Wikipedia":"Despotate of Arta","Wikidata":"Q2331954","SeshatID":"","Components":"","MemberOf":""}},
{"type":"Feature","geometry":{"type":"MultiPolygon","coordinates":[[[[-3.376785039901733,59.22488784790039],[-3.441113948822021,59.015533447265625],[-3.531404256820679,59.015533447265625],[-3.415184020996094,58.80647277832031],[-3.063107252120972,58.876129150390625],[-2.972933053970337,58.876129150390625],[-2.792584657669067,58.876129150390625],[-2.809081315994263,59.015533447265625],[-3.088408470153809,59.08528518676758],[-3.195853710174561,59.22488784790039],[-3.376785039901733,59.22488784790039]]],[[[-2.562593460083008,59.22488784790039],[-2.578956842422485,59.36461639404297],[-2.842337846755981,59.294734954833984],[-2.825665473937988,59.15507125854492],[-2.644851207733154,59.15507125854492],[-2.653059244155884,59.22488784790039],[-2.562593460083008,59.22488784790039]]],[[[14.295119342573948,60],[5.192194471418304,60],[5.18274974822998,59.99503707885742],[5.192312240600586,59.78459548950195],[5.283252716064453,59.78459548950195],[5.214344501495361,59.294734954833984],[5.848016262054443,59.294734954833984],[5.842586994171143,59.434532165527344],[6.026472091674805,59.36461639404297],[5.949085235595703,59.015533447265625],[5.497633457183838,59.015533447265625],[5.514988899230957,58.59769821166992],[5.700376510620117,58.45867156982422],[6.515511512756348,58.2503662109375],[6.611622333526611,58.042335510253906],[7.597545146942139,57.97305679321289],[8.66648006439209,58.31977081298828],[8.932857513427734,58.59769821166992],[9.112746238708496,58.59769821166992],[9.111583709716797,58.73685073852539],[9.381759643554688,58.73685073852539],[9.380940437316895,58.876129150390625],[9.561288833618164,58.876129150390625],[9.65099048614502,59.015533447265625],[10.012155532836914,58.94581604003906],[10.192960739135742,59.15507125854492],[10.373775482177734,59.15507125854492],[10.465357780456543,59.434532165527344],[10.374953269958496,59.504478454589844],[10.557076454162598,59.64447021484375],[10.555644989013672,59.36461639404297],[10.825811386108398,59.15507125854492],[11.09703254699707,59.15507125854492],[11.179258346557617,58.38920593261719],[11.44767951965332,58.31977081298828],[11.44500732421875,58.11164855957031],[11.713647842407227,58.11164855957031],[11.70738697052002,57.696231842041016],[11.796599388122559,57.696231842041016],[11.795514106750488,57.62710189819336],[11.976224899291992,57.7653923034668],[12.333296775817871,57.7653923034668],[12.945629119873047,57.28189468383789],[13.57866096496582,57.62710189819336],[13.67457389831543,57.8345832824707],[13.585249900817871,57.8345832824707],[13.591900825500488,58.042335510253906],[14.039355278015137,58.042335510253906],[14.596416473388672,58.528167724609375],[14.602242469787598,58.66725540161133],[14.247637748718262,58.80647277832031],[14.253070831298828,58.94581604003906],[14.16283893585205,58.94581604003906],[14.272345542907715,59.434532165527344],[14.362988471984863,59.434532165527344],[14.275132179260254,59.504478454589844],[14.380191802978516,59.85470962524414],[14.289191246032715,59.85470962524414],[14.295119342573948,60]]]]},"properties":{"Name":"Old Kingdom of Norway","FromYear":1395,"ToYear":1401,"Area":519922.4037521335,"Type":"POLITY","Wikipedia":"Norway","Wikidata":"Q202266","SeshatID":"no_norway_k_2","Components":"","MemberOf":""}},
{"type":"Feature","geometry":{"type":"MultiPolygon","coordinates":[[[[17.510494232177734,42.82133865356445],[17.50791358947754,42.75628662109375],[17.588058471679688,42.75628662109375],[17.590667724609375,42.82133865356445],[17.510494232177734,42.82133865356445]]],[[[17.119401931762695,43.08163070678711],[16.795894622802734,43.016544342041016],[16.791240692138672,42.88639831542969],[17.192262649536133,42.88639831542969],[17.199695587158203,43.08163070678711],[17.119401931762695,43.08163070678711]]],[[[17.119401931762695,43.08163070678711],[17.121862212493237,43.146725157650806],[17.122674856933546,43.168226217644786],[17.12432289123535,43.211830139160156],[16.802907943725586,43.211830139160156],[16.722553253173828,43.211830139160156],[16.717933654785156,43.08163070678711],[17.119401931762695,43.08163070678711]]],[[[16.734172821044922,43.53750228881836],[16.727190017700195,43.342071533203125],[16.80995750427246,43.407203674316406],[16.81231689453125,43.472347259521484],[16.734172821044922,43.53750228881836]]],[[[14.440329551696777,45.36587905883789],[14.521710395812988,45.36587905883789],[14.603090286254883,45.36587905883789],[14.515777587890625,45.10417556762695],[14.91874885559082,44.973392486572266],[14.908865928649902,44.58129119873047],[14.827866554260254,44.58129119873047],[14.826249122619629,44.5159797668457],[14.907217025756836,44.5159797668457],[14.988133743067603,44.5159797668457],[15.146636962890625,44.38538360595703],[15.218687057495117,44.05907440185547],[15.459075927734375,43.99384307861328],[15.374701499938965,43.86341094970703],[15.618592262268066,43.92862319946289],[15.695383071899414,43.79821014404297],[15.856636047363281,43.79821014404297],[16.01169204711914,43.6026611328125],[15.927099227905273,43.472347259521484],[16.168521881103516,43.472347259521484],[16.253297805786133,43.6026611328125],[16.653669357299805,43.53750228881836],[16.734172821044922,43.53750228881836],[16.7435302734375,43.79821014404297],[16.429935455322266,44.05907440185547],[16.268434524536133,44.05907440185547],[16.27495574951172,44.25482940673828],[16.51975440979004,44.32010269165039],[16.52429962158203,44.45067596435547],[16.285852432250977,44.58129119873047],[16.294586181640625,44.842647552490234],[16.544801712036133,45.03877639770508],[18.57839012145996,45.10417556762695],[18.890594482421875,44.842647552490234],[19.14055824279785,44.973392486572266],[19.296220779418945,44.842647552490234],[19.624204635620117,44.908016204833984],[19.856950759887695,44.71194839477539],[20.350849151611328,44.842647552490234],[20.829694747924805,44.71194839477539],[21.080976486206055,44.842647552490234],[21.40547752380371,44.842647552490234],[21.717084884643555,44.64661407470703],[21.79811668395996,44.64661407470703],[21.951416015625,44.5159797668457],[22.360790252685547,44.58129119873047],[22.36532974243164,44.64661407470703],[22.446361541748047,44.64661407470703],[22.52739143371582,44.64661407470703],[22.531999588012695,44.71194839477539],[22.650352478027344,45.23500442504883],[23.138248443603516,45.23500442504883],[23.47352409362793,45.36587905883789],[23.483562469482422,45.496795654296875],[25.042299270629883,45.62776184082031],[25.34526824951172,45.36587905883789],[25.438228607177734,45.496795654296875],[25.84545135498047,45.496795654296875],[25.93889808654785,45.62776184082031],[26.10191535949707,45.62776184082031],[26.44038200378418,45.75876998901367],[26.477930068969727,46.1520881652832],[25.942142486572266,46.54585266113281],[25.966814041137695,46.808616638183594],[25.72661018371582,46.87434005737305],[25.668907165527344,47.13737487792969],[25.016605377197266,47.20316696166992],[25.03432846069336,47.4006233215332],[24.881271362304688,47.53233337402344],[24.90500259399414,47.79592514038086],[24.586227416992188,47.92780685424805],[24.686708450317383,48.1257438659668],[24.367206573486328,48.257774353027344],[24.378963470458984,48.38986587524414],[24.052976608276367,48.455936431884766],[23.666343688964844,48.786521911621094],[22.928722381591797,48.91886520385742],[22.77837371826172,49.11750411987305],[22.5230712890625,49.051273345947266],[21.79827117919922,49.38258361816406],[20.21193504333496,49.38258361816406],[19.865541458129883,49.18375015258789],[19.472537994384766,49.58156967163086],[19.13038444519043,49.44889450073242],[18.88353729248047,49.51522445678711],[18.2916316986084,49.38258361816406],[18.28818702697754,49.316287994384766],[18.204734802246094,49.316287994384766],[18.201345443725586,49.2500114440918],[18.117929458618164,49.2500114440918],[18.114593505859375,49.18375015258789],[17.938142776489258,48.98506164550781],[16.927988052368164,48.72037124633789],[16.829010009765625,48.323814392089844],[16.989469528198242,48.191749572753906],[16.986814498901367,48.1257438659668],[16.3150634765625,47.86185836791992],[16.303508758544922,47.53233337402344],[16.138551712036133,47.53233337402344],[16.032390594482422,46.808616638183594],[15.864084243774414,46.677207946777344],[16.01764488220215,46.348915100097656],[15.604452133178711,46.21768569946289],[15.678460121154785,45.95537567138672],[15.264768600463867,45.75876998901367],[15.339118957519531,45.496795654296875],[14.524674415588379,45.496795654296875],[14.440329551696777,45.36587905883789]]],[[[14.502378463745117,44.5159797668457],[14.51131820678711,44.908016204833984],[14.350428581237793,44.973392486572266],[14.269240379333496,44.973392486572266],[14.260871887207031,44.58129119873047],[14.502378463745117,44.5159797668457]]]]},"properties":{"Name":"Kingdom of Hungary","FromYear":1395,"ToYear":1401,"Area":338700.67769236007,"Type":"POLITY","Wikipedia":"Kingdom of Hungary","Wikidata":"Q171150","SeshatID":"hu_later_dyn","Components":"","MemberOf":""}},
{"type":"Feature","geometry":{"type":"MultiPolygon","coordinates":[[[[5.039933204650879,44.18956756591797],[4.95694637298584,44.25482940673828],[4.876103401184082,44.25482940673828],[4.865188250876609,44.23617757216094],[4.799726963043213,44.12431716918945],[5.039933204650879,44.18956756591797]]],[[[5.889627456665039,45.56227111816406],[6.21734094619751,45.496795654296875],[6.309300899505615,45.10417556762695],[6.634309768676758,45.10417556762695],[6.637507915496826,44.973392486572266],[6.966631412506104,44.77729415893555],[6.895741939544678,44.32010269165039],[6.898605823516846,44.18956756591797],[6.660702705383301,43.99384307861328],[6.668147563934326,43.6678352355957],[6.829278945922852,43.6678352355957],[6.91260290145874,43.53750228881836],[6.993107318878174,43.53750228881836],[7.229573249816895,43.79821014404297],[7.310199737548828,43.79821014404297],[7.388396263122559,43.92862319946289],[7.629331111907959,43.99384307861328],[7.62705659866333,44.12431716918945],[8.110783576965332,44.18956756591797],[8.185933113098145,44.58129119873047],[8.914925575256348,44.58129119873047],[8.994627952575684,44.71194839477539],[9.481462478637695,44.64661407470703],[9.644309997558594,44.5159797668457],[9.64546012878418,44.32010269165039],[9.969700813293457,44.12431716918945],[9.969943046569824,44.05907440185547],[9.970182418823242,43.99384307861328],[10.050901412963867,43.99384307861328],[10.05069351196289,44.05907440185547],[10.13144302368164,44.05907440185547],[10.131620407104492,43.99384307861328],[10.212339401245117,43.99384307861328],[10.212483406066895,43.92862319946289],[10.696523666381836,43.79821014404297],[10.615739822387695,43.342071533203125],[10.776388168334961,43.211830139160156],[10.77629566192627,43.146724700927734],[10.776015281677246,42.95146560668945],[11.01634693145752,42.82133865356445],[11.015789985656738,42.62621307373047],[11.175962448120117,42.62621307373047],[11.255500793457031,42.496177673339844],[11.255227088928223,42.43117141723633],[11.335225105285645,42.43117141723633],[11.415224075317383,42.43117141723633],[11.414892196655273,42.36617660522461],[11.494861602783203,42.36617660522461],[11.574831008911133,42.36617660522461],[11.736565589904785,42.62621307373047],[12.0580472946167,42.75628662109375],[11.981149673461914,43.146724700927734],[11.900826454162598,43.146724700927734],[11.82194709777832,43.342071533203125],[12.144204139709473,43.407203674316406],[12.226542472839355,43.6026611328125],[11.744671821594238,43.79821014404297],[11.746879577636719,44.12431716918945],[11.505900382995605,44.38538360595703],[11.182066917419434,44.32010269165039],[11.346199035644531,44.908016204833984],[11.751571655273438,44.842647552490234],[11.993412017822266,44.64661407470703],[12.156049728393555,44.71194839477539],[12.156624794006348,44.77729415893555],[12.399906158447266,44.77729415893555],[12.40256118774414,45.03877639770508],[12.160021781921387,45.169586181640625],[12.161133766174316,45.300437927246094],[12.161685943603516,45.36587905883789],[11.998926162719727,45.36587905883789],[12.000378608703613,45.56227111816406],[12.165504455566406,45.82429504394531],[12.49193000793457,45.82429504394531],[12.9815673828125,45.82429504394531],[13.061376571655273,45.693260192871094],[13.14291763305664,45.693260192871094],[13.14384937286377,45.75876998901367],[13.551718711853027,45.75876998901367],[13.633292198181152,45.75876998901367],[13.714865684509277,45.75876998901367],[13.713706970214844,45.693260192871094],[13.71254825592041,45.62776184082031],[13.711389541625977,45.56227111816406],[13.710229873657227,45.496795654296875],[14.117451667785645,45.496795654296875],[13.786900520324707,45.23500442504883],[14.026969909667969,45.03877639770508],[14.108189582824707,45.03877639770508],[14.189410209655762,45.03877639770508],[14.196189880371094,45.36587905883789],[14.358949661254883,45.36587905883789],[14.440329551696777,45.36587905883789],[14.524674415588379,45.496795654296875],[15.339118957519531,45.496795654296875],[15.264768600463867,45.75876998901367],[15.678460121154785,45.95537567138672],[15.604452133178711,46.21768569946289],[16.01764488220215,46.348915100097656],[15.864084243774414,46.677207946777344],[16.032390594482422,46.808616638183594],[16.138551712036133,47.53233337402344],[16.303508758544922,47.53233337402344],[16.3150634765625,47.86185836791992],[16.986814498901367,48.1257438659668],[16.989469528198242,48.191749572753906],[16.829010009765625,48.323814392089844],[16.927988052368164,48.72037124633789],[17.938142776489258,48.98506164550781],[18.114593505859375,49.18375015258789],[18.117929458618164,49.2500114440918],[18.201345443725586,49.2500114440918],[18.204734802246094,49.316287994384766],[18.28818702697754,49.316287994384766],[18.2916316986084,49.38258361816406],[18.88353729248047,49.51522445678711],[19.23756217956543,49.84712600708008],[19.165773391723633,50.04647445678711],[19.081897735595703,50.04647445678711],[19.085887908935547,50.11296081542969],[19.089900970458984,50.17946243286133],[19.17385482788086,50.17946243286133],[19.18613052368164,50.37908172607422],[19.022031784057617,50.445655822753906],[19.030193328857422,50.578861236572266],[18.70132827758789,50.71213912963867],[18.709320068359375,50.84549331665039],[18.049345016479492,51.112430572509766],[17.972288131713867,51.24601745605469],[17.549257278442383,51.24601745605469],[17.31973648071289,51.71418380737305],[16.980127334594727,51.71418380737305],[16.718996047973633,51.580322265625],[16.55561637878418,51.71418380737305],[16.131103515625,51.71418380737305],[16.136985778808594,51.84812545776367],[15.80826187133789,52.11625671386719],[15.813953399658203,52.250450134277344],[15.646231651306152,52.31757736206055],[15.48926830291748,52.653533935546875],[16.097135543823242,52.85536575317383],[16.02382469177246,53.124786376953125],[16.109657287597656,53.124786376953125],[16.119178771972656,53.32708740234375],[16.294410705566406,53.39456558227539],[16.301027297973633,53.52959060668945],[16.476667404174805,53.597137451171875],[16.400707244873047,53.799922943115234],[16.65959930419922,53.799922943115234],[16.821292877197266,53.597137451171875],[17.079761505126953,53.597137451171875],[17.326608657836914,53.39456558227539],[17.506561279296875,53.52959060668945],[18.44928741455078,53.462066650390625],[18.517410278320312,53.192195892333984],[18.689167022705078,53.192195892333984],[18.928207397460938,52.92268753051758],[19.361536026000977,52.99003219604492],[19.724811553955078,53.25962829589844],[20.395845413208008,53.057395935058594],[20.66997718811035,53.25962829589844],[20.927749633789062,53.25962829589844],[21.28936767578125,53.462066650390625],[22.42144775390625,53.597137451171875],[22.548198699951172,54.00291442871094],[22.461759567260742,54.00291442871094],[22.482206344604492,54.20612335205078],[22.66232681274414,54.27390670776367],[22.69742774963379,54.613189697265625],[22.704511642456055,54.681121826171875],[22.812959671020508,54.88506317138672],[22.573020935058594,55.089229583740234],[22.31136703491211,55.089229583740234],[22.070266723632812,55.29362487792969],[21.640066146850586,55.36180877685547],[21.235198974609375,55.70311737060547],[21.248220443725586,55.83982467651367],[20.991283416748047,55.90821838378906],[20.98489761352539,55.83982467651367],[20.96585464477539,55.63479995727539],[21.202974319458008,55.36180877685547],[20.990678787231445,54.95309066772461],[20.72932243347168,54.95309066772461],[20.654220581054688,55.089229583740234],[19.950855255126953,55.021148681640625],[19.83608627319336,54.681121826171875],[20.004362106323242,54.613189697265625],[19.830615997314453,54.613189697265625],[19.819725036621094,54.47740173339844],[19.559396743774414,54.47740173339844],[19.462186813354492,54.341712951660156],[18.686851501464844,54.4095458984375],[18.44533348083496,54.681121826171875],[18.459484100341797,54.88506317138672],[17.501720428466797,54.88506317138672],[17.49753189086914,54.817054748535156],[17.410511016845703,54.817054748535156],[16.619972229003906,54.681121826171875],[15.991765975952148,54.27390670776367],[15.036103248596191,54.20612335205078],[14.50934886932373,54.00291442871094],[14.499796867370605,53.732303619384766],[13.98438835144043,53.799922943115234],[14.159177780151367,53.86756134033203],[14.165812492370605,54.07062530517578],[13.304450988769531,54.20612335205078],[13.739368438720703,54.27390670776367],[13.662626266479492,54.613189697265625],[13.405717849731445,54.74907684326172],[13.14309310913086,54.681121826171875],[13.05121898651123,54.47740173339844],[12.4437894821167,54.47740173339844],[12.299477927346052,54.39359361049727],[12.093385696411133,54.27390670776367],[11.398930549621582,54.138362884521484],[11.397537231445312,54.00291442871094],[10.879310607910156,54.07062530517578],[11.053302764892578,54.20612335205078],[11.054854393005371,54.4095458984375],[10.274396896362305,54.47740173339844],[10.187621116638184,54.47740173339844],[9.927618026733398,54.27390670776367],[9.148486137390137,54.20612335205078],[8.887362480163574,54.341712951660156],[8.802155494689941,54.20612335205078],[8.80289077758789,54.138362884521484],[8.892172813415527,53.86756134033203],[8.459527015686035,53.93522644042969],[8.37701416015625,53.664710998535156],[8.204607963562012,53.664710998535156],[8.120620727539062,53.52959060668945],[7.94840145111084,53.52959060668945],[8.032201766967773,53.664710998535156],[7.944795608520508,53.732303619384766],[7.082295417785645,53.732303619384766],[6.913325786590576,53.597137451171875],[6.916844367980957,53.462066650390625],[6.226210117340088,53.52959060668945],[5.542333602905273,53.39456558227539],[5.20894193649292,53.124786376953125],[5.385728359222412,52.99003219604492],[5.390830039978027,52.85536575317383],[5.053669929504395,52.720787048339844],[5.056382656097412,52.653533935546875],[4.970867156982422,52.653533935546875],[4.871281623840332,52.99003219604492],[4.785540580749512,52.99003219604492],[4.862768650054932,53.192195892333984],[4.691011905670166,53.192195892333984],[4.608114719390869,53.124786376953125],[4.702715873718262,52.92268753051758],[4.534325122833252,52.85536575317383],[4.463808536529541,52.51908493041992],[4.21693229675293,52.31757736206055],[4.223166942596436,52.18334197998047],[3.974021434783936,52.0491943359375],[3.980464458465576,51.91512680053711],[3.810401916503906,51.91512680053711],[3.81699013710022,51.78114318847656],[3.647099733352661,51.78114318847656],[3.738690614700317,51.64724349975586],[3.399252653121948,51.64724349975586],[3.40621018409729,51.51342010498047],[3.999631881713867,51.51342010498047],[4.08440637588501,51.51342010498047],[4.087535381317139,51.44654083251953],[4.263070583343506,51.31283950805664],[4.269116878509521,51.17921447753906],[4.10617733001709,51.04566955566406],[4.034165859222412,50.77880859375],[3.538282871246338,50.578861236572266],[3.541608572006226,50.51224899291992],[3.544927835464478,50.445655822753906],[3.548239946365356,50.37908172607422],[3.632314682006836,50.37908172607422],[3.635580539703369,50.312522888183594],[3.638839721679688,50.2459831237793],[3.64209246635437,50.17946243286133],[3.726047992706299,50.17946243286133],[3.729254722595215,50.11296081542969],[3.813170909881592,50.11296081542969],[3.816332101821899,50.04647445678711],[3.900208711624146,50.04647445678711],[3.984085559844971,50.04647445678711],[3.987162351608276,49.98000717163086],[4.071000099182129,49.98000717163086],[4.067962169647217,50.04647445678711],[4.151839256286621,50.04647445678711],[4.154837608337402,49.98000717163086],[4.238675117492676,49.98000717163086],[4.322512626647949,49.98000717163086],[4.406350135803223,49.98000717163086],[4.490188121795654,49.98000717163086],[4.493024826049805,49.91355895996094],[4.576823711395264,49.91355895996094],[4.674346446990967,49.58156967163086],[4.85741138458252,49.18375015258789],[5.026719093322754,49.11750411987305],[4.865273475646973,48.98506164550781],[4.883440971374512,48.52202224731445],[5.217910766601562,48.455936431884766],[5.47376823425293,48.257774353027344],[5.480661869049072,48.059749603271484],[5.646180152893066,48.059749603271484],[5.818123817443848,47.86185836791992],[6.144739151000977,47.993770599365234],[6.890934467315674,47.92780685424805],[6.983439445495605,47.53233337402344],[6.985063552856445,47.46647262573242],[6.986684322357178,47.4006233215332],[6.988301277160645,47.33478927612305],[6.989914417266846,47.26897048950195],[6.907573699951172,47.26897048950195],[6.909217357635498,47.20316696166992],[6.826910972595215,47.20316696166992],[6.828584671020508,47.13737487792969],[6.103800296783447,46.61152267456055],[6.107663631439209,46.480194091796875],[5.947766780853271,46.348915100097656],[5.949744701385498,46.283294677734375],[5.867908954620361,46.283294677734375],[5.295057773590088,46.283294677734375],[5.147360801696777,45.82429504394531],[5.065754413604736,45.82429504394531],[5.068041324615479,45.75876998901367],[5.070321559906006,45.693260192871094],[5.478028297424316,45.693260192871094],[5.649256229400635,45.431331634521484],[5.812080860137939,45.431331634521484],[5.889627456665039,45.56227111816406]],[[7.701082229614258,44.5159797668457],[7.699938297271729,44.58129119873047],[7.698789119720459,44.64661407470703],[7.697634220123291,44.71194839477539],[7.696474075317383,44.77729415893555],[7.695308685302734,44.842647552490234],[7.939755439758301,44.77729415893555],[7.864093780517578,44.45067596435547],[7.701082229614258,44.5159797668457]],[[12.730218887329102,51.44654083251953],[12.644350051879883,51.37968063354492],[12.645486831665039,51.44654083251953],[12.730218887329102,51.44654083251953]],[[13.58568286895752,51.78114318847656],[13.586510930577386,51.81462605314726],[13.670628547668457,51.78114318847656],[13.667257308959961,51.64724349975586],[13.668937683105469,51.71418380737305],[13.670628547668457,51.78114318847656],[13.58568286895752,51.78114318847656]],[[13.502351760864258,51.84812545776367],[13.503973960876465,51.91512680053711],[13.589005470275879,51.91512680053711],[13.502351760864258,51.84812545776367]],[[13.5560941696167,46.02093505859375],[13.474390029907227,46.02093505859375],[13.309985160827637,45.95537567138672],[13.31297492980957,46.1520881652832],[13.47651481628418,46.1520881652832],[13.5560941696167,46.02093505859375]]],[[[27.880273818969727,56.731075286865234],[27.791820526123047,56.731075286865234],[27.162372589111328,56.662349700927734],[27.182950973510742,56.799827575683594],[26.82892417907715,56.799827575683594],[26.455169677734375,56.662349700927734],[26.59242820739746,56.387733459472656],[26.86699676513672,56.45634460449219],[26.92516326904297,56.25059127807617],[27.091259002685547,56.182064056396484],[26.80741310119629,56.04508590698242],[26.367769241333008,56.04508590698242],[26.318201065063477,56.319149017333984],[26.072818756103516,56.45634460449219],[26.18030548095703,56.59365463256836],[25.94385528564453,56.799827575683594],[25.766841888427734,56.799827575683594],[25.69721221923828,56.937416076660156],[25.50132179260254,56.799827575683594],[24.527748107910156,56.799827575683594],[24.439241409301758,56.799827575683594],[23.81141471862793,56.731075286865234],[23.739437103271484,56.86860656738281],[23.473756790161133,56.86860656738281],[23.667341232299805,57.00625228881836],[23.40944480895996,57.07511901855469],[22.851024627685547,57.62710189819336],[22.672710418701172,57.62710189819336],[22.746185302734375,57.488929748535156],[22.374841690063477,57.35087585449219],[22.204421997070312,57.41988754272461],[22.00445556640625,57.21294021606445],[21.649137496948242,57.21294021606445],[21.677616119384766,57.488929748535156],[21.506582260131836,57.55800247192383],[21.307584762573242,57.35087585449219],[21.280134201049805,57.07511901855469],[21.36885643005371,57.07511901855469],[21.41634750366211,56.662349700927734],[21.232851028442383,56.59365463256836],[21.24626350402832,56.731075286865234],[20.987478256225586,56.799827575683594],[20.954788208007812,56.45634460449219],[20.866546630859375,56.45634460449219],[20.92256736755371,56.11355972290039],[20.916179656982422,56.04508590698242],[21.56563377380371,56.387733459472656],[21.57248306274414,56.45634460449219],[21.695531845092773,56.799827575683594],[21.86543846130371,56.731075286865234],[21.769948959350586,56.662349700927734],[21.844234466552734,56.524986267089844],[22.19741439819336,56.524986267089844],[22.190176010131836,56.45634460449219],[24.1064510345459,56.25059127807617],[24.82863998413086,56.387733459472656],[25.066509246826172,56.182064056396484],[25.761505126953125,56.11355972290039],[25.8309326171875,55.97663879394531],[26.583187103271484,55.70311737060547],[26.865774154663086,55.83982467651367],[27.470035552978516,55.77145767211914],[27.971586227416992,56.182064056396484],[28.14765167236328,56.182064056396484],[28.123947143554688,56.59365463256836],[27.880273818969727,56.731075286865234]]],[[[21.769948959350586,56.662349700927734],[21.77698516845703,56.731075286865234],[21.68853187561035,56.731075286865234],[21.681549072265625,56.662349700927734],[21.769948959350586,56.662349700927734]]],[[[22.432353973388672,58.66725540161133],[22.50644874572754,58.528167724609375],[22.303327560424805,58.31977081298828],[22.213611602783203,58.31977081298828],[21.93695068359375,58.2503662109375],[22.01906394958496,58.180992126464844],[21.899707794189453,57.903804779052734],[22.078466415405273,57.903804779052734],[22.287872314453125,58.180992126464844],[22.93134117126465,58.31977081298828],[22.76801872253418,58.45867156982422],[22.882360458374023,58.66725540161133],[22.432353973388672,58.66725540161133]]],[[[28.026525497436523,59.294734954833984],[28.03827770943572,59.36459514969338],[28.061809539794922,59.504478454589844],[27.88040542602539,59.504478454589844],[26.79198455810547,59.504478454589844],[26.45072364807129,59.64447021484375],[25.370975494384766,59.714515686035156],[25.350799560546875,59.574459075927734],[24.715471267700195,59.574459075927734],[23.59966468811035,59.36461639404297],[23.491540908813477,59.22488784790039],[23.844436645507812,59.15507125854492],[23.9168701171875,59.015533447265625],[24.106542587280273,59.08528518676758],[24.0883846282959,58.94581604003906],[24.359081268310547,58.94581604003906],[24.520912170410156,58.80647277832031],[24.41238021850586,58.66725540161133],[24.592384338378906,58.66725540161133],[24.57384490966797,58.528167724609375],[24.38495445251465,58.45867156982422],[24.357757568359375,58.2503662109375],[24.268098831176758,58.2503662109375],[24.232419967651367,57.97305679321289],[24.59926414489746,58.042335510253906],[25.027973175048828,57.903804779052734],[25.009334564208984,57.7653923034668],[24.920066833496094,57.7653923034668],[24.990800857543945,57.62710189819336],[24.72332763671875,57.62710189819336],[24.78520965576172,57.41988754272461],[24.60722541809082,57.41988754272461],[24.402847290039062,57.21294021606445],[24.144969940185547,57.28189468383789],[23.9417724609375,57.07511901855469],[24.447917938232422,56.86860656738281],[24.820016860961914,57.00625228881836],[25.26335334777832,57.00625228881836],[25.468799591064453,57.21294021606445],[25.487674713134766,57.35087585449219],[25.31916618347168,57.41988754272461],[25.42708396911621,57.55800247192383],[25.961698532104492,57.55800247192383],[25.942115783691406,57.41988754272461],[26.643869400024414,57.35087585449219],[26.89006996154785,57.21294021606445],[27.255897521972656,57.28189468383789],[27.198556900024414,57.488929748535156],[27.29826726424591,57.557991314108996],[27.398048400878906,57.62710189819336],[27.403390857063933,57.661394243965894],[27.43037223815918,57.8345832824707],[27.251724243164062,57.8345832824707],[27.273202896118164,57.97305679321289],[27.105005264282227,58.042335510253906],[26.73659324645996,57.97305679321289],[26.72052574157715,58.45867156982422],[26.83169937133789,58.59769821166992],[26.75241470336914,58.66725540161133],[26.932416915893555,58.66725540161133],[26.874746322631836,58.876129150390625],[27.404638290405273,58.80647277832031],[27.370315551757812,59.15507125854492],[27.641536712646484,59.15507125854492],[27.731943130493164,59.15507125854492],[28.026525497436523,59.294734954833984]]],[[[23.68366241455078,58.59769821166992],[23.872373580932617,58.66725540161133],[23.709863662719727,58.80647277832031],[23.619747161865234,58.80647277832031],[23.43092918395996,58.73685073852539],[23.486656188964844,58.45867156982422],[23.666316986083984,58.45867156982422],[23.68366241455078,58.59769821166992]]],[[[22.898815155029297,58.80647277832031],[22.841659545898438,59.08528518676758],[22.389917373657227,59.08528518676758],[22.381933212280273,59.015533447265625],[22.898815155029297,58.80647277832031]]]]},"properties":{"Name":"(Allegiance of Swiss Confederation to Holy Roman Empire)","FromYear":1395,"ToYear":1401,"Area":1035034.3738465474,"Type":"RELATION","Wikipedia":"Switzerland","Wikidata":"Q39","SeshatID":"ch_swiss_conf_1;de_empire_3","Components":"Swiss Confederation;County of Savoy;(Kingdom of Bohemia);Republic of Florence;Principality of Orange;Kingdom of Bohemia;Electorate of Trier;House of Habsburg;Margraviate of Moravia;House of Ascania;(Holy Roman Empire);Electorate of Saxony;Teutonic Order;Margraviate of Brandenburg;Holy Roman Empire Minor States;Duchy of Bavaria;County of Brabant;Patriarchate of Aquileia","MemberOf":""}},
{"type":"Feature","geometry":{"type":"Polygon","coordinates":[[[44.94412612915039,35.902034759521484],[43.91899490356445,35.77327346801758],[43.720176696777344,35.45143127441406],[43.49683380126953,35.51579284667969],[43.514259338378906,35.644527435302734],[42.65435028076172,35.58015823364258],[42.43064498901367,35.644527435302734],[42.370140075683594,35.77327346801758],[42.12941360473633,35.708900451660156],[41.991310119628906,35.837650299072266],[42.00814437866211,35.9664192199707],[41.79243469238281,36.09519577026367],[41.80934524536133,36.2239875793457],[41.59345626831055,36.3527946472168],[41.610443115234375,36.48161697387695],[41.46357727050781,36.5460319519043],[41.058353424072266,36.417205810546875],[40.51013946533203,35.12965774536133],[40.54866027832031,34.80794906616211],[40.7723274230957,34.743614196777344],[40.96498489379883,34.42197799682617],[41.04199981689453,34.42197799682617],[41.426979064941406,33.77885055541992],[41.86487579345703,33.5859489440918],[42.064544677734375,33.32876968383789],[42.578269958496094,33.13589859008789],[42.708534240722656,32.94303894042969],[43.152584075927734,32.81447219848633],[44.459014892578125,31.593257904052734],[44.44402313232422,31.464719772338867],[44.657562255859375,31.336183547973633],[44.63529586791992,31.143381118774414],[44.79490280151367,31.20764923095703],[45,30.967295723148133],[45,35.817275562300665],[44.94412612915039,35.902034759521484]]]},"properties":{"Name":"Jalayirid Sultanate","FromYear":1395,"ToYear":1401,"Area":238099.0474576535,"Type":"POLITY","Wikipedia":"Jalayirid Sultanate","Wikidata":"Q866716","SeshatID":"","Components":"","MemberOf":""}},
{"type":"Feature","geometry":{"type":"Polygon","coordinates":[[[-1.853058218955994,43.407203674316406],[-3.295851230621338,43.342071533203125],[-3.467212915420532,43.472347259521484],[-4.990375518798828,43.407203674316406],[-5.646126270294189,43.53750228881836],[-5.726631164550781,43.53750228881836],[-7.175715446472168,43.53750228881836],[-7.343485832214355,43.6026611328125],[-7.276463031768799,43.73301696777344],[-8.243616104125977,43.73301696777344],[-8.39044189453125,43.6026611328125],[-8.369025230407715,43.407203674316406],[-8.851689338684082,43.407203674316406],[-9.30460262298584,43.146724700927734],[-9.078654289245605,42.56119155883789],[-8.65738296508789,42.36617660522461],[-8.956093788146973,42.17123794555664],[-8.935100555419922,41.97637939453125],[-8.928141593933105,41.911441802978516],[-8.469955444335938,42.10627746582031],[-8.150541305541992,42.10627746582031],[-8.137139320373535,41.97637939453125],[-8.216935157775879,41.97637939453125],[-8.11717414855957,41.781593322753906],[-6.700808048248291,41.97637939453125],[-6.351566314697266,41.65177917480469],[-6.271912097930908,41.65177917480469],[-6.254164218902588,41.45711898803711],[-6.927728176116943,41.00318908691406],[-6.868430137634277,40.355369567871094],[-7.014894485473633,40.225894927978516],[-7.00321626663208,40.0964469909668],[-6.839452266693115,40.031734466552734],[-6.895466804504395,39.77294921875],[-7.435848712921143,39.64360046386719],[-7.418391227722168,39.449623107910156],[-7.255166053771973,39.38497543334961],[-6.985427379608154,38.997230529785156],[-7.120340347290039,38.738853454589844],[-7.271727085113525,38.67427444458008],[-7.244168281555176,38.351463317871094],[-6.998411178588867,38.22237777709961],[-6.987714290618896,38.09331130981445],[-7.14418888092041,38.09331130981445],[-7.27909517288208,37.835243225097656],[-7.502705097198486,37.706241607666016],[-7.387404441833496,37.254878997802734],[-7.309464931488037,37.254878997802734],[-6.84182596206665,37.254878997802734],[-6.587993621826172,36.9970588684082],[-6.432291984558105,36.9970588684082],[-6.063849925994873,36.2239875793457],[-5.831079006195068,36.2239875793457],[-5.662277221679688,36.03080368041992],[-5.51170825958252,36.09519577026367],[-5.51620626449585,36.15959167480469],[-5.607415199279785,36.3527946472168],[-5.849605083465576,36.48161697387695],[-5.726912975311279,36.932613372802734],[-4.953128337860107,36.9970588684082],[-4.659512996673584,37.254878997802734],[-3.650485277175903,37.3193473815918],[-3.515470266342163,37.641746520996094],[-3.203168392181396,37.641746520996094],[-3.19494891166687,37.51277160644531],[-2.960859060287476,37.51277160644531],[-2.828919172286987,37.89975357055664],[-2.121570110321045,37.835243225097656],[-1.939023733139038,37.38381576538086],[-1.779392838478088,37.3193473815918],[-1.701430559158325,37.3193473815918],[-1.623468399047852,37.3193473815918],[-1.708719491958618,37.44829177856445],[-1.403841376304626,37.5772590637207],[-0.704753637313843,37.641746520996094],[-0.803495347499847,38.028785705566406],[-0.660861134529114,38.28691864013672],[-0.432753294706345,38.416015625],[-0.436175793409348,38.48057174682617],[-1.096204280853271,39.06184005737305],[-1.099924325942993,39.1264533996582],[-1.114913702011108,39.38497543334961],[-1.354927182197571,39.449623107910156],[-1.370439767837524,39.70827102661133],[-1.145419836044312,39.90232849121094],[-1.15704333782196,40.0964469909668],[-1.726450324058533,40.355369567871094],[-1.513591289520264,40.74397277832031],[-2.098877191543579,41.19768524169922],[-2.116528034210205,41.45711898803711],[-1.8821781873703,41.521995544433594],[-1.979450225830078,41.781593322753906],[-1.820028781890869,41.781593322753906],[-1.828825831413269,41.911441802978516],[-1.775568842887878,42.30118942260742],[-2.01993727684021,42.36617660522461],[-2.203093767166138,42.691246032714844],[-1.8391273021698,43.211830139160156],[-1.848402380943298,43.342071533203125],[-1.853058218955994,43.407203674316406]]]},"properties":{"Name":"Crown of Castile","FromYear":1395,"ToYear":1401,"Area":356051.9467110367,"Type":"POLITY","Wikipedia":"Crown of Castile","Wikidata":"Q217196","SeshatID":"es_castile_crown","Components":"","MemberOf":""}},
{"type":"Feature","geometry":{"type":"MultiPolygon","coordinates":[[[[40.79048156738281,59.294734954833984],[40.609432220458984,59.294734954833984],[40.275390625,59.714515686035156],[40.093631744384766,59.714515686035156],[40.0423583984375,59.85470962524414],[39.7890625,59.92485809326172],[39.80882263183594,59.99503707885742],[39.79088805958355,60],[35.800737768174045,60],[35.76533126831055,59.85470962524414],[35.913124084472656,59.714515686035156],[35.95899200439453,59.15507125854492],[36.450199127197266,58.94581604003906],[36.72089767456055,58.94581604003906],[36.77674865722656,58.80647277832031],[37.67790985107422,58.80647277832031],[37.893917083740234,58.94581604003906],[38.36333084106445,59.015533447265625],[38.43684387207031,59.294734954833984],[38.79894256591797,59.294734954833984],[38.94242858886719,59.15507125854492],[39.5561637878418,59.08528518676758],[40.091800689697266,58.73685073852539],[40.83198547363281,58.80647277832031],[40.773006439208984,58.59769821166992],[40.86294937133789,58.59769821166992],[40.84334182739258,58.528167724609375],[40.91361999511719,58.45867156982422],[40.746116638183594,58.180992126464844],[40.70145797729492,57.696231842041016],[41.1861686706543,57.8345832824707],[41.244544982910156,58.042335510253906],[41.602508544921875,58.042335510253906],[41.58277130126953,57.97305679321289],[42.009986877441406,57.903804779052734],[41.990081787109375,57.8345832824707],[41.79169464111328,57.7653923034668],[41.51583480834961,57.41988754272461],[40.2664794921875,57.07511901855469],[39.66343688964844,57.14401626586914],[39.68149948120117,57.21294021606445],[39.13078689575195,57.14401626586914],[39.148521423339844,57.21294021606445],[38.79320526123047,57.21294021606445],[38.81077194213867,57.28189468383789],[38.455238342285156,57.28189468383789],[38.04844665527344,57.07511901855469],[37.79916000366211,57.14401626586914],[37.283103942871094,57.21294021606445],[37.072513580322266,57.07511901855469],[36.80635070800781,57.07511901855469],[36.66921615600586,56.86860656738281],[36.31497573852539,56.86860656738281],[36.106449127197266,56.731075286865234],[35.85660934448242,56.799827575683594],[35.91913604736328,57.07511901855469],[35.83041763305664,57.07511901855469],[35.83615493774414,57.488929748535156],[35.68968200683594,57.62710189819336],[35.36440658569336,57.7653923034668],[35.0073356628418,57.7653923034668],[35.022857666015625,57.8345832824707],[34.234012603759766,57.903804779052734],[33.66831970214844,57.7653923034668],[33.3571891784668,57.55800247192383],[33.701107025146484,57.07511901855469],[34.79452896118164,56.799827575683594],[34.95655059814453,56.731075286865234],[34.92669677734375,56.59365463256836],[35.49955368041992,56.387733459472656],[35.52572250366211,55.70311737060547],[35.68617630004883,55.63479995727539],[35.787078857421875,55.29362487792969],[36.54304885864258,55.15733337402344],[37.17942810058594,54.88506317138672],[37.80463409423828,54.95309066772461],[38.453369140625,54.74907684326172],[38.866424560546875,55.021148681640625],[39.12027359008789,55.70311737060547],[39.295616149902344,55.70311737060547],[39.3297233581543,55.83982467651367],[39.94414138793945,55.83982467651367],[40.15491485595703,55.97663879394531],[40.33198165893555,56.319149017333984],[41.23186492919922,56.387733459472656],[41.21335220336914,56.319149017333984],[41.63531494140625,56.25059127807617],[41.8432502746582,56.04508590698242],[42.21389389038086,56.11355972290039],[42.301876068115234,56.11355972290039],[42.868499755859375,56.25059127807617],[43.162837982177734,56.662349700927734],[43.48834991455078,56.86860656738281],[45,57.05691367014589],[45,59.505991504442775],[43.95685577392578,59.574459075927734],[43.97914505004883,59.64447021484375],[42.59543991088867,59.574459075927734],[42.6168327331543,59.64447021484375],[42.07190704345703,59.64447021484375],[41.53519058227539,59.36461639404297],[41.2634391784668,59.36461639404297],[41.021793365478516,59.15507125854492],[40.79048156738281,59.294734954833984]]],[[[37.846656799316406,57.696231842041016],[38.48878479003906,57.7653923034668],[38.52420425415039,57.903804779052734],[38.4348258972168,57.903804779052734],[38.39838790893555,58.45867156982422],[38.25457763671875,58.59769821166992],[38.07468795776367,58.59769821166992],[38.020450592041016,58.73685073852539],[37.6425666809082,58.66725540161133],[37.77463912963867,57.7653923034668],[37.7574462890625,57.696231842041016],[37.846656799316406,57.696231842041016]]]]},"properties":{"Name":"Grand Principality of Moscow","FromYear":1395,"ToYear":1401,"Area":249239.9690350996,"Type":"POLITY","Wikipedia":"Principality of Moscow","Wikidata":"Q170770","SeshatID":"ru_moskva_mongolian_period","Components":"","MemberOf":""}},
{"type":"Feature","geometry":{"type":"Polygon","coordinates":[[[44.94412612915039,35.902034759521484],[44.593360900878906,36.15959167480469],[44.611854553222656,36.28839111328125],[44.3383903503418,36.5460319519043],[44.37583541870117,36.80373764038086],[44.871337890625,36.9970588684082],[44.74457931518555,37.1904182434082],[44.773807525634766,37.38381576538086],[44.627601623535156,37.44829177856445],[44.58888626098633,37.706241607666016],[44.30603790283203,37.89975357055664],[44.34591293334961,38.157840728759766],[44.13113784790039,38.28691864013672],[44.15129089355469,38.416015625],[43.7314567565918,38.738853454589844],[43.57450866699219,38.738853454589844],[43.488861083984375,39.19107437133789],[43.687950134277344,39.449623107910156],[43.057979583740234,39.449623107910156],[43.16796112060547,39.64360046386719],[43.099605560302734,39.70827102661133],[43.110111236572266,39.77294921875],[42.8155517578125,39.90232849121094],[42.489471435546875,39.8376350402832],[42.2734260559082,39.9670295715332],[41.86845779418945,39.90232849121094],[41.42521667480469,40.0964469909668],[41.3870735168457,40.355369567871094],[41.149749755859375,40.355369567871094],[40.734127044677734,40.225894927978516],[40.11150360107422,40.29063034057617],[40.03242492675781,40.29063034057617],[39.67759704589844,40.031734466552734],[39.73749542236328,39.90232849121094],[40.04360580444336,39.8376350402832],[41.059410095214844,39.77294921875],[41.02999496459961,39.57893371582031],[40.76475524902344,39.38497543334961],[40.74570846557617,39.25570297241211],[38.87467575073242,38.80344009399414],[38.84877014160156,38.60969924926758],[39.310611724853516,38.54513168334961],[39.36298370361328,38.351463317871094],[39.441314697265625,38.351463317871094],[39.43267822265625,38.28691864013672],[39.510986328125,38.28691864013672],[39.50235366821289,38.22237777709961],[39.71128845214844,38.028785705566406],[39.94593048095703,38.028785705566406],[40.15450668334961,37.835243225097656],[40.4583625793457,37.7707405090332],[41.15172576904297,37.12596130371094],[41.14310073852539,37.06150817871094],[41.46357727050781,36.5460319519043],[41.610443115234375,36.48161697387695],[41.59345626831055,36.3527946472168],[41.80934524536133,36.2239875793457],[41.79243469238281,36.09519577026367],[42.00814437866211,35.9664192199707],[41.991310119628906,35.837650299072266],[42.12941360473633,35.708900451660156],[42.370140075683594,35.77327346801758],[42.43064498901367,35.644527435302734],[42.65435028076172,35.58015823364258],[43.514259338378906,35.644527435302734],[43.49683380126953,35.51579284667969],[43.720176696777344,35.45143127441406],[43.91899490356445,35.77327346801758],[44.94412612915039,35.902034759521484]]]},"properties":{"Name":"Qara Qoyunlu","FromYear":1395,"ToYear":1401,"Area":151717.8162238621,"Type":"POLITY","Wikipedia":"Qara Qoyunlu","Wikidata":"Q324470","SeshatID":"tr_qara_qoyunlu","Components":"","MemberOf":""}},
{"type":"Feature","geometry":{"type":"Polygon","coordinates":[[[22.874034881591797,37.641746520996094],[22.952110290527344,37.641746520996094],[22.945077896118164,37.51277160644531],[23.175601959228516,37.44829177856445],[23.168506622314453,37.3193473815918],[23.402393341064453,37.3193473815918],[23.342487335205078,37.641746520996094],[23.108261108398438,37.641746520996094],[23.037315368652344,37.7707405090332],[23.04452424099773,37.89976396975649],[23.051733016967773,38.028785705566406],[23.026295891480647,38.024626437000684],[22.657155990600586,37.96426773071289],[22.589460372924805,38.157840728759766],[22.432939529418945,38.157840728759766],[22.439908981323242,38.28691864013672],[22.279848098754883,38.22237777709961],[22.28675079345703,38.351463317871094],[22.210142816585535,38.383734363765385],[22.13351058959961,38.416015625],[22.055156707763672,38.416015625],[21.9768009185791,38.416015625],[21.741735458374023,38.416015625],[21.73976380684172,38.37728140031063],[21.728593826293945,38.157840728759766],[21.415550231933594,38.157840728759766],[21.243581771850586,37.835243225097656],[21.696598052978516,37.51277160644531],[21.612354278564453,37.38381576538086],[21.67182159423828,36.9970588684082],[22.064245223999023,37.06150817871094],[22.142118453979492,37.06150817871094],[22.154998779296875,37.3193473815918],[22.324167251586914,37.5772590637207],[22.639808654785156,37.641746520996094],[22.643253326416016,37.706241607666016],[22.721351623535156,37.706241607666016],[22.799449920654297,37.706241607666016],[22.877548217773438,37.706241607666016],[22.874034881591797,37.641746520996094]]]},"properties":{"Name":"Principality of Achaea","FromYear":1395,"ToYear":1430,"Area":13723.96675863808,"Type":"POLITY","Wikipedia":"Principality of Achaea","Wikidata":"Q332005","SeshatID":"gr_achaea_principality","Components":"","MemberOf":""}},
{"type":"Feature","geometry":{"type":"Polygon","coordinates":[[[19.453214645385742,41.586883544921875],[19.771717071533203,41.586883544921875],[19.788190841674805,41.911441802978516],[19.86795997619629,41.911441802978516],[19.871313095092773,41.97637939453125],[20.11414909362793,42.041324615478516],[20.26679801940918,41.911441802978516],[20.2633113861084,41.84651184082031],[20.343050003051758,41.84651184082031],[20.422788619995117,41.84651184082031],[20.41925811767578,41.781593322753906],[20.49896812438965,41.781593322753906],[20.578678131103516,41.781593322753906],[20.83629035949707,42.10627746582031],[21.235557556152344,42.10627746582031],[21.323223114013672,42.236209869384766],[21.01885986328125,42.496177673339844],[21.431001663208008,42.691246032714844],[21.362884521484375,42.88639831542969],[20.96961212158203,43.016544342041016],[20.977392196655273,43.146724700927734],[20.820587158203125,43.211830139160156],[20.100984573364258,43.276947021484375],[19.87034034729004,43.472347259521484],[19.709392547607422,43.472347259521484],[19.2070369720459,43.08163070678711],[19.046449661254883,43.08163070678711],[18.956756591796875,42.88639831542969],[18.87655258178711,42.88639831542969],[18.79035457004202,42.75628662109375],[18.79022441086148,42.756090152159366],[18.747265673001625,42.691246032714844],[18.61803436279297,42.496177673339844],[18.71286923169824,42.470169530092775],[18.807669212427694,42.44417095481037],[18.855070114135742,42.43117141723633],[18.8489990234375,42.30118942260742],[19.156251907348633,42.041324615478516],[19.23607635498047,42.041324615478516],[19.63520050048828,42.041324615478516],[19.618911743164062,41.71668243408203],[19.539230346679688,41.71668243408203],[19.536029815673828,41.65177917480469],[19.456375122070312,41.65177917480469],[19.453214645385742,41.586883544921875]]]},"properties":{"Name":"Serbian Despots","FromYear":1395,"ToYear":1401,"Area":27340.352010022478,"Type":"POLITY","Wikipedia":"Serbian Despotate","Wikidata":"Q878319","SeshatID":"","Components":"","MemberOf":""}},
{"type":"Feature","geometry":{"type":"MultiPolygon","coordinates":[[[[45,35.817275562300665],[45,42.25866758803593],[44.58973693847656,42.30118942260742],[44.12934494018555,41.97637939453125],[43.49097442626953,41.97637939453125],[43.13680648803711,41.781593322753906],[41.91884231567383,41.65177917480469],[41.74848937988281,41.586883544921875],[41.715553283691406,41.39224624633789],[41.2856330871582,41.19768524169922],[40.9532585144043,40.614410400390625],[40.932769775390625,40.4848747253418],[41.149749755859375,40.355369567871094],[41.3870735168457,40.355369567871094],[41.42521667480469,40.0964469909668],[41.86845779418945,39.90232849121094],[42.2734260559082,39.9670295715332],[42.489471435546875,39.8376350402832],[42.8155517578125,39.90232849121094],[43.110111236572266,39.77294921875],[43.099605560302734,39.70827102661133],[43.16796112060547,39.64360046386719],[43.057979583740234,39.449623107910156],[43.687950134277344,39.449623107910156],[43.488861083984375,39.19107437133789],[43.57450866699219,38.738853454589844],[43.7314567565918,38.738853454589844],[44.15129089355469,38.416015625],[44.13113784790039,38.28691864013672],[44.34591293334961,38.157840728759766],[44.30603790283203,37.89975357055664],[44.58888626098633,37.706241607666016],[44.627601623535156,37.44829177856445],[44.773807525634766,37.38381576538086],[44.74457931518555,37.1904182434082],[44.871337890625,36.9970588684082],[44.37583541870117,36.80373764038086],[44.3383903503418,36.5460319519043],[44.611854553222656,36.28839111328125],[44.593360900878906,36.15959167480469],[44.94412612915039,35.902034759521484],[45,35.817275562300665]]],[[[45,48.82292661309222],[45,49.20143528716991],[44.96247100830078,49.18375015258789],[44.833282470703125,48.98506164550781],[45,48.82292661309222]]]]},"properties":{"Name":"Timurid Empire","FromYear":1395,"ToYear":1401,"Area":3963561.7260182723,"Type":"POLITY","Wikipedia":"Timurid Empire","Wikidata":"Q484195","SeshatID":"uz_timurid_emp","Components":"","MemberOf":""}},
{"type":"Feature","geometry":{"type":"Polygon","coordinates":[[[22.909780502319336,43.211830139160156],[23.30677604675293,43.146724700927734],[23.452987670898438,42.95146560668945],[24.260427474975586,43.016544342041016],[24.7954044342041,43.6678352355957],[24.15087890625,43.6678352355957],[23.601760864257812,43.86341094970703],[22.951791763305664,43.79821014404297],[22.894636154174805,44.12431716918945],[22.50443458557129,44.32010269165039],[22.518192291259766,44.5159797668457],[22.689453125,44.64661407470703],[22.531999588012695,44.71194839477539],[22.52739143371582,44.64661407470703],[22.446361541748047,44.64661407470703],[22.441789627075195,44.58129119873047],[22.360790252685547,44.58129119873047],[22.127986907958984,43.53750228881836],[22.606468200683594,43.472347259521484],[22.909780502319336,43.211830139160156]]]},"properties":{"Name":"Despotate of Vidin","FromYear":1395,"ToYear":1401,"Area":16384.157256714687,"Type":"POLITY","Wikipedia":"Tsardom of Vidin","Wikidata":"Q927154","SeshatID":"","Components":"","MemberOf":""}},
{"type":"Feature","geometry":{"type":"MultiPolygon","coordinates":[[[[4.797497272491455,44.18956756591797],[4.628954887390137,44.38538360595703],[4.95257568359375,44.38538360595703],[5.029144287109375,44.5159797668457],[5.193189144134521,44.45067596435547],[5.280318260192871,44.25482940673828],[5.686428070068359,44.18956756591797],[5.595919132232666,44.5159797668457],[6.316179275512695,44.842647552490234],[6.309300899505615,45.10417556762695],[6.21734094619751,45.496795654296875],[5.889627456665039,45.56227111816406],[5.812080860137939,45.431331634521484],[5.649256229400635,45.431331634521484],[5.478028297424316,45.693260192871094],[5.070321559906006,45.693260192871094],[4.58107328414917,45.693260192871094],[4.593333721160889,45.36587905883789],[4.839807033538818,45.300437927246094],[4.846760749816895,45.10417556762695],[4.524181365966797,45.03877639770508],[4.356745719909668,45.169586181640625],[4.123232841491699,44.908016204833984],[3.96091890335083,44.908016204833984],[3.966166257858276,44.77729415893555],[3.56069803237915,44.77729415893555],[3.473977327346802,44.908016204833984],[3.230506658554077,44.908016204833984],[3.080044031143188,44.64661407470703],[2.917982816696167,44.64661407470703],[2.746667861938477,44.842647552490234],[2.584417343139648,44.842647552490234],[2.590721607208252,44.71194839477539],[3.169776916503906,44.45067596435547],[3.264891147613525,44.12431716918945],[3.429201602935791,44.05907440185547],[3.27886176109314,43.79821014404297],[2.878650665283203,43.73301696777344],[2.789168834686279,43.92862319946289],[2.463313817977905,43.99384307861328],[2.457082748413086,44.12431716918945],[2.049894571304321,44.18956756591797],[1.952367544174194,44.5159797668457],[2.191993713378906,44.58129119873047],[2.188707113265991,44.64661407470703],[2.185411214828491,44.71194839477539],[2.104349136352539,44.71194839477539],[2.101012229919434,44.77729415893555],[1.448663711547852,44.842647552490234],[1.378401041030884,44.64661407470703],[1.065428018569946,44.45067596435547],[-0.071827687323093,44.5159797668457],[0.037705771625042,44.05907440185547],[0.28390035033226,43.99384307861328],[0.922246754169464,44.12431716918945],[0.947991132736206,43.6678352355957],[1.277275562286377,43.53750228881836],[1.304981589317322,43.016544342041016],[1.873243570327759,42.88639831542969],[1.725796341896057,42.62621307373047],[1.72901451587677,42.56119155883789],[1.80907130241394,42.56119155883789],[2.517835140228271,42.82133865356445],[2.749729871749878,43.016544342041016],[2.990521192550659,43.016544342041016],[2.987718343734741,43.08163070678711],[3.140029191970825,43.276947021484375],[3.617136240005493,43.407203674316406],[3.850892543792725,43.6026611328125],[4.173032760620117,43.6026611328125],[4.258322238922119,43.472347259521484],[4.338796615600586,43.472347259521484],[4.409977436065674,43.73301696777344],[4.730143547058105,43.79821014404297],[4.727918148040771,43.86341094970703],[4.725685596466064,43.92862319946289],[4.723446369171143,43.99384307861328],[4.763816781019256,43.99384307861328],[4.804165363311768,43.99384307861328],[4.801949977874756,44.05907440185547],[4.799726963043213,44.12431716918945],[4.797497272491455,44.18956756591797]]],[[[7.695308685302734,44.842647552490234],[7.696474075317383,44.77729415893555],[7.697634220123291,44.71194839477539],[7.698789119720459,44.64661407470703],[7.699938297271729,44.58129119873047],[7.701082229614258,44.5159797668457],[7.864093780517578,44.45067596435547],[7.939755439758301,44.77729415893555],[7.695308685302734,44.842647552490234]]],[[[5.295057773590088,46.283294677734375],[4.967714786529541,46.283294677734375],[4.897816181182861,45.95537567138672],[4.979487419128418,45.95537567138672],[4.981821060180664,45.889827728271484],[5.063460350036621,45.889827728271484],[5.065754413604736,45.82429504394531],[5.147360801696777,45.82429504394531],[5.295057773590088,46.283294677734375]]],[[[5.947766780853271,46.348915100097656],[5.865897655487061,46.348915100097656],[5.867908954620361,46.283294677734375],[5.949744701385498,46.283294677734375],[5.947766780853271,46.348915100097656]]],[[[4.493024826049805,49.91355895996094],[4.490188121795654,49.98000717163086],[4.406350135803223,49.98000717163086],[4.322512626647949,49.98000717163086],[4.238675117492676,49.98000717163086],[4.154837608337402,49.98000717163086],[4.071000099182129,49.98000717163086],[3.987162351608276,49.98000717163086],[3.984085559844971,50.04647445678711],[3.900208711624146,50.04647445678711],[3.816332101821899,50.04647445678711],[3.813170909881592,50.11296081542969],[3.729254722595215,50.11296081542969],[2.554430246353149,50.11296081542969],[1.782671809196472,50.37908172607422],[1.601793885231018,50.578861236572266],[1.517598748207092,50.578861236572266],[1.433403611183167,50.578861236572266],[1.454967975616455,50.2459831237793],[1.216153383255005,50.04647445678711],[0.224112883210182,49.84712600708008],[-0.012448177672923,49.64793395996094],[0.007001183927059,49.38258361816406],[-1.250783205032349,49.44889450073242],[-1.361783027648926,49.78071212768555],[-2.031550645828247,49.78071212768555],[-1.913302421569824,49.38258361816406],[-1.651668906211853,49.2500114440918],[-1.635041356086731,49.051273345947266],[-1.718345284461975,49.051273345947266],[-1.607621908187866,48.72037124633789],[-1.602181315422058,48.654239654541016],[-1.519098520278931,48.654239654541016],[-1.497624516487122,48.38986587524414],[-1.254050254821777,48.455936431884766],[-1.171076416969299,48.455936431884766],[-1.088102579116821,48.455936431884766],[-1.082935571670532,48.38986587524414],[-0.999997794628143,48.38986587524414],[-0.580371201038361,48.323814392089844],[-0.092416204512119,48.455936431884766],[-0.000058500339946,48.323814392089844],[0.336079269647598,48.257774353027344],[0.436810165643692,47.993770599365234],[0.924667775630951,48.1257438659668],[1.185442686080933,47.92780685424805],[1.677664279937744,47.993770599365234],[1.892255425453186,47.13737487792969],[1.402540564537048,47.07159423828125],[1.296437382698059,47.46647262573242],[1.213993549346924,47.46647262573242],[1.131549596786499,47.46647262573242],[0.719330370426178,47.46647262573242],[0.489324986934662,47.20316696166992],[0.584407448768616,47.005828857421875],[0.342133671045303,46.94007873535156],[-1.04985785484314,46.87434005737305],[-1.388491034507751,47.005828857421875],[-2.128328084945679,47.005828857421875],[-2.210532188415527,47.005828857421875],[-2.194406032562256,46.808616638183594],[-1.666043281555176,46.348915100097656],[-1.251809358596802,46.283294677734375],[-1.222735166549683,45.889827728271484],[-1.141096234321594,45.889827728271484],[-1.213142395019531,45.75876998901367],[-1.04058039188385,45.62776184082031],[-1.035891175270081,45.56227111816406],[-0.4522345662117,45.36587905883789],[-0.443411976099014,45.23500442504883],[-0.280779838562012,45.23500442504883],[-0.190878316760063,45.10417556762695],[-0.17808398604393,44.908016204833984],[0.223605588078499,44.973392486572266],[0.683108568191528,45.431331634521484],[0.911711454391479,45.693260192871094],[0.903831779956818,45.82429504394531],[0.973637998104095,46.02093505859375],[1.214894890785217,46.08650588989258],[1.207152485847473,46.21768569946289],[0.953762292861938,46.348915100097656],[0.941711187362671,46.54585266113281],[1.515491604804993,46.54585266113281],[2.345533847808838,46.348915100097656],[2.403344392776489,46.808616638183594],[2.895960330963135,46.808616638183594],[2.704806327819824,47.33478927612305],[2.368207454681396,47.46647262573242],[2.429348230361938,47.86185836791992],[2.763392686843872,47.79592514038086],[3.249412775039673,47.993770599365234],[3.754808187484741,47.79592514038086],[3.914155960083008,47.92780685424805],[4.173548221588135,47.664100646972656],[4.338644027709961,47.664100646972656],[4.578328132629395,47.86185836791992],[4.572990417480469,47.993770599365234],[4.821161270141602,47.993770599365234],[5.076695442199707,47.79592514038086],[5.07913875579834,47.730003356933594],[5.249034404754639,47.598209381103516],[5.496574401855469,47.598209381103516],[5.822384834289551,47.730003356933594],[5.818123817443848,47.86185836791992],[5.646180152893066,48.059749603271484],[5.480661869049072,48.059749603271484],[5.47376823425293,48.257774353027344],[5.217910766601562,48.455936431884766],[4.883440971374512,48.52202224731445],[4.865273475646973,48.98506164550781],[5.026719093322754,49.11750411987305],[4.85741138458252,49.18375015258789],[4.674346446990967,49.58156967163086],[4.17567253112793,49.51522445678711],[4.169747829437256,49.64793395996094],[4.253391742706299,49.64793395996094],[4.328337669372559,49.84712600708008],[4.493024826049805,49.91355895996094]]]]},"properties":{"Name":"Kingdom of France","FromYear":1395,"ToYear":1401,"Area":221639.57745836067,"Type":"POLITY","Wikipedia":"Kingdom of France","Wikidata":"Q207162","SeshatID":"fr_valois_k_1","Components":"","MemberOf":"(Kingdom of France)"}},
{"type":"Feature","geometry":{"type":"MultiPolygon","coordinates":[[[[-1.848402380943298,43.342071533203125],[-1.767988562583923,43.342071533203125],[-1.772614240646362,43.407203674316406],[-1.853058218955994,43.407203674316406],[-1.848402380943298,43.342071533203125]]],[[[-1.044264197349548,43.342071533203125],[-0.654836595058441,43.53750228881836],[-0.32871425151825,43.472347259521484],[-0.281132787466049,43.99384307861328],[-0.200413763523102,43.99384307861328],[-0.119694747030735,43.99384307861328],[-0.038975734263659,43.99384307861328],[0.041743285953999,43.99384307861328],[0.037705771625042,44.05907440185547],[-0.071827687323093,44.5159797668457],[-0.17808398604393,44.908016204833984],[-0.190878316760063,45.10417556762695],[-0.280779838562012,45.23500442504883],[-0.443411976099014,45.23500442504883],[-0.4522345662117,45.36587905883789],[-1.035891175270081,45.56227111816406],[-1.031213998794556,45.496795654296875],[-1.189373373985291,45.431331634521484],[-1.170574903488159,45.169586181640625],[-1.251859068870544,45.169586181640625],[-1.205376982688904,44.5159797668457],[-1.286344885826111,44.5159797668457],[-1.267958283424377,44.25482940673828],[-1.348801136016846,44.25482940673828],[-1.321390628814697,43.86341094970703],[-1.402047991752625,43.86341094970703],[-1.459883332252502,43.53750228881836],[-1.692170143127441,43.407203674316406],[-1.687574744224548,43.342071533203125],[-1.044264197349548,43.342071533203125]]],[[[-4.10120153427124,48.72037124633789],[-4.18432092666626,48.72037124633789],[-4.599917888641357,48.72037124633789],[-4.911745548248291,48.52202224731445],[-4.891265392303467,48.323814392089844],[-4.642560005187988,48.323814392089844],[-4.546383857727051,48.191749572753906],[-4.705362796783447,48.1257438659668],[-4.692053318023682,47.993770599365234],[-4.424368858337402,47.79592514038086],[-4.100244045257568,47.86185836791992],[-4.017590999603271,47.86185836791992],[-3.757235288619995,47.730003356933594],[-3.42690372467041,47.730003356933594],[-3.344320774078369,47.730003356933594],[-3.279724597930908,47.92780685424805],[-3.972950458526611,48.257774353027344],[-4.10120153427124,48.72037124633789]]],[[[2.074539184570312,51.112430572509766],[1.990016341209412,51.112430572509766],[1.905493497848511,51.112430572509766],[1.909662842750549,51.04566955566406],[1.825181484222412,51.04566955566406],[1.740700125694275,51.04566955566406],[1.576062202453613,50.97892379760742],[1.6365936370134901,50.912200927734375],[1.75760805606842,50.77880859375],[1.785665393321186,50.77880859375],[1.841925024986267,50.77880859375],[2.090827465057373,50.84549331665039],[2.074539184570312,51.112430572509766]]],[[[-3.402623414993286,54.95309066772461],[-3.394958257675171,54.88506317138672],[-3.648374080657959,54.817054748535156],[-3.704231739044189,54.545284271240234],[-3.617407321929932,54.545284271240234],[-3.586766958236694,54.27390670776367],[-3.319409608840942,54.20612335205078],[-3.304538726806641,54.07062530517578],[-2.96582555770874,54.138362884521484],[-3.196035623550415,53.86756134033203],[-3.095205545425415,53.732303619384766],[-3.152528285980225,53.462066650390625],[-4.162125587463379,53.25962829589844],[-4.271347522735596,53.462066650390625],[-4.701662540435791,53.462066650390625],[-4.669717311859131,53.192195892333984],[-4.490120410919189,53.124786376953125],[-4.809510231018066,52.92268753051758],[-4.793659210205078,52.78806686401367],[-4.29533576965332,52.92268753051758],[-4.156738758087158,52.4518928527832],[-4.552989482879639,52.18334197998047],[-5.218731880187988,52.0491943359375],[-5.264270305633545,51.71418380737305],[-4.909326076507568,51.580322265625],[-4.415247440338135,51.71418380737305],[-4.308269023895264,51.51342010498047],[-3.891522645950317,51.580322265625],[-3.70082426071167,51.37968063354492],[-3.277374029159546,51.37968063354492],[-3.121426105499268,51.51342010498047],[-2.945236444473267,51.44654083251953],[-3.107994079589844,51.37968063354492],[-3.094635725021362,51.24601745605469],[-4.201729774475098,51.31283950805664],[-4.426436901092529,51.04566955566406],[-4.67988109588623,51.04566955566406],[-4.657799243927002,50.84549331665039],[-4.819114208221436,50.77880859375],[-4.881234169006348,50.578861236572266],[-5.133819580078125,50.578861236572266],[-5.279601097106934,50.37908172607422],[-5.768607616424561,50.2459831237793],[-5.745615005493164,50.04647445678711],[-5.151133060455322,49.98000717163086],[-4.928657054901123,50.2459831237793],[-4.354779243469238,50.37908172607422],[-4.186630249023438,50.37908172607422],[-4.088706493377686,50.2459831237793],[-3.584736108779907,50.2459831237793],[-3.456606388092041,50.64549255371094],[-3.12621021270752,50.71213912963867],[-2.102793455123901,50.578861236572266],[-2.030619621276855,50.71213912963867],[-1.524962306022644,50.71213912963867],[-1.513427257537842,50.578861236572266],[-1.176646590232849,50.578861236572266],[-1.109168291091919,50.77880859375],[-1.367843627929688,50.84549331665039],[0.492853790521622,50.77880859375],[1.313834071159363,51.112430572509766],[1.380577206611633,51.37968063354492],[0.523877322673798,51.51342010498047],[0.862975299358368,51.51342010498047],[0.843909561634064,51.78114318847656],[1.183690190315247,51.78114318847656],[1.169783234596252,51.98215103149414],[1.425007224082947,51.98215103149414],[1.586262822151184,52.11625671386719],[1.653681755065918,52.38472366333008],[1.739019155502319,52.38472366333008],[1.716817617416382,52.720787048339844],[1.531973838806152,52.92268753051758],[1.093834638595581,53.057395935058594],[0.493327647447586,53.057395935058594],[0.337453275918961,52.85536575317383],[0.075146429240704,52.92268753051758],[0.316494405269623,53.124786376953125],[0.29531991481781,53.39456558227539],[0.020827349275351,53.597137451171875],[0.004257039166987,53.799922943115234],[-0.17964468896389,53.93522644042969],[-0.294801265001297,54.27390670776367],[-0.381431937217712,54.27390670776367],[-0.393139123916626,54.4095458984375],[-0.671433329582214,54.613189697265625],[-1.285956144332886,54.681121826171875],[-1.398887872695923,54.95309066772461],[-1.486006855964661,54.95309066772461],[-1.633551597595215,55.56651306152344],[-2.01904296875,55.90821838378906],[-2.106868505477905,55.90821838378906],[-2.268072366714478,55.77145767211914],[-2.239403486251831,55.498252868652344],[-2.560305595397949,55.225467681884766],[-2.734941720962524,55.225467681884766],[-2.807486772537231,55.089229583740234],[-3.141266584396362,54.95309066772461],[-3.402623414993286,54.95309066772461]]],[[[-6.721763134002686,53.124786376953125],[-6.635931015014648,53.124786376953125],[-6.138383388519287,53.25962829589844],[-6.241942882537842,53.39456558227539],[-6.087455749511719,53.52959060668945],[-6.286456108093262,53.732303619384766],[-6.331579685211182,54.07062530517578],[-6.918198585510254,53.93522644042969],[-6.90884256362915,53.86756134033203],[-6.899511337280273,53.799922943115234],[-6.890205860137939,53.732303619384766],[-6.880926132202148,53.664710998535156],[-6.871671199798584,53.597137451171875],[-6.721763134002686,53.124786376953125]]]]},"properties":{"Name":"Kingdom of England","FromYear":1395,"ToYear":1401,"Area":193220.60394291015,"Type":"POLITY","Wikipedia":"Kingdom of England","Wikidata":"Q179876","SeshatID":"gb_england_plantagenet","Components":"","MemberOf":"(Kingdom of England)"}},
{"type":"Feature","geometry":{"type":"Polygon","coordinates":[[[20.009418487548828,39.9670295715332],[20.334800720214844,40.16116714477539],[21.214691162109375,40.355369567871094],[20.998435974121094,40.74397277832031],[20.59868621826172,40.6791877746582],[20.60896110534668,40.873565673828125],[20.529638290405273,40.873565673828125],[20.4503173828125,40.873565673828125],[20.443561553955078,40.74397277832031],[20.123241424560547,40.6791877746582],[20.028079986572266,40.355369567871094],[19.705585479736328,40.225894927978516],[19.702573776245117,40.16116714477539],[19.781600952148438,40.16116714477539],[19.778575897216797,40.0964469909668],[19.85757827758789,40.0964469909668],[19.854541778564453,40.031734466552734],[19.933517456054688,40.031734466552734],[19.930469512939453,39.9670295715332],[20.009418487548828,39.9670295715332]]]},"properties":{"Name":"Principality of Valona and Kanina","FromYear":1395,"ToYear":1414,"Area":6060.365962412715,"Type":"POLITY","Wikipedia":"Principality of Valona","Wikidata":"Q7245121","SeshatID":"","Components":"","MemberOf":""}},
{"type":"Feature","geometry":{"type":"Polygon","coordinates":[[[35.931175231933594,54.341712951660156],[35.728389739990234,54.613189697265625],[34.42529296875,54.613189697265625],[34.01094436645508,54.27390670776367],[34.04461669921875,54.00291442871094],[33.84568786621094,53.86756134033203],[33.68244171142578,53.462066650390625],[33.300838470458984,53.25962829589844],[32.871219635009766,53.25962829589844],[32.46813201904297,52.92268753051758],[32.215877532958984,52.4518928527832],[32.04511260986328,52.4518928527832],[31.993751525878906,52.653533935546875],[31.74848747253418,52.720787048339844],[31.79477310180664,54.47740173339844],[31.645355224609375,54.613189697265625],[30.938674926757812,54.545284271240234],[30.886892318725586,54.74907684326172],[30.7999210357666,54.74907684326172],[30.96984100341797,55.225467681884766],[30.882522583007812,55.225467681884766],[30.87911033630371,55.70311737060547],[31.85618782043457,55.77145767211914],[32.3565788269043,55.63479995727539],[32.658878326416016,55.83982467651367],[33.00997543334961,55.83982467651367],[33.67976760864258,56.11355972290039],[33.94371032714844,56.11355972290039],[33.97194290161133,56.25059127807617],[34.92669677734375,56.59365463256836],[34.95655059814453,56.731075286865234],[34.79452896118164,56.799827575683594],[33.701107025146484,57.07511901855469],[33.3571891784668,57.55800247192383],[33.13270950317383,57.7653923034668],[32.864906311035156,57.7653923034668],[32.63044738769531,57.488929748535156],[32.452354431152344,57.488929748535156],[32.13100051879883,57.21294021606445],[31.660518646240234,57.07511901855469],[31.128190994262695,57.07511901855469],[30.83788299560547,56.45634460449219],[30.372501373291016,56.319149017333984],[30.108091354370117,56.319149017333984],[29.955463409423828,56.45634460449219],[29.979244232177734,56.59365463256836],[29.58440589904785,56.86860656738281],[28.377832412719727,57.07511901855469],[27.89100456237793,56.799827575683594],[27.880273818969727,56.731075286865234],[28.123947143554688,56.59365463256836],[28.14765167236328,56.182064056396484],[27.971586227416992,56.182064056396484],[27.470035552978516,55.77145767211914],[26.865774154663086,55.83982467651367],[26.583187103271484,55.70311737060547],[25.8309326171875,55.97663879394531],[25.761505126953125,56.11355972290039],[25.066509246826172,56.182064056396484],[24.82863998413086,56.387733459472656],[24.1064510345459,56.25059127807617],[22.190176010131836,56.45634460449219],[22.1019344329834,56.45634460449219],[22.01369285583496,56.45634460449219],[21.92544937133789,56.45634460449219],[21.837207794189453,56.45634460449219],[21.830202102661133,56.387733459472656],[21.74201202392578,56.387733459472656],[21.65382194519043,56.387733459472656],[21.56563377380371,56.387733459472656],[20.916179656982422,56.04508590698242],[20.909809112548828,55.97663879394531],[20.9976863861084,55.97663879394531],[20.991283416748047,55.90821838378906],[21.248220443725586,55.83982467651367],[21.235198974609375,55.70311737060547],[21.640066146850586,55.36180877685547],[22.070266723632812,55.29362487792969],[22.31136703491211,55.089229583740234],[22.573020935058594,55.089229583740234],[22.812959671020508,54.88506317138672],[22.704511642456055,54.681121826171875],[22.69742774963379,54.613189697265625],[22.66232681274414,54.27390670776367],[22.482206344604492,54.20612335205078],[22.461759567260742,54.00291442871094],[22.548198699951172,54.00291442871094],[22.42144775390625,53.597137451171875],[22.738895416259766,53.32708740234375],[22.698820114135742,52.92268753051758],[22.343225479125977,52.78806686401367],[22.409648895263672,52.586299896240234],[22.65958023071289,52.51908493041992],[22.843597412109375,52.653533935546875],[23.185659408569336,52.653533935546875],[23.34299087524414,52.51908493041992],[23.138765335083008,52.18334197998047],[22.61488151550293,52.0491943359375],[22.747228622436523,51.64724349975586],[23.589168548583984,51.580322265625],[23.93526268005371,51.64724349975586],[24.04088592529297,51.84812545776367],[24.64307975769043,51.91512680053711],[24.84287452697754,52.18334197998047],[25.261207580566406,52.11625671386719],[25.223169326782227,51.78114318847656],[24.960941314697266,51.71418380737305],[24.73369789123535,51.17921447753906],[24.199270248413086,50.912200927734375],[24.368066787719727,50.912200927734375],[24.334489822387695,50.578861236572266],[24.587074279785156,50.578861236572266],[24.769216537475586,50.71213912963867],[24.83966064453125,50.578861236572266],[25.736732482910156,50.312522888183594],[25.799171447753906,50.11296081542969],[25.967002868652344,50.11296081542969],[26.029254913330078,49.91355895996094],[26.189617156982422,49.84712600708008],[26.22332000732422,49.38258361816406],[25.778654098510742,49.11750411987305],[25.35540199279785,49.051273345947266],[25.252717971801758,48.852684020996094],[25.50884246826172,48.91886520385742],[25.981304168701172,48.654239654541016],[26.472915649414062,48.5881233215332],[27.39371109008789,48.654239654541016],[27.537879943847656,48.455936431884766],[28.013307571411133,48.257774353027344],[28.984228134155273,48.059749603271484],[29.208942413330078,47.86185836791992],[29.16246223449707,47.46647262573242],[29.551227569580078,47.26897048950195],[29.527965545654297,47.07159423828125],[29.899938583374023,46.74290466308594],[29.943092346191406,46.414546966552734],[30.262836456298828,46.348915100097656],[30.40288543701172,46.1520881652832],[30.484655380249023,46.1520881652832],[30.87657928466797,46.677207946777344],[31.606428146362305,46.61152267456055],[31.787527084350586,46.74290466308594],[32.03373336791992,46.74290466308594],[32.180442810058594,46.61152267456055],[32.171756744384766,46.54585266113281],[32.918460845947266,46.61152267456055],[33.69384002685547,46.87434005737305],[34.079959869384766,47.26897048950195],[34.109092712402344,47.46647262573242],[34.37619400024414,47.598209381103516],[35.026123046875,47.53233337402344],[35.496402740478516,48.91886520385742],[35.77958679199219,49.11750411987305],[35.94626998901367,49.11750411987305],[36.007015228271484,48.98506164550781],[36.09028244018555,48.98506164550781],[36.079010009765625,48.91886520385742],[36.328697204589844,48.91886520385742],[36.306053161621094,48.786521911621094],[36.62726974487305,48.72037124633789],[36.687618255615234,48.5881233215332],[36.9367561340332,48.5881233215332],[37.83888244628906,48.98506164550781],[37.86311340332031,49.11750411987305],[37.70854187011719,49.18375015258789],[37.67390441894531,49.44889450073242],[37.59037399291992,49.44889450073242],[37.627315521240234,49.64793395996094],[37.543670654296875,49.64793395996094],[37.75370788574219,50.312522888183594],[37.83774185180664,50.312522888183594],[37.898712158203125,51.04566955566406],[38.09486770629883,51.17921447753906],[38.14987564086914,51.44654083251953],[37.93708801269531,51.64724349975586],[37.964942932128906,51.78114318847656],[37.482810974121094,51.91512680053711],[37.42543029785156,52.0491943359375],[37.013519287109375,52.11625671386719],[36.74110794067383,52.4518928527832],[36.426849365234375,52.586299896240234],[36.324440002441406,52.92268753051758],[35.765281677246094,53.124786376953125],[35.83401870727539,53.462066650390625],[35.95429723407539,53.57586905310983],[36.048194885253906,53.664710998535156],[35.99152435600222,53.664710998535156],[35.78958511352539,53.664710998535156],[35.90385437011719,53.799922943115234],[35.831607818603516,53.86756134033203],[35.888473615611375,54.138362884521484],[35.931175231933594,54.341712951660156]]]},"properties":{"Name":"Grand Duchy of Lithuania","FromYear":1395,"ToYear":1401,"Area":806718.642963366,"Type":"POLITY","Wikipedia":"Grand Duchy of Lithuania","Wikidata":"Q49683","SeshatID":"pl_jagiellonian_dyn","Components":"","MemberOf":"(Polish-Lithuania Kingdom)"}},
{"type":"Feature","geometry":{"type":"MultiPolygon","coordinates":[[[[22.142118453979492,37.06150817871094],[22.21999168395996,37.06150817871094],[22.35634422302246,36.67487716674805],[22.51182746887207,36.67487716674805],[22.59941291809082,36.8681755065918],[22.83283233642578,36.8681755065918],[23.056013107299805,36.67487716674805],[22.995285034179688,36.9970588684082],[22.700735092163086,37.3193473815918],[22.707557678222656,37.44829177856445],[22.710987091064453,37.51277160644531],[22.71442985534668,37.5772590637207],[22.636377334594727,37.5772590637207],[22.639808654785156,37.641746520996094],[22.324167251586914,37.5772590637207],[22.154998779296875,37.3193473815918],[22.142118453979492,37.06150817871094]]],[[[25.447328567504883,39.8376350402832],[25.46186065673828,40.031734466552734],[25.145954132080078,40.031734466552734],[25.066978454589844,40.031734466552734],[24.973936080932617,39.8376350402832],[25.447328567504883,39.8376350402832]]],[[[26.024850845336914,40.16116714477539],[26.03508949279785,40.29063034057617],[25.7978458404541,40.29063034057617],[25.718765258789062,40.29063034057617],[25.703752517700195,40.0964469909668],[26.024850845336914,40.16116714477539]]],[[[24.439714431762695,40.0964469909668],[24.44886589050293,40.225894927978516],[24.071592330932617,40.4848747253418],[23.992431640625,40.4848747253418],[23.89990234375,40.29063034057617],[24.439714431762695,40.0964469909668]]],[[[22.567543029785156,40.4848747253418],[22.57158088684082,40.54964065551758],[22.89249038696289,40.614410400390625],[22.959190368652344,40.42012023925781],[23.13728407952858,40.42012023925781],[23.196592330932617,40.42012023925781],[23.209346771240234,40.614410400390625],[23.1301326751709,40.614410400390625],[23.134389877319336,40.6791877746582],[23.142953872680664,40.80876541137695],[22.667186737060547,40.80876541137695],[22.421222686767578,40.6791877746582],[22.413206100463867,40.54964065551758],[22.567543029785156,40.4848747253418]]],[[[24.793624877929688,40.614410400390625],[24.808143615722656,40.80876541137695],[24.57025909423828,40.80876541137695],[24.490964889526367,40.80876541137695],[24.551259994506836,40.54964065551758],[24.793624877929688,40.614410400390625]]],[[[28.432037353515625,41.39224624633789],[28.248241424560547,41.132843017578125],[28.87101936340332,41.00318908691406],[29.036151885986328,41.06801223754883],[28.975934982299805,41.26253128051758],[28.896448135375977,41.26253128051758],[28.432037353515625,41.39224624633789]]]]},"properties":{"Name":"Byzantine Empire","FromYear":1395,"ToYear":1401,"Area":11485.387046335552,"Type":"POLITY","Wikipedia":"Byzantine Empire","Wikidata":"Q112039853","SeshatID":"","Components":"","MemberOf":""}},
{"type":"Feature","geometry":{"type":"MultiPolygon","coordinates":[[[[10.214488983154297,42.88639831542969],[10.134284973144531,42.88639831542969],[10.21481990814209,42.691246032714844],[10.455166816711426,42.691246032714844],[10.45510196685791,42.88639831542969],[10.214488983154297,42.88639831542969]]],[[[10.212483406066895,43.92862319946289],[10.212624549865723,43.86341094970703],[10.293281555175781,43.86341094970703],[10.293390274047852,43.79821014404297],[10.293495178222656,43.73301696777344],[10.293599128723145,43.6678352355957],[10.45484447479248,43.472347259521484],[10.535322189331055,43.08163070678711],[10.776015281677246,42.95146560668945],[10.77629566192627,43.146724700927734],[10.776388168334961,43.211830139160156],[10.615739822387695,43.342071533203125],[10.696523666381836,43.79821014404297],[10.212483406066895,43.92862319946289]]]]},"properties":{"Name":"Republic of Pisa","FromYear":1395,"ToYear":1401,"Area":2548.0282568653,"Type":"POLITY","Wikipedia":"Republic of Pisa","Wikidata":"Q1365493","SeshatID":"","Components":"","MemberOf":""}},
{"type":"Feature","geometry":{"type":"MultiPolygon","coordinates":[[[[13.02955150604248,49.2500114440918],[12.860783576965332,49.11750411987305],[12.610759735107422,49.11750411987305],[12.524224281311035,48.852684020996094],[12.357129096984863,48.786521911621094],[12.27397346496582,48.786521911621094],[12.275324821472168,48.91886520385742],[12.026208877563477,48.98506164550781],[11.942941665649414,48.98506164550781],[11.692716598510742,48.91886520385742],[11.527325630187988,49.11750411987305],[11.277556419372559,49.18375015258789],[10.860533714294434,49.051273345947266],[11.027008056640625,48.98506164550781],[10.943561553955078,48.852684020996094],[10.61073112487793,48.91886520385742],[10.360239028930664,49.2500114440918],[10.027185440063477,49.11750411987305],[10.02780818939209,48.98506164550781],[10.278019905090332,48.852684020996094],[10.2784423828125,48.72037124633789],[10.444967269897461,48.5881233215332],[10.528592109680176,48.257774353027344],[10.52871322631836,48.191749572753906],[10.44686222076416,47.79592514038086],[10.694778442382812,47.730003356933594],[10.61239242553711,47.598209381103516],[10.694906234741211,47.598209381103516],[10.694971084594727,47.53233337402344],[10.777449607849121,47.53233337402344],[10.859928131103516,47.53233337402344],[10.94240665435791,47.53233337402344],[11.27249813079834,47.598209381103516],[11.272144317626953,47.46647262573242],[11.437032699584961,47.46647262573242],[11.436545372009277,47.33478927612305],[11.600985527038574,47.26897048950195],[11.848007202148438,47.26897048950195],[12.014627456665039,47.53233337402344],[12.262062072753906,47.53233337402344],[12.342669486999512,47.33478927612305],[12.508110046386719,47.4006233215332],[12.510897636413574,47.664100646972656],[12.75854206085205,47.664100646972656],[12.839411735534668,47.53233337402344],[13.087788581848145,47.598209381103516],[12.924517631530762,47.730003356933594],[12.927179336547852,47.92780685424805],[12.762627601623535,47.993770599365234],[12.765129089355469,48.191749572753906],[12.928975105285645,48.059749603271484],[13.177251815795898,48.059749603271484],[13.847192764282227,48.455936431884766],[13.76682186126709,48.5881233215332],[13.26854419708252,48.5881233215332],[13.189766883850098,48.852684020996094],[13.356151580810547,48.852684020996094],[13.358475685119629,48.98506164550781],[13.02955150604248,49.2500114440918]]],[[[4.034165859222412,50.77880859375],[3.538282871246338,50.578861236572266],[3.541608572006226,50.51224899291992],[3.544927835464478,50.445655822753906],[3.548239946365356,50.37908172607422],[3.632314682006836,50.37908172607422],[3.968613386154175,50.37908172607422],[4.142810344696045,50.2459831237793],[4.151839256286621,50.04647445678711],[4.154837608337402,49.98000717163086],[4.238675117492676,49.98000717163086],[4.322512626647949,49.98000717163086],[4.406350135803223,49.98000717163086],[4.394795417785645,50.2459831237793],[4.638418674468994,50.445655822753906],[4.299002170562744,50.51224899291992],[4.205820083618164,50.71213912963867],[4.034165859222412,50.77880859375]]],[[[4.08440637588501,51.51342010498047],[4.244784832000732,51.71418380737305],[4.666441440582275,51.78114318847656],[4.751386642456055,51.78114318847656],[4.836331844329834,51.78114318847656],[4.833557605743408,51.84812545776367],[4.918545722961426,51.84812545776367],[5.003533840179443,51.84812545776367],[5.088521957397461,51.84812545776367],[5.173510074615479,51.84812545776367],[5.258498668670654,51.84812545776367],[5.250792980194092,52.0491943359375],[4.995438575744629,52.0491943359375],[5.069864749908447,52.31757736206055],[4.896504402160645,52.38472366333008],[4.890939235687256,52.51908493041992],[5.06179141998291,52.51908493041992],[5.056382656097412,52.653533935546875],[4.970867156982422,52.653533935546875],[4.871281623840332,52.99003219604492],[4.785540580749512,52.99003219604492],[4.862768650054932,53.192195892333984],[4.691011905670166,53.192195892333984],[4.608114719390869,53.124786376953125],[4.702715873718262,52.92268753051758],[4.534325122833252,52.85536575317383],[4.463808536529541,52.51908493041992],[4.21693229675293,52.31757736206055],[4.223166942596436,52.18334197998047],[3.974021434783936,52.0491943359375],[3.980464458465576,51.91512680053711],[3.810401916503906,51.91512680053711],[3.81699013710022,51.78114318847656],[3.647099733352661,51.78114318847656],[3.738690614700317,51.64724349975586],[3.399252653121948,51.64724349975586],[3.40621018409729,51.51342010498047],[3.999631881713867,51.51342010498047],[4.08440637588501,51.51342010498047]]]]},"properties":{"Name":"Duchy of Bavaria","FromYear":1395,"ToYear":1421,"Area":47598.084030433,"Type":"POLITY","Wikipedia":"Duchy of Bavaria","Wikidata":"Q47261","SeshatID":"de_empire_3","Components":"","MemberOf":"(Holy Roman Empire)"}},
{"type":"Feature","geometry":{"type":"MultiPolygon","coordinates":[[[[20.151897430419922,39.64360046386719],[20.073074340820312,39.64360046386719],[20.070056915283203,39.57893371582031],[20.148855209350586,39.57893371582031],[20.151897430419922,39.64360046386719]]],[[[20.684539794921875,39.25570297241211],[20.68769073486328,39.320335388183594],[21.39595603942871,39.320335388183594],[21.721254348754883,39.51427459716797],[21.214691162109375,40.355369567871094],[20.334800720214844,40.16116714477539],[20.009418487548828,39.9670295715332],[20.006359100341797,39.90232849121094],[19.918411254882812,39.70827102661133],[20.15495491027832,39.70827102661133],[20.29724884033203,39.38497543334961],[20.448524475097656,39.25570297241211],[20.684539794921875,39.25570297241211]]]]},"properties":{"Name":"Despotate of Epirus","FromYear":1395,"ToYear":1414,"Area":12248.968601889188,"Type":"POLITY","Wikipedia":"Despotate of Epirus","Wikidata":"Q187684","SeshatID":"gr_epirus_despot","Components":"","MemberOf":""}},
{"type":"Feature","geometry":{"type":"MultiPolygon","coordinates":[[[[6.895741939544678,44.32010269165039],[7.221852779388428,44.18956756591797],[7.460638523101807,44.38538360595703],[7.458178520202637,44.5159797668457],[7.456940650939941,44.58129119873047],[7.373385906219482,44.71194839477539],[6.966631412506104,44.77729415893555],[6.895741939544678,44.32010269165039]]],[[[10.94240665435791,47.53233337402344],[11.024742126464844,47.4006233215332],[11.272144317626953,47.46647262573242],[11.27249813079834,47.598209381103516],[10.94240665435791,47.53233337402344]]],[[[7.72967529296875,47.33478927612305],[7.560789108276367,47.53233337402344],[7.725746154785156,47.53233337402344],[7.886958122253418,47.730003356933594],[7.637851715087891,47.79592514038086],[7.628283500671387,48.257774353027344],[7.709810256958008,48.323814392089844],[7.792711734771729,48.323814392089844],[7.796617031097412,48.1257438659668],[7.959747314453125,48.257774353027344],[8.208345413208008,48.257774353027344],[8.210589408874512,48.1257438659668],[8.293384552001953,48.1257438659668],[8.376178741455078,48.1257438659668],[8.377227783203125,48.059749603271484],[8.45998764038086,48.059749603271484],[8.461000442504883,47.993770599365234],[8.378276824951172,47.993770599365234],[8.295553207397461,47.993770599365234],[8.21282958984375,47.993770599365234],[8.211709976196289,48.059749603271484],[8.210589408874512,48.1257438659668],[8.127795219421387,48.1257438659668],[8.218400955200195,47.664100646972656],[8.054483413696289,47.598209381103516],[8.138138771057129,47.53233337402344],[8.059174537658691,47.33478927612305],[8.142682075500488,47.26897048950195],[8.466045379638672,47.664100646972656],[8.713688850402832,47.664100646972656],[8.880444526672363,47.53233337402344],[8.88456916809082,47.20316696166992],[9.133634567260742,47.005828857421875],[8.723495483398438,46.94007873535156],[8.563860893249512,46.61152267456055],[8.316819190979004,46.677207946777344],[8.154950141906738,46.54585266113281],[7.745107173919678,46.54585266113281],[7.257669448852539,46.348915100097656],[7.171326637268066,46.54585266113281],[7.332393169403076,46.677207946777344],[7.328055381774902,46.87434005737305],[7.242939949035645,47.005828857421875],[6.828584671020508,47.13737487792969],[6.103800296783447,46.61152267456055],[6.107663631439209,46.480194091796875],[5.947766780853271,46.348915100097656],[5.949744701385498,46.283294677734375],[5.867908954620361,46.283294677734375],[5.295057773590088,46.283294677734375],[5.147360801696777,45.82429504394531],[5.065754413604736,45.82429504394531],[5.068041324615479,45.75876998901367],[5.070321559906006,45.693260192871094],[5.478028297424316,45.693260192871094],[5.649256229400635,45.431331634521484],[5.812080860137939,45.431331634521484],[5.889627456665039,45.56227111816406],[5.722652435302734,45.693260192871094],[5.714531421661377,45.95537567138672],[5.87390661239624,46.08650588989258],[6.037380695343018,46.08650588989258],[6.043127059936523,45.889827728271484],[6.28804349899292,45.889827728271484],[6.291648864746094,45.75876998901367],[6.454796314239502,45.75876998901367],[6.776261329650879,45.95537567138672],[6.52780294418335,46.08650588989258],[6.355292797088623,46.414546966552734],[6.92860746383667,46.414546966552734],[7.347962379455566,45.95537567138672],[7.919662952423096,45.95537567138672],[8.088427543640137,45.62776184082031],[8.578357696533203,45.56227111816406],[8.581818580627441,45.300437927246094],[7.60564136505127,45.300437927246094],[7.529336929321289,45.03877639770508],[7.695308685302734,44.842647552490234],[7.939755439758301,44.77729415893555],[7.864093780517578,44.45067596435547],[7.701082229614258,44.5159797668457],[7.62705659866333,44.12431716918945],[8.110783576965332,44.18956756591797],[8.185933113098145,44.58129119873047],[8.914925575256348,44.58129119873047],[8.994627952575684,44.71194839477539],[9.481462478637695,44.64661407470703],[9.644309997558594,44.5159797668457],[9.64546012878418,44.32010269165039],[9.969700813293457,44.12431716918945],[9.969943046569824,44.05907440185547],[9.970182418823242,43.99384307861328],[10.050901412963867,43.99384307861328],[10.05069351196289,44.05907440185547],[10.13144302368164,44.05907440185547],[10.131620407104492,43.99384307861328],[10.212339401245117,43.99384307861328],[10.212483406066895,43.92862319946289],[10.696523666381836,43.79821014404297],[10.858479499816895,44.25482940673828],[11.182066917419434,44.32010269165039],[11.346199035644531,44.908016204833984],[11.751571655273438,44.842647552490234],[11.993412017822266,44.64661407470703],[12.156049728393555,44.71194839477539],[12.156624794006348,44.77729415893555],[12.399906158447266,44.77729415893555],[12.40256118774414,45.03877639770508],[12.160021781921387,45.169586181640625],[12.161133766174316,45.300437927246094],[12.161685943603516,45.36587905883789],[11.998926162719727,45.36587905883789],[12.000378608703613,45.56227111816406],[12.165504455566406,45.82429504394531],[12.49193000793457,45.82429504394531],[12.410961151123047,45.889827728271484],[12.416047096252441,46.414546966552734],[12.58055305480957,46.480194091796875],[12.58195972442627,46.61152267456055],[11.844345092773438,46.677207946777344],[11.515933990478516,46.61152267456055],[11.269417762756348,46.414546966552734],[11.105613708496094,46.414546966552734],[11.187925338745117,46.61152267456055],[10.450072288513184,46.54585266113281],[10.44906997680664,46.94007873535156],[10.120388984680176,46.94007873535156],[10.119163513183594,47.20316696166992],[10.200922012329102,47.33478927612305],[10.36567211151123,47.33478927612305],[10.447366714477539,47.598209381103516],[10.61239242553711,47.598209381103516],[10.694778442382812,47.730003356933594],[10.44686222076416,47.79592514038086],[10.52871322631836,48.191749572753906],[10.363642692565918,47.993770599365234],[10.115167617797852,48.059749603271484],[10.197128295898438,48.257774353027344],[10.528592109680176,48.257774353027344],[10.444967269897461,48.5881233215332],[10.2784423828125,48.72037124633789],[10.278019905090332,48.852684020996094],[10.02780818939209,48.98506164550781],[10.027185440063477,49.11750411987305],[10.360239028930664,49.2500114440918],[10.61073112487793,48.91886520385742],[10.943561553955078,48.852684020996094],[11.027008056640625,48.98506164550781],[10.860533714294434,49.051273345947266],[11.277556419372559,49.18375015258789],[11.027566909790039,49.2500114440918],[11.028035163879395,49.44889450073242],[11.278903007507324,49.51522445678711],[11.19636058807373,49.78071212768555],[11.699701309204102,49.91355895996094],[11.869729042053223,50.17946243286133],[12.12159538269043,50.17946243286133],[12.12234115600586,50.2459831237793],[11.955025672912598,50.312522888183594],[11.957799911499023,50.578861236572266],[12.21121883392334,50.64549255371094],[12.212909698486328,50.77880859375],[12.045051574707031,50.84549331665039],[11.95923137664795,50.71213912963867],[11.706402778625488,50.71213912963867],[11.536320686340332,50.51224899291992],[11.2842378616333,50.578861236572266],[11.199701309204102,50.51224899291992],[11.282390594482422,50.2459831237793],[11.114400863647461,50.2459831237793],[11.113865852355957,50.11296081542969],[10.69422435760498,50.04647445678711],[10.35853099822998,50.17946243286133],[10.358152389526367,50.51224899291992],[10.863081932067871,50.51224899291992],[11.032193183898926,50.71213912963867],[11.285423278808594,50.77880859375],[11.202224731445312,50.97892379760742],[11.033954620361328,51.112430572509766],[10.695862770080566,51.112430572509766],[10.865373611450195,51.24601745605469],[10.357752799987793,51.17921447753906],[10.779851913452148,50.912200927734375],[10.526506423950195,50.64549255371094],[10.35803508758545,50.64549255371094],[10.357894897460938,50.84549331665039],[10.020463943481445,50.84549331665039],[9.935389518737793,51.04566955566406],[10.273077964782715,51.31283950805664],[11.119558334350586,51.31283950805664],[11.205464363098145,51.51342010498047],[10.866110801696777,51.44654083251953],[10.952065467834473,51.71418380737305],[11.37657642364502,51.71418380737305],[11.545162200927734,51.580322265625],[11.373010635375977,51.24601745605469],[12.051520347595215,51.37968063354492],[11.969246864318848,51.580322265625],[12.308514595031738,51.580322265625],[12.397505760192871,51.84812545776367],[12.228504180908203,51.91512680053711],[12.146309852600098,52.11625671386719],[12.402885437011719,52.18334197998047],[12.4050874710083,52.31757736206055],[12.578080177307129,52.4518928527832],[12.325196266174316,52.653533935546875],[12.32740306854248,52.78806686401367],[11.896748542785645,52.586299896240234],[11.127049446105957,52.51908493041992],[11.0437593460083,52.85536575317383],[11.216666221618652,53.057395935058594],[11.388239860534668,53.057395935058594],[11.38951587677002,53.192195892333984],[11.217759132385254,53.192195892333984],[11.157166299891088,53.288511959440115],[11.132898330688477,53.32708740234375],[11.306057929992676,53.462066650390625],[11.563496589660645,53.39456558227539],[11.738075256347656,53.597137451171875],[11.910387992858887,53.597137451171875],[12.16561222076416,53.39456558227539],[13.196187019348145,53.32708740234375],[13.54919719696045,53.664710998535156],[13.89604663848877,53.732303619384766],[14.316027641296387,53.39456558227539],[14.22566032409668,53.25962829589844],[14.476561546325684,53.057395935058594],[14.6481351852417,53.057395935058594],[14.82464599609375,53.192195892333984],[15.25675106048584,53.25962829589844],[15.439932823181152,53.52959060668945],[15.78133487701416,53.462066650390625],[15.704273223876953,53.664710998535156],[16.052295684814453,53.732303619384766],[16.055519104003906,53.799922943115234],[15.969222068786621,53.799922943115234],[15.982036590576172,54.07062530517578],[16.411012649536133,54.00291442871094],[16.314411163330078,53.799922943115234],[16.400707244873047,53.799922943115234],[16.65959930419922,53.799922943115234],[16.821292877197266,53.597137451171875],[17.079761505126953,53.597137451171875],[17.17738151550293,53.799922943115234],[17.091083526611328,53.799922943115234],[17.110219955444336,54.138362884521484],[17.377857208251953,54.27390670776367],[17.385942459106445,54.4095458984375],[17.559396743774414,54.4095458984375],[17.49753189086914,54.817054748535156],[17.410511016845703,54.817054748535156],[16.619972229003906,54.681121826171875],[15.991765975952148,54.27390670776367],[15.036103248596191,54.20612335205078],[14.50934886932373,54.00291442871094],[14.499796867370605,53.732303619384766],[13.98438835144043,53.799922943115234],[14.159177780151367,53.86756134033203],[14.165812492370605,54.07062530517578],[13.304450988769531,54.20612335205078],[13.739368438720703,54.27390670776367],[13.662626266479492,54.613189697265625],[13.405717849731445,54.74907684326172],[13.14309310913086,54.681121826171875],[13.05121898651123,54.47740173339844],[12.4437894821167,54.47740173339844],[12.299477927346052,54.39359361049727],[12.093385696411133,54.27390670776367],[11.398930549621582,54.138362884521484],[11.397537231445312,54.00291442871094],[10.879310607910156,54.07062530517578],[11.053302764892578,54.20612335205078],[11.054854393005371,54.4095458984375],[10.274396896362305,54.47740173339844],[10.187621116638184,54.47740173339844],[9.927618026733398,54.27390670776367],[9.148486137390137,54.20612335205078],[8.887362480163574,54.341712951660156],[8.802155494689941,54.20612335205078],[8.80289077758789,54.138362884521484],[8.892172813415527,53.86756134033203],[8.459527015686035,53.93522644042969],[8.37701416015625,53.664710998535156],[8.204607963562012,53.664710998535156],[8.120620727539062,53.52959060668945],[7.94840145111084,53.52959060668945],[8.032201766967773,53.664710998535156],[7.944795608520508,53.732303619384766],[7.082295417785645,53.732303619384766],[6.913325786590576,53.597137451171875],[6.916844367980957,53.462066650390625],[6.226210117340088,53.52959060668945],[5.542333602905273,53.39456558227539],[5.20894193649292,53.124786376953125],[5.385728359222412,52.99003219604492],[5.390830039978027,52.85536575317383],[5.053669929504395,52.720787048339844],[5.056382656097412,52.653533935546875],[5.06179141998291,52.51908493041992],[4.890939235687256,52.51908493041992],[4.896504402160645,52.38472366333008],[5.069864749908447,52.31757736206055],[4.995438575744629,52.0491943359375],[5.250792980194092,52.0491943359375],[5.258498668670654,51.84812545776367],[5.173510074615479,51.84812545776367],[5.263612270355225,51.71418380737305],[5.605600833892822,51.64724349975586],[5.779896259307861,51.51342010498047],[5.784458637237549,51.37968063354492],[5.283889770507812,51.17921447753906],[5.217134952545166,50.71213912963867],[5.048582077026367,50.71213912963867],[4.638418674468994,50.445655822753906],[4.394795417785645,50.2459831237793],[4.406350135803223,49.98000717163086],[4.490188121795654,49.98000717163086],[4.493024826049805,49.91355895996094],[4.576823711395264,49.91355895996094],[4.674346446990967,49.58156967163086],[4.85741138458252,49.18375015258789],[5.026719093322754,49.11750411987305],[4.865273475646973,48.98506164550781],[4.883440971374512,48.52202224731445],[5.217910766601562,48.455936431884766],[5.47376823425293,48.257774353027344],[5.480661869049072,48.059749603271484],[5.646180152893066,48.059749603271484],[5.818123817443848,47.86185836791992],[6.144739151000977,47.993770599365234],[6.890934467315674,47.92780685424805],[7.138998985290527,47.92780685424805],[7.218601703643799,48.059749603271484],[7.466878890991211,48.059749603271484],[7.552440643310547,47.92780685424805],[7.559404373168945,47.598209381103516],[7.39728307723999,47.46647262573242],[6.983439445495605,47.53233337402344],[6.985063552856445,47.46647262573242],[6.986684322357178,47.4006233215332],[6.988301277160645,47.33478927612305],[6.989914417266846,47.26897048950195],[7.317800998687744,47.33478927612305],[7.322217464447021,47.13737487792969],[7.569034099578857,47.13737487792969],[7.72967529296875,47.33478927612305]],[[10.196342468261719,48.455936431884766],[10.279766082763672,48.323814392089844],[10.113962173461914,48.323814392089844],[10.11336898803711,48.455936431884766],[10.196342468261719,48.455936431884766]],[[9.449578285217285,48.455936431884766],[9.947789192199707,48.38986587524414],[10.03072738647461,48.38986587524414],[10.03139591217041,48.257774353027344],[9.782355308532715,48.323814392089844],[9.451920509338379,48.191749572753906],[9.449578285217285,48.455936431884766]],[[9.706672668457031,47.33478927612305],[9.789048194885254,47.33478927612305],[9.707632064819336,47.20316696166992],[9.542471885681152,47.26897048950195],[9.623783111572266,47.4006233215332],[9.706672668457031,47.33478927612305]],[[9.367846488952637,48.323814392089844],[9.202736854553223,48.257774353027344],[9.201349258422852,48.38986587524414],[9.36722469329834,48.38986587524414],[9.367846488952637,48.323814392089844]],[[8.539809226989746,48.257774353027344],[8.538827896118164,48.323814392089844],[8.7875337600708,48.323814392089844],[8.706449508666992,48.191749572753906],[8.539809226989746,48.257774353027344]],[[8.61889362335205,48.52202224731445],[8.535882949829102,48.52202224731445],[8.700084686279297,48.654239654541016],[8.701903343200684,48.52202224731445],[8.61889362335205,48.52202224731445]],[[8.291211128234863,48.257774353027344],[8.206095695495605,48.38986587524414],[8.454909324645996,48.38986587524414],[8.290122985839844,48.323814392089844],[8.291211128234863,48.257774353027344]],[[8.452873229980469,48.52202224731445],[8.370917320251465,48.455936431884766],[8.285761833190918,48.5881233215332],[8.451854705810547,48.5881233215332],[8.452873229980469,48.52202224731445]]],[[[3.632314682006836,50.37908172607422],[3.635580539703369,50.312522888183594],[3.638839721679688,50.2459831237793],[3.64209246635437,50.17946243286133],[3.726047992706299,50.17946243286133],[3.729254722595215,50.11296081542969],[3.813170909881592,50.11296081542969],[3.816332101821899,50.04647445678711],[3.900208711624146,50.04647445678711],[3.984085559844971,50.04647445678711],[3.987162351608276,49.98000717163086],[4.071000099182129,49.98000717163086],[4.067962169647217,50.04647445678711],[4.151839256286621,50.04647445678711],[4.142810344696045,50.2459831237793],[3.968613386154175,50.37908172607422],[3.632314682006836,50.37908172607422]]],[[[10.776015281677246,42.95146560668945],[11.01634693145752,42.82133865356445],[11.015789985656738,42.62621307373047],[11.175962448120117,42.62621307373047],[11.255500793457031,42.496177673339844],[11.255227088928223,42.43117141723633],[11.335225105285645,42.43117141723633],[11.415224075317383,42.43117141723633],[11.414892196655273,42.36617660522461],[11.494861602783203,42.36617660522461],[11.574831008911133,42.36617660522461],[11.736565589904785,42.62621307373047],[12.0580472946167,42.75628662109375],[11.981149673461914,43.146724700927734],[11.900826454162598,43.146724700927734],[11.659855842590332,43.146724700927734],[11.580705642700195,43.342071533203125],[11.259588241577148,43.472347259521484],[10.857099533081055,43.407203674316406],[10.776388168334961,43.211830139160156],[10.77629566192627,43.146724700927734],[10.776015281677246,42.95146560668945]]],[[[13.177251815795898,48.059749603271484],[12.928975105285645,48.059749603271484],[12.765129089355469,48.191749572753906],[12.762627601623535,47.993770599365234],[12.927179336547852,47.92780685424805],[12.924517631530762,47.730003356933594],[13.087788581848145,47.598209381103516],[12.839411735534668,47.53233337402344],[12.75854206085205,47.664100646972656],[12.510897636413574,47.664100646972656],[12.508110046386719,47.4006233215332],[12.342669486999512,47.33478927612305],[12.177369117736816,47.26897048950195],[12.175729751586914,47.07159423828125],[12.9981107711792,47.07159423828125],[13.08034896850586,47.07159423828125],[13.738253593444824,47.07159423828125],[13.659500122070312,47.26897048950195],[13.41247844696045,47.26897048950195],[13.418926239013672,47.664100646972656],[13.175244331359863,47.92780685424805],[13.177251815795898,48.059749603271484]]],[[[13.847192764282227,48.455936431884766],[13.930166244506836,48.455936431884766],[13.931536674499512,48.52202224731445],[14.014547348022461,48.52202224731445],[14.015960693359375,48.5881233215332],[14.099007606506348,48.5881233215332],[14.100465774536133,48.654239654541016],[13.606999397277832,48.91886520385742],[13.52376937866211,48.91886520385742],[13.525009155273438,48.98506164550781],[13.441741943359375,48.98506164550781],[13.358475685119629,48.98506164550781],[13.356151580810547,48.852684020996094],[13.189766883850098,48.852684020996094],[13.26854419708252,48.5881233215332],[13.76682186126709,48.5881233215332],[13.847192764282227,48.455936431884766]]],[[[12.718811988830566,50.77880859375],[12.803128242492676,50.77880859375],[12.806585311889648,50.97892379760742],[12.552227973937988,50.912200927734375],[12.632396697998047,50.64549255371094],[12.800868034362793,50.64549255371094],[12.717718124389648,50.71213912963867],[12.718811988830566,50.77880859375]]],[[[11.96294116973877,51.04566955566406],[12.216384887695312,51.04566955566406],[12.219072341918945,51.24601745605469],[12.050686836242676,51.31283950805664],[11.879911422729492,51.17921447753906],[11.963705062866211,51.112430572509766],[11.96294116973877,51.04566955566406]]],[[[14.259305000305176,51.580322265625],[14.08967113494873,51.580322265625],[13.914700508117676,51.37968063354492],[14.08223819732666,51.31283950805664],[14.078585624694824,51.17921447753906],[13.994020462036133,51.17921447753906],[14.161297798156738,51.112430572509766],[14.334224700927734,51.24601745605469],[14.336182594299316,51.31283950805664],[14.251534461975098,51.31283950805664],[14.253460884094238,51.37968063354492],[14.25539779663086,51.44654083251953],[14.257346153259277,51.51342010498047],[14.259305000305176,51.580322265625]]],[[[12.644350051879883,51.37968063354492],[12.89716625213623,51.31283950805664],[12.899682998657227,51.44654083251953],[12.814950942993164,51.44654083251953],[12.730218887329102,51.44654083251953],[12.644350051879883,51.37968063354492]]]]},"properties":{"Name":"Holy Roman Empire Minor States","FromYear":1395,"ToYear":1401,"Area":458793.95526390494,"Type":"POLITY","Wikipedia":"Holy Roman Empire","Wikidata":"Q12548","SeshatID":"de_empire_3","Components":"","MemberOf":"(Holy Roman Empire)"}},
{"type":"Feature","geometry":{"type":"MultiPolygon","coordinates":[[[[22.360790252685547,44.58129119873047],[21.951416015625,44.5159797668457],[21.79811668395996,44.64661407470703],[21.717084884643555,44.64661407470703],[21.40547752380371,44.842647552490234],[21.080976486206055,44.842647552490234],[20.829694747924805,44.71194839477539],[20.350849151611328,44.842647552490234],[19.856950759887695,44.71194839477539],[19.624204635620117,44.908016204833984],[19.296220779418945,44.842647552490234],[19.107723236083984,44.32010269165039],[19.498432159423828,44.05907440185547],[19.397510528564453,43.6678352355957],[19.709392547607422,43.472347259521484],[19.87034034729004,43.472347259521484],[20.100984573364258,43.276947021484375],[20.820587158203125,43.211830139160156],[20.977392196655273,43.146724700927734],[20.96961212158203,43.016544342041016],[21.362884521484375,42.88639831542969],[21.431001663208008,42.691246032714844],[21.01885986328125,42.496177673339844],[21.323223114013672,42.236209869384766],[22.370676040649414,42.36617660522461],[22.539382934570312,42.496177673339844],[22.481321334838867,42.82133865356445],[22.56149673461914,42.82133865356445],[22.579370498657227,43.08163070678711],[22.909780502319336,43.211830139160156],[22.606468200683594,43.472347259521484],[22.127986907958984,43.53750228881836],[22.360790252685547,44.58129119873047]]],[[[22.360790252685547,44.58129119873047],[22.441789627075195,44.58129119873047],[22.446361541748047,44.64661407470703],[22.36532974243164,44.64661407470703],[22.360790252685547,44.58129119873047]]]]},"properties":{"Name":"Serbian Empire","FromYear":1395,"ToYear":1401,"Area":50813.046341444235,"Type":"POLITY","Wikipedia":"Serbian Empire","Wikidata":"Q1406298","SeshatID":"","Components":"","MemberOf":""}}
]}