{"type":"FeatureCollection", "features": [
{"type":"Feature","geometry":{"type":"Polygon","coordinates":[[[-7.802998065948486,33.5859489440918],[-7.879764556884766,33.5859489440918],[-8.551655769348145,33.32876968383789],[-9.198505401611328,32.75019073486328],[-9.332544326782227,32.493072509765625],[-9.309136390686035,32.171695709228516],[-9.801460266113281,31.593257904052734],[-9.845621109008789,31.143381118774414],[-8.64100456237793,31.336183547973633],[-8.124872207641602,31.593257904052734],[-8.048664093017578,31.593257904052734],[-7.91313362121582,31.8503360748291],[-7.620636463165283,32.043148040771484],[-7.633378505706787,32.23596954345703],[-7.421211719512939,32.493072509765625],[-7.442758560180664,32.81447219848633],[-7.366214752197266,32.81447219848633],[-7.559155464172363,33.393062591552734],[-7.793841361999512,33.45735549926758],[-7.802998065948486,33.5859489440918]]]},"properties":{"Name":"Barghawata Conference","FromYear":793,"ToYear":1014,"Area":36301.230697988045,"Type":"POLITY","Wikipedia":"Casablanca","Wikidata":"Q7903","SeshatID":"","Components":"","MemberOf":""}},
{"type":"Feature","geometry":{"type":"Polygon","coordinates":[[[9.507532119750977,40.225894927978516],[9.823226928710938,40.355369567871094],[9.821690559387207,40.74397277832031],[9.50210952758789,41.19768524169922],[9.10431957244873,41.26253128051758],[9.024832725524902,41.26253128051758],[9.02535629272461,41.19768524169922],[8.945897102355957,41.19768524169922],[8.94644832611084,41.132843017578125],[9.026924133300781,41.00318908691406],[9.344842910766602,40.93837356567383],[9.188016891479492,40.6791877746582],[9.425739288330078,40.6791877746582],[9.269030570983887,40.42012023925781],[9.428478240966797,40.225894927978516],[9.507532119750977,40.225894927978516]]]},"properties":{"Name":"Giudicato of Gallura","FromYear":866,"ToYear":1014,"Area":4598.012332655658,"Type":"POLITY","Wikipedia":"Judicate of Gallura","Wikidata":"Q2723760","SeshatID":"","Components":"","MemberOf":""}},
{"type":"Feature","geometry":{"type":"Polygon","coordinates":[[[8.94644832611084,41.132843017578125],[8.867016792297363,41.132843017578125],[8.552037239074707,40.873565673828125],[8.154606819152832,40.93837356567383],[8.159523010253906,40.54964065551758],[8.318660736083984,40.4848747253418],[8.40076732635498,40.225894927978516],[8.401503562927246,40.16116714477539],[9.112258911132812,40.225894927978516],[9.113261222839355,40.0964469909668],[9.271716117858887,40.031734466552734],[9.271265983581543,40.0964469909668],[9.350268363952637,40.0964469909668],[9.349844932556152,40.16116714477539],[9.428873062133789,40.16116714477539],[9.428478240966797,40.225894927978516],[9.269030570983887,40.42012023925781],[9.425739288330078,40.6791877746582],[9.188016891479492,40.6791877746582],[9.344842910766602,40.93837356567383],[9.026924133300781,41.00318908691406],[8.94644832611084,41.132843017578125]]]},"properties":{"Name":"Giudicato of Logudoro","FromYear":866,"ToYear":1014,"Area":8246.969934321554,"Type":"POLITY","Wikipedia":"Judicate of Logudoro","Wikidata":"Q1761381","SeshatID":"","Components":"","MemberOf":""}},
{"type":"Feature","geometry":{"type":"Polygon","coordinates":[[[8.401503562927246,40.16116714477539],[8.402239799499512,40.0964469909668],[8.324000358581543,40.031734466552734],[8.48337459564209,39.90232849121094],[8.407400131225586,39.64360046386719],[8.408137321472168,39.57893371582031],[8.959155082702637,39.64360046386719],[9.271716117858887,40.031734466552734],[9.113261222839355,40.0964469909668],[9.112258911132812,40.225894927978516],[8.401503562927246,40.16116714477539]]]},"properties":{"Name":"Giudicato of Arborea","FromYear":866,"ToYear":1014,"Area":3854.575342186532,"Type":"POLITY","Wikipedia":"Judicate of Arborea","Wikidata":"Q1241847","SeshatID":"","Components":"","MemberOf":""}},
{"type":"Feature","geometry":{"type":"Polygon","coordinates":[[[9.507532119750977,40.225894927978516],[9.428478240966797,40.225894927978516],[9.428873062133789,40.16116714477539],[9.349844932556152,40.16116714477539],[9.350268363952637,40.0964469909668],[9.271265983581543,40.0964469909668],[9.271716117858887,40.031734466552734],[8.959155082702637,39.64360046386719],[8.408137321472168,39.57893371582031],[8.40887451171875,39.51427459716797],[8.330102920532227,39.51427459716797],[8.415505409240723,38.93262481689453],[8.96590518951416,38.8680305480957],[9.120378494262695,39.19107437133789],[9.592622756958008,39.1264533996582],[9.668553352355957,39.64360046386719],[9.74737548828125,39.64360046386719],[9.744987487792969,40.16116714477539],[9.507532119750977,40.225894927978516]]]},"properties":{"Name":"Giudicato of Cagliari","FromYear":911,"ToYear":1014,"Area":10263.196896138856,"Type":"POLITY","Wikipedia":"Judicate of Cagliari","Wikidata":"Q2297073","SeshatID":"","Components":"","MemberOf":""}},
{"type":"Feature","geometry":{"type":"Polygon","coordinates":[[[-2.927305936813354,52.11625671386719],[-3.693760871887207,52.11625671386719],[-3.778922557830811,52.11625671386719],[-3.757387161254883,51.91512680053711],[-3.587324619293213,51.91512680053711],[-3.573238611221313,51.78114318847656],[-3.488293409347534,51.78114318847656],[-3.403348207473755,51.78114318847656],[-3.318403005599976,51.78114318847656],[-2.822042465209961,51.91512680053711],[-2.82872486114502,51.98215103149414],[-2.913799524307251,51.98215103149414],[-2.920543432235718,52.0491943359375],[-2.927305936813354,52.11625671386719]]]},"properties":{"Name":"Kingdom of Brycheiniog","FromYear":960,"ToYear":1055,"Area":1875.058265707145,"Type":"POLITY","Wikipedia":"Brycheiniog","Wikidata":"Q954585","SeshatID":"gb_brythonic_k","Components":"","MemberOf":"(Brythonic Kingdoms)"}},
{"type":"Feature","geometry":{"type":"Polygon","coordinates":[[[-3.737103223800659,52.51908493041992],[-3.744396448135376,52.586299896240234],[-3.573454856872559,52.586299896240234],[-3.695465803146362,52.92268753051758],[-3.617092370986938,52.99003219604492],[-3.274127721786499,52.99003219604492],[-3.489411115646362,53.39456558227539],[-3.575427770614624,53.39456558227539],[-4.162125587463379,53.25962829589844],[-4.271347522735596,53.462066650390625],[-4.701662540435791,53.462066650390625],[-4.669717311859131,53.192195892333984],[-4.490120410919189,53.124786376953125],[-4.809510231018066,52.92268753051758],[-4.793659210205078,52.78806686401367],[-4.29533576965332,52.92268753051758],[-4.156738758087158,52.4518928527832],[-3.905009875614072,52.49219970297237],[-3.9050098756140716,52.49219970297237],[-3.737103223800659,52.51908493041992]]]},"properties":{"Name":"Kingdom of Gwynedd","FromYear":960,"ToYear":1039,"Area":6363.471777266053,"Type":"POLITY","Wikipedia":"Kingdom of Gwynedd","Wikidata":"Q816814","SeshatID":"gb_brythonic_k","Components":"","MemberOf":"(Brythonic Kingdoms)"}},
{"type":"Feature","geometry":{"type":"Polygon","coordinates":[[[-3.128170013427734,51.580322265625],[-3.121426105499268,51.51342010498047],[-3.036651611328125,51.51342010498047],[-2.951877117156982,51.51342010498047],[-2.625775098800659,51.64724349975586],[-2.822042465209961,51.91512680053711],[-3.318403005599976,51.78114318847656],[-3.311517715454102,51.71418380737305],[-3.304651498794556,51.64724349975586],[-3.219791889190674,51.64724349975586],[-3.216388561861045,51.61377446669935],[-3.2163885618610446,51.61377446669935],[-3.212986946105957,51.580322265625],[-3.128170013427734,51.580322265625]]]},"properties":{"Name":"Kingdom of Gwent","FromYear":960,"ToYear":1045,"Area":1354.7959864883828,"Type":"POLITY","Wikipedia":"Kingdom of Gwent","Wikidata":"Q2594661","SeshatID":"gb_brythonic_k","Components":"","MemberOf":"(Brythonic Kingdoms)"}},
{"type":"Feature","geometry":{"type":"Polygon","coordinates":[[[14.497147560119629,40.6791877746582],[14.576388359069824,40.6791877746582],[14.65562915802002,40.6791877746582],[14.65701961517334,40.74397277832031],[14.577752113342285,40.74397277832031],[14.49848461151123,40.74397277832031],[14.497147560119629,40.6791877746582]]]},"properties":{"Name":"Republic of Amalfi","FromYear":960,"ToYear":1027,"Area":96.36064867234639,"Type":"POLITY","Wikipedia":"Duchy of Amalfi","Wikidata":"Q686312","SeshatID":"","Components":"","MemberOf":""}},
{"type":"Feature","geometry":{"type":"Polygon","coordinates":[[[15.6271390914917,38.28691864013672],[14.05618953704834,37.96426773071289],[13.665236473083496,37.96426773071289],[13.354706764221191,38.157840728759766],[13.119925498962402,38.157840728759766],[13.040358543395996,38.028785705566406],[12.649824142456055,38.09331130981445],[12.49189567565918,37.89975357055664],[12.490468978881836,37.706241607666016],[13.192005157470703,37.5772590637207],[13.578389167785645,37.254878997802734],[14.27791690826416,37.12596130371094],[14.661029815673828,36.73930740356445],[15.049844741821289,36.73930740356445],[15.210210800170898,36.9970588684082],[15.213889122009277,37.1904182434082],[15.059245109558105,37.254878997802734],[15.064054489135742,37.51277160644531],[15.065269470214844,37.5772590637207],[15.389483451843262,38.157840728759766],[15.62426471710205,38.157840728759766],[15.6271390914917,38.28691864013672]]]},"properties":{"Name":"Emirate of Sicily","FromYear":960,"ToYear":1065,"Area":22401.406212080194,"Type":"POLITY","Wikipedia":"Emirate of Sicily","Wikidata":"Q118780154","SeshatID":"","Components":"","MemberOf":""}},
{"type":"Feature","geometry":{"type":"Polygon","coordinates":[[[-3.98597526550293,52.4518928527832],[-3.715342998504639,52.31757736206055],[-3.693760871887207,52.11625671386719],[-2.927305936813354,52.11625671386719],[-2.869202375411987,52.38472366333008],[-3.03987717628479,52.38472366333008],[-3.139120101928711,52.51908493041992],[-3.074559926986694,52.720787048339844],[-3.274127721786499,52.99003219604492],[-3.617092370986938,52.99003219604492],[-3.695465803146362,52.92268753051758],[-3.573454856872559,52.586299896240234],[-3.744396448135376,52.586299896240234],[-3.737103223800659,52.51908493041992],[-3.822529315948486,52.51908493041992],[-3.907955646514893,52.51908493041992],[-3.905009875614072,52.49219970297237],[-3.9050098756140716,52.49219970297237],[-3.900593519210815,52.4518928527832],[-3.98597526550293,52.4518928527832]]]},"properties":{"Name":"Kingdom of Powys","FromYear":960,"ToYear":1039,"Area":4315.867258870986,"Type":"POLITY","Wikipedia":"Kingdom of Powys","Wikidata":"Q769782","SeshatID":"gb_brythonic_k","Components":"","MemberOf":"(Brythonic Kingdoms)"}},
{"type":"Feature","geometry":{"type":"Polygon","coordinates":[[[-3.891522645950317,51.580322265625],[-3.884396553039551,51.51342010498047],[-3.70082426071167,51.37968063354492],[-3.284165143966675,51.44654083251953],[-3.199433088302612,51.44654083251953],[-3.114700794219971,51.44654083251953],[-3.128170013427734,51.580322265625],[-3.2163885618610446,51.61377446669935],[-3.216388561861045,51.61377446669935],[-3.304651498794556,51.64724349975586],[-3.318403005599976,51.78114318847656],[-3.403348207473755,51.78114318847656],[-3.488293409347534,51.78114318847656],[-3.573238611221313,51.78114318847656],[-3.644089698791504,51.64724349975586],[-3.891522645950317,51.580322265625]]]},"properties":{"Name":"Kingdom of Morgannwg","FromYear":960,"ToYear":1045,"Area":1488.3815479725683,"Type":"POLITY","Wikipedia":"Kingdom of Morgannwg","Wikidata":"Q13131807","SeshatID":"gb_brythonic_k","Components":"","MemberOf":"(Brythonic Kingdoms)"}},
{"type":"Feature","geometry":{"type":"Polygon","coordinates":[[[-1.775568842887878,42.30118942260742],[-2.01993727684021,42.36617660522461],[-2.118339061737061,42.62621307373047],[-2.999286651611328,42.62621307373047],[-2.934040546417236,42.82133865356445],[-3.014215230941772,42.82133865356445],[-3.029263496398926,43.016544342041016],[-3.194893360137939,43.08163070678711],[-3.140162944793701,43.407203674316406],[-3.220606803894043,43.407203674316406],[-4.346823215484619,43.407203674316406],[-4.427267551422119,43.407203674316406],[-4.286098957061768,42.691246032714844],[-4.20598316192627,42.691246032714844],[-4.157865047454834,42.10627746582031],[-4.455811977386475,41.84651184082031],[-4.508909225463867,41.521995544433594],[-3.742851734161377,40.873565673828125],[-3.519393920898438,41.06801223754883],[-3.360586404800415,41.06801223754883],[-3.216081619262695,41.26253128051758],[-2.346220254898071,41.32738494873047],[-2.120971918106079,41.521995544433594],[-2.129896879196167,41.65177917480469],[-1.820028781890869,41.781593322753906],[-1.775568842887878,42.30118942260742]]]},"properties":{"Name":"Kingdom of Castile","FromYear":961,"ToYear":1009,"Area":39690.81098405687,"Type":"POLITY","Wikipedia":"Kingdom of Castile","Wikidata":"Q179293","SeshatID":"","Components":"","MemberOf":""}},
{"type":"Feature","geometry":{"type":"Polygon","coordinates":[[[-3.576861381530762,54.95309066772461],[-3.489742517471313,54.95309066772461],[-3.402623414993286,54.95309066772461],[-3.315504550933838,54.95309066772461],[-3.271848476052705,54.95309066772461],[-3.22838568687439,54.95309066772461],[-3.141266584396362,54.95309066772461],[-3.144494164883203,54.9822366047545],[-3.1444941648832034,54.9822366047545],[-3.148803234100342,55.021148681640625],[-3.06163477897644,55.021148681640625],[-3.186784505844116,55.36180877685547],[-3.361621379852295,55.36180877685547],[-3.384954214096069,55.56651306152344],[-3.783684492111206,55.97663879394531],[-3.959438800811768,55.97663879394531],[-4.248361110687256,56.182064056396484],[-4.864589691162109,56.182064056396484],[-4.846980571746826,56.04508590698242],[-4.838211059570312,55.97663879394531],[-4.949496138044154,55.93101885548379],[-5.005115509033203,55.90821838378906],[-4.996309180010138,55.83982467651367],[-4.978706836700439,55.70311737060547],[-4.794708251953125,55.63479995727539],[-4.786076545715332,55.56651306152344],[-4.619466304779053,55.63479995727539],[-4.593943119049072,55.430015563964844],[-4.306667327880859,55.225467681884766],[-3.576861381530762,54.95309066772461]]]},"properties":{"Name":"Strathclyde","FromYear":980,"ToYear":1027,"Area":9426.24700797503,"Type":"POLITY","Wikipedia":"Strathclyde","Wikidata":"Q124661","SeshatID":"gb_brythonic_k","Components":"","MemberOf":"(Brythonic Kingdoms)"}},
{"type":"Feature","geometry":{"type":"MultiPolygon","coordinates":[[[[-4.242120265960693,52.4518928527832],[-4.552989482879639,52.18334197998047],[-4.893810749053955,52.18334197998047],[-5.295889377593994,51.98215103149414],[-5.264270305633545,51.71418380737305],[-5.078959941864014,51.580322265625],[-4.832123279571533,51.64724349975586],[-4.747263431549072,51.64724349975586],[-4.415247440338135,51.71418380737305],[-4.308269023895264,51.51342010498047],[-3.97633957862854,51.580322265625],[-3.891522645950317,51.580322265625],[-3.644089698791504,51.64724349975586],[-3.573238611221313,51.78114318847656],[-3.587324619293213,51.91512680053711],[-3.757387161254883,51.91512680053711],[-3.778922557830811,52.11625671386719],[-3.693760871887207,52.11625671386719],[-3.715342998504639,52.31757736206055],[-3.98597526550293,52.4518928527832],[-4.071356773376465,52.4518928527832],[-4.156738758087158,52.4518928527832],[-4.242120265960693,52.4518928527832]]],[[[-3.569097280502319,54.88506317138672],[-3.71977162361145,54.681121826171875],[-3.711991310119629,54.613189697265625],[-3.586766958236694,54.27390670776367],[-3.319409608840942,54.20612335205078],[-3.304538726806641,54.07062530517578],[-3.05236029624939,54.138362884521484],[-2.96582555770874,54.138362884521484],[-2.554250001907349,54.341712951660156],[-2.887297630310059,55.021148681640625],[-2.974466323852539,55.021148681640625],[-3.144494164883203,54.9822366047545],[-3.1444941648832034,54.9822366047545],[-3.271848476052705,54.95309066772461],[-3.569097280502319,54.88506317138672]]],[[[-4.786076545715332,55.56651306152344],[-4.777467250823975,55.498252868652344],[-5.171102046966553,55.15733337402344],[-5.153679370880127,55.021148681640625],[-5.32801628112793,55.021148681640625],[-5.110523223876953,54.681121826171875],[-4.936679363250732,54.681121826171875],[-4.953676700592041,54.817054748535156],[-4.86665678024292,54.817054748535156],[-4.423340797424316,54.74907684326172],[-3.569097280502319,54.88506317138672],[-3.576861381530762,54.95309066772461],[-4.306667327880859,55.225467681884766],[-4.593943119049072,55.430015563964844],[-4.619466304779053,55.63479995727539],[-4.786076545715332,55.56651306152344]]]]},"properties":{"Name":"Brythons","FromYear":980,"ToYear":1039,"Area":18581.97452868946,"Type":"POLITY","Wikipedia":"Celtic Britons","Wikidata":"Q849967","SeshatID":"gb_brythonic_k","Components":"","MemberOf":"(Brythonic Kingdoms)"}},
{"type":"Feature","geometry":{"type":"Polygon","coordinates":[[[-4.449840068817139,35.258358001708984],[-4.506898403167725,34.93662643432617],[-3.73132848739624,34.87228775024414],[-3.654172420501709,34.87228775024414],[-3.418988704681396,34.80794906616211],[-3.117724418640137,34.93662643432617],[-2.423137426376343,34.93662643432617],[-2.198449373245239,35.065311431884766],[-2.275665998458862,35.065311431884766],[-2.819781064987183,35.12965774536133],[-2.837937116622925,35.45143127441406],[-2.992615222930908,35.45143127441406],[-2.981565713882446,35.258358001708984],[-3.132419347763062,35.194007873535156],[-4.372562885284424,35.258358001708984],[-4.449840068817139,35.258358001708984]]]},"properties":{"Name":"Emirate of Nekor","FromYear":980,"ToYear":1014,"Area":6812.687997510421,"Type":"POLITY","Wikipedia":"Emirate of Nekor","Wikidata":"Q1709337","SeshatID":"","Components":"","MemberOf":""}},
{"type":"Feature","geometry":{"type":"Polygon","coordinates":[[[-2.106868505477905,55.90821838378906],[-2.19469428062439,55.90821838378906],[-2.656256437301636,56.11355972290039],[-3.26426100730896,56.04508590698242],[-3.103936910629272,56.182064056396484],[-2.671310901641846,56.25059127807617],[-2.789952516555786,56.524986267089844],[-2.532599925994873,56.59365463256836],[-2.208682298660278,56.86860656738281],[-2.075707674026489,57.28189468383789],[-1.823600172996521,57.41988754272461],[-1.852917313575745,57.696231842041016],[-2.038830518722534,57.7653923034668],[-2.752973556518555,57.7653923034668],[-2.842241525650024,57.7653923034668],[-3.994018077850342,57.696231842041016],[-3.930825471878052,57.903804779052734],[-4.020204544067383,57.903804779052734],[-4.109583377838135,57.903804779052734],[-4.815362930297852,57.8345832824707],[-4.904685974121094,57.8345832824707],[-5.261979579925537,57.8345832824707],[-5.459936618804932,57.97305679321289],[-5.549371242523193,57.97305679321289],[-5.887243270874023,57.8345832824707],[-5.917263507843018,57.41988754272461],[-5.729594707489014,57.35087585449219],[-5.700699329376221,57.14401626586914],[-5.783054605307968,57.09805772211438],[-5.865286270595791,57.05216815955268],[-5.947565078735352,57.00625228881836],[-5.908953666687012,56.731075286865234],[-5.997406959533691,56.731075286865234],[-5.880262851715088,56.524986267089844],[-5.448063850402832,56.59365463256836],[-5.684883117675781,56.387733459472656],[-5.656883716583252,56.182064056396484],[-5.744916439056396,56.182064056396484],[-5.716982841491699,55.97663879394531],[-5.80486011505127,55.97663879394531],[-5.786257743835449,55.83982467651367],[-5.444243907928467,55.90821838378906],[-5.356418132781982,55.90821838378906],[-5.295677185058594,56.11355972290039],[-4.934909343719482,56.04508590698242],[-4.846980571746826,56.04508590698242],[-4.864589691162109,56.182064056396484],[-4.248361110687256,56.182064056396484],[-3.959438800811768,55.97663879394531],[-3.783684492111206,55.97663879394531],[-3.384954214096069,55.56651306152344],[-3.361621379852295,55.36180877685547],[-3.186784505844116,55.36180877685547],[-3.06163477897644,55.021148681640625],[-2.974466323852539,55.021148681640625],[-2.887297630310059,55.021148681640625],[-2.734941720962524,55.225467681884766],[-2.560305595397949,55.225467681884766],[-2.239403486251831,55.498252868652344],[-2.268072366714478,55.77145767211914],[-2.106868505477905,55.90821838378906]]]},"properties":{"Name":"Kingdom of Alba","FromYear":980,"ToYear":1033,"Area":48822.05772180289,"Type":"POLITY","Wikipedia":"Kingdom of Alba","Wikidata":"Q1991742","SeshatID":"gb_alba_k","Components":"","MemberOf":""}},
{"type":"Feature","geometry":{"type":"MultiPolygon","coordinates":[[[[-3.891522645950317,51.580322265625],[-3.884396553039551,51.51342010498047],[-3.70082426071167,51.37968063354492],[-3.284165143966675,51.44654083251953],[-3.199433088302612,51.44654083251953],[-3.114700794219971,51.44654083251953],[-3.128170013427734,51.580322265625],[-3.121426105499268,51.51342010498047],[-3.036651611328125,51.51342010498047],[-2.951877117156982,51.51342010498047],[-2.625775098800659,51.64724349975586],[-2.822042465209961,51.91512680053711],[-2.82872486114502,51.98215103149414],[-2.913799524307251,51.98215103149414],[-2.920543432235718,52.0491943359375],[-2.927305936813354,52.11625671386719],[-2.869202375411987,52.38472366333008],[-3.03987717628479,52.38472366333008],[-3.139120101928711,52.51908493041992],[-3.074559926986694,52.720787048339844],[-3.274127721786499,52.99003219604492],[-3.489411115646362,53.39456558227539],[-3.575427770614624,53.39456558227539],[-4.162125587463379,53.25962829589844],[-4.271347522735596,53.462066650390625],[-4.701662540435791,53.462066650390625],[-4.669717311859131,53.192195892333984],[-4.490120410919189,53.124786376953125],[-4.809510231018066,52.92268753051758],[-4.793659210205078,52.78806686401367],[-4.29533576965332,52.92268753051758],[-4.156738758087158,52.4518928527832],[-3.905009875614072,52.49219970297237],[-3.900593519210815,52.4518928527832],[-3.98597526550293,52.4518928527832],[-4.071356773376465,52.4518928527832],[-4.156738758087158,52.4518928527832],[-4.242120265960693,52.4518928527832],[-4.552989482879639,52.18334197998047],[-4.893810749053955,52.18334197998047],[-5.295889377593994,51.98215103149414],[-5.264270305633545,51.71418380737305],[-5.078959941864014,51.580322265625],[-4.832123279571533,51.64724349975586],[-4.747263431549072,51.64724349975586],[-4.415247440338135,51.71418380737305],[-4.308269023895264,51.51342010498047],[-3.97633957862854,51.580322265625],[-3.891522645950317,51.580322265625]],[[-3.318403005599976,51.78114318847656],[-3.311517715454102,51.71418380737305],[-3.304651498794556,51.64724349975586],[-3.219791889190674,51.64724349975586],[-3.216388561861045,51.61377446669935],[-3.304651498794556,51.64724349975586],[-3.318403005599976,51.78114318847656]]],[[[-4.786076545715332,55.56651306152344],[-4.777467250823975,55.498252868652344],[-5.171102046966553,55.15733337402344],[-5.153679370880127,55.021148681640625],[-5.32801628112793,55.021148681640625],[-5.110523223876953,54.681121826171875],[-4.936679363250732,54.681121826171875],[-4.953676700592041,54.817054748535156],[-4.86665678024292,54.817054748535156],[-4.423340797424316,54.74907684326172],[-3.569097280502319,54.88506317138672],[-3.576861381530762,54.95309066772461],[-3.489742517471313,54.95309066772461],[-3.402623414993286,54.95309066772461],[-3.315504550933838,54.95309066772461],[-3.271848476052705,54.95309066772461],[-3.569097280502319,54.88506317138672],[-3.71977162361145,54.681121826171875],[-3.711991310119629,54.613189697265625],[-3.586766958236694,54.27390670776367],[-3.319409608840942,54.20612335205078],[-3.304538726806641,54.07062530517578],[-3.05236029624939,54.138362884521484],[-2.96582555770874,54.138362884521484],[-2.554250001907349,54.341712951660156],[-2.887297630310059,55.021148681640625],[-2.974466323852539,55.021148681640625],[-3.144494164883203,54.9822366047545],[-3.148803234100342,55.021148681640625],[-3.06163477897644,55.021148681640625],[-3.186784505844116,55.36180877685547],[-3.361621379852295,55.36180877685547],[-3.384954214096069,55.56651306152344],[-3.783684492111206,55.97663879394531],[-3.959438800811768,55.97663879394531],[-4.248361110687256,56.182064056396484],[-4.864589691162109,56.182064056396484],[-4.846980571746826,56.04508590698242],[-4.838211059570312,55.97663879394531],[-4.949496138044154,55.93101885548379],[-5.005115509033203,55.90821838378906],[-4.996309180010138,55.83982467651367],[-4.978706836700439,55.70311737060547],[-4.794708251953125,55.63479995727539],[-4.786076545715332,55.56651306152344]]]]},"properties":{"Name":"(Brythonic Kingdoms)","FromYear":980,"ToYear":1039,"Area":43364.06254079632,"Type":"POLITY","Wikipedia":"Celtic Britons","Wikidata":"Q849967","SeshatID":"gb_brythonic_k","Components":"Kingdom of Gwent;Kingdom of Morgannwg;Kingdom of Powys;Kingdom of Gwynedd;Kingdom of Brycheiniog;Strathclyde;Brythons","MemberOf":""}},
{"type":"Feature","geometry":{"type":"Polygon","coordinates":[[[-2.951877117156982,51.51342010498047],[-2.945236444473267,51.44654083251953],[-3.107994079589844,51.37968063354492],[-3.094635725021362,51.24601745605469],[-4.201729774475098,51.31283950805664],[-4.426436901092529,51.04566955566406],[-4.67988109588623,51.04566955566406],[-4.657799243927002,50.84549331665039],[-4.819114208221436,50.77880859375],[-4.881234169006348,50.578861236572266],[-5.133819580078125,50.578861236572266],[-5.279601097106934,50.37908172607422],[-5.768607616424561,50.2459831237793],[-5.745615005493164,50.04647445678711],[-5.151133060455322,49.98000717163086],[-4.928657054901123,50.2459831237793],[-4.354779243469238,50.37908172607422],[-4.186630249023438,50.37908172607422],[-4.088706493377686,50.2459831237793],[-3.584736108779907,50.2459831237793],[-3.456606388092041,50.64549255371094],[-3.12621021270752,50.71213912963867],[-2.102793455123901,50.578861236572266],[-2.030619621276855,50.71213912963867],[-1.524962306022644,50.71213912963867],[-1.513427257537842,50.578861236572266],[-1.176646590232849,50.578861236572266],[-1.109168291091919,50.77880859375],[-1.367843627929688,50.84549331665039],[0.492853790521622,50.77880859375],[1.393928170204163,51.17921447753906],[1.380577206611633,51.37968063354492],[1.206640839576721,51.44654083251953],[0.523877322673798,51.51342010498047],[0.862975299358368,51.51342010498047],[0.843909561634064,51.78114318847656],[1.183690190315247,51.78114318847656],[1.169783234596252,51.98215103149414],[1.425007224082947,51.98215103149414],[1.586262822151184,52.11625671386719],[1.653681755065918,52.38472366333008],[1.739019155502319,52.38472366333008],[1.716817617416382,52.720787048339844],[1.531973838806152,52.92268753051758],[1.093834638595581,53.057395935058594],[0.493327647447586,53.057395935058594],[0.337453275918961,52.85536575317383],[0.075146429240704,52.92268753051758],[0.316494405269623,53.124786376953125],[0.29531991481781,53.39456558227539],[0.020827349275351,53.597137451171875],[0.004257039166987,53.799922943115234],[-0.17964468896389,53.93522644042969],[-0.202435865998268,54.20612335205078],[-0.381431937217712,54.27390670776367],[-0.387277960777283,54.341712951660156],[-0.671433329582214,54.613189697265625],[-1.285956144332886,54.681121826171875],[-1.398887872695923,54.95309066772461],[-1.486006855964661,54.95309066772461],[-1.633551597595215,55.56651306152344],[-2.01904296875,55.90821838378906],[-2.106868505477905,55.90821838378906],[-2.268072366714478,55.77145767211914],[-2.239403486251831,55.498252868652344],[-2.560305595397949,55.225467681884766],[-2.734941720962524,55.225467681884766],[-2.887297630310059,55.021148681640625],[-2.554250001907349,54.341712951660156],[-2.96582555770874,54.138362884521484],[-2.958591222763062,54.07062530517578],[-3.196035623550415,53.86756134033203],[-3.095205545425415,53.732303619384766],[-3.152528285980225,53.462066650390625],[-3.403394460678101,53.39456558227539],[-3.489411115646362,53.39456558227539],[-3.274127721786499,52.99003219604492],[-3.074559926986694,52.720787048339844],[-3.139120101928711,52.51908493041992],[-3.03987717628479,52.38472366333008],[-2.869202375411987,52.38472366333008],[-2.927305936813354,52.11625671386719],[-2.920543432235718,52.0491943359375],[-2.913799524307251,51.98215103149414],[-2.82872486114502,51.98215103149414],[-2.822042465209961,51.91512680053711],[-2.625775098800659,51.64724349975586],[-2.951877117156982,51.51342010498047]]]},"properties":{"Name":"Kingdom of England","FromYear":980,"ToYear":1014,"Area":132886.8477583345,"Type":"POLITY","Wikipedia":"Kingdom of England","Wikidata":"Q179876","SeshatID":"gb_anglo_saxon_2","Components":"","MemberOf":"(Kingdom of England)"}},
{"type":"Feature","geometry":{"type":"Polygon","coordinates":[[[-2.951877117156982,51.51342010498047],[-2.945236444473267,51.44654083251953],[-3.107994079589844,51.37968063354492],[-3.094635725021362,51.24601745605469],[-4.201729774475098,51.31283950805664],[-4.426436901092529,51.04566955566406],[-4.67988109588623,51.04566955566406],[-4.657799243927002,50.84549331665039],[-4.819114208221436,50.77880859375],[-4.881234169006348,50.578861236572266],[-5.133819580078125,50.578861236572266],[-5.279601097106934,50.37908172607422],[-5.768607616424561,50.2459831237793],[-5.745615005493164,50.04647445678711],[-5.151133060455322,49.98000717163086],[-4.928657054901123,50.2459831237793],[-4.354779243469238,50.37908172607422],[-4.186630249023438,50.37908172607422],[-4.088706493377686,50.2459831237793],[-3.584736108779907,50.2459831237793],[-3.456606388092041,50.64549255371094],[-3.12621021270752,50.71213912963867],[-2.102793455123901,50.578861236572266],[-2.030619621276855,50.71213912963867],[-1.524962306022644,50.71213912963867],[-1.513427257537842,50.578861236572266],[-1.176646590232849,50.578861236572266],[-1.109168291091919,50.77880859375],[-1.367843627929688,50.84549331665039],[0.492853790521622,50.77880859375],[1.393928170204163,51.17921447753906],[1.380577206611633,51.37968063354492],[1.206640839576721,51.44654083251953],[0.523877322673798,51.51342010498047],[0.862975299358368,51.51342010498047],[0.843909561634064,51.78114318847656],[1.183690190315247,51.78114318847656],[1.169783234596252,51.98215103149414],[1.425007224082947,51.98215103149414],[1.586262822151184,52.11625671386719],[1.653681755065918,52.38472366333008],[1.739019155502319,52.38472366333008],[1.716817617416382,52.720787048339844],[1.531973838806152,52.92268753051758],[1.093834638595581,53.057395935058594],[0.493327647447586,53.057395935058594],[0.337453275918961,52.85536575317383],[0.075146429240704,52.92268753051758],[0.316494405269623,53.124786376953125],[0.29531991481781,53.39456558227539],[0.020827349275351,53.597137451171875],[0.004257039166987,53.799922943115234],[-0.17964468896389,53.93522644042969],[-0.202435865998268,54.20612335205078],[-0.381431937217712,54.27390670776367],[-0.387277960777283,54.341712951660156],[-0.671433329582214,54.613189697265625],[-1.285956144332886,54.681121826171875],[-1.398887872695923,54.95309066772461],[-1.486006855964661,54.95309066772461],[-1.633551597595215,55.56651306152344],[-2.01904296875,55.90821838378906],[-2.106868505477905,55.90821838378906],[-2.268072366714478,55.77145767211914],[-2.239403486251831,55.498252868652344],[-2.560305595397949,55.225467681884766],[-2.734941720962524,55.225467681884766],[-2.887297630310059,55.021148681640625],[-2.554250001907349,54.341712951660156],[-2.96582555770874,54.138362884521484],[-2.958591222763062,54.07062530517578],[-3.196035623550415,53.86756134033203],[-3.095205545425415,53.732303619384766],[-3.152528285980225,53.462066650390625],[-3.403394460678101,53.39456558227539],[-3.489411115646362,53.39456558227539],[-3.274127721786499,52.99003219604492],[-3.074559926986694,52.720787048339844],[-3.139120101928711,52.51908493041992],[-3.03987717628479,52.38472366333008],[-2.869202375411987,52.38472366333008],[-2.927305936813354,52.11625671386719],[-2.920543432235718,52.0491943359375],[-2.913799524307251,51.98215103149414],[-2.82872486114502,51.98215103149414],[-2.822042465209961,51.91512680053711],[-2.625775098800659,51.64724349975586],[-2.951877117156982,51.51342010498047]]]},"properties":{"Name":"(Kingdom of England)","FromYear":980,"ToYear":1014,"Area":132886.8477583345,"Type":"POLITY","Wikipedia":"Kingdom of England","Wikidata":"Q179876","SeshatID":"gb_anglo_saxon_2","Components":"Kingdom of England","MemberOf":""}},
{"type":"Feature","geometry":{"type":"MultiPolygon","coordinates":[[[[44.731021881103516,41.781593322753906],[45,41.859205935034964],[45,42.731429989705475],[44.744632720947266,42.691246032714844],[44.689697265625,42.82133865356445],[43.78324508666992,42.691246032714844],[43.73988342285156,42.88639831542969],[43.20268249511719,43.016544342041016],[42.91782760620117,43.211830139160156],[41.953582763671875,43.211830139160156],[41.115562438964844,43.472347259521484],[41.03508758544922,43.472347259521484],[40.735965728759766,43.6026611328125],[40.333290100097656,43.6026611328125],[40.2978515625,43.86341094970703],[39.96403884887695,43.79821014404297],[39.351905822753906,43.99384307861328],[39.75851058959961,43.53750228881836],[40.219173431396484,43.407203674316406],[40.41570281982422,43.146724700927734],[40.81732177734375,43.146724700927734],[41.11582565307617,43.016544342041016],[41.608699798583984,42.62621307373047],[41.48331832885742,42.36617660522461],[41.700584411621094,42.236209869384766],[41.598209381103516,42.10627746582031],[41.75791549682617,42.10627746582031],[41.73545837402344,41.97637939453125],[41.81525421142578,41.97637939453125],[41.589237213134766,41.586883544921875],[41.57828140258789,41.521995544433594],[42.442626953125,41.45711898803711],[42.62437438964844,41.586883544921875],[42.86325454711914,41.586883544921875],[43.19264602661133,41.19768524169922],[43.57847213745117,41.132843017578125],[43.97562789916992,41.132843017578125],[44.237335205078125,41.26253128051758],[44.24909973144531,41.32738494873047],[44.3523063659668,41.45711898803711],[44.77427673339844,41.586883544921875],[44.731021881103516,41.781593322753906]]],[[[39.351905822753906,43.99384307861328],[39.36290740966797,44.05907440185547],[39.28215789794922,44.05907440185547],[39.2014045715332,44.05907440185547],[39.190467834472656,43.99384307861328],[39.27118682861328,43.99384307861328],[39.351905822753906,43.99384307861328]]],[[[39.13158416748047,44.12431716918945],[39.12065505981445,44.05907440185547],[39.2014045715332,44.05907440185547],[39.212364196777344,44.12431716918945],[39.13158416748047,44.12431716918945]]],[[[39.13158416748047,44.12431716918945],[39.14253234863281,44.18956756591797],[39.06172180175781,44.18956756591797],[39.050804138183594,44.12431716918945],[39.13158416748047,44.12431716918945]]]]},"properties":{"Name":"Georgia","FromYear":980,"ToYear":1009,"Area":61413.123108620646,"Type":"POLITY","Wikipedia":"Georgia","Wikidata":"Q4962","SeshatID":"","Components":"","MemberOf":""}},
{"type":"Feature","geometry":{"type":"Polygon","coordinates":[[[0.600951313972473,42.691246032714844],[-0.124003164470196,42.75628662109375],[-0.857915937900543,42.95146560668945],[-0.963850319385529,43.342071533203125],[-1.687574744224548,43.342071533203125],[-1.767988562583923,43.342071533203125],[-3.05971884727478,43.407203674316406],[-3.140162944793701,43.407203674316406],[-3.194893360137939,43.08163070678711],[-3.029263496398926,43.016544342041016],[-3.014215230941772,42.82133865356445],[-2.934040546417236,42.82133865356445],[-2.999286651611328,42.62621307373047],[-2.118339061737061,42.62621307373047],[-2.01993727684021,42.36617660522461],[-1.775568842887878,42.30118942260742],[-1.784502625465393,42.43117141723633],[-1.140275835990906,42.36617660522461],[-1.068739891052246,42.496177673339844],[-0.748629748821259,42.496177673339844],[-0.652363061904907,42.236209869384766],[-0.492540627717972,42.236209869384766],[0.074372105300426,42.10627746582031],[0.161661341786385,41.97637939453125],[0.636897385120392,42.041324615478516],[0.688276052474976,42.56119155883789],[0.600951313972473,42.691246032714844]]]},"properties":{"Name":"County of Ribagorza","FromYear":990,"ToYear":1014,"Area":25809.87437883342,"Type":"POLITY","Wikipedia":"County of Ribagorza","Wikidata":"Q1297894","SeshatID":"","Components":"","MemberOf":""}},
{"type":"Feature","geometry":{"type":"MultiPolygon","coordinates":[[[[14.76742172241211,42.10627746582031],[14.768959999084473,42.17123794555664],[14.689077377319336,42.17123794555664],[14.687567710876465,42.10627746582031],[14.76742172241211,42.10627746582031]]],[[[9.491888999938965,43.016544342041016],[9.331360816955566,43.016544342041016],[9.251097679138184,43.016544342041016],[9.17282485961914,42.75628662109375],[8.772740364074707,42.691246032714844],[8.534564018249512,42.496177673339844],[8.538846015930176,42.10627746582031],[8.700496673583984,41.911441802978516],[8.622743606567383,41.71668243408203],[8.782108306884766,41.71668243408203],[8.783942222595215,41.521995544433594],[9.1038236618042,41.32738494873047],[9.262411117553711,41.39224624633789],[9.49889087677002,41.781593322753906],[9.497812271118164,41.97637939453125],[9.577608108520508,41.97637939453125],[9.5735502243042,42.75628662109375],[9.49340534210205,42.75628662109375],[9.491888999938965,43.016544342041016]]],[[[10.45510196685791,42.88639831542969],[10.214488983154297,42.88639831542969],[10.134284973144531,42.88639831542969],[10.21481990814209,42.691246032714844],[10.455166816711426,42.691246032714844],[10.45510196685791,42.88639831542969]]],[[[14.5352144241333,52.250450134277344],[14.449965476989746,52.250450134277344],[13.174235343933105,52.38472366333008],[12.828912734985352,52.18334197998047],[12.402885437011719,52.18334197998047],[12.315593719482422,52.0491943359375],[11.719038963317871,51.98215103149414],[11.552154541015625,52.31757736206055],[11.637447357177734,52.31757736206055],[11.818037033081055,53.124786376953125],[11.47470760345459,53.124786376953125],[11.47608470916748,53.25962829589844],[11.132387161254883,53.25962829589844],[10.87536334991455,53.39456558227539],[10.789346694946289,53.39456558227539],[10.445427894592285,53.462066650390625],[10.359683990478516,53.664710998535156],[10.187295913696289,53.732303619384766],[10.187337875366211,53.86756134033203],[10.014577865600586,53.93522644042969],[10.100879669189453,54.27390670776367],[10.100866317749023,54.341712951660156],[9.148486137390137,54.20612335205078],[8.887362480163574,54.341712951660156],[8.802155494689941,54.20612335205078],[8.80289077758789,54.138362884521484],[8.892172813415527,53.86756134033203],[8.459527015686035,53.93522644042969],[8.37701416015625,53.664710998535156],[8.204607963562012,53.664710998535156],[8.120620727539062,53.52959060668945],[7.94840145111084,53.52959060668945],[8.032201766967773,53.664710998535156],[7.944795608520508,53.732303619384766],[7.082295417785645,53.732303619384766],[6.913325786590576,53.597137451171875],[6.916844367980957,53.462066650390625],[6.226210117340088,53.52959060668945],[5.542333602905273,53.39456558227539],[5.20894193649292,53.124786376953125],[5.385728359222412,52.99003219604492],[5.390830039978027,52.85536575317383],[5.136557102203369,52.78806686401367],[5.056382656097412,52.653533935546875],[4.879741191864014,52.78806686401367],[4.871281623840332,52.99003219604492],[4.699799060821533,52.99003219604492],[4.454747676849365,52.720787048339844],[4.463808536529541,52.51908493041992],[4.21693229675293,52.31757736206055],[4.223166942596436,52.18334197998047],[3.974021434783936,52.0491943359375],[3.980464458465576,51.91512680053711],[3.810401916503906,51.91512680053711],[3.81699013710022,51.78114318847656],[3.647099733352661,51.78114318847656],[3.738690614700317,51.64724349975586],[3.399252653121948,51.64724349975586],[3.40621018409729,51.51342010498047],[3.74860668182373,51.44654083251953],[3.494410037994385,51.44654083251953],[3.409677743911743,51.44654083251953],[3.504641532897949,51.24601745605469],[4.263070583343506,51.31283950805664],[4.034165859222412,50.77880859375],[3.538282871246338,50.578861236572266],[3.548239946365356,50.37908172607422],[3.632314682006836,50.37908172607422],[3.635580539703369,50.312522888183594],[3.64209246635437,50.17946243286133],[3.727973790228873,50.13952497179244],[3.7850972240923175,50.11296081542969],[3.813805670135091,50.09961050369186],[3.928069169403778,50.04647445678711],[3.9853179207258553,50.019852023945845],[4.071000099182129,49.98000717163086],[4.154837608337402,49.98000717163086],[4.576823711395264,49.91355895996094],[4.679802417755127,49.44889450073242],[5.026719093322754,49.11750411987305],[4.865273475646973,48.98506164550781],[4.883440971374512,48.52202224731445],[5.303273677825928,48.38986587524414],[5.305657386779785,48.323814392089844],[5.47376823425293,48.257774353027344],[5.480661869049072,48.059749603271484],[5.646180152893066,48.059749603271484],[5.818123817443848,47.86185836791992],[6.144739151000977,47.993770599365234],[6.80824613571167,47.92780685424805],[6.975266933441162,47.86185836791992],[7.149951457977295,47.46647262573242],[7.39728307723999,47.46647262573242],[7.476891040802002,47.598209381103516],[8.549562454223633,47.598209381103516],[8.550530433654785,47.53233337402344],[8.552461624145508,47.4006233215332],[8.309483528137207,47.13737487792969],[8.392777442932129,47.07159423828125],[8.311593055725098,47.005828857421875],[8.40284538269043,46.414546966552734],[7.918499946594238,46.02093505859375],[8.006918907165527,45.62776184082031],[7.356207847595215,45.56227111816406],[7.114676952362061,45.431331634521484],[7.037666320800781,45.23500442504883],[6.634309768676758,45.10417556762695],[6.637507915496826,44.973392486572266],[6.965181350708008,44.842647552490234],[6.895741939544678,44.32010269165039],[7.303933143615723,44.12431716918945],[7.625912189483643,44.18956756591797],[7.552080154418945,43.79821014404297],[7.632706642150879,43.79821014404297],[8.033902168273926,43.92862319946289],[8.431501388549805,44.38538360595703],[9.159077644348145,44.45067596435547],[9.7273588180542,44.12431716918945],[9.969700813293457,44.12431716918945],[9.889463424682617,43.99384307861328],[10.212339401245117,43.99384307861328],[10.535322189331055,43.08163070678711],[11.01634693145752,42.82133865356445],[11.015789985656738,42.62621307373047],[11.175962448120117,42.62621307373047],[11.255227088928223,42.43117141723633],[11.494861602783203,42.36617660522461],[11.574831008911133,42.36617660522461],[11.736565589904785,42.62621307373047],[12.0580472946167,42.75628662109375],[11.981149673461914,43.146724700927734],[11.820984840393066,43.211830139160156],[11.82194709777832,43.342071533203125],[12.224648475646973,43.407203674316406],[12.141195297241211,43.08163070678711],[12.301782608032227,43.08163070678711],[12.375204086303711,42.43117141723633],[12.615199089050293,42.43117141723633],[13.00974178314209,42.041324615478516],[13.328027725219727,41.97637939453125],[13.40574836730957,41.84651184082031],[13.804443359375,41.84651184082031],[13.96146297454834,41.71668243408203],[14.120827674865723,41.71668243408203],[14.365377426147461,41.97637939453125],[14.687567710876465,42.10627746582031],[14.607714653015137,42.10627746582031],[14.056464195251465,42.496177673339844],[13.901384353637695,42.75628662109375],[13.98537540435791,42.95146560668945],[13.747068405151367,43.08163070678711],[13.672640800476074,43.407203674316406],[13.355091094970703,43.6678352355957],[13.033763885498047,43.73301696777344],[13.035634994506836,43.86341094970703],[12.873446464538574,43.79821014404297],[12.312999725341797,44.18956756591797],[12.153728485107422,44.45067596435547],[12.157197952270508,44.842647552490234],[12.399906158447266,44.77729415893555],[12.40256118774414,45.03877639770508],[12.160021781921387,45.169586181640625],[12.161133766174316,45.300437927246094],[12.161685943603516,45.36587905883789],[11.998926162719727,45.36587905883789],[12.000378608703613,45.56227111816406],[12.164421081542969,45.693260192871094],[12.736748695373535,45.82429504394531],[12.818355560302734,45.82429504394531],[12.9815673828125,45.82429504394531],[13.061376571655273,45.693260192871094],[13.144780158996582,45.82429504394531],[13.714865684509277,45.75876998901367],[13.710229873657227,45.496795654296875],[13.628785133361816,45.496795654296875],[13.945749282836914,45.03877639770508],[14.026969909667969,45.03877639770508],[14.189410209655762,45.03877639770508],[14.196189880371094,45.36587905883789],[14.277569770812988,45.36587905883789],[14.44612979888916,45.62776184082031],[15.339118957519531,45.496795654296875],[15.264768600463867,45.75876998901367],[15.678460121154785,45.95537567138672],[15.604452133178711,46.21768569946289],[15.933717727661133,46.283294677734375],[16.019739151000977,46.414546966552734],[15.860001564025879,46.54585266113281],[15.864084243774414,46.677207946777344],[16.123157501220703,47.07159423828125],[16.138551712036133,47.53233337402344],[16.303508758544922,47.53233337402344],[16.3150634765625,47.86185836791992],[16.48518943786621,47.993770599365234],[16.984167098999023,48.059749603271484],[16.911911010742188,48.323814392089844],[16.829010009765625,48.323814392089844],[16.927988052368164,48.72037124633789],[16.179914474487305,48.72037124633789],[15.68774127960205,48.91886520385742],[14.940543174743652,48.98506164550781],[14.765128135681152,48.654239654541016],[14.182053565979004,48.5881233215332],[13.937092781066895,48.786521911621094],[13.605730056762695,48.852684020996094],[13.442953109741211,49.051273345947266],[13.276345252990723,49.051273345947266],[13.112967491149902,49.2500114440918],[12.69770336151123,49.38258361816406],[12.532414436340332,49.51522445678711],[12.534139633178711,49.64793395996094],[12.36764907836914,49.71431350708008],[12.370920181274414,49.98000717163086],[12.204005241394043,50.04647445678711],[12.20633602142334,50.2459831237793],[12.376081466674805,50.37908172607422],[12.796454429626465,50.37908172607422],[13.391927719116211,50.71213912963867],[14.153997421264648,50.84549331665039],[14.328418731689453,51.04566955566406],[14.497381210327148,51.04566955566406],[14.577799797058105,50.912200927734375],[15.255345344543457,50.97892379760742],[15.416954040527344,50.77880859375],[15.922855377197266,50.77880859375],[15.930866241455078,50.97892379760742],[15.680119514465332,51.04566955566406],[15.693191528320312,51.37968063354492],[15.528964042663574,51.51342010498047],[15.534167289733887,51.64724349975586],[15.27958869934082,51.64724349975586],[15.212130546569824,52.11625671386719],[14.786321640014648,52.11625671386719],[14.5352144241333,52.250450134277344]]]]},"properties":{"Name":"Holy Roman Empire","FromYear":990,"ToYear":1002,"Area":701749.3429996497,"Type":"POLITY","Wikipedia":"Holy Roman Empire","Wikidata":"Q12548","SeshatID":"de_empire_1","Components":"","MemberOf":"(Holy Roman Empire)"}},
{"type":"Feature","geometry":{"type":"MultiPolygon","coordinates":[[[[13.948259353637695,41.00318908691406],[13.86888313293457,41.00318908691406],[13.8677396774292,40.93837356567383],[13.947089195251465,40.93837356567383],[13.948259353637695,41.00318908691406]]],[[[14.583271026611328,41.00318908691406],[14.662647247314453,41.00318908691406],[15.377034187316895,41.00318908691406],[15.312662124633789,41.586883544921875],[15.475428581237793,41.71668243408203],[15.40097427368164,41.911441802978516],[15.321206092834473,41.911441802978516],[15.165011405944824,42.041324615478516],[14.9239501953125,41.97637939453125],[14.76742172241211,42.10627746582031],[14.687567710876465,42.10627746582031],[14.365377426147461,41.97637939453125],[14.120827674865723,41.71668243408203],[13.96146297454834,41.71668243408203],[14.03740406036377,41.521995544433594],[13.874675750732422,41.32738494873047],[13.397590637207031,41.32738494873047],[13.396588325500488,41.26253128051758],[13.476075172424316,41.26253128051758],[13.555561065673828,41.26253128051758],[13.635047912597656,41.26253128051758],[13.714534759521484,41.26253128051758],[13.71342658996582,41.19768524169922],[13.792884826660156,41.19768524169922],[14.111967086791992,41.26253128051758],[14.108242988586426,41.06801223754883],[13.949435234069824,41.06801223754883],[13.948259353637695,41.00318908691406],[14.424517631530762,41.00318908691406],[14.503893852233887,41.00318908691406],[14.583271026611328,41.00318908691406]]]]},"properties":{"Name":"Duchy of Benevento","FromYear":990,"ToYear":1009,"Area":12689.954157664448,"Type":"POLITY","Wikipedia":"Duchy of Benevento","Wikidata":"Q267816","SeshatID":"","Components":"","MemberOf":""}},
{"type":"Feature","geometry":{"type":"Polygon","coordinates":[[[2.12005877494812,42.75628662109375],[1.956612586975098,42.82133865356445],[2.101347923278809,43.146724700927734],[1.853890299797058,43.276947021484375],[1.844092488288879,43.472347259521484],[2.404340982437134,43.53750228881836],[2.478737354278564,43.6678352355957],[2.153285503387451,43.73301696777344],[2.056453227996826,44.05907440185547],[1.730055212974548,44.12431716918945],[2.124172925949097,44.32010269165039],[2.195271015167236,44.5159797668457],[2.101012229919434,44.77729415893555],[1.448663711547852,44.842647552490234],[1.378401041030884,44.64661407470703],[1.061721682548523,44.5159797668457],[1.069124221801758,44.38538360595703],[0.911062240600586,44.32010269165039],[0.833957612514496,44.25482940673828],[0.918528735637665,44.18956756591797],[0.947991132736206,43.6678352355957],[0.63697761297226,43.472347259521484],[0.966081380844116,43.342071533203125],[0.812541425228119,43.211830139160156],[0.983926355838776,43.016544342041016],[0.994516909122467,42.82133865356445],[1.485537886619568,42.62621307373047],[1.565624117851257,42.62621307373047],[1.8106621363112818,42.52866784360335],[1.892278909683228,42.496177673339844],[1.9692118274446895,42.5611808612159],[2.123147249221802,42.691246032714844],[2.12005877494812,42.75628662109375]]]},"properties":{"Name":"County of Toulouse","FromYear":990,"ToYear":1027,"Area":21359.048235692997,"Type":"POLITY","Wikipedia":"County of Toulouse","Wikidata":"Q1334322","SeshatID":"fr_capetian_k_1","Components":"","MemberOf":"(Kingdom of France)"}},
{"type":"Feature","geometry":{"type":"Polygon","coordinates":[[[0.911062240600586,44.32010269165039],[0.575914800167084,44.5159797668457],[0.336999505758286,44.45067596435547],[-0.242211297154427,44.64661407470703],[-0.17808398604393,44.908016204833984],[-0.096927061676979,44.908016204833984],[-0.113881312310696,45.169586181640625],[-0.768676280975342,45.23500442504883],[-0.868325173854828,45.496795654296875],[-1.035891175270081,45.56227111816406],[-1.031213998794556,45.496795654296875],[-1.189373373985291,45.431331634521484],[-1.170574903488159,45.169586181640625],[-1.251859068870544,45.169586181640625],[-1.205376982688904,44.5159797668457],[-1.286344885826111,44.5159797668457],[-1.267958283424377,44.25482940673828],[-1.348801136016846,44.25482940673828],[-1.321390628814697,43.86341094970703],[-1.402047991752625,43.86341094970703],[-1.459883332252502,43.53750228881836],[-1.692170143127441,43.407203674316406],[-1.687574744224548,43.342071533203125],[-0.963850319385529,43.342071533203125],[-0.857915937900543,42.95146560668945],[-0.124003164470196,42.75628662109375],[0.600951313972473,42.691246032714844],[0.673818349838257,42.82133865356445],[0.994516909122467,42.82133865356445],[0.983926355838776,43.016544342041016],[0.812541425228119,43.211830139160156],[0.966081380844116,43.342071533203125],[0.63697761297226,43.472347259521484],[0.947991132736206,43.6678352355957],[0.918528735637665,44.18956756591797],[0.833957612514496,44.25482940673828],[0.911062240600586,44.32010269165039]]]},"properties":{"Name":"Duchy of Gascony","FromYear":990,"ToYear":1017,"Area":40078.45774245124,"Type":"POLITY","Wikipedia":"Duchy of Gascony","Wikidata":"Q2295939","SeshatID":"fr_capetian_k_1","Components":"","MemberOf":"(Kingdom of France)"}},
{"type":"Feature","geometry":{"type":"Polygon","coordinates":[[[-4.427267551422119,43.407203674316406],[-4.507711410522461,43.407203674316406],[-5.646126270294189,43.53750228881836],[-5.726631164550781,43.53750228881836],[-7.175715446472168,43.53750228881836],[-7.343485832214355,43.6026611328125],[-7.276463031768799,43.73301696777344],[-8.243616104125977,43.73301696777344],[-8.39044189453125,43.6026611328125],[-8.369025230407715,43.407203674316406],[-8.851689338684082,43.407203674316406],[-9.158673286437988,43.276947021484375],[-9.30460262298584,43.146724700927734],[-9.275152206420898,42.88639831542969],[-9.100251197814941,42.75628662109375],[-9.078654289245605,42.56119155883789],[-8.65738296508789,42.36617660522461],[-8.956093788146973,42.17123794555664],[-8.740129470825195,40.873565673828125],[-8.73353099822998,40.80876541137695],[-8.25776195526123,40.80876541137695],[-7.873907566070557,40.93837356567383],[-7.23301362991333,40.873565673828125],[-7.220865726470947,40.74397277832031],[-6.886032104492188,40.54964065551758],[-6.789322853088379,40.355369567871094],[-6.472893238067627,40.355369567871094],[-6.405184268951416,40.4848747253418],[-6.094161033630371,40.54964065551758],[-5.913626670837402,40.29063034057617],[-5.602712154388428,40.355369567871094],[-5.333653450012207,39.9670295715332],[-5.017851829528809,39.9670295715332],[-4.707091808319092,40.031734466552734],[-4.717220783233643,40.16116714477539],[-4.480135440826416,40.16116714477539],[-4.035295486450195,40.54964065551758],[-3.8769211769104,40.54964065551758],[-3.728225946426392,40.6791877746582],[-3.742851734161377,40.873565673828125],[-4.508909225463867,41.521995544433594],[-4.455811977386475,41.84651184082031],[-4.157865047454834,42.10627746582031],[-4.20598316192627,42.691246032714844],[-4.286098957061768,42.691246032714844],[-4.427267551422119,43.407203674316406]]]},"properties":{"Name":"Kingdom of León","FromYear":990,"ToYear":1009,"Area":132744.4182245705,"Type":"POLITY","Wikipedia":"Kingdom of León","Wikidata":"Q175276","SeshatID":"es_leon_k","Components":"","MemberOf":""}},
{"type":"Feature","geometry":{"type":"Polygon","coordinates":[[[0.580159664154053,47.07159423828125],[1.171804070472717,46.808616638183594],[1.332097887992859,46.87434005737305],[1.324244379997253,47.005828857421875],[1.320302486419678,47.07159423828125],[1.892255425453186,47.13737487792969],[1.768123745918274,47.86185836791992],[1.685470700263977,47.86185836791992],[1.733008742332458,48.455936431884766],[1.567061066627502,48.455936431884766],[1.388798952102661,48.654239654541016],[1.305716156959534,48.654239654541016],[1.30986750125885,48.5881233215332],[1.226821184158325,48.5881233215332],[1.143774747848511,48.5881233215332],[1.060728430747986,48.5881233215332],[1.06497848033905,48.52202224731445],[0.981968343257904,48.52202224731445],[0.820296287536621,48.455936431884766],[0.924667775630951,48.1257438659668],[1.276269555091858,47.79592514038086],[1.19774067401886,47.730003356933594],[1.296437382698059,47.46647262573242],[1.213993549346924,47.46647262573242],[1.131549596786499,47.46647262573242],[1.049105763435364,47.46647262573242],[0.966661930084229,47.46647262573242],[0.884218037128448,47.46647262573242],[0.801774203777313,47.46647262573242],[0.719330370426178,47.46647262573242],[0.489324986934662,47.20316696166992],[0.580159664154053,47.07159423828125]]]},"properties":{"Name":"County of Blôis","FromYear":990,"ToYear":1027,"Area":11241.163113330724,"Type":"POLITY","Wikipedia":"County of Blois","Wikidata":"Q19336869","SeshatID":"fr_capetian_k_1","Components":"","MemberOf":"(Kingdom of France)"}},
{"type":"Feature","geometry":{"type":"MultiPolygon","coordinates":[[[[11.574831008911133,42.36617660522461],[11.494861602783203,42.36617660522461],[11.494501113891602,42.30118942260742],[11.574441909790039,42.30118942260742],[11.574831008911133,42.36617660522461]]],[[[13.96146297454834,41.71668243408203],[13.804443359375,41.84651184082031],[13.40574836730957,41.84651184082031],[13.328027725219727,41.97637939453125],[13.00974178314209,42.041324615478516],[12.615199089050293,42.43117141723633],[12.375204086303711,42.43117141723633],[12.301782608032227,43.08163070678711],[12.141195297241211,43.08163070678711],[12.224648475646973,43.407203674316406],[11.82194709777832,43.342071533203125],[11.820984840393066,43.211830139160156],[11.981149673461914,43.146724700927734],[12.0580472946167,42.75628662109375],[11.736565589904785,42.62621307373047],[11.574831008911133,42.36617660522461],[11.654799461364746,42.36617660522461],[11.733430862426758,42.17123794555664],[12.131669044494629,42.041324615478516],[12.130502700805664,41.911441802978516],[12.604641914367676,41.521995544433594],[12.922186851501465,41.45711898803711],[13.000019073486328,41.32738494873047],[13.318076133728027,41.32738494873047],[13.397590637207031,41.32738494873047],[13.874675750732422,41.32738494873047],[14.03740406036377,41.521995544433594],[13.96146297454834,41.71668243408203]]]]},"properties":{"Name":"Papal States","FromYear":990,"ToYear":1033,"Area":15873.762177074257,"Type":"POLITY","Wikipedia":"Papal States","Wikidata":"Q170174","SeshatID":"it_st_peter_rep_2","Components":"","MemberOf":""}},
{"type":"Feature","geometry":{"type":"Polygon","coordinates":[[[22.6462345123291,53.25962829589844],[22.56031036376953,53.25962829589844],[22.30253791809082,53.25962829589844],[22.50091552734375,53.52959060668945],[22.16950225830078,53.664710998535156],[21.9842586517334,53.52959060668945],[21.8183536529541,53.597137451171875],[21.719682693481445,53.462066650390625],[21.381492614746094,53.52959060668945],[21.019489288330078,53.32708740234375],[20.58405303955078,53.25962829589844],[20.487110137939453,53.124786376953125],[19.972116470336914,53.124786376953125],[19.98258399963379,53.25962829589844],[19.56304168701172,53.39456558227539],[19.492136001586914,53.597137451171875],[18.979990005493164,53.664710998535156],[18.999317169189453,53.93522644042969],[19.004188537597656,54.00291442871094],[19.355026245117188,54.07062530517578],[19.462186813354492,54.341712951660156],[18.686851501464844,54.4095458984375],[18.44533348083496,54.681121826171875],[18.459484100341797,54.88506317138672],[17.501720428466797,54.88506317138672],[16.442564010620117,54.613189697265625],[15.991765975952148,54.27390670776367],[15.036103248596191,54.20612335205078],[14.50934886932373,54.00291442871094],[14.499796867370605,53.732303619384766],[13.813799858093262,53.86756134033203],[13.809796333312988,53.732303619384766],[13.978137016296387,53.597137451171875],[13.887948989868164,53.462066650390625],[14.057977676391602,53.39456558227539],[14.053811073303223,53.25962829589844],[14.22566032409668,53.25962829589844],[14.221344947814941,53.124786376953125],[14.047627449035645,53.057395935058594],[14.041525840759277,52.85536575317383],[14.548598289489746,52.653533935546875],[14.544095993041992,52.51908493041992],[14.458669662475586,52.51908493041992],[14.537419319152832,52.31757736206055],[14.5352144241333,52.250450134277344],[14.786321640014648,52.11625671386719],[15.212130546569824,52.11625671386719],[15.27958869934082,51.64724349975586],[15.534167289733887,51.64724349975586],[15.528964042663574,51.51342010498047],[15.693191528320312,51.37968063354492],[15.680119514465332,51.04566955566406],[15.930866241455078,50.97892379760742],[15.922855377197266,50.77880859375],[16.086057662963867,50.64549255371094],[16.338764190673828,50.64549255371094],[16.41730308532715,50.51224899291992],[17.08426284790039,50.37908172607422],[17.32683563232422,50.17946243286133],[17.57870101928711,50.17946243286133],[17.65599250793457,50.04647445678711],[18.323387145996094,49.98000717163086],[18.316205978393555,49.84712600708008],[18.71640396118164,49.51522445678711],[19.04685401916504,49.44889450073242],[19.039270401000977,49.316287994384766],[19.28963279724121,49.316287994384766],[19.611412048339844,49.11750411987305],[20.11991310119629,49.2500114440918],[20.21193504333496,49.38258361816406],[20.95870590209961,49.316287994384766],[21.385677337646484,49.44889450073242],[21.390560150146484,49.51522445678711],[22.158485412597656,49.71431350708008],[22.258319854736328,49.91355895996094],[22.862110137939453,50.11296081542969],[22.946025848388672,50.11296081542969],[22.91514015197754,50.71213912963867],[23.08979606628418,50.77880859375],[23.10826873779297,50.97892379760742],[23.023828506469727,50.97892379760742],[23.042409896850586,51.17921447753906],[22.87944221496582,51.24601745605469],[22.995450973510742,51.580322265625],[22.6685791015625,51.71418380737305],[22.687358856201172,51.91512680053711],[22.347232818603516,51.91512680053711],[22.10417366027832,52.0491943359375],[22.292898178100586,52.250450134277344],[22.422412872314453,52.720787048339844],[22.343225479125977,52.78806686401367],[22.428829193115234,52.78806686401367],[22.6462345123291,53.25962829589844]]]},"properties":{"Name":"(Kingdom of Poland)","FromYear":990,"ToYear":1002,"Area":248543.2721402972,"Type":"POLITY","Wikipedia":"Kingdom of Poland","Wikidata":"Q577867","SeshatID":"pl_piast_dyn_1","Components":"Kingdom of Poland","MemberOf":""}},
{"type":"Feature","geometry":{"type":"Polygon","coordinates":[[[7.552080154418945,43.79821014404297],[7.625912189483643,44.18956756591797],[7.303933143615723,44.12431716918945],[6.895741939544678,44.32010269165039],[6.965181350708008,44.842647552490234],[6.637507915496826,44.973392486572266],[6.634309768676758,45.10417556762695],[7.037666320800781,45.23500442504883],[7.114676952362061,45.431331634521484],[7.356207847595215,45.56227111816406],[8.006918907165527,45.62776184082031],[7.918499946594238,46.02093505859375],[8.40284538269043,46.414546966552734],[8.311593055725098,47.005828857421875],[8.392777442932129,47.07159423828125],[8.309483528137207,47.13737487792969],[8.552461624145508,47.4006233215332],[8.550530433654785,47.53233337402344],[8.549562454223633,47.598209381103516],[7.476891040802002,47.598209381103516],[7.39728307723999,47.46647262573242],[7.149951457977295,47.46647262573242],[6.975266933441162,47.86185836791992],[6.80824613571167,47.92780685424805],[6.144739151000977,47.993770599365234],[5.818123817443848,47.86185836791992],[5.82025671005249,47.79592514038086],[5.822384834289551,47.730003356933594],[5.73980188369751,47.730003356933594],[5.657218933105469,47.730003356933594],[5.659412384033203,47.664100646972656],[5.576864242553711,47.664100646972656],[5.594502449035645,47.13737487792969],[5.432206630706787,47.07159423828125],[5.436686992645264,46.94007873535156],[5.276938438415527,46.808616638183594],[5.033018112182617,46.74290466308594],[4.88347053527832,46.348915100097656],[4.484376907348633,46.08650588989258],[4.231192111968994,46.283294677734375],[4.225839138031006,46.414546966552734],[4.143936634063721,46.414546966552734],[4.146650314331055,46.348915100097656],[4.064781188964844,46.348915100097656],[3.982912302017212,46.348915100097656],[3.985684394836426,46.283294677734375],[4.078399658203125,46.02093505859375],[3.917757511138916,45.95537567138672],[3.931468486785889,45.62776184082031],[4.012977600097656,45.62776184082031],[3.9422926902771,45.36587905883789],[4.351718902587891,45.300437927246094],[4.359247207641602,45.10417556762695],[4.123232841491699,44.908016204833984],[3.96091890335083,44.908016204833984],[4.057530879974365,44.5159797668457],[4.469520568847656,44.32010269165039],[4.476603984832764,44.12431716918945],[4.725685596466064,43.92862319946289],[4.571169853210449,43.73301696777344],[4.409977436065674,43.73301696777344],[4.338796615600586,43.472347259521484],[4.419270515441895,43.472347259521484],[5.063065528869629,43.472347259521484],[5.386905193328857,43.407203674316406],[5.390771865844727,43.276947021484375],[5.631923198699951,43.276947021484375],[5.796233177185059,43.146724700927734],[6.278174877166748,43.146724700927734],[6.596527099609375,43.276947021484375],[6.67255163192749,43.472347259521484],[7.471453189849854,43.79821014404297],[7.552080154418945,43.79821014404297]]]},"properties":{"Name":"Kingdom of Arles","FromYear":990,"ToYear":1009,"Area":116942.21359125614,"Type":"POLITY","Wikipedia":"Kingdom of Arles","Wikidata":"Q3271735","SeshatID":"fr_arles_k","Components":"","MemberOf":""}},
{"type":"Feature","geometry":{"type":"Polygon","coordinates":[[[0.600951313972473,42.691246032714844],[0.688276052474976,42.56119155883789],[0.636897385120392,42.041324615478516],[0.723737120628357,41.911441802978516],[1.122575044631958,41.911441802978516],[1.10908055305481,42.17123794555664],[1.485537886619568,42.62621307373047],[0.994516909122467,42.82133865356445],[0.673818349838257,42.82133865356445],[0.600951313972473,42.691246032714844]]]},"properties":{"Name":"County of Pallars","FromYear":990,"ToYear":1009,"Area":4779.042717787972,"Type":"POLITY","Wikipedia":"County of Pallars","Wikidata":"Q1541787","SeshatID":"","Components":"","MemberOf":""}},
{"type":"Feature","geometry":{"type":"Polygon","coordinates":[[[22.6462345123291,53.25962829589844],[22.56031036376953,53.25962829589844],[22.30253791809082,53.25962829589844],[22.50091552734375,53.52959060668945],[22.16950225830078,53.664710998535156],[21.9842586517334,53.52959060668945],[21.8183536529541,53.597137451171875],[21.719682693481445,53.462066650390625],[21.381492614746094,53.52959060668945],[21.019489288330078,53.32708740234375],[20.58405303955078,53.25962829589844],[20.487110137939453,53.124786376953125],[19.972116470336914,53.124786376953125],[19.98258399963379,53.25962829589844],[19.56304168701172,53.39456558227539],[19.492136001586914,53.597137451171875],[18.979990005493164,53.664710998535156],[18.999317169189453,53.93522644042969],[19.004188537597656,54.00291442871094],[19.355026245117188,54.07062530517578],[19.462186813354492,54.341712951660156],[18.686851501464844,54.4095458984375],[18.44533348083496,54.681121826171875],[18.459484100341797,54.88506317138672],[17.501720428466797,54.88506317138672],[16.442564010620117,54.613189697265625],[15.991765975952148,54.27390670776367],[15.036103248596191,54.20612335205078],[14.50934886932373,54.00291442871094],[14.499796867370605,53.732303619384766],[13.813799858093262,53.86756134033203],[13.809796333312988,53.732303619384766],[13.978137016296387,53.597137451171875],[13.887948989868164,53.462066650390625],[14.057977676391602,53.39456558227539],[14.053811073303223,53.25962829589844],[14.22566032409668,53.25962829589844],[14.221344947814941,53.124786376953125],[14.047627449035645,53.057395935058594],[14.041525840759277,52.85536575317383],[14.548598289489746,52.653533935546875],[14.544095993041992,52.51908493041992],[14.458669662475586,52.51908493041992],[14.537419319152832,52.31757736206055],[14.5352144241333,52.250450134277344],[14.786321640014648,52.11625671386719],[15.212130546569824,52.11625671386719],[15.27958869934082,51.64724349975586],[15.534167289733887,51.64724349975586],[15.528964042663574,51.51342010498047],[15.693191528320312,51.37968063354492],[15.680119514465332,51.04566955566406],[15.930866241455078,50.97892379760742],[15.922855377197266,50.77880859375],[16.086057662963867,50.64549255371094],[16.338764190673828,50.64549255371094],[16.41730308532715,50.51224899291992],[17.08426284790039,50.37908172607422],[17.32683563232422,50.17946243286133],[17.57870101928711,50.17946243286133],[17.65599250793457,50.04647445678711],[18.323387145996094,49.98000717163086],[18.316205978393555,49.84712600708008],[18.71640396118164,49.51522445678711],[19.04685401916504,49.44889450073242],[19.039270401000977,49.316287994384766],[19.28963279724121,49.316287994384766],[19.611412048339844,49.11750411987305],[20.11991310119629,49.2500114440918],[20.21193504333496,49.38258361816406],[20.95870590209961,49.316287994384766],[21.385677337646484,49.44889450073242],[21.390560150146484,49.51522445678711],[22.158485412597656,49.71431350708008],[22.258319854736328,49.91355895996094],[22.862110137939453,50.11296081542969],[22.946025848388672,50.11296081542969],[22.91514015197754,50.71213912963867],[23.08979606628418,50.77880859375],[23.10826873779297,50.97892379760742],[23.023828506469727,50.97892379760742],[23.042409896850586,51.17921447753906],[22.87944221496582,51.24601745605469],[22.995450973510742,51.580322265625],[22.6685791015625,51.71418380737305],[22.687358856201172,51.91512680053711],[22.347232818603516,51.91512680053711],[22.10417366027832,52.0491943359375],[22.292898178100586,52.250450134277344],[22.422412872314453,52.720787048339844],[22.343225479125977,52.78806686401367],[22.428829193115234,52.78806686401367],[22.6462345123291,53.25962829589844]]]},"properties":{"Name":"Kingdom of Poland","FromYear":990,"ToYear":1002,"Area":248543.2721402972,"Type":"POLITY","Wikipedia":"Kingdom of Poland","Wikidata":"Q577867","SeshatID":"pl_piast_dyn_1","Components":"","MemberOf":"(Kingdom of Poland)"}},
{"type":"Feature","geometry":{"type":"MultiPolygon","coordinates":[[[[36.778892517089844,45.10417556762695],[36.86014175415039,45.10417556762695],[36.9413948059082,45.10417556762695],[37.17478561401367,45.03877639770508],[37.216339111328125,45.300437927246094],[36.74873733520508,45.431331634521484],[36.778892517089844,45.10417556762695]]],[[[24.41883659362793,54.47740173339844],[24.410846710205078,54.4095458984375],[24.497575759887695,54.4095458984375],[24.505613327026367,54.47740173339844],[24.41883659362793,54.47740173339844]]],[[[22.946025848388672,50.11296081542969],[23.02994155883789,50.11296081542969],[23.11385726928711,50.11296081542969],[23.102128982543945,49.98000717163086],[23.275733947753906,50.04647445678711],[23.431499481201172,49.91355895996094],[23.419620513916016,49.78071212768555],[23.581087112426758,49.71431350708008],[23.569211959838867,49.58156967163086],[23.96904945373535,49.38258361816406],[23.873634338378906,49.2500114440918],[24.707794189453125,49.2500114440918],[24.778560638427734,49.11750411987305],[25.18234634399414,48.98506164550781],[25.329463958740234,48.786521911621094],[26.244178771972656,48.786521911621094],[27.31626319885254,49.44889450073242],[29.395994186401367,49.38258361816406],[29.796173095703125,49.2500114440918],[31.399789810180664,49.38258361816406],[35.14583206176758,49.316287994384766],[35.41861343383789,49.44889450073242],[36.08684539794922,49.44889450073242],[37.388675689697266,49.71431350708008],[37.60602951049805,49.98000717163086],[37.87028503417969,50.04647445678711],[37.811973571777344,50.17946243286133],[37.89592742919922,50.17946243286133],[37.934783935546875,50.37908172607422],[38.22669219970703,50.578861236572266],[38.588382720947266,51.112430572509766],[38.85594940185547,51.17921447753906],[38.82773208618164,51.44654083251953],[38.9124641418457,51.44654083251953],[39.11307144165039,51.98215103149414],[39.19814682006836,51.98215103149414],[39.24258804321289,52.18334197998047],[39.41299819946289,52.18334197998047],[39.34275436401367,52.250450134277344],[39.471702575683594,53.192195892333984],[39.385826110839844,53.192195892333984],[39.55060577392578,53.52959060668945],[39.35573959350586,53.799922943115234],[39.183143615722656,53.799922943115234],[39.1605224609375,54.07062530517578],[38.94889450073242,54.27390670776367],[39.11643981933594,54.613189697265625],[39.02956771850586,54.613189697265625],[39.07853698730469,54.817054748535156],[38.99151611328125,54.817054748535156],[39.073822021484375,55.15733337402344],[39.682411193847656,55.498252868652344],[40.64512634277344,55.498252868652344],[40.68056869506836,55.63479995727539],[40.87371063232422,55.70311737060547],[41.13672637939453,55.70311737060547],[41.34852981567383,55.83982467651367],[41.59344482421875,55.77145767211914],[41.66739273071289,56.04508590698242],[42.04460525512695,56.45634460449219],[42.140586853027344,56.799827575683594],[42.002132415771484,56.937416076660156],[42.1090087890625,57.62710189819336],[41.97023010253906,57.7653923034668],[42.029945373535156,57.97305679321289],[41.821353912353516,58.180992126464844],[41.8614387512207,58.31977081298828],[41.63225555419922,58.45867156982422],[41.672447204589844,58.59769821166992],[41.39280319213867,58.876129150390625],[41.21245193481445,58.876129150390625],[41.021793365478516,59.15507125854492],[40.609432220458984,59.294734954833984],[40.275390625,59.714515686035156],[39.860355377197266,59.85470962524414],[39.775545622096715,60],[30.973453232530566,60],[30.837535858154297,59.78459548950195],[30.38283348083496,59.78459548950195],[30.136613845825195,59.92485809326172],[29.75929069519043,59.85470962524414],[29.772369384765625,59.92485809326172],[29.14763641357422,59.99503707885742],[29.148536054256184,60],[29.06395512927285,60],[28.849285125732422,59.85470962524414],[28.406457901000977,59.92485809326172],[28.291200637817383,59.78459548950195],[27.927438735961914,59.78459548950195],[27.88040542602539,59.504478454589844],[28.061809539794922,59.504478454589844],[28.038253784179688,59.36461639404297],[27.743431091308594,59.22488784790039],[27.719879150390625,58.528167724609375],[27.96677589416504,58.38920593261719],[27.854480743408203,58.2503662109375],[28.01117706298828,58.11164855957031],[27.876989364624023,57.8345832824707],[27.966312408447266,57.8345832824707],[27.899953842163086,57.41988754272461],[27.98894691467285,57.41988754272461],[27.912553787231445,56.937416076660156],[28.068017959594727,56.799827575683594],[27.957975387573242,56.662349700927734],[28.113149642944336,56.524986267089844],[28.05961799621582,56.182064056396484],[27.971586227416992,56.182064056396484],[28.027862548828125,55.97663879394531],[27.439733505249023,55.56651306152344],[26.710338592529297,55.36180877685547],[26.60393714904785,55.225467681884766],[26.158143997192383,55.15733337402344],[25.77332305908203,54.88506317138672],[24.592388153076172,54.47740173339844],[24.489561080932617,54.341712951660156],[23.41990852355957,54.07062530517578],[23.03854751586914,53.732303619384766],[22.924564361572266,53.462066650390625],[22.745656967163086,53.39456558227539],[22.732158660888672,53.25962829589844],[22.6462345123291,53.25962829589844],[22.428829193115234,52.78806686401367],[22.343225479125977,52.78806686401367],[22.422412872314453,52.720787048339844],[22.292898178100586,52.250450134277344],[22.10417366027832,52.0491943359375],[22.347232818603516,51.91512680053711],[22.687358856201172,51.91512680053711],[22.6685791015625,51.71418380737305],[22.995450973510742,51.580322265625],[22.87944221496582,51.24601745605469],[23.042409896850586,51.17921447753906],[23.023828506469727,50.97892379760742],[23.10826873779297,50.97892379760742],[23.08979606628418,50.77880859375],[22.91514015197754,50.71213912963867],[22.946025848388672,50.11296081542969]]],[[[27.89100456237793,56.799827575683594],[27.880273818969727,56.731075286865234],[27.968727111816406,56.731075286865234],[27.979511260986328,56.799827575683594],[27.89100456237793,56.799827575683594]]]]},"properties":{"Name":"Kievan Rus'","FromYear":990,"ToYear":1017,"Area":1170311.3746674417,"Type":"POLITY","Wikipedia":"Kievan Rus'","Wikidata":"Q1108445","SeshatID":"ua_kievan_rus","Components":"","MemberOf":""}},
{"type":"Feature","geometry":{"type":"MultiPolygon","coordinates":[[[[1.772406935691833,49.18375015258789],[1.68902850151062,49.18375015258789],[1.693075060844421,49.11750411987305],[1.388798952102661,48.654239654541016],[1.567061066627502,48.455936431884766],[1.733008742332458,48.455936431884766],[1.800270676612854,48.72037124633789],[2.125128507614136,48.852684020996094],[2.189299345016479,49.18375015258789],[2.105921030044556,49.18375015258789],[2.022542476654053,49.18375015258789],[1.93916392326355,49.18375015258789],[1.855785489082336,49.18375015258789],[1.772406935691833,49.18375015258789]]],[[[3.033406257629395,48.98506164550781],[3.456212759017944,48.852684020996094],[3.539405584335327,48.852684020996094],[3.619439125061035,48.91886520385742],[3.600340604782104,49.316287994384766],[3.349979639053345,49.316287994384766],[3.10987377166748,49.11750411987305],[2.943191528320312,49.11750411987305],[2.946669578552246,49.051273345947266],[3.029973268508911,49.051273345947266],[3.033406257629395,48.98506164550781]]]]},"properties":{"Name":"County of Vexin","FromYear":990,"ToYear":1065,"Area":4285.824691559857,"Type":"POLITY","Wikipedia":"Vexin","Wikidata":"Q1476089","SeshatID":"fr_capetian_k_1","Components":"","MemberOf":"(Kingdom of France)"}},
{"type":"Feature","geometry":{"type":"Polygon","coordinates":[[[1.485537886619568,42.62621307373047],[1.565624117851257,42.62621307373047],[1.8106621363112818,42.52866784360335],[1.892278909683228,42.496177673339844],[1.9692118274446895,42.5611808612159],[2.123147249221802,42.691246032714844],[2.12005877494812,42.75628662109375],[2.990521192550659,43.016544342041016],[2.987718343734741,43.08163070678711],[3.140029191970825,43.276947021484375],[3.617136240005493,43.407203674316406],[3.850892543792725,43.6026611328125],[4.173032760620117,43.6026611328125],[4.258322238922119,43.472347259521484],[4.338796615600586,43.472347259521484],[4.409977436065674,43.73301696777344],[4.571169853210449,43.73301696777344],[4.725685596466064,43.92862319946289],[4.476603984832764,44.12431716918945],[4.469520568847656,44.32010269165039],[4.057530879974365,44.5159797668457],[3.96091890335083,44.908016204833984],[4.123232841491699,44.908016204833984],[4.359247207641602,45.10417556762695],[4.351718902587891,45.300437927246094],[3.9422926902771,45.36587905883789],[4.012977600097656,45.62776184082031],[3.931468486785889,45.62776184082031],[3.917757511138916,45.95537567138672],[4.078399658203125,46.02093505859375],[3.985684394836426,46.283294677734375],[3.982912302017212,46.348915100097656],[4.064781188964844,46.348915100097656],[4.146650314331055,46.348915100097656],[4.143936634063721,46.414546966552734],[4.225839138031006,46.414546966552734],[4.231192111968994,46.283294677734375],[4.484376907348633,46.08650588989258],[4.88347053527832,46.348915100097656],[5.033018112182617,46.74290466308594],[5.276938438415527,46.808616638183594],[5.436686992645264,46.94007873535156],[5.432206630706787,47.07159423828125],[5.594502449035645,47.13737487792969],[5.576864242553711,47.664100646972656],[5.659412384033203,47.664100646972656],[5.657218933105469,47.730003356933594],[5.73980188369751,47.730003356933594],[5.822384834289551,47.730003356933594],[5.82025671005249,47.79592514038086],[5.818123817443848,47.86185836791992],[5.646180152893066,48.059749603271484],[5.480661869049072,48.059749603271484],[5.47376823425293,48.257774353027344],[5.305657386779785,48.323814392089844],[5.303273677825928,48.38986587524414],[4.883440971374512,48.52202224731445],[4.865273475646973,48.98506164550781],[5.026719093322754,49.11750411987305],[4.679802417755127,49.44889450073242],[4.576823711395264,49.91355895996094],[4.154837608337402,49.98000717163086],[4.071000099182129,49.98000717163086],[3.987162351608276,49.98000717163086],[3.9853179207258553,50.019852023945845],[3.984085559844971,50.04647445678711],[3.928069169403778,50.04647445678711],[3.900208711624146,50.04647445678711],[3.816332101821899,50.04647445678711],[3.813805670135091,50.09961050369186],[3.813170909881592,50.11296081542969],[3.7850972240923175,50.11296081542969],[3.729254722595215,50.11296081542969],[3.727973790228873,50.13952497179244],[3.726047992706299,50.17946243286133],[3.64209246635437,50.17946243286133],[3.638839721679688,50.2459831237793],[3.635580539703369,50.312522888183594],[3.632314682006836,50.37908172607422],[3.548239946365356,50.37908172607422],[3.538282871246338,50.578861236572266],[4.034165859222412,50.77880859375],[4.263070583343506,51.31283950805664],[3.504641532897949,51.24601745605469],[3.409677743911743,51.44654083251953],[3.324945688247681,51.44654083251953],[2.73940634727478,51.31283950805664],[2.577829360961914,51.17921447753906],[1.656218767166138,51.04566955566406],[1.495977640151978,50.912200927734375],[1.433403611183167,50.578861236572266],[1.442060351371765,50.445655822753906],[1.446373105049133,50.37908172607422],[1.45067572593689,50.312522888183594],[1.454967975616455,50.2459831237793],[1.370972871780396,50.2459831237793],[1.052847385406494,49.98000717163086],[0.224112883210182,49.84712600708008],[-0.012448177672923,49.64793395996094],[0.007001183927059,49.38258361816406],[-1.250783205032349,49.44889450073242],[-1.361783027648926,49.78071212768555],[-2.031550645828247,49.78071212768555],[-1.913302421569824,49.38258361816406],[-1.651668906211853,49.2500114440918],[-1.635041356086731,49.051273345947266],[-1.718345284461975,49.051273345947266],[-1.607621908187866,48.72037124633789],[-1.602181315422058,48.654239654541016],[-1.685264110565186,48.654239654541016],[-2.521934509277344,48.72037124633789],[-2.759404182434082,48.5881233215332],[-3.122164011001587,48.91886520385742],[-3.455082654953003,48.91886520385742],[-3.85184383392334,48.72037124633789],[-4.599917888641357,48.72037124633789],[-4.911745548248291,48.52202224731445],[-4.891265392303467,48.323814392089844],[-4.642560005187988,48.323814392089844],[-4.546383857727051,48.191749572753906],[-4.705362796783447,48.1257438659668],[-4.692053318023682,47.993770599365234],[-4.424368858337402,47.79592514038086],[-3.934937715530396,47.86185836791992],[-3.757235288619995,47.730003356933594],[-3.344320774078369,47.730003356933594],[-3.155531167984009,47.46647262573242],[-2.837259292602539,47.598209381103516],[-2.825755596160889,47.46647262573242],[-2.578423976898193,47.46647262573242],[-2.561590671539307,47.26897048950195],[-2.232228517532349,47.26897048950195],[-2.133697032928467,47.07159423828125],[-2.128328084945679,47.005828857421875],[-2.210532188415527,47.005828857421875],[-2.194406032562256,46.808616638183594],[-1.666043281555176,46.348915100097656],[-1.251809358596802,46.283294677734375],[-1.222735166549683,45.889827728271484],[-1.141096234321594,45.889827728271484],[-1.213142395019531,45.75876998901367],[-1.04058039188385,45.62776184082031],[-1.035891175270081,45.56227111816406],[-1.031213998794556,45.496795654296875],[-1.189373373985291,45.431331634521484],[-1.170574903488159,45.169586181640625],[-1.251859068870544,45.169586181640625],[-1.205376982688904,44.5159797668457],[-1.286344885826111,44.5159797668457],[-1.267958283424377,44.25482940673828],[-1.348801136016846,44.25482940673828],[-1.321390628814697,43.86341094970703],[-1.402047991752625,43.86341094970703],[-1.459883332252502,43.53750228881836],[-1.692170143127441,43.407203674316406],[-1.687574744224548,43.342071533203125],[-0.963850319385529,43.342071533203125],[-0.857915937900543,42.95146560668945],[-0.124003164470196,42.75628662109375],[0.600951313972473,42.691246032714844],[0.673818349838257,42.82133865356445],[0.994516909122467,42.82133865356445],[1.485537886619568,42.62621307373047]],[[1.778519153594971,50.445655822753906],[1.694404363632202,50.445655822753906],[1.663553849922349,50.49002937006923],[1.778519153594971,50.445655822753906]]]},"properties":{"Name":"(Allegiance of Duchy of Aquitaine to Kingdom of France)","FromYear":990,"ToYear":1002,"Area":420259.3192861916,"Type":"RELATION","Wikipedia":"Duchy of Aquitaine","Wikidata":"Q7703611","SeshatID":"fr_aquitania_duc_2;fr_capetian_k_1","Components":"County of Vexin;County of Blôis;County of Rouergue;Duchy of Normandy;County of Vermandois;(Kingdom of France);County of Toulouse;County of Champagne;Duchy of Brittany;Duchy of Gascony;County of Anjou;County of Flanders;Duchy of Aquitaine;Kingdom of France;County of Maine","MemberOf":""}},
{"type":"Feature","geometry":{"type":"MultiPolygon","coordinates":[[[[36.21592330932617,34.679283142089844],[35.79212951660156,34.2933349609375],[35.64447784423828,34.3576545715332],[35.68381118774414,33.971771240234375],[35.4470100402832,33.90746307373047],[35.49934768676758,33.65024948120117],[35.34577560424805,33.65024948120117],[35.39840316772461,33.393062591552734],[35.21538543701172,33.07160949707031],[35.05632781982422,33.00732421875],[35.021759033203125,32.62162780761719],[34.76983642578125,32.36451721191406],[34.81304168701172,31.978878021240234],[34.57329559326172,31.8503360748291],[34.6388053894043,31.7217960357666],[34.546607971191406,31.528987884521484],[34.30759811401367,31.40045166015625],[34.2972412109375,31.271915435791016],[33.74934005737305,31.079113006591797],[32.8316764831543,31.014846801757812],[32.76515197753906,31.143381118774414],[32.53215408325195,31.079113006591797],[32.38941192626953,31.20764923095703],[32.23719787597656,31.20764923095703],[32.303932189941406,31.079113006591797],[31.999635696411133,31.079113006591797],[31.93739891052246,31.271915435791016],[31.780553817749023,31.20764923095703],[31.875221252441406,31.464719772338867],[31.265825271606445,31.464719772338867],[31.117990493774414,31.528987884521484],[31.203296661376953,31.65752601623535],[30.974620819091797,31.65752601623535],[30.965608596801758,31.528987884521484],[30.80877685546875,31.464719772338867],[30.351730346679688,31.464719772338867],[30.271244049072266,31.40045166015625],[30.33879280090332,31.271915435791016],[29.882049560546875,31.271915435791016],[29.8017635345459,31.20764923095703],[29.86956024169922,31.079113006591797],[29.633193969726562,30.950578689575195],[29.485143661499023,31.014846801757812],[29.3970890045166,30.822044372558594],[28.865032196044922,30.822044372558594],[28.496395111083984,31.014846801757812],[27.514896392822266,31.143381118774414],[27.297456741333008,31.336183547973633],[26.847702026367188,31.464719772338867],[25.248035430908203,31.464719772338867],[25.102048873901367,31.593257904052734],[25.11168098449707,31.78606605529785],[24.892484664916992,31.978878021240234],[24.129365921020508,31.978878021240234],[23.680339813232422,32.171695709228516],[23.29851722717285,32.171695709228516],[23.077939987182617,32.36451721191406],[23.089431762695312,32.62162780761719],[21.87872886657715,32.94303894042969],[21.41167449951172,32.75019073486328],[21.108016967773438,32.81447219848633],[20.87124252319336,32.62162780761719],[20.644094467163086,32.685909271240234],[20.71593475341797,32.557350158691406],[20.562992095947266,32.557350158691406],[20.481992721557617,32.428794860839844],[20.33134651184082,32.493072509765625],[20.246112823486328,32.23596954345703],[20.016965866088867,32.23596954345703],[20.089075088500977,32.107421875],[19.996076583862305,31.593257904052734],[20.214296340942383,31.271915435791016],[20.13410186767578,31.143381118774414],[20.202085494995117,30.886310577392578],[19.968164443969727,30.69350814819336],[19.964311599731445,30.564971923828125],[19.655010223388672,30.372163772583008],[18.968589782714844,30.243623733520508],[18.896053314208984,30.372163772583008],[18.592470169067383,30.372163772583008],[18.222288131713867,30.757776260375977],[17.846824645996094,30.950578689575195],[16.8635196685791,31.20764923095703],[16.178552627563477,31.20764923095703],[15.64897632598877,31.40045166015625],[15.575982093811035,31.593257904052734],[15.424593925476074,31.65752601623535],[15.282304763793945,32.30024337768555],[15.055076599121094,32.428794860839844],[14.749334335327148,32.428794860839844],[14.674704551696777,32.557350158691406],[14.444439888000488,32.493072509765625],[14.065231323242188,32.75019073486328],[13.759129524230957,32.75019073486328],[13.760527610778809,32.878753662109375],[13.453653335571289,32.81447219848633],[13.301749229431152,32.94303894042969],[12.841785430908203,32.878753662109375],[12.840824127197266,32.75019073486328],[12.534722328186035,32.75019073486328],[12.612099647521973,32.878753662109375],[12.228955268859863,32.81447219848633],[11.464441299438477,33.20018768310547],[11.157825469970703,33.20018768310547],[11.081541061401367,33.5859489440918],[10.697741508483887,33.52165222167969],[10.544031143188477,33.71455001831055],[10.23681354522705,33.71455001831055],[10.005777359008789,33.90746307373047],[10.081672668457031,34.22901916503906],[10.004497528076172,34.2933349609375],[10.543014526367188,34.55062484741211],[10.851213455200195,34.80794906616211],[10.85119342803955,34.93662643432617],[11.082771301269531,35.00096893310547],[11.005731582641602,35.38706970214844],[11.083049774169922,35.38706970214844],[11.08318042755127,35.58015823364258],[10.851019859313965,35.644527435302734],[10.851000785827637,35.708900451660156],[10.463515281677246,35.902034759521484],[10.540250778198242,36.3527946472168],[10.462488174438477,36.417205810546875],[11.006199836730957,36.80373764038086],[11.006271362304688,36.9970588684082],[10.461837768554688,36.73930740356445],[10.228352546691895,36.80373764038086],[10.305440902709961,37.06150817871094],[10.227567672729492,37.06150817871094],[10.226980209350586,37.254878997802734],[9.993423461914062,37.1904182434082],[9.759011268615723,37.3193473815918],[9.36964225769043,37.254878997802734],[9.05947494506836,37.06150817871094],[8.903155326843262,37.12596130371094],[8.516410827636719,36.8681755065918],[7.738344192504883,36.8681755065918],[7.502017498016357,37.06150817871094],[7.346271514892578,37.06150817871094],[7.193697929382324,36.8681755065918],[6.804664611816406,36.8681755065918],[6.333924293518066,37.06150817871094],[6.103042125701904,36.932613372802734],[6.105763912200928,36.80373764038086],[5.639055728912354,36.80373764038086],[5.56428337097168,36.67487716674805],[5.097836971282959,36.67487716674805],[4.859498500823975,36.8681755065918],[4.235154151916504,36.932613372802734],[3.850007295608521,36.80373764038086],[3.458978891372681,36.8681755065918],[3.229894161224365,36.73930740356445],[2.841080188751221,36.73930740356445],[2.690169095993042,36.61045455932617],[2.376901149749756,36.67487716674805],[1.529616475105286,36.48161697387695],[1.216211557388306,36.5460319519043],[0.913757801055908,36.3527946472168],[0.678023815155029,36.417205810546875],[0.683685302734375,36.28839111328125],[0.376142233610153,36.2239875793457],[0.006061335559934,35.837650299072266],[-0.071402221918106,35.837650299072266],[-0.056653548032045,35.51579284667969],[-0.199571594595909,35.258358001708984],[-0.16786190867424,34.55062484741211],[-0.390394359827042,34.3576545715332],[-0.313396781682968,34.3576545715332],[0.302583903074265,34.3576545715332],[0.451262414455414,34.48630142211914],[0.684976637363434,34.42197799682617],[1.293753147125244,34.614952087402344],[2.449900150299072,34.614952087402344],[2.920501947402954,34.3576545715332],[3.15149450302124,34.3576545715332],[3.455702066421509,34.48630142211914],[3.842682838439941,34.42197799682617],[4.453888416290283,34.614952087402344],[5.1490478515625,34.55062484741211],[5.377389430999756,34.679283142089844],[6.14835262298584,34.679283142089844],[6.459011077880859,34.55062484741211],[6.920335292816162,34.614952087402344],[7.153473854064941,34.48630142211914],[7.614861011505127,34.55062484741211],[8.001612663269043,34.42197799682617],[8.0807523727417,34.22901916503906],[8.773378372192383,34.22901916503906],[8.928268432617188,34.10039138793945],[9.159027099609375,34.10039138793945],[9.23953914642334,33.52165222167969],[9.701672554016113,33.13589859008789],[9.85610294342041,32.81447219848633],[10.08555793762207,32.878753662109375],[11.156867980957031,32.428794860839844],[11.080252647399902,32.23596954345703],[11.462311744689941,32.30024337768555],[11.538215637207031,32.107421875],[11.767474174499512,32.171695709228516],[12.452892303466797,31.8503360748291],[12.98781681060791,31.978878021240234],[13.216207504272461,31.91460609436035],[13.217299461364746,32.043148040771484],[13.36995792388916,32.043148040771484],[13.977724075317383,31.78606605529785],[14.65640640258789,31.20764923095703],[14.654745101928711,31.079113006591797],[14.88122272491455,30.950578689575195],[15.103917121887207,30.564971923828125],[16.159448623657227,30.115081787109375],[16.734134402636986,30],[22.089882141238938,30],[22.451210021972656,30.050809860229492],[23.04846845066895,30],[41.25343612576512,30],[41.50025939941406,30.243623733520508],[42.60897445678711,30.69350814819336],[42.68495178222656,30.69350814819336],[42.54671859741211,31.528987884521484],[42.47052764892578,31.528987884521484],[42.50613021850586,31.8503360748291],[42.42985153198242,31.8503360748291],[42.36363983154297,33.26447677612305],[42.064544677734375,33.32876968383789],[42.003082275390625,33.45735549926758],[41.48860549926758,33.65024948120117],[41.426979064941406,33.77885055541992],[41.27333068847656,33.77885055541992],[41.211639404296875,33.90746307373047],[40.91171646118164,33.971771240234375],[40.70359802246094,34.164703369140625],[40.395843505859375,34.164703369140625],[40.25685501098633,34.2933349609375],[39.72534942626953,34.3576545715332],[39.50897979736328,34.48630142211914],[39.12379455566406,34.48630142211914],[38.47935485839844,34.22901916503906],[38.14400100708008,33.971771240234375],[37.990238189697266,33.971771240234375],[37.3161506652832,33.393062591552734],[37.086021423339844,33.393062591552734],[36.90087890625,33.84315490722656],[36.619327545166016,34.10039138793945],[36.57500076293945,34.42197799682617],[36.29301834106445,34.679283142089844],[36.21592330932617,34.679283142089844]]],[[[2.533390045166016,34.42197799682617],[2.610407114028931,34.42197799682617],[2.608296155929565,34.48630142211914],[2.531259059906006,34.48630142211914],[2.533390045166016,34.42197799682617]]],[[[14.571182250976562,35.9664192199707],[14.417119026184082,36.03080368041992],[14.339592933654785,36.03080368041992],[14.33681869506836,35.837650299072266],[14.568227767944336,35.77327346801758],[14.571182250976562,35.9664192199707]]]]},"properties":{"Name":"Fatimid Caliphate","FromYear":990,"ToYear":1014,"Area":1946466.6204056893,"Type":"POLITY","Wikipedia":"Fatimid Caliphate","Wikidata":"Q160307","SeshatID":"tn_fatimid_cal","Components":"","MemberOf":""}},
{"type":"Feature","geometry":{"type":"Polygon","coordinates":[[[3.635580539703369,50.312522888183594],[3.632314682006836,50.37908172607422],[3.548239946365356,50.37908172607422],[3.538282871246338,50.578861236572266],[4.034165859222412,50.77880859375],[4.263070583343506,51.31283950805664],[3.504641532897949,51.24601745605469],[3.409677743911743,51.44654083251953],[3.324945688247681,51.44654083251953],[2.73940634727478,51.31283950805664],[2.577829360961914,51.17921447753906],[1.656218767166138,51.04566955566406],[1.495977640151978,50.912200927734375],[1.433403611183167,50.578861236572266],[1.6635538499223481,50.49002937006923],[1.663553849922349,50.49002937006923],[1.778519153594971,50.445655822753906],[1.782671809196472,50.37908172607422],[2.554430246353149,50.11296081542969],[3.729254722595215,50.11296081542969],[3.727973790228873,50.13952497179244],[3.726047992706299,50.17946243286133],[3.64209246635437,50.17946243286133],[3.638839721679688,50.2459831237793],[3.635580539703369,50.312522888183594]]]},"properties":{"Name":"County of Flanders","FromYear":990,"ToYear":1009,"Area":19129.372439389124,"Type":"POLITY","Wikipedia":"County of Flanders","Wikidata":"Q157070","SeshatID":"fr_capetian_k_1","Components":"","MemberOf":"(Kingdom of France)"}},
{"type":"Feature","geometry":{"type":"Polygon","coordinates":[[[0.719330370426178,47.46647262573242],[0.801774203777313,47.46647262573242],[0.884218037128448,47.46647262573242],[0.966661930084229,47.46647262573242],[1.049105763435364,47.46647262573242],[1.131549596786499,47.46647262573242],[1.213993549346924,47.46647262573242],[1.296437382698059,47.46647262573242],[1.19774067401886,47.730003356933594],[1.276269555091858,47.79592514038086],[0.924667775630951,48.1257438659668],[0.436810165643692,47.993770599365234],[0.336079269647598,48.257774353027344],[-0.000058500339946,48.323814392089844],[-0.092416204512119,48.455936431884766],[-0.580371201038361,48.323814392089844],[-0.999997794628143,48.38986587524414],[-1.042080402374268,47.86185836791992],[-1.202268838882446,47.79592514038086],[-1.186995148658752,47.598209381103516],[0.719330370426178,47.46647262573242]]]},"properties":{"Name":"County of Maine","FromYear":990,"ToYear":1045,"Area":13826.180572768699,"Type":"POLITY","Wikipedia":"Maine (province)","Wikidata":"Q732738","SeshatID":"fr_capetian_k_1","Components":"","MemberOf":"(Kingdom of France)"}},
{"type":"Feature","geometry":{"type":"Polygon","coordinates":[[[4.071000099182129,49.98000717163086],[3.987162351608276,49.98000717163086],[3.9853179207258553,50.019852023945845],[3.984085559844971,50.04647445678711],[3.928069169403778,50.04647445678711],[3.900208711624146,50.04647445678711],[3.816332101821899,50.04647445678711],[3.813805670135091,50.09961050369186],[3.813170909881592,50.11296081542969],[3.7850972240923175,50.11296081542969],[3.729254722595215,50.11296081542969],[2.554430246353149,50.11296081542969],[1.782671809196472,50.37908172607422],[1.790948271751404,50.2459831237793],[1.446373105049133,50.37908172607422],[1.45067572593689,50.312522888183594],[1.454967975616455,50.2459831237793],[1.819613456726074,49.78071212768555],[1.772406935691833,49.18375015258789],[1.855785489082336,49.18375015258789],[1.93916392326355,49.18375015258789],[2.022542476654053,49.18375015258789],[2.105921030044556,49.18375015258789],[2.189299345016479,49.18375015258789],[2.439435005187988,49.18375015258789],[2.613454103469849,49.051273345947266],[2.943191528320312,49.11750411987305],[3.10987377166748,49.11750411987305],[3.349979639053345,49.316287994384766],[3.600340604782104,49.316287994384766],[3.847608327865601,49.38258361816406],[3.838290452957153,49.58156967163086],[4.083094596862793,49.71431350708008],[4.154837608337402,49.98000717163086],[4.071000099182129,49.98000717163086]]]},"properties":{"Name":"County of Vermandois","FromYear":990,"ToYear":1033,"Area":17404.42795980176,"Type":"POLITY","Wikipedia":"Vermandois","Wikidata":"Q26385","SeshatID":"fr_capetian_k_1","Components":"","MemberOf":"(Kingdom of France)"}},
{"type":"Feature","geometry":{"type":"MultiPolygon","coordinates":[[[[-2.198449373245239,35.065311431884766],[-2.423137426376343,34.93662643432617],[-3.117724418640137,34.93662643432617],[-3.418988704681396,34.80794906616211],[-3.654172420501709,34.87228775024414],[-3.73132848739624,34.87228775024414],[-4.506898403167725,34.93662643432617],[-4.449840068817139,35.258358001708984],[-4.527117729187012,35.258358001708984],[-4.913506031036377,35.258358001708984],[-5.239750862121582,35.51579284667969],[-5.338923931121826,35.837650299072266],[-5.876633644104004,35.77327346801758],[-5.999861240386963,35.32271194458008],[-6.14545202255249,35.194007873535156],[-6.132044315338135,35.00096893310547],[-6.290933609008789,35.065311431884766],[-6.200328826904297,34.87228775024414],[-6.277484893798828,34.87228775024414],[-6.332395076751709,34.55062484741211],[-6.482059955596924,34.48630142211914],[-6.473203659057617,34.3576545715332],[-6.699729919433594,34.2933349609375],[-6.613898754119873,34.164703369140625],[-6.90380334854126,33.90746307373047],[-7.062007427215576,33.971771240234375],[-7.129902839660645,33.84315490722656],[-7.726231575012207,33.5859489440918],[-7.802998065948486,33.5859489440918],[-7.793841361999512,33.45735549926758],[-7.559155464172363,33.393062591552734],[-7.366214752197266,32.81447219848633],[-7.442758560180664,32.81447219848633],[-7.421211719512939,32.493072509765625],[-7.633378505706787,32.23596954345703],[-7.620636463165283,32.043148040771484],[-7.91313362121582,31.8503360748291],[-8.048664093017578,31.593257904052734],[-7.972455501556396,31.593257904052734],[-7.887892246246338,31.464719772338867],[-7.735542774200439,31.464719772338867],[-7.727314949035645,31.336183547973633],[-6.59292459487915,31.464719772338867],[-5.69735050201416,31.78606605529785],[-5.388649463653564,31.7217960357666],[-5.395984649658203,31.8503360748291],[-4.269077301025391,32.171695709228516],[-3.973900079727173,32.36451721191406],[-3.817661762237549,32.30024337768555],[-3.598545074462891,32.493072509765625],[-2.543965816497803,32.81447219848633],[-1.879519820213318,33.32876968383789],[-1.572754979133606,33.32876968383789],[-1.578816890716553,33.45735549926758],[-1.277852535247803,33.5859489440918],[-0.985450148582458,33.90746307373047],[-0.831726670265198,33.90746307373047],[-0.467391967773438,34.3576545715332],[-0.390394359827042,34.3576545715332],[-0.16786190867424,34.55062484741211],[-0.199571594595909,35.258358001708984],[-0.056653548032045,35.51579284667969],[-0.071402221918106,35.837650299072266],[-0.148865774273872,35.837650299072266],[-0.917115688323975,35.708900451660156],[-1.065529465675354,35.58015823364258],[-1.223541498184204,35.644527435302734],[-1.136477708816528,35.45143127441406],[-1.358735799789429,35.258358001708984],[-2.121232748031616,35.065311431884766],[-2.198449373245239,35.065311431884766]]],[[[1.651834011077881,39.1264533996582],[1.337347388267517,39.1264533996582],[1.258725643157959,39.1264533996582],[1.183109045028687,39.06184005737305],[1.273545265197754,38.80344009399414],[1.430543661117554,38.80344009399414],[1.657540321350098,38.997230529785156],[1.651834011077881,39.1264533996582]]],[[[1.365143060684204,41.84651184082031],[1.285403966903687,41.84651184082031],[1.205664873123169,41.84651184082031],[1.202342629432678,41.911441802978516],[1.122575044631958,41.911441802978516],[0.723737120628357,41.911441802978516],[0.636897385120392,42.041324615478516],[0.161661341786385,41.97637939453125],[0.074372105300426,42.10627746582031],[-0.492540627717972,42.236209869384766],[-0.652363061904907,42.236209869384766],[-0.748629748821259,42.496177673339844],[-1.068739891052246,42.496177673339844],[-1.140275835990906,42.36617660522461],[-1.784502625465393,42.43117141723633],[-1.775568842887878,42.30118942260742],[-1.820028781890869,41.781593322753906],[-2.129896879196167,41.65177917480469],[-2.120971918106079,41.521995544433594],[-2.346220254898071,41.32738494873047],[-3.216081619262695,41.26253128051758],[-3.360586404800415,41.06801223754883],[-3.519393920898438,41.06801223754883],[-3.742851734161377,40.873565673828125],[-3.728225946426392,40.6791877746582],[-3.8769211769104,40.54964065551758],[-4.035295486450195,40.54964065551758],[-4.480135440826416,40.16116714477539],[-4.717220783233643,40.16116714477539],[-4.707091808319092,40.031734466552734],[-5.017851829528809,39.9670295715332],[-5.333653450012207,39.9670295715332],[-5.602712154388428,40.355369567871094],[-5.913626670837402,40.29063034057617],[-6.094161033630371,40.54964065551758],[-6.405184268951416,40.4848747253418],[-6.472893238067627,40.355369567871094],[-6.789322853088379,40.355369567871094],[-6.886032104492188,40.54964065551758],[-7.220865726470947,40.74397277832031],[-7.23301362991333,40.873565673828125],[-7.873907566070557,40.93837356567383],[-8.25776195526123,40.80876541137695],[-8.73353099822998,40.80876541137695],[-8.72695255279541,40.74397277832031],[-8.872282981872559,40.614410400390625],[-8.846114158630371,40.355369567871094],[-8.925222396850586,40.355369567871094],[-9.025042533874512,39.77294921875],[-9.103915214538574,39.77294921875],[-9.157164573669434,39.51427459716797],[-9.387048721313477,39.449623107910156],[-9.42748737335205,39.06184005737305],[-9.571974754333496,38.93262481689453],[-9.553065299987793,38.738853454589844],[-9.38370418548584,38.60969924926758],[-9.23299789428711,38.67427444458008],[-9.20852279663086,38.416015625],[-8.822718620300293,38.48057174682617],[-8.818843841552734,37.5772590637207],[-8.896896362304688,37.5772590637207],[-9.00136661529541,36.9970588684082],[-8.70113754272461,37.12596130371094],[-8.311661720275879,37.12596130371094],[-8.067157745361328,36.9970588684082],[-7.677903652191162,36.9970588684082],[-7.454815864562988,37.12596130371094],[-7.465344429016113,37.254878997802734],[-6.84182596206665,37.254878997802734],[-6.587993621826172,36.9970588684082],[-6.349542140960693,36.932613372802734],[-6.330093860626221,36.67487716674805],[-6.063849925994873,36.2239875793457],[-5.831079006195068,36.2239875793457],[-5.584750652313232,36.03080368041992],[-5.51620626449585,36.15959167480469],[-5.287947177886963,36.2239875793457],[-5.22819709777832,36.48161697387695],[-4.688807487487793,36.5460319519043],[-4.468626022338867,36.73930740356445],[-2.680080890655518,36.73930740356445],[-2.532132625579834,36.8681755065918],[-2.061630010604858,36.80373764038086],[-1.857354998588562,37.3193473815918],[-1.623468399047852,37.3193473815918],[-1.708719491958618,37.44829177856445],[-0.704753637313843,37.641746520996094],[-0.803495347499847,38.028785705566406],[-0.660861134529114,38.28691864013672],[0.099359586834908,38.738853454589844],[-0.313707679510117,39.1264533996582],[-0.345421016216278,39.70827102661133],[-0.201878547668457,39.9670295715332],[0.182543575763702,40.16116714477539],[0.247769102454185,40.42012023925781],[0.474957317113876,40.614410400390625],[0.709256291389465,40.6791877746582],[0.695793092250824,40.93837356567383],[1.238392949104309,41.19768524169922],[1.712078809738159,41.26253128051758],[1.791565299034119,41.26253128051758],[1.451329112052917,41.71668243408203],[1.448110103607178,41.781593322753906],[1.368399381637573,41.781593322753906],[1.365143060684204,41.84651184082031]]],[[[3.197866439819336,39.8376350402832],[3.19298791885376,39.9670295715332],[2.956136703491211,39.9670295715332],[2.877186298370361,39.9670295715332],[2.338095426559448,39.64360046386719],[2.346148252487183,39.449623107910156],[2.658556938171387,39.51427459716797],[2.82365870475769,39.320335388183594],[3.295835733413696,39.320335388183594],[3.515789270401001,39.77294921875],[3.197866439819336,39.8376350402832]]],[[[4.302449703216553,39.8376350402832],[4.215116024017334,40.0964469909668],[3.820104122161865,40.0964469909668],[3.741101741790771,40.0964469909668],[3.826826572418213,39.90232849121094],[4.302449703216553,39.8376350402832]]]]},"properties":{"Name":"Caliphate of Córdoba","FromYear":990,"ToYear":1009,"Area":564712.0363395812,"Type":"POLITY","Wikipedia":"Caliphate of Córdoba","Wikidata":"Q171740","SeshatID":"es_cordoba_cal","Components":"","MemberOf":""}},
{"type":"Feature","geometry":{"type":"Polygon","coordinates":[[[13.792884826660156,41.19768524169922],[13.791753768920898,41.132843017578125],[13.871185302734375,41.132843017578125],[13.950616836547852,41.132843017578125],[13.949435234069824,41.06801223754883],[14.108242988586426,41.06801223754883],[14.111967086791992,41.26253128051758],[13.792884826660156,41.19768524169922]]]},"properties":{"Name":"Principality of Capua","FromYear":990,"ToYear":1009,"Area":384.0854725885293,"Type":"POLITY","Wikipedia":"Principality of Capua","Wikidata":"Q1280122","SeshatID":"","Components":"","MemberOf":""}},
{"type":"Feature","geometry":{"type":"Polygon","coordinates":[[[4.338796615600586,43.472347259521484],[4.409977436065674,43.73301696777344],[4.571169853210449,43.73301696777344],[4.725685596466064,43.92862319946289],[4.476603984832764,44.12431716918945],[4.469520568847656,44.32010269165039],[4.057530879974365,44.5159797668457],[3.814627170562744,44.5159797668457],[3.579905986785889,44.32010269165039],[3.585319757461548,44.18956756591797],[3.342884302139282,44.18956756591797],[3.082984685897827,44.58129119873047],[2.746667861938477,44.842647552490234],[2.584417343139648,44.842647552490234],[2.515990495681763,44.58129119873047],[2.195271015167236,44.5159797668457],[2.124172925949097,44.32010269165039],[1.730055212974548,44.12431716918945],[2.056453227996826,44.05907440185547],[2.153285503387451,43.73301696777344],[2.478737354278564,43.6678352355957],[2.404340982437134,43.53750228881836],[1.844092488288879,43.472347259521484],[1.853890299797058,43.276947021484375],[2.101347923278809,43.146724700927734],[1.956612586975098,42.82133865356445],[2.12005877494812,42.75628662109375],[2.990521192550659,43.016544342041016],[2.987718343734741,43.08163070678711],[3.140029191970825,43.276947021484375],[3.617136240005493,43.407203674316406],[3.850892543792725,43.6026611328125],[4.173032760620117,43.6026611328125],[4.258322238922119,43.472347259521484],[4.338796615600586,43.472347259521484]]]},"properties":{"Name":"County of Rouergue","FromYear":990,"ToYear":1039,"Area":27863.03505854109,"Type":"POLITY","Wikipedia":"Rouergue","Wikidata":"Q590016","SeshatID":"fr_capetian_k_1","Components":"","MemberOf":"(Kingdom of France)"}},
{"type":"Feature","geometry":{"type":"MultiPolygon","coordinates":[[[[15.069417953491211,55.021148681640625],[15.077948570251465,55.225467681884766],[14.990630149841309,55.225467681884766],[14.64396858215332,55.29362487792969],[14.636160850524902,55.089229583740234],[15.069417953491211,55.021148681640625]]],[[[10.364044189453125,55.77145767211914],[10.539490699768066,55.77145767211914],[10.627213478088379,55.77145767211914],[10.62817668914795,55.97663879394531],[10.452422142028809,55.97663879394531],[10.364044189453125,55.77145767211914]]],[[[10.100866317749023,54.341712951660156],[10.187545776367188,54.341712951660156],[10.187661170959473,54.545284271240234],[9.9271879196167,54.545284271240234],[10.013643264770508,55.021148681640625],[9.926376342773438,55.089229583740234],[10.536654472351074,55.021148681640625],[10.535674095153809,54.74907684326172],[10.709615707397461,54.74907684326172],[10.884882926940918,54.95309066772461],[10.800582885742188,55.430015563964844],[10.625955581665039,55.498252868652344],[10.626581192016602,55.63479995727539],[9.750565528869629,55.56651306152344],[9.750177383422852,55.70311737060547],[9.925520896911621,55.70311737060547],[10.013073921203613,55.90821838378906],[10.276667594909668,55.97663879394531],[10.277146339416504,56.25059127807617],[10.36523151397705,56.25059127807617],[10.364885330200195,56.11355972290039],[10.540846824645996,56.11355972290039],[10.541122436523438,56.182064056396484],[10.805220603942871,56.182064056396484],[10.895707130432129,56.524986267089844],[10.277772903442383,56.59365463256836],[10.278702735900879,57.07511901855469],[10.545770645141602,57.28189468383789],[10.458671569824219,57.7653923034668],[9.923136711120605,57.696231842041016],[9.834181785583496,57.55800247192383],[9.655976295471191,57.55800247192383],[9.656455039978027,57.41988754272461],[9.39068603515625,57.21294021606445],[8.502391815185547,57.21294021606445],[8.239216804504395,57.00625228881836],[8.241414070129395,56.86860656738281],[8.152853965759277,56.86860656738281],[8.243602752685547,56.731075286865234],[7.979492664337158,56.662349700927734],[7.989406585693359,56.11355972290039],[8.077386856079102,56.11355972290039],[7.997951984405518,55.63479995727539],[8.085573196411133,55.63479995727539],[8.087891578674316,55.498252868652344],[8.350449562072754,55.498252868652344],[8.52729320526123,55.36180877685547],[8.529091835021973,55.225467681884766],[8.441773414611816,55.225467681884766],[8.534452438354492,54.817054748535156],[8.797733306884766,54.613189697265625],[8.799209594726562,54.47740173339844],[8.539765357971191,54.4095458984375],[8.54152774810791,54.27390670776367],[8.715572357177734,54.20612335205078],[8.802155494689941,54.20612335205078],[8.887362480163574,54.341712951660156],[9.148486137390137,54.20612335205078],[10.100866317749023,54.341712951660156]]],[[[11.795514106750488,57.62710189819336],[11.794431686401367,57.55800247192383],[11.792279243469238,57.41988754272461],[12.058022499084473,57.35087585449219],[12.14184856414795,57.07511901855469],[12.405158996582031,56.937416076660156],[12.402325630187988,56.799827575683594],[12.75311279296875,56.662349700927734],[12.749893188476562,56.524986267089844],[12.573304176330566,56.524986267089844],[12.656968116760254,56.319149017333984],[12.480693817138672,56.319149017333984],[12.477840423583984,56.182064056396484],[11.860556602478027,56.11355972290039],[11.768598556518555,55.83982467651367],[11.595718383789062,56.04508590698242],[11.331932067871094,56.04508590698242],[11.241952896118164,55.83982467651367],[10.890382766723633,55.77145767211914],[10.889443397521973,55.63479995727539],[11.064117431640625,55.56651306152344],[10.974503517150879,55.29362487792969],[11.497906684875488,55.225467681884766],[11.670741081237793,55.089229583740234],[11.66806411743164,54.88506317138672],[10.97249698638916,55.021148681640625],[10.88355827331543,54.74907684326172],[12.101152420043945,54.74907684326172],[12.107980728149414,55.15733337402344],[12.371088027954102,55.225467681884766],[12.375022888183594,55.430015563964844],[12.202529907226562,55.56651306152344],[12.555678367614746,55.70311737060547],[12.561474800109863,55.97663879394531],[12.908012390136719,55.77145767211914],[12.903090476989746,55.56651306152344],[12.726422309875488,55.498252868652344],[12.810799598693848,55.36180877685547],[14.296913146972656,55.36180877685547],[14.228706359863281,55.90821838378906],[14.319018363952637,55.97663879394531],[14.758404731750488,55.97663879394531],[14.76668930053711,56.182064056396484],[15.819687843322754,56.11355972290039],[16.094310760498047,56.319149017333984],[16.09789276123047,56.387733459472656],[15.928498268127441,56.524986267089844],[13.458279609680176,56.59365463256836],[13.291296005249023,56.937416076660156],[13.115922927856445,57.00625228881836],[13.119647979736328,57.14401626586914],[12.594780921936035,57.488929748535156],[12.597929954528809,57.62710189819336],[12.419615745544434,57.62710189819336],[12.333296775817871,57.7653923034668],[11.976224899291992,57.7653923034668],[11.795514106750488,57.62710189819336]]]]},"properties":{"Name":"Kingdom of Denmark","FromYear":990,"ToYear":1002,"Area":82591.99231498002,"Type":"POLITY","Wikipedia":"Danish Realm","Wikidata":"Q756617","SeshatID":"dk_danish_k","Components":"","MemberOf":"(Kingdom of Denmark)"}},
{"type":"Feature","geometry":{"type":"Polygon","coordinates":[[[1.485537886619568,42.62621307373047],[1.565624117851257,42.62621307373047],[1.8106621363112818,42.52866784360335],[1.892278909683228,42.496177673339844],[1.9692118274446895,42.5611808612159],[2.123147249221802,42.691246032714844],[2.12005877494812,42.75628662109375],[2.990521192550659,43.016544342041016],[2.987718343734741,43.08163070678711],[3.140029191970825,43.276947021484375],[3.617136240005493,43.407203674316406],[3.850892543792725,43.6026611328125],[4.173032760620117,43.6026611328125],[4.258322238922119,43.472347259521484],[4.338796615600586,43.472347259521484],[4.409977436065674,43.73301696777344],[4.571169853210449,43.73301696777344],[4.725685596466064,43.92862319946289],[4.476603984832764,44.12431716918945],[4.469520568847656,44.32010269165039],[4.057530879974365,44.5159797668457],[3.96091890335083,44.908016204833984],[4.123232841491699,44.908016204833984],[4.359247207641602,45.10417556762695],[4.351718902587891,45.300437927246094],[3.9422926902771,45.36587905883789],[4.012977600097656,45.62776184082031],[3.931468486785889,45.62776184082031],[3.917757511138916,45.95537567138672],[4.078399658203125,46.02093505859375],[3.985684394836426,46.283294677734375],[3.982912302017212,46.348915100097656],[4.064781188964844,46.348915100097656],[4.146650314331055,46.348915100097656],[4.143936634063721,46.414546966552734],[4.225839138031006,46.414546966552734],[4.231192111968994,46.283294677734375],[4.484376907348633,46.08650588989258],[4.88347053527832,46.348915100097656],[5.033018112182617,46.74290466308594],[5.276938438415527,46.808616638183594],[5.436686992645264,46.94007873535156],[5.432206630706787,47.07159423828125],[5.594502449035645,47.13737487792969],[5.576864242553711,47.664100646972656],[5.659412384033203,47.664100646972656],[5.657218933105469,47.730003356933594],[5.73980188369751,47.730003356933594],[5.822384834289551,47.730003356933594],[5.82025671005249,47.79592514038086],[5.818123817443848,47.86185836791992],[5.646180152893066,48.059749603271484],[5.480661869049072,48.059749603271484],[5.47376823425293,48.257774353027344],[5.305657386779785,48.323814392089844],[5.303273677825928,48.38986587524414],[4.883440971374512,48.52202224731445],[4.865273475646973,48.98506164550781],[5.026719093322754,49.11750411987305],[4.679802417755127,49.44889450073242],[4.576823711395264,49.91355895996094],[4.154837608337402,49.98000717163086],[4.071000099182129,49.98000717163086],[3.987162351608276,49.98000717163086],[3.9853179207258553,50.019852023945845],[3.984085559844971,50.04647445678711],[3.928069169403778,50.04647445678711],[3.900208711624146,50.04647445678711],[3.816332101821899,50.04647445678711],[3.813805670135091,50.09961050369186],[3.813170909881592,50.11296081542969],[3.7850972240923175,50.11296081542969],[3.729254722595215,50.11296081542969],[3.727973790228873,50.13952497179244],[3.726047992706299,50.17946243286133],[3.64209246635437,50.17946243286133],[3.638839721679688,50.2459831237793],[3.635580539703369,50.312522888183594],[3.632314682006836,50.37908172607422],[3.548239946365356,50.37908172607422],[3.538282871246338,50.578861236572266],[4.034165859222412,50.77880859375],[4.263070583343506,51.31283950805664],[3.504641532897949,51.24601745605469],[3.409677743911743,51.44654083251953],[3.324945688247681,51.44654083251953],[2.73940634727478,51.31283950805664],[2.577829360961914,51.17921447753906],[1.656218767166138,51.04566955566406],[1.495977640151978,50.912200927734375],[1.433403611183167,50.578861236572266],[1.442060351371765,50.445655822753906],[1.446373105049133,50.37908172607422],[1.45067572593689,50.312522888183594],[1.454967975616455,50.2459831237793],[1.370972871780396,50.2459831237793],[1.052847385406494,49.98000717163086],[0.224112883210182,49.84712600708008],[-0.012448177672923,49.64793395996094],[0.007001183927059,49.38258361816406],[-1.250783205032349,49.44889450073242],[-1.361783027648926,49.78071212768555],[-2.031550645828247,49.78071212768555],[-1.913302421569824,49.38258361816406],[-1.651668906211853,49.2500114440918],[-1.635041356086731,49.051273345947266],[-1.718345284461975,49.051273345947266],[-1.607621908187866,48.72037124633789],[-1.602181315422058,48.654239654541016],[-1.685264110565186,48.654239654541016],[-2.521934509277344,48.72037124633789],[-2.759404182434082,48.5881233215332],[-3.122164011001587,48.91886520385742],[-3.455082654953003,48.91886520385742],[-3.85184383392334,48.72037124633789],[-4.599917888641357,48.72037124633789],[-4.911745548248291,48.52202224731445],[-4.891265392303467,48.323814392089844],[-4.642560005187988,48.323814392089844],[-4.546383857727051,48.191749572753906],[-4.705362796783447,48.1257438659668],[-4.692053318023682,47.993770599365234],[-4.424368858337402,47.79592514038086],[-3.934937715530396,47.86185836791992],[-3.757235288619995,47.730003356933594],[-3.344320774078369,47.730003356933594],[-3.155531167984009,47.46647262573242],[-2.837259292602539,47.598209381103516],[-2.825755596160889,47.46647262573242],[-2.578423976898193,47.46647262573242],[-2.561590671539307,47.26897048950195],[-2.232228517532349,47.26897048950195],[-2.133697032928467,47.07159423828125],[-2.128328084945679,47.005828857421875],[-2.210532188415527,47.005828857421875],[-2.194406032562256,46.808616638183594],[-1.666043281555176,46.348915100097656],[-1.251809358596802,46.283294677734375],[-1.222735166549683,45.889827728271484],[-1.141096234321594,45.889827728271484],[-1.213142395019531,45.75876998901367],[-1.04058039188385,45.62776184082031],[-1.035891175270081,45.56227111816406],[-1.031213998794556,45.496795654296875],[-1.189373373985291,45.431331634521484],[-1.170574903488159,45.169586181640625],[-1.251859068870544,45.169586181640625],[-1.205376982688904,44.5159797668457],[-1.286344885826111,44.5159797668457],[-1.267958283424377,44.25482940673828],[-1.348801136016846,44.25482940673828],[-1.321390628814697,43.86341094970703],[-1.402047991752625,43.86341094970703],[-1.459883332252502,43.53750228881836],[-1.692170143127441,43.407203674316406],[-1.687574744224548,43.342071533203125],[-0.963850319385529,43.342071533203125],[-0.857915937900543,42.95146560668945],[-0.124003164470196,42.75628662109375],[0.600951313972473,42.691246032714844],[0.673818349838257,42.82133865356445],[0.994516909122467,42.82133865356445],[1.485537886619568,42.62621307373047]],[[1.778519153594971,50.445655822753906],[1.694404363632202,50.445655822753906],[1.663553849922349,50.49002937006923],[1.778519153594971,50.445655822753906]]]},"properties":{"Name":"(Kingdom of France)","FromYear":990,"ToYear":1002,"Area":420259.3192861916,"Type":"POLITY","Wikipedia":"Kingdom of France","Wikidata":"Q207162","SeshatID":"fr_capetian_k_1","Components":"County of Vexin;County of Champagne;Duchy of Brittany;Duchy of Gascony;County of Blôis;County of Rouergue;County of Anjou;Duchy of Normandy;County of Vermandois;County of Flanders;Kingdom of France;Duchy of Aquitaine;County of Toulouse;County of Maine","MemberOf":""}},
{"type":"Feature","geometry":{"type":"Polygon","coordinates":[[[1.607531428337097,41.781593322753906],[1.687242150306702,41.781593322753906],[2.07374382019043,42.041324615478516],[2.153568744659424,42.041324615478516],[2.541201114654541,42.30118942260742],[2.860961675643921,42.30118942260742],[2.855401039123535,42.43117141723633],[2.6954672188891635,42.43117141723633],[2.375411033630371,42.43117141723633],[2.29541277885437,42.43117141723633],[2.049241781234741,42.56119155883789],[2.0099777003965573,42.54492841054959],[1.892278909683228,42.496177673339844],[1.812251329421997,42.496177673339844],[1.748139262199402,42.17123794555664],[1.365143060684204,41.84651184082031],[1.368399381637573,41.781593322753906],[1.448110103607178,41.781593322753906],[1.527820706367493,41.781593322753906],[1.607531428337097,41.781593322753906]]]},"properties":{"Name":"County of Berga","FromYear":990,"ToYear":1002,"Area":4143.082386850203,"Type":"POLITY","Wikipedia":"Berga","Wikidata":"Q15487","SeshatID":"","Components":"","MemberOf":""}},
{"type":"Feature","geometry":{"type":"MultiPolygon","coordinates":[[[[-4.861302852630615,54.07062530517578],[-4.358400821685791,54.20612335205078],[-4.382591724395752,54.4095458984375],[-4.807900905609131,54.341712951660156],[-4.799596309661865,54.27390670776367],[-4.861302852630615,54.07062530517578]]],[[[-5.574207305908203,55.56651306152344],[-5.381163120269775,55.430015563964844],[-5.118756771087646,55.430015563964844],[-5.162932395935059,55.77145767211914],[-5.426101684570312,55.77145767211914],[-5.435160636901855,55.83982467651367],[-5.776993751525879,55.77145767211914],[-5.758538722991943,55.63479995727539],[-5.915220260620117,55.498252868652344],[-5.887563228607178,55.29362487792969],[-5.547083854675293,55.36180877685547],[-5.574207305908203,55.56651306152344]]],[[[-5.744916439056396,56.182064056396484],[-5.920981407165527,56.182064056396484],[-5.911541938781738,56.11355972290039],[-6.068491458892822,55.97663879394531],[-6.507877826690674,55.97663879394531],[-6.634748458862305,55.63479995727539],[-6.381457328796387,55.70311737060547],[-6.362338542938232,55.56651306152344],[-6.187198638916016,55.56651306152344],[-6.127885818481445,55.77145767211914],[-5.874032020568848,55.83982467651367],[-5.89273738861084,55.97663879394531],[-5.80486011505127,55.97663879394531],[-5.716982841491699,55.97663879394531],[-5.744916439056396,56.182064056396484]]],[[[-5.356418132781982,55.90821838378906],[-5.347386360168457,55.83982467651367],[-4.996309180010138,55.83982467651367],[-4.996289253234863,55.83982467651367],[-4.949496138044154,55.93101885548379],[-4.926087856292725,55.97663879394531],[-4.934909343719482,56.04508590698242],[-5.295677185058594,56.11355972290039],[-5.356418132781982,55.90821838378906]]],[[[-5.880262851715088,56.524986267089844],[-5.987764835357666,56.662349700927734],[-6.341366291046143,56.662349700927734],[-6.23344087600708,56.524986267089844],[-6.292484283447266,56.319149017333984],[-6.028073310852051,56.319149017333984],[-5.93993616104126,56.319149017333984],[-5.684883117675781,56.387733459472656],[-5.703673362731934,56.524986267089844],[-5.880262851715088,56.524986267089844]]],[[[-7.252153396606445,57.41988754272461],[-7.597294807434082,57.35087585449219],[-7.465542793273926,57.07511901855469],[-7.288100242614746,57.07511901855469],[-7.319843292236328,57.28189468383789],[-7.230959415435791,57.28189468383789],[-7.252153396606445,57.41988754272461]]],[[[-6.085347175598145,57.35087585449219],[-6.224331378936768,57.696231842041016],[-6.502223968505859,57.7653923034668],[-6.481740951538086,57.62710189819336],[-6.471539974212646,57.55800247192383],[-6.738846778869629,57.55800247192383],[-6.796852111816406,57.35087585449219],[-6.618975639343262,57.35087585449219],[-6.410901069641113,57.14401626586914],[-6.055799961090088,57.14401626586914],[-6.036232471466064,57.00625228881836],[-5.865286270595791,57.05216815955268],[-5.779839515686035,57.07511901855469],[-5.783054605307968,57.09805772211438],[-5.808821201324463,57.28189468383789],[-6.085347175598145,57.35087585449219]]],[[[-7.105842113494873,57.62710189819336],[-7.116456508636475,57.696231842041016],[-7.562519073486328,57.696231842041016],[-7.440887928009033,57.488929748535156],[-7.105842113494873,57.62710189819336]]],[[[-6.385126113891602,58.180992126464844],[-6.205919742584229,58.180992126464844],[-6.25730562210083,58.528167724609375],[-6.785952091217041,58.45867156982422],[-6.764688491821289,58.31977081298828],[-6.854404926300049,58.31977081298828],[-7.281157493591309,58.180992126464844],[-7.06976318359375,57.97305679321289],[-7.12709903717041,57.7653923034668],[-6.52281665802002,57.903804779052734],[-6.385126113891602,58.180992126464844]]],[[[-4.109583377838135,57.903804779052734],[-4.118414402008057,57.97305679321289],[-3.428223133087158,58.180992126464844],[-3.021383285522461,58.528167724609375],[-3.038006544113159,58.66725540161133],[-5.198037147521973,58.66725540161133],[-5.169017314910889,58.45867156982422],[-5.258847236633301,58.45867156982422],[-5.239514827728271,58.31977081298828],[-5.418947219848633,58.31977081298828],[-5.469630241394043,58.042335510253906],[-5.459936618804932,57.97305679321289],[-5.261979579925537,57.8345832824707],[-4.904685974121094,57.8345832824707],[-4.815362930297852,57.8345832824707],[-4.109583377838135,57.903804779052734]]],[[[-3.376785039901733,59.22488784790039],[-3.441113948822021,59.015533447265625],[-3.531404256820679,59.015533447265625],[-3.415184020996094,58.80647277832031],[-3.063107252120972,58.876129150390625],[-2.972933053970337,58.876129150390625],[-2.792584657669067,58.876129150390625],[-2.809081315994263,59.015533447265625],[-3.088408470153809,59.08528518676758],[-3.195853710174561,59.22488784790039],[-3.376785039901733,59.22488784790039]]],[[[-2.562593460083008,59.22488784790039],[-2.578956842422485,59.36461639404297],[-2.842337846755981,59.294734954833984],[-2.825665473937988,59.15507125854492],[-2.644851207733154,59.15507125854492],[-2.653059244155884,59.22488784790039],[-2.562593460083008,59.22488784790039]]],[[[12.169829190517511,60],[5.192194471418304,60],[5.18274974822998,59.99503707885742],[5.192312240600586,59.78459548950195],[5.283252716064453,59.78459548950195],[5.214344501495361,59.294734954833984],[5.848016262054443,59.294734954833984],[5.842586994171143,59.434532165527344],[6.026472091674805,59.36461639404297],[5.949085235595703,59.015533447265625],[5.497633457183838,59.015533447265625],[5.514988899230957,58.59769821166992],[5.700376510620117,58.45867156982422],[6.515511512756348,58.2503662109375],[6.611622333526611,58.042335510253906],[7.597545146942139,57.97305679321289],[8.66648006439209,58.31977081298828],[8.932857513427734,58.59769821166992],[9.112746238708496,58.59769821166992],[9.111583709716797,58.73685073852539],[9.381759643554688,58.73685073852539],[9.380940437316895,58.876129150390625],[9.561288833618164,58.876129150390625],[9.65099048614502,59.015533447265625],[10.012155532836914,58.94581604003906],[10.192960739135742,59.15507125854492],[10.373775482177734,59.15507125854492],[10.465357780456543,59.434532165527344],[10.374953269958496,59.504478454589844],[10.557076454162598,59.64447021484375],[10.555644989013672,59.36461639404297],[10.825811386108398,59.15507125854492],[11.09703254699707,59.15507125854492],[11.179258346557617,58.38920593261719],[11.358803749084473,58.38920593261719],[11.44500732421875,58.11164855957031],[11.712594985961914,58.042335510253906],[11.711545944213867,57.97305679321289],[11.890416145324707,57.97305679321289],[12.1627197265625,58.180992126464844],[12.08616828918457,58.876129150390625],[11.995993614196777,58.876129150390625],[12.006281852722168,59.434532165527344],[11.91563892364502,59.434532165527344],[11.924447059631348,59.92485809326172],[12.169829190517511,60]]]]},"properties":{"Name":"Old Kingdom of Norway","FromYear":990,"ToYear":1002,"Area":294853.3734240858,"Type":"POLITY","Wikipedia":"Norway","Wikidata":"Q202266","SeshatID":"no_norway_k_1","Components":"","MemberOf":""}},
{"type":"Feature","geometry":{"type":"Polygon","coordinates":[[[14.734869956970215,40.6791877746582],[14.81411075592041,40.6791877746582],[14.971100807189941,40.614410400390625],[14.963752746582031,40.29063034057617],[15.120414733886719,40.225894927978516],[15.199469566345215,40.225894927978516],[15.510844230651855,40.031734466552734],[15.589820861816406,40.031734466552734],[15.520606994628906,40.42012023925781],[15.441473007202148,40.42012023925781],[15.535787582397461,41.00318908691406],[15.377034187316895,41.00318908691406],[14.662647247314453,41.00318908691406],[14.583271026611328,41.00318908691406],[14.503893852233887,41.00318908691406],[14.579122543334961,40.80876541137695],[14.737711906433105,40.80876541137695],[14.734869956970215,40.6791877746582]]]},"properties":{"Name":"Principality of Salerno","FromYear":990,"ToYear":1045,"Area":5352.263670204023,"Type":"POLITY","Wikipedia":"Principality of Salerno","Wikidata":"Q1065299","SeshatID":"","Components":"","MemberOf":""}},
{"type":"Feature","geometry":{"type":"Polygon","coordinates":[[[5.818123817443848,47.86185836791992],[5.646180152893066,48.059749603271484],[5.480661869049072,48.059749603271484],[5.47376823425293,48.257774353027344],[5.305657386779785,48.323814392089844],[5.303273677825928,48.38986587524414],[4.883440971374512,48.52202224731445],[4.865273475646973,48.98506164550781],[5.026719093322754,49.11750411987305],[4.679802417755127,49.44889450073242],[4.576823711395264,49.91355895996094],[4.154837608337402,49.98000717163086],[4.083094596862793,49.71431350708008],[3.838290452957153,49.58156967163086],[3.847608327865601,49.38258361816406],[3.600340604782104,49.316287994384766],[3.619439125061035,48.91886520385742],[3.539405584335327,48.852684020996094],[3.456212759017944,48.852684020996094],[3.033406257629395,48.98506164550781],[2.79067063331604,48.852684020996094],[2.884289264678955,48.654239654541016],[3.057219743728638,48.52202224731445],[3.475459814071655,48.455936431884766],[3.736636638641357,48.191749572753906],[3.819467067718506,48.191749572753906],[3.91710352897644,47.86185836791992],[4.173548221588135,47.664100646972656],[4.338644027709961,47.664100646972656],[4.578328132629395,47.86185836791992],[4.572990417480469,47.993770599365234],[4.821161270141602,47.993770599365234],[5.249034404754639,47.598209381103516],[5.576864242553711,47.664100646972656],[5.659412384033203,47.664100646972656],[5.657218933105469,47.730003356933594],[5.73980188369751,47.730003356933594],[5.822384834289551,47.730003356933594],[5.82025671005249,47.79592514038086],[5.818123817443848,47.86185836791992]]]},"properties":{"Name":"County of Champagne","FromYear":990,"ToYear":1002,"Area":25320.702753067508,"Type":"POLITY","Wikipedia":"County of Champagne","Wikidata":"Q546266","SeshatID":"fr_capetian_k_1","Components":"","MemberOf":"(Kingdom of France)"}},
{"type":"Feature","geometry":{"type":"Polygon","coordinates":[[[-1.388491034507751,47.005828857421875],[-1.04985785484314,46.87434005737305],[0.177793234586716,46.94007873535156],[0.25996345281601,46.94007873535156],[0.342133671045303,46.94007873535156],[0.33779513835907,47.005828857421875],[0.419999241828918,47.005828857421875],[0.502203345298767,47.005828857421875],[0.584407448768616,47.005828857421875],[0.580159664154053,47.07159423828125],[0.489324986934662,47.20316696166992],[0.719330370426178,47.46647262573242],[-1.186995148658752,47.598209381103516],[-1.161801099777222,47.26897048950195],[-1.32141387462616,47.20316696166992],[-1.388491034507751,47.005828857421875]]]},"properties":{"Name":"County of Anjou","FromYear":990,"ToYear":1045,"Area":9486.535049553107,"Type":"POLITY","Wikipedia":"County of Anjou","Wikidata":"Q2991084","SeshatID":"fr_capetian_k_1","Components":"","MemberOf":"(Kingdom of France)"}},
{"type":"Feature","geometry":{"type":"Polygon","coordinates":[[[4.057530879974365,44.5159797668457],[3.96091890335083,44.908016204833984],[4.123232841491699,44.908016204833984],[4.359247207641602,45.10417556762695],[4.351718902587891,45.300437927246094],[3.9422926902771,45.36587905883789],[4.012977600097656,45.62776184082031],[3.931468486785889,45.62776184082031],[3.917757511138916,45.95537567138672],[4.078399658203125,46.02093505859375],[3.985684394836426,46.283294677734375],[3.982912302017212,46.348915100097656],[4.064781188964844,46.348915100097656],[4.146650314331055,46.348915100097656],[4.143936634063721,46.414546966552734],[4.225839138031006,46.414546966552734],[4.050973415374756,46.677207946777344],[3.060165882110596,46.808616638183594],[2.803918361663818,47.005828857421875],[2.793901681900024,47.20316696166992],[1.892255425453186,47.13737487792969],[1.320302486419678,47.07159423828125],[1.324244379997253,47.005828857421875],[1.332097887992859,46.87434005737305],[1.171804070472717,46.808616638183594],[0.580159664154053,47.07159423828125],[0.584407448768616,47.005828857421875],[0.502203345298767,47.005828857421875],[0.419999241828918,47.005828857421875],[0.33779513835907,47.005828857421875],[0.342133671045303,46.94007873535156],[0.25996345281601,46.94007873535156],[0.177793234586716,46.94007873535156],[-1.04985785484314,46.87434005737305],[-1.388491034507751,47.005828857421875],[-2.128328084945679,47.005828857421875],[-2.210532188415527,47.005828857421875],[-2.194406032562256,46.808616638183594],[-1.666043281555176,46.348915100097656],[-1.251809358596802,46.283294677734375],[-1.222735166549683,45.889827728271484],[-1.141096234321594,45.889827728271484],[-1.213142395019531,45.75876998901367],[-1.04058039188385,45.62776184082031],[-1.035891175270081,45.56227111816406],[-0.868325173854828,45.496795654296875],[-0.768676280975342,45.23500442504883],[-0.113881312310696,45.169586181640625],[-0.096927061676979,44.908016204833984],[-0.17808398604393,44.908016204833984],[-0.242211297154427,44.64661407470703],[0.336999505758286,44.45067596435547],[0.575914800167084,44.5159797668457],[0.911062240600586,44.32010269165039],[1.069124221801758,44.38538360595703],[1.061721682548523,44.5159797668457],[1.378401041030884,44.64661407470703],[1.448663711547852,44.842647552490234],[2.101012229919434,44.77729415893555],[2.195271015167236,44.5159797668457],[2.515990495681763,44.58129119873047],[2.584417343139648,44.842647552490234],[2.746667861938477,44.842647552490234],[3.082984685897827,44.58129119873047],[3.342884302139282,44.18956756591797],[3.585319757461548,44.18956756591797],[3.579905986785889,44.32010269165039],[3.814627170562744,44.5159797668457],[4.057530879974365,44.5159797668457]]]},"properties":{"Name":"Duchy of Aquitaine","FromYear":990,"ToYear":1002,"Area":106376.72306739412,"Type":"POLITY","Wikipedia":"Duchy of Aquitaine","Wikidata":"Q7703611","SeshatID":"fr_aquitania_duc_2","Components":"","MemberOf":"(Kingdom of France)"}},
{"type":"Feature","geometry":{"type":"MultiPolygon","coordinates":[[[[15.069417953491211,55.021148681640625],[15.077948570251465,55.225467681884766],[14.990630149841309,55.225467681884766],[14.64396858215332,55.29362487792969],[14.636160850524902,55.089229583740234],[15.069417953491211,55.021148681640625]]],[[[10.364044189453125,55.77145767211914],[10.539490699768066,55.77145767211914],[10.627213478088379,55.77145767211914],[10.62817668914795,55.97663879394531],[10.452422142028809,55.97663879394531],[10.364044189453125,55.77145767211914]]],[[[10.100866317749023,54.341712951660156],[10.187545776367188,54.341712951660156],[10.187661170959473,54.545284271240234],[9.9271879196167,54.545284271240234],[10.013643264770508,55.021148681640625],[9.926376342773438,55.089229583740234],[10.536654472351074,55.021148681640625],[10.535674095153809,54.74907684326172],[10.709615707397461,54.74907684326172],[10.884882926940918,54.95309066772461],[10.800582885742188,55.430015563964844],[10.625955581665039,55.498252868652344],[10.626581192016602,55.63479995727539],[9.750565528869629,55.56651306152344],[9.750177383422852,55.70311737060547],[9.925520896911621,55.70311737060547],[10.013073921203613,55.90821838378906],[10.276667594909668,55.97663879394531],[10.277146339416504,56.25059127807617],[10.36523151397705,56.25059127807617],[10.364885330200195,56.11355972290039],[10.540846824645996,56.11355972290039],[10.541122436523438,56.182064056396484],[10.805220603942871,56.182064056396484],[10.895707130432129,56.524986267089844],[10.277772903442383,56.59365463256836],[10.278702735900879,57.07511901855469],[10.545770645141602,57.28189468383789],[10.458671569824219,57.7653923034668],[9.923136711120605,57.696231842041016],[9.834181785583496,57.55800247192383],[9.655976295471191,57.55800247192383],[9.656455039978027,57.41988754272461],[9.39068603515625,57.21294021606445],[8.502391815185547,57.21294021606445],[8.239216804504395,57.00625228881836],[8.241414070129395,56.86860656738281],[8.152853965759277,56.86860656738281],[8.243602752685547,56.731075286865234],[7.979492664337158,56.662349700927734],[7.989406585693359,56.11355972290039],[8.077386856079102,56.11355972290039],[7.997951984405518,55.63479995727539],[8.085573196411133,55.63479995727539],[8.087891578674316,55.498252868652344],[8.350449562072754,55.498252868652344],[8.52729320526123,55.36180877685547],[8.529091835021973,55.225467681884766],[8.441773414611816,55.225467681884766],[8.534452438354492,54.817054748535156],[8.797733306884766,54.613189697265625],[8.799209594726562,54.47740173339844],[8.539765357971191,54.4095458984375],[8.54152774810791,54.27390670776367],[8.715572357177734,54.20612335205078],[8.802155494689941,54.20612335205078],[8.887362480163574,54.341712951660156],[9.148486137390137,54.20612335205078],[10.100866317749023,54.341712951660156]]],[[[11.795514106750488,57.62710189819336],[11.794431686401367,57.55800247192383],[11.792279243469238,57.41988754272461],[12.058022499084473,57.35087585449219],[12.14184856414795,57.07511901855469],[12.405158996582031,56.937416076660156],[12.402325630187988,56.799827575683594],[12.75311279296875,56.662349700927734],[12.749893188476562,56.524986267089844],[12.573304176330566,56.524986267089844],[12.656968116760254,56.319149017333984],[12.480693817138672,56.319149017333984],[12.477840423583984,56.182064056396484],[11.860556602478027,56.11355972290039],[11.768598556518555,55.83982467651367],[11.595718383789062,56.04508590698242],[11.331932067871094,56.04508590698242],[11.241952896118164,55.83982467651367],[10.890382766723633,55.77145767211914],[10.889443397521973,55.63479995727539],[11.064117431640625,55.56651306152344],[10.974503517150879,55.29362487792969],[11.497906684875488,55.225467681884766],[11.670741081237793,55.089229583740234],[11.66806411743164,54.88506317138672],[10.97249698638916,55.021148681640625],[10.88355827331543,54.74907684326172],[12.101152420043945,54.74907684326172],[12.107980728149414,55.15733337402344],[12.371088027954102,55.225467681884766],[12.375022888183594,55.430015563964844],[12.202529907226562,55.56651306152344],[12.555678367614746,55.70311737060547],[12.561474800109863,55.97663879394531],[12.908012390136719,55.77145767211914],[12.903090476989746,55.56651306152344],[12.726422309875488,55.498252868652344],[12.810799598693848,55.36180877685547],[14.296913146972656,55.36180877685547],[14.228706359863281,55.90821838378906],[14.319018363952637,55.97663879394531],[14.758404731750488,55.97663879394531],[14.76668930053711,56.182064056396484],[15.819687843322754,56.11355972290039],[16.094310760498047,56.319149017333984],[16.09789276123047,56.387733459472656],[15.928498268127441,56.524986267089844],[13.458279609680176,56.59365463256836],[13.291296005249023,56.937416076660156],[13.115922927856445,57.00625228881836],[13.119647979736328,57.14401626586914],[12.594780921936035,57.488929748535156],[12.597929954528809,57.62710189819336],[12.419615745544434,57.62710189819336],[12.333296775817871,57.7653923034668],[11.976224899291992,57.7653923034668],[11.795514106750488,57.62710189819336]]]]},"properties":{"Name":"(Kingdom of Denmark)","FromYear":990,"ToYear":1002,"Area":82591.99231498002,"Type":"POLITY","Wikipedia":"Danish Realm","Wikidata":"Q756617","SeshatID":"dk_danish_k","Components":"Kingdom of Denmark","MemberOf":""}},
{"type":"Feature","geometry":{"type":"Polygon","coordinates":[[[14.497147560119629,40.6791877746582],[14.49848461151123,40.74397277832031],[14.577752113342285,40.74397277832031],[14.65701961517334,40.74397277832031],[14.65562915802002,40.6791877746582],[14.734869956970215,40.6791877746582],[14.737711906433105,40.80876541137695],[14.579122543334961,40.80876541137695],[14.503893852233887,41.00318908691406],[14.424517631530762,41.00318908691406],[14.02643871307373,40.93837356567383],[14.421854972839355,40.873565673828125],[14.417906761169434,40.6791877746582],[14.497147560119629,40.6791877746582]]]},"properties":{"Name":"Duchy of Naples","FromYear":990,"ToYear":1027,"Area":745.9146429166059,"Type":"POLITY","Wikipedia":"Duchy of Naples","Wikidata":"Q1051600","SeshatID":"","Components":"","MemberOf":""}},
{"type":"Feature","geometry":{"type":"MultiPolygon","coordinates":[[[[14.76742172241211,42.10627746582031],[14.768959999084473,42.17123794555664],[14.689077377319336,42.17123794555664],[14.687567710876465,42.10627746582031],[14.76742172241211,42.10627746582031]]],[[[9.491888999938965,43.016544342041016],[9.331360816955566,43.016544342041016],[9.251097679138184,43.016544342041016],[9.17282485961914,42.75628662109375],[8.772740364074707,42.691246032714844],[8.534564018249512,42.496177673339844],[8.538846015930176,42.10627746582031],[8.700496673583984,41.911441802978516],[8.622743606567383,41.71668243408203],[8.782108306884766,41.71668243408203],[8.783942222595215,41.521995544433594],[9.1038236618042,41.32738494873047],[9.262411117553711,41.39224624633789],[9.49889087677002,41.781593322753906],[9.497812271118164,41.97637939453125],[9.577608108520508,41.97637939453125],[9.5735502243042,42.75628662109375],[9.49340534210205,42.75628662109375],[9.491888999938965,43.016544342041016]]],[[[10.45510196685791,42.88639831542969],[10.214488983154297,42.88639831542969],[10.134284973144531,42.88639831542969],[10.21481990814209,42.691246032714844],[10.455166816711426,42.691246032714844],[10.45510196685791,42.88639831542969]]],[[[14.5352144241333,52.250450134277344],[14.449965476989746,52.250450134277344],[13.174235343933105,52.38472366333008],[12.828912734985352,52.18334197998047],[12.402885437011719,52.18334197998047],[12.315593719482422,52.0491943359375],[11.719038963317871,51.98215103149414],[11.552154541015625,52.31757736206055],[11.637447357177734,52.31757736206055],[11.818037033081055,53.124786376953125],[11.47470760345459,53.124786376953125],[11.47608470916748,53.25962829589844],[11.132387161254883,53.25962829589844],[10.87536334991455,53.39456558227539],[10.789346694946289,53.39456558227539],[10.445427894592285,53.462066650390625],[10.359683990478516,53.664710998535156],[10.187295913696289,53.732303619384766],[10.187337875366211,53.86756134033203],[10.014577865600586,53.93522644042969],[10.100879669189453,54.27390670776367],[10.100866317749023,54.341712951660156],[9.148486137390137,54.20612335205078],[8.887362480163574,54.341712951660156],[8.802155494689941,54.20612335205078],[8.80289077758789,54.138362884521484],[8.892172813415527,53.86756134033203],[8.459527015686035,53.93522644042969],[8.37701416015625,53.664710998535156],[8.204607963562012,53.664710998535156],[8.120620727539062,53.52959060668945],[7.94840145111084,53.52959060668945],[8.032201766967773,53.664710998535156],[7.944795608520508,53.732303619384766],[7.082295417785645,53.732303619384766],[6.913325786590576,53.597137451171875],[6.916844367980957,53.462066650390625],[6.226210117340088,53.52959060668945],[5.542333602905273,53.39456558227539],[5.20894193649292,53.124786376953125],[5.385728359222412,52.99003219604492],[5.390830039978027,52.85536575317383],[5.136557102203369,52.78806686401367],[5.056382656097412,52.653533935546875],[4.879741191864014,52.78806686401367],[4.871281623840332,52.99003219604492],[4.699799060821533,52.99003219604492],[4.454747676849365,52.720787048339844],[4.463808536529541,52.51908493041992],[4.21693229675293,52.31757736206055],[4.223166942596436,52.18334197998047],[3.974021434783936,52.0491943359375],[3.980464458465576,51.91512680053711],[3.810401916503906,51.91512680053711],[3.81699013710022,51.78114318847656],[3.647099733352661,51.78114318847656],[3.738690614700317,51.64724349975586],[3.399252653121948,51.64724349975586],[3.40621018409729,51.51342010498047],[3.74860668182373,51.44654083251953],[3.494410037994385,51.44654083251953],[3.409677743911743,51.44654083251953],[3.504641532897949,51.24601745605469],[4.263070583343506,51.31283950805664],[4.034165859222412,50.77880859375],[3.538282871246338,50.578861236572266],[3.548239946365356,50.37908172607422],[3.632314682006836,50.37908172607422],[3.635580539703369,50.312522888183594],[3.64209246635437,50.17946243286133],[3.727973790228873,50.13952497179244],[3.7850972240923175,50.11296081542969],[3.813805670135091,50.09961050369186],[3.928069169403778,50.04647445678711],[3.9853179207258553,50.019852023945845],[4.071000099182129,49.98000717163086],[4.154837608337402,49.98000717163086],[4.576823711395264,49.91355895996094],[4.679802417755127,49.44889450073242],[5.026719093322754,49.11750411987305],[4.865273475646973,48.98506164550781],[4.883440971374512,48.52202224731445],[5.303273677825928,48.38986587524414],[5.305657386779785,48.323814392089844],[5.47376823425293,48.257774353027344],[5.480661869049072,48.059749603271484],[5.646180152893066,48.059749603271484],[5.818123817443848,47.86185836791992],[6.144739151000977,47.993770599365234],[6.80824613571167,47.92780685424805],[6.975266933441162,47.86185836791992],[7.149951457977295,47.46647262573242],[7.39728307723999,47.46647262573242],[7.476891040802002,47.598209381103516],[8.549562454223633,47.598209381103516],[8.550530433654785,47.53233337402344],[8.552461624145508,47.4006233215332],[8.309483528137207,47.13737487792969],[8.392777442932129,47.07159423828125],[8.311593055725098,47.005828857421875],[8.40284538269043,46.414546966552734],[7.918499946594238,46.02093505859375],[8.006918907165527,45.62776184082031],[7.356207847595215,45.56227111816406],[7.114676952362061,45.431331634521484],[7.037666320800781,45.23500442504883],[6.634309768676758,45.10417556762695],[6.637507915496826,44.973392486572266],[6.965181350708008,44.842647552490234],[6.895741939544678,44.32010269165039],[7.303933143615723,44.12431716918945],[7.625912189483643,44.18956756591797],[7.552080154418945,43.79821014404297],[7.632706642150879,43.79821014404297],[8.033902168273926,43.92862319946289],[8.431501388549805,44.38538360595703],[9.159077644348145,44.45067596435547],[9.7273588180542,44.12431716918945],[9.969700813293457,44.12431716918945],[9.889463424682617,43.99384307861328],[10.212339401245117,43.99384307861328],[10.535322189331055,43.08163070678711],[11.01634693145752,42.82133865356445],[11.015789985656738,42.62621307373047],[11.175962448120117,42.62621307373047],[11.255227088928223,42.43117141723633],[11.494861602783203,42.36617660522461],[11.574831008911133,42.36617660522461],[11.736565589904785,42.62621307373047],[12.0580472946167,42.75628662109375],[11.981149673461914,43.146724700927734],[11.820984840393066,43.211830139160156],[11.82194709777832,43.342071533203125],[12.224648475646973,43.407203674316406],[12.141195297241211,43.08163070678711],[12.301782608032227,43.08163070678711],[12.375204086303711,42.43117141723633],[12.615199089050293,42.43117141723633],[13.00974178314209,42.041324615478516],[13.328027725219727,41.97637939453125],[13.40574836730957,41.84651184082031],[13.804443359375,41.84651184082031],[13.96146297454834,41.71668243408203],[14.120827674865723,41.71668243408203],[14.365377426147461,41.97637939453125],[14.687567710876465,42.10627746582031],[14.607714653015137,42.10627746582031],[14.056464195251465,42.496177673339844],[13.901384353637695,42.75628662109375],[13.98537540435791,42.95146560668945],[13.747068405151367,43.08163070678711],[13.672640800476074,43.407203674316406],[13.355091094970703,43.6678352355957],[13.033763885498047,43.73301696777344],[13.035634994506836,43.86341094970703],[12.873446464538574,43.79821014404297],[12.312999725341797,44.18956756591797],[12.153728485107422,44.45067596435547],[12.157197952270508,44.842647552490234],[12.399906158447266,44.77729415893555],[12.40256118774414,45.03877639770508],[12.160021781921387,45.169586181640625],[12.161133766174316,45.300437927246094],[12.161685943603516,45.36587905883789],[11.998926162719727,45.36587905883789],[12.000378608703613,45.56227111816406],[12.164421081542969,45.693260192871094],[12.736748695373535,45.82429504394531],[12.818355560302734,45.82429504394531],[12.9815673828125,45.82429504394531],[13.061376571655273,45.693260192871094],[13.144780158996582,45.82429504394531],[13.714865684509277,45.75876998901367],[13.710229873657227,45.496795654296875],[13.628785133361816,45.496795654296875],[13.945749282836914,45.03877639770508],[14.026969909667969,45.03877639770508],[14.189410209655762,45.03877639770508],[14.196189880371094,45.36587905883789],[14.277569770812988,45.36587905883789],[14.44612979888916,45.62776184082031],[15.339118957519531,45.496795654296875],[15.264768600463867,45.75876998901367],[15.678460121154785,45.95537567138672],[15.604452133178711,46.21768569946289],[15.933717727661133,46.283294677734375],[16.019739151000977,46.414546966552734],[15.860001564025879,46.54585266113281],[15.864084243774414,46.677207946777344],[16.123157501220703,47.07159423828125],[16.138551712036133,47.53233337402344],[16.303508758544922,47.53233337402344],[16.3150634765625,47.86185836791992],[16.48518943786621,47.993770599365234],[16.984167098999023,48.059749603271484],[16.911911010742188,48.323814392089844],[16.829010009765625,48.323814392089844],[16.927988052368164,48.72037124633789],[16.179914474487305,48.72037124633789],[15.68774127960205,48.91886520385742],[14.940543174743652,48.98506164550781],[14.765128135681152,48.654239654541016],[14.182053565979004,48.5881233215332],[13.937092781066895,48.786521911621094],[13.605730056762695,48.852684020996094],[13.442953109741211,49.051273345947266],[13.276345252990723,49.051273345947266],[13.112967491149902,49.2500114440918],[12.69770336151123,49.38258361816406],[12.532414436340332,49.51522445678711],[12.534139633178711,49.64793395996094],[12.36764907836914,49.71431350708008],[12.370920181274414,49.98000717163086],[12.204005241394043,50.04647445678711],[12.20633602142334,50.2459831237793],[12.376081466674805,50.37908172607422],[12.796454429626465,50.37908172607422],[13.391927719116211,50.71213912963867],[14.153997421264648,50.84549331665039],[14.328418731689453,51.04566955566406],[14.497381210327148,51.04566955566406],[14.577799797058105,50.912200927734375],[15.255345344543457,50.97892379760742],[15.416954040527344,50.77880859375],[15.922855377197266,50.77880859375],[15.930866241455078,50.97892379760742],[15.680119514465332,51.04566955566406],[15.693191528320312,51.37968063354492],[15.528964042663574,51.51342010498047],[15.534167289733887,51.64724349975586],[15.27958869934082,51.64724349975586],[15.212130546569824,52.11625671386719],[14.786321640014648,52.11625671386719],[14.5352144241333,52.250450134277344]]]]},"properties":{"Name":"(Holy Roman Empire)","FromYear":990,"ToYear":1002,"Area":701749.3429996497,"Type":"POLITY","Wikipedia":"Holy Roman Empire","Wikidata":"Q12548","SeshatID":"de_empire_1","Components":"Holy Roman Empire","MemberOf":""}},
{"type":"Feature","geometry":{"type":"Polygon","coordinates":[[[-1.186995148658752,47.598209381103516],[-1.202268838882446,47.79592514038086],[-1.042080402374268,47.86185836791992],[-0.999997794628143,48.38986587524414],[-1.497624516487122,48.38986587524414],[-1.519098520278931,48.654239654541016],[-1.602181315422058,48.654239654541016],[-1.685264110565186,48.654239654541016],[-2.521934509277344,48.72037124633789],[-2.759404182434082,48.5881233215332],[-3.122164011001587,48.91886520385742],[-3.455082654953003,48.91886520385742],[-3.85184383392334,48.72037124633789],[-4.599917888641357,48.72037124633789],[-4.911745548248291,48.52202224731445],[-4.891265392303467,48.323814392089844],[-4.642560005187988,48.323814392089844],[-4.546383857727051,48.191749572753906],[-4.705362796783447,48.1257438659668],[-4.692053318023682,47.993770599365234],[-4.424368858337402,47.79592514038086],[-3.934937715530396,47.86185836791992],[-3.757235288619995,47.730003356933594],[-3.344320774078369,47.730003356933594],[-3.155531167984009,47.46647262573242],[-2.837259292602539,47.598209381103516],[-2.825755596160889,47.46647262573242],[-2.578423976898193,47.46647262573242],[-2.561590671539307,47.26897048950195],[-2.232228517532349,47.26897048950195],[-2.133697032928467,47.07159423828125],[-2.128328084945679,47.005828857421875],[-1.388491034507751,47.005828857421875],[-1.32141387462616,47.20316696166992],[-1.161801099777222,47.26897048950195],[-1.186995148658752,47.598209381103516]]]},"properties":{"Name":"Duchy of Brittany","FromYear":990,"ToYear":1146,"Area":37068.653384501406,"Type":"POLITY","Wikipedia":"Duchy of Brittany","Wikidata":"Q71747","SeshatID":"fr_capetian_k_1","Components":"","MemberOf":"(Kingdom of France)"}},
{"type":"Feature","geometry":{"type":"Polygon","coordinates":[[[0.924667775630951,48.1257438659668],[0.820296287536621,48.455936431884766],[0.981968343257904,48.52202224731445],[1.06497848033905,48.52202224731445],[1.060728430747986,48.5881233215332],[1.143774747848511,48.5881233215332],[1.226821184158325,48.5881233215332],[1.30986750125885,48.5881233215332],[1.305716156959534,48.654239654541016],[1.388798952102661,48.654239654541016],[1.693075060844421,49.11750411987305],[1.68902850151062,49.18375015258789],[1.772406935691833,49.18375015258789],[1.819613456726074,49.78071212768555],[1.454967975616455,50.2459831237793],[1.370972871780396,50.2459831237793],[1.052847385406494,49.98000717163086],[0.224112883210182,49.84712600708008],[-0.012448177672923,49.64793395996094],[0.007001183927059,49.38258361816406],[-1.250783205032349,49.44889450073242],[-1.361783027648926,49.78071212768555],[-2.031550645828247,49.78071212768555],[-1.913302421569824,49.38258361816406],[-1.651668906211853,49.2500114440918],[-1.635041356086731,49.051273345947266],[-1.718345284461975,49.051273345947266],[-1.607621908187866,48.72037124633789],[-1.602181315422058,48.654239654541016],[-1.519098520278931,48.654239654541016],[-1.497624516487122,48.38986587524414],[-0.999997794628143,48.38986587524414],[-0.580371201038361,48.323814392089844],[-0.092416204512119,48.455936431884766],[-0.000058500339946,48.323814392089844],[0.336079269647598,48.257774353027344],[0.436810165643692,47.993770599365234],[0.924667775630951,48.1257438659668]]]},"properties":{"Name":"Duchy of Normandy","FromYear":990,"ToYear":1065,"Area":37807.09803820147,"Type":"POLITY","Wikipedia":"Duchy of Normandy","Wikidata":"Q842091","SeshatID":"fr_capetian_k_1","Components":"","MemberOf":"(Kingdom of France)"}},
{"type":"Feature","geometry":{"type":"MultiPolygon","coordinates":[[[[5.576864242553711,47.664100646972656],[5.249034404754639,47.598209381103516],[4.821161270141602,47.993770599365234],[4.572990417480469,47.993770599365234],[4.578328132629395,47.86185836791992],[4.338644027709961,47.664100646972656],[4.173548221588135,47.664100646972656],[3.91710352897644,47.86185836791992],[3.819467067718506,48.191749572753906],[3.736636638641357,48.191749572753906],[3.475459814071655,48.455936431884766],[3.057219743728638,48.52202224731445],[2.884289264678955,48.654239654541016],[2.79067063331604,48.852684020996094],[3.033406257629395,48.98506164550781],[3.029973268508911,49.051273345947266],[2.946669578552246,49.051273345947266],[2.943191528320312,49.11750411987305],[2.613454103469849,49.051273345947266],[2.439435005187988,49.18375015258789],[2.189299345016479,49.18375015258789],[2.125128507614136,48.852684020996094],[1.800270676612854,48.72037124633789],[1.733008742332458,48.455936431884766],[1.685470700263977,47.86185836791992],[1.768123745918274,47.86185836791992],[1.892255425453186,47.13737487792969],[2.793901681900024,47.20316696166992],[2.803918361663818,47.005828857421875],[3.060165882110596,46.808616638183594],[4.050973415374756,46.677207946777344],[4.225839138031006,46.414546966552734],[4.231192111968994,46.283294677734375],[4.484376907348633,46.08650588989258],[4.88347053527832,46.348915100097656],[5.033018112182617,46.74290466308594],[5.276938438415527,46.808616638183594],[5.436686992645264,46.94007873535156],[5.432206630706787,47.07159423828125],[5.594502449035645,47.13737487792969],[5.576864242553711,47.664100646972656]]],[[[1.778519153594971,50.445655822753906],[1.694404363632202,50.445655822753906],[1.663553849922349,50.49002937006923],[1.6635538499223481,50.49002937006923],[1.601793885231018,50.578861236572266],[1.433403611183167,50.578861236572266],[1.442060351371765,50.445655822753906],[1.446373105049133,50.37908172607422],[1.790948271751404,50.2459831237793],[1.782671809196472,50.37908172607422],[1.778519153594971,50.445655822753906]]]]},"properties":{"Name":"Kingdom of France","FromYear":990,"ToYear":1002,"Area":49071.124060635375,"Type":"POLITY","Wikipedia":"Kingdom of France","Wikidata":"Q207162","SeshatID":"fr_capetian_k_1","Components":"","MemberOf":"(Kingdom of France)"}},
{"type":"Feature","geometry":{"type":"MultiPolygon","coordinates":[[[[45,35.7889945021121],[45,38.8309978705939],[44.89808654785156,38.67427444458008],[44.584285736083984,38.67427444458008],[44.485198974609375,38.54513168334961],[44.34591293334961,38.157840728759766],[44.30603790283203,37.89975357055664],[44.45244216918945,37.835243225097656],[44.354591369628906,37.706241607666016],[42.842708587646484,37.51277160644531],[42.6959114074707,37.5772590637207],[42.55543518066406,38.22237777709961],[42.477149963378906,38.22237777709961],[42.17344665527344,38.28691864013672],[41.81039047241211,37.38381576538086],[41.57643508911133,37.38381576538086],[41.59423065185547,37.51277160644531],[41.3779182434082,37.641746520996094],[41.39582061767578,37.7707405090332],[40.692726135253906,37.7707405090332],[39.39286422729492,37.38381576538086],[38.73698043823242,37.12596130371094],[38.72113037109375,36.9970588684082],[38.487579345703125,36.9970588684082],[38.394161224365234,36.8681755065918],[37.282623291015625,36.67487716674805],[37.027557373046875,36.48161697387695],[37.01310729980469,36.3527946472168],[36.688385009765625,36.2239875793457],[36.343345642089844,35.902034759521484],[36.35274124145508,35.258358001708984],[36.184871673583984,35.12965774536133],[36.165035247802734,34.93662643432617],[36.312767028808594,34.87228775024414],[36.29301834106445,34.679283142089844],[36.57500076293945,34.42197799682617],[36.619327545166016,34.10039138793945],[36.90087890625,33.84315490722656],[37.086021423339844,33.393062591552734],[37.3161506652832,33.393062591552734],[37.990238189697266,33.971771240234375],[38.14400100708008,33.971771240234375],[38.47935485839844,34.22901916503906],[39.12379455566406,34.48630142211914],[39.50897979736328,34.48630142211914],[39.72534942626953,34.3576545715332],[40.25685501098633,34.2933349609375],[40.395843505859375,34.164703369140625],[40.70359802246094,34.164703369140625],[40.91171646118164,33.971771240234375],[41.211639404296875,33.90746307373047],[41.27333068847656,33.77885055541992],[41.426979064941406,33.77885055541992],[41.48860549926758,33.65024948120117],[42.003082275390625,33.45735549926758],[42.064544677734375,33.32876968383789],[42.36363983154297,33.26447677612305],[42.57145309448242,33.71455001831055],[42.89459991455078,33.84315490722656],[43.242584228515625,34.164703369140625],[43.39646530151367,34.164703369140625],[43.660587310791016,34.42197799682617],[43.81462097167969,34.42197799682617],[43.92555618286133,34.679283142089844],[44.1740608215332,34.80794906616211],[44.40733337402344,35.38706970214844],[44.898380279541016,35.58015823364258],[45,35.7889945021121]]],[[[45,39.32491757740906],[45,39.70827102661133],[44.834251403808594,39.70827102661133],[44.869144439697266,39.449623107910156],[45,39.32491757740906]]],[[[44.731021881103516,41.781593322753906],[44.78639221191406,41.65177917480469],[44.89044189453125,41.781593322753906],[44.810733795166016,41.781593322753906],[44.731021881103516,41.781593322753906]]]]},"properties":{"Name":"Hamdanid Emirates","FromYear":990,"ToYear":1027,"Area":399524.87989325897,"Type":"POLITY","Wikipedia":"Hamdanid dynasty","Wikidata":"Q837187","SeshatID":"","Components":"","MemberOf":""}},
{"type":"Feature","geometry":{"type":"Polygon","coordinates":[[[42.92111587524414,39.57893371582031],[42.57534408569336,39.38497543334961],[42.46645736694336,39.19107437133789],[42.23051834106445,39.19107437133789],[42.13214874267578,39.06184005737305],[42.073856353759766,38.67427444458008],[42.496238708496094,38.351463317871094],[42.477149963378906,38.22237777709961],[42.55543518066406,38.22237777709961],[42.6959114074707,37.5772590637207],[42.842708587646484,37.51277160644531],[44.354591369628906,37.706241607666016],[44.45244216918945,37.835243225097656],[44.30603790283203,37.89975357055664],[44.34591293334961,38.157840728759766],[44.485198974609375,38.54513168334961],[44.584285736083984,38.67427444458008],[44.89808654785156,38.67427444458008],[45,38.8309978705939],[45,39.32491757740906],[44.869144439697266,39.449623107910156],[44.834251403808594,39.70827102661133],[44.51885986328125,39.70827102661133],[44.396663665771484,39.449623107910156],[43.99232482910156,39.38497543334961],[43.72480010986328,39.19107437133789],[43.420528411865234,39.25570297241211],[43.225868225097656,39.51427459716797],[42.92111587524414,39.57893371582031]]]},"properties":{"Name":"Kingdom of Vaspurakan","FromYear":990,"ToYear":1017,"Area":40951.50027502233,"Type":"POLITY","Wikipedia":"Kingdom of Vaspurakan","Wikidata":"Q5228183","SeshatID":"","Components":"","MemberOf":""}},
{"type":"Feature","geometry":{"type":"Polygon","coordinates":[[[19.039270401000977,49.316287994384766],[19.04685401916504,49.44889450073242],[18.71640396118164,49.51522445678711],[18.316205978393555,49.84712600708008],[18.323387145996094,49.98000717163086],[17.65599250793457,50.04647445678711],[17.57870101928711,50.17946243286133],[17.32683563232422,50.17946243286133],[17.08426284790039,50.37908172607422],[16.41730308532715,50.51224899291992],[16.338764190673828,50.64549255371094],[16.086057662963867,50.64549255371094],[15.922855377197266,50.77880859375],[15.416954040527344,50.77880859375],[15.255345344543457,50.97892379760742],[14.577799797058105,50.912200927734375],[14.497381210327148,51.04566955566406],[14.328418731689453,51.04566955566406],[14.153997421264648,50.84549331665039],[13.391927719116211,50.71213912963867],[12.796454429626465,50.37908172607422],[12.376081466674805,50.37908172607422],[12.20633602142334,50.2459831237793],[12.204005241394043,50.04647445678711],[12.370920181274414,49.98000717163086],[12.36764907836914,49.71431350708008],[12.534139633178711,49.64793395996094],[12.532414436340332,49.51522445678711],[12.69770336151123,49.38258361816406],[13.112967491149902,49.2500114440918],[13.276345252990723,49.051273345947266],[13.442953109741211,49.051273345947266],[13.605730056762695,48.852684020996094],[13.937092781066895,48.786521911621094],[14.182053565979004,48.5881233215332],[14.765128135681152,48.654239654541016],[14.940543174743652,48.98506164550781],[15.68774127960205,48.91886520385742],[16.179914474487305,48.72037124633789],[16.927988052368164,48.72037124633789],[17.429643630981445,48.786521911621094],[18.455095291137695,49.316287994384766],[19.039270401000977,49.316287994384766]]]},"properties":{"Name":"Duchy of Bohemia","FromYear":1000,"ToYear":1002,"Area":81126.01119849381,"Type":"POLITY","Wikipedia":"Duchy of Bohemia","Wikidata":"Q2162698","SeshatID":"cz_bohemian_duc","Components":"","MemberOf":""}},
{"type":"Feature","geometry":{"type":"MultiPolygon","coordinates":[[[[20.151897430419922,39.64360046386719],[20.073074340820312,39.64360046386719],[20.070056915283203,39.57893371582031],[20.148855209350586,39.57893371582031],[20.151897430419922,39.64360046386719]]],[[[27.792034149169922,43.016544342041016],[27.798458099365234,43.08163070678711],[27.985124588012695,43.342071533203125],[28.22636604309082,43.342071533203125],[28.159194946289062,43.472347259521484],[28.48109245300293,43.472347259521484],[28.616275787353516,43.99384307861328],[28.53555679321289,43.99384307861328],[28.576906204223633,44.38538360595703],[28.84072494506836,44.58129119873047],[28.802005767822266,44.973392486572266],[29.04557228088379,44.973392486572266],[29.024105072021484,44.77729415893555],[29.19350242614746,44.842647552490234],[29.274627685546875,44.842647552490234],[29.621288299560547,45.03877639770508],[29.66587257385254,45.431331634521484],[29.184673309326172,45.496795654296875],[28.756139755249023,45.300437927246094],[28.430747985839844,45.300437927246094],[28.274951934814453,45.36587905883789],[28.28878402709961,45.496795654296875],[28.051286697387695,45.56227111816406],[28.037626266479492,45.431331634521484],[27.786672592163086,45.36587905883789],[27.766572952270508,45.169586181640625],[27.92239761352539,45.10417556762695],[27.8887939453125,44.77729415893555],[27.726606369018555,44.77729415893555],[27.706735610961914,44.58129119873047],[27.86873435974121,44.58129119873047],[27.8487606048584,44.38538360595703],[27.929664611816406,44.38538360595703],[27.748062133789062,44.18956756591797],[26.36821174621582,44.12431716918945],[26.033266067504883,43.99384307861328],[25.767953872680664,43.73301696777344],[25.278797149658203,43.6678352355957],[24.80620765686035,43.79821014404297],[24.075435638427734,43.73301696777344],[23.92439079284668,43.86341094970703],[23.364660263061523,43.92862319946289],[23.469974517822266,44.25482940673828],[23.389131546020508,44.25482940673828],[23.332780838012695,44.58129119873047],[23.41872787475586,44.64661407470703],[22.942081451416016,44.77729415893555],[22.87523651123047,44.973392486572266],[22.879995346069336,45.03877639770508],[22.636333465576172,45.03877639770508],[22.541231155395508,44.842647552490234],[22.297855377197266,44.842647552490234],[22.126689910888672,44.71194839477539],[22.1177921295166,44.58129119873047],[21.87479591369629,44.58129119873047],[21.40547752380371,44.842647552490234],[21.080976486206055,44.842647552490234],[20.829694747924805,44.71194839477539],[20.590364456176758,44.77729415893555],[20.5284423828125,45.10417556762695],[20.288434982299805,45.169586181640625],[20.136940002441406,45.36587905883789],[19.885604858398438,45.23500442504883],[19.235076904296875,45.23500442504883],[19.14055824279785,44.973392486572266],[19.299577713012695,44.908016204833984],[19.28616714477539,44.64661407470703],[19.117544174194336,44.5159797668457],[19.107723236083984,44.32010269165039],[19.262819290161133,44.18956756591797],[19.097936630249023,44.12431716918945],[18.836687088012695,43.73301696777344],[18.648008346557617,43.146724700927734],[18.481433868408203,43.016544342041016],[19.63520050048828,42.041324615478516],[19.715024948120117,42.041324615478516],[19.708423614501953,41.911441802978516],[19.4691219329834,41.911441802978516],[19.49356680285067,41.8681494551423],[19.54244041442871,41.781593322753906],[19.422176361083984,40.93837356567383],[19.498455047607422,40.873565673828125],[19.254547119140625,40.74397277832031],[19.2486515045166,40.614410400390625],[19.48629379272461,40.614410400390625],[19.47136878967285,40.29063034057617],[19.62952995300293,40.29063034057617],[20.009418487548828,39.9670295715332],[19.918411254882812,39.70827102661133],[20.15495491027832,39.70827102661133],[20.29724884033203,39.38497543334961],[20.37596893310547,39.38497543334961],[22.411623001098633,39.19107437133789],[22.827943801879883,39.57893371582031],[22.674205780029297,39.64360046386719],[22.681964874267578,39.77294921875],[22.38565444946289,40.0964469909668],[22.5045223236084,40.74397277832031],[22.997167587280273,41.00318908691406],[23.473424911499023,41.00318908691406],[24.20674705505371,41.26253128051758],[24.52469253540039,41.26253128051758],[24.778104782104492,41.45711898803711],[24.798267364501953,41.71668243408203],[24.49448013305664,41.911441802978516],[24.504514694213867,42.041324615478516],[25.677125930786133,42.691246032714844],[25.75724220275879,42.691246032714844],[25.762855529785156,42.75628662109375],[27.792034149169922,43.016544342041016]]]]},"properties":{"Name":"First Bulgarian Empire","FromYear":1000,"ToYear":1002,"Area":281443.9594690918,"Type":"POLITY","Wikipedia":"First Bulgarian Empire","Wikidata":"Q203817","SeshatID":"bg_bulgaria_medieval","Components":"","MemberOf":""}},
{"type":"Feature","geometry":{"type":"Polygon","coordinates":[[[45,30.54264104114063],[45,35.7889945021121],[44.898380279541016,35.58015823364258],[44.40733337402344,35.38706970214844],[44.1740608215332,34.80794906616211],[43.92555618286133,34.679283142089844],[43.81462097167969,34.42197799682617],[43.660587310791016,34.42197799682617],[43.39646530151367,34.164703369140625],[43.242584228515625,34.164703369140625],[42.89459991455078,33.84315490722656],[42.57145309448242,33.71455001831055],[42.36363983154297,33.26447677612305],[42.42985153198242,31.8503360748291],[42.50613021850586,31.8503360748291],[42.47052764892578,31.528987884521484],[42.54671859741211,31.528987884521484],[42.68495178222656,30.69350814819336],[42.678192138671875,30.629240036010742],[43.23060989379883,30.822044372558594],[43.83867645263672,30.822044372558594],[44.28044509887695,30.69350814819336],[44.51554870605469,30.757776260375977],[45,30.54264104114063]]]},"properties":{"Name":"Buyid Dynasty","FromYear":1000,"ToYear":1027,"Area":1133689.4369505546,"Type":"POLITY","Wikipedia":"Buyid dynasty","Wikidata":"Q12536","SeshatID":"ir_buyid_confederation","Components":"","MemberOf":""}},
{"type":"Feature","geometry":{"type":"Polygon","coordinates":[[[2.082794904708862,41.84651184082031],[2.003055810928345,41.84651184082031],[1.923316836357117,41.84651184082031],[1.9248458477323265,41.81404681825846],[1.926374316215515,41.781593322753906],[1.846663594245911,41.781593322753906],[1.766952872276306,41.781593322753906],[1.687242150306702,41.781593322753906],[1.690376281738281,41.71668243408203],[1.61069393157959,41.71668243408203],[1.531011581420898,41.71668243408203],[1.451329112052917,41.71668243408203],[1.791565299034119,41.26253128051758],[1.871051788330078,41.26253128051758],[2.106574535369873,41.32738494873047],[2.333626985549927,41.586883544921875],[2.572504997253418,41.586883544921875],[3.116764783859253,41.911441802978516],[3.0208797131410683,42.301036494895904],[3.0208420753479,42.30118942260742],[3.020779261331527,42.30118942260742],[2.9409019947052,42.30118942260742],[2.860961675643921,42.30118942260742],[2.8237834800635557,42.236209869384766],[2.786609649658203,42.17123794555664],[2.706727266311646,42.17123794555664],[2.478624105453491,41.911441802978516],[2.082794904708862,41.84651184082031]]]},"properties":{"Name":"County of Barcelona","FromYear":1000,"ToYear":1002,"Area":6143.378154100525,"Type":"POLITY","Wikipedia":"Girona","Wikidata":"Q7038","SeshatID":"","Components":"","MemberOf":""}},
{"type":"Feature","geometry":{"type":"MultiPolygon","coordinates":[[[[16.09789276123047,56.387733459472656],[16.186080932617188,56.387733459472656],[16.193382263183594,56.524986267089844],[16.28167724609375,56.524986267089844],[16.266908645629883,56.25059127807617],[16.62702751159668,56.387733459472656],[16.739154815673828,56.799827575683594],[16.924457550048828,56.937416076660156],[16.936981201171875,57.14401626586914],[17.12316131591797,57.28189468383789],[17.131839752197266,57.41988754272461],[16.860679626464844,57.35087585449219],[16.56606674194336,56.86860656738281],[16.477506637573242,56.86860656738281],[16.500974655151367,57.28189468383789],[16.589859008789062,57.28189468383789],[16.71156883239746,57.8345832824707],[16.626346588134766,57.903804779052734],[16.813568115234375,58.042335510253906],[16.830646514892578,58.31977081298828],[16.6554012298584,58.38920593261719],[16.65959930419922,58.45867156982422],[15.22232437133789,58.45867156982422],[14.677458763122559,58.31977081298828],[12.1627197265625,58.180992126464844],[11.890416145324707,57.97305679321289],[11.711545944213867,57.97305679321289],[11.710500717163086,57.903804779052734],[11.70945930480957,57.8345832824707],[11.70842170715332,57.7653923034668],[11.70738697052002,57.696231842041016],[11.796599388122559,57.696231842041016],[11.795514106750488,57.62710189819336],[11.976224899291992,57.7653923034668],[12.333296775817871,57.7653923034668],[12.419615745544434,57.62710189819336],[12.597929954528809,57.62710189819336],[12.594780921936035,57.488929748535156],[13.119647979736328,57.14401626586914],[13.115922927856445,57.00625228881836],[13.291296005249023,56.937416076660156],[13.458279609680176,56.59365463256836],[15.928498268127441,56.524986267089844],[16.09789276123047,56.387733459472656]]],[[[18.230064392089844,57.8345832824707],[18.031593322753906,57.55800247192383],[18.02667236328125,57.488929748535156],[18.076435089111328,56.937416076660156],[18.342275619506836,56.937416076660156],[18.45128059387207,57.21294021606445],[18.911693572998047,57.41988754272461],[18.844388961791992,57.696231842041016],[19.03397560119629,57.8345832824707],[19.04520034790039,57.97305679321289],[18.598026275634766,57.97305679321289],[18.230064392089844,57.8345832824707]]]]},"properties":{"Name":"Scandinavian minor kingdoms","FromYear":1000,"ToYear":1002,"Area":53875.540632788405,"Type":"POLITY","Wikipedia":"Viking Age","Wikidata":"Q213649","SeshatID":"sv_scandinavian_minor_k","Components":"","MemberOf":""}},
{"type":"Feature","geometry":{"type":"Polygon","coordinates":[[[2.990521192550659,43.016544342041016],[2.12005877494812,42.75628662109375],[2.123147249221802,42.691246032714844],[2.043031692504883,42.691246032714844],[2.046140909194946,42.62621307373047],[1.966054797172546,42.62621307373047],[1.969184994697571,42.56119155883789],[1.9692118274446895,42.5611808612159],[2.0099777003965573,42.54492841054959],[2.458339214324951,42.36617660522461],[2.6954672188891635,42.43117141723633],[2.932636976242065,42.496177673339844],[3.012664318084717,42.496177673339844],[3.011283346325151,42.528674201634196],[2.993316411972046,42.95146560668945],[2.990521192550659,43.016544342041016]]]},"properties":{"Name":"County of Rosellón","FromYear":1000,"ToYear":1002,"Area":3794.691924191602,"Type":"POLITY","Wikipedia":"Roussillon","Wikidata":"Q13522657","SeshatID":"","Components":"","MemberOf":""}},
{"type":"Feature","geometry":{"type":"MultiPolygon","coordinates":[[[[15.148378372192383,44.45067596435547],[15.067441940307617,44.45067596435547],[15.065731048583984,44.38538360595703],[15.146636962890625,44.38538360595703],[15.148378372192383,44.45067596435547]]],[[[15.067441940307617,44.45067596435547],[15.06858201388312,44.49419194994971],[15.06915283203125,44.5159797668457],[15.028629145527555,44.5159797668457],[14.988184928894043,44.5159797668457],[14.986505508422852,44.45067596435547],[15.067441940307617,44.45067596435547]]],[[[14.502378463745117,44.5159797668457],[14.51131820678711,44.908016204833984],[14.350428581237793,44.973392486572266],[14.269240379333496,44.973392486572266],[14.260871887207031,44.58129119873047],[14.502378463745117,44.5159797668457]]],[[[14.515777587890625,45.10417556762695],[14.757952513026673,45.03877670306789],[14.757953643798828,45.03877639770508],[14.757952549930629,45.03877822926232],[14.705873954494141,45.12597788336516],[14.679829597473145,45.169586181640625],[14.59854507446289,45.169586181640625],[14.517261505126953,45.169586181640625],[14.515777587890625,45.10417556762695]]],[[[13.945749282836914,45.03877639770508],[13.628785133361816,45.496795654296875],[13.547340393066406,45.496795654296875],[13.702088356018066,45.03877639770508],[13.783308029174805,45.03877639770508],[13.782108306884766,44.973392486572266],[13.780906677246094,44.908016204833984],[13.86206340789795,44.908016204833984],[13.943220138549805,44.908016204833984],[13.944485664367676,44.973392486572266],[13.945749282836914,45.03877639770508]]],[[[12.161685943603516,45.36587905883789],[12.162237167358398,45.431331634521484],[12.816752433776855,45.693260192871094],[13.060476303100586,45.62776184082031],[12.9815673828125,45.82429504394531],[12.818355560302734,45.82429504394531],[12.736748695373535,45.82429504394531],[12.164421081542969,45.693260192871094],[12.000378608703613,45.56227111816406],[11.998926162719727,45.36587905883789],[12.161685943603516,45.36587905883789]]],[[[17.510494232177734,42.82133865356445],[17.50791358947754,42.75628662109375],[17.588058471679688,42.75628662109375],[17.590667724609375,42.82133865356445],[17.510494232177734,42.82133865356445]]],[[[17.520870208740234,43.08163070678711],[17.440576553344727,43.08163070678711],[17.36028289794922,43.08163070678711],[17.35774040222168,43.016544342041016],[17.515670776367188,42.95146560668945],[17.518270340175995,43.016544342041016],[17.520870208740234,43.08163070678711]]],[[[15.618592262268066,43.92862319946289],[15.616673469543457,43.86341094970703],[15.935225486755371,43.73301696777344],[16.01169204711914,43.6026611328125],[15.927099227905273,43.472347259521484],[16.575437545776367,43.6026611328125],[16.734172821044922,43.53750228881836],[16.727190017700195,43.342071533203125],[17.05129051208496,43.407203674316406],[17.12186050415039,43.146724700927734],[17.2850284576416,43.211830139160156],[17.36538314819336,43.211830139160156],[17.053739547729492,43.472347259521484],[17.05619239807129,43.53750228881836],[16.97568702697754,43.53750228881836],[16.89518165588379,43.53750228881836],[16.814678192138672,43.53750228881836],[16.81704330444336,43.6026611328125],[16.736507415771484,43.6026611328125],[16.655973434448242,43.6026611328125],[16.41880226135254,43.73301696777344],[16.096418380737305,43.73301696777344],[15.860657691955566,43.92862319946289],[15.618592262268066,43.92862319946289]]],[[[15.146636962890625,44.38538360595703],[15.144895553588867,44.32010269165039],[15.14315414428711,44.25482940673828],[15.223997116088867,44.25482940673828],[15.2222261428833,44.18956756591797],[15.22045612335205,44.12431716918945],[15.459075927734375,43.99384307861328],[15.374701499938965,43.86341094970703],[15.537904739379883,43.92862319946289],[15.618592262268066,43.92862319946289],[15.382017135620117,44.12431716918945],[15.387516975402832,44.32010269165039],[15.146636962890625,44.38538360595703]]]]},"properties":{"Name":"Republic of Venice","FromYear":1000,"ToYear":1033,"Area":6982.186730397622,"Type":"POLITY","Wikipedia":"Republic of Venice","Wikidata":"Q4948","SeshatID":"","Components":"","MemberOf":""}},
{"type":"Feature","geometry":{"type":"Polygon","coordinates":[[[2.932636976242065,42.496177673339844],[2.935399532318115,42.43117141723633],[3.020779261331527,42.30118942260742],[3.0208797131410683,42.301036494895904],[3.106138944625854,42.17123794555664],[3.178062200546265,42.36617660522461],[3.098093032836914,42.36617660522461],[3.089980125427246,42.56119155883789],[3.011283346325151,42.528674201634196],[2.932636976242065,42.496177673339844]]]},"properties":{"Name":"County of Ampuria","FromYear":1000,"ToYear":1002,"Area":404.42592515401157,"Type":"POLITY","Wikipedia":"County of Empúries","Wikidata":"Q1541699","SeshatID":"","Components":"","MemberOf":""}},
{"type":"Feature","geometry":{"type":"Polygon","coordinates":[[[1.485537886619568,42.62621307373047],[1.10908055305481,42.17123794555664],[1.122575044631958,41.911441802978516],[1.202342629432678,41.911441802978516],[1.205664873123169,41.84651184082031],[1.285403966903687,41.84651184082031],[1.365143060684204,41.84651184082031],[1.748139262199402,42.17123794555664],[1.812251329421997,42.496177673339844],[1.8106621363112818,42.52866784360335],[1.80907130241394,42.56119155883789],[1.72901451587677,42.56119155883789],[1.725796341896057,42.62621307373047],[1.645710229873657,42.62621307373047],[1.565624117851257,42.62621307373047],[1.485537886619568,42.62621307373047]]]},"properties":{"Name":"County of Urgell","FromYear":1000,"ToYear":1014,"Area":3260.359268167444,"Type":"POLITY","Wikipedia":"County of Urgell","Wikidata":"Q1514510","SeshatID":"","Components":"","MemberOf":""}},
{"type":"Feature","geometry":{"type":"Polygon","coordinates":[[[22.879995346069336,45.03877639770508],[22.88475799560547,45.10417556762695],[22.975616455078125,45.23500442504883],[23.468515396118164,45.300437927246094],[23.565006256103516,45.496795654296875],[24.216562271118164,45.496795654296875],[24.716262817382812,45.62776184082031],[25.199602127075195,45.56227111816406],[25.129499435424805,45.693260192871094],[25.37412452697754,45.693260192871094],[25.54894256591797,45.82429504394531],[25.70621681213379,45.75876998901367],[25.817745208740234,46.08650588989258],[25.981220245361328,46.08650588989258],[25.754018783569336,46.283294677734375],[25.638404846191406,46.808616638183594],[25.41004753112793,47.005828857421875],[25.51044273376465,47.20316696166992],[25.3458309173584,47.20316696166992],[25.193153381347656,47.33478927612305],[25.205156326293945,47.46647262573242],[24.89310073852539,47.664100646972656],[24.987621307373047,47.79592514038086],[24.668914794921875,47.92780685424805],[24.692678451538086,48.191749572753906],[24.444189071655273,48.191749572753906],[24.30779457092285,48.52202224731445],[24.13595199584961,48.455936431884766],[23.826892852783203,48.72037124633789],[23.743772506713867,48.72037124633789],[22.85087776184082,48.98506164550781],[22.86171531677246,49.11750411987305],[22.445011138916016,49.11750411987305],[21.71979522705078,49.44889450073242],[21.469205856323242,49.44889450073242],[21.385677337646484,49.44889450073242],[20.95870590209961,49.316287994384766],[20.21193504333496,49.38258361816406],[20.11991310119629,49.2500114440918],[19.611412048339844,49.11750411987305],[19.28963279724121,49.316287994384766],[19.039270401000977,49.316287994384766],[18.455095291137695,49.316287994384766],[17.429643630981445,48.786521911621094],[16.927988052368164,48.72037124633789],[16.829010009765625,48.323814392089844],[16.911911010742188,48.323814392089844],[16.984167098999023,48.059749603271484],[16.48518943786621,47.993770599365234],[16.3150634765625,47.86185836791992],[16.303508758544922,47.53233337402344],[16.138551712036133,47.53233337402344],[16.123157501220703,47.07159423828125],[15.864084243774414,46.677207946777344],[15.860001564025879,46.54585266113281],[16.019739151000977,46.414546966552734],[16.183542251586914,46.414546966552734],[16.436054229736328,46.61152267456055],[17.151081085205078,46.02093505859375],[17.87512969970703,45.75876998901367],[18.446147918701172,45.75876998901367],[18.77879524230957,45.889827728271484],[18.9258975982666,45.56227111816406],[19.007373809814453,45.56227111816406],[19.004117965698242,45.496795654296875],[18.997617721557617,45.36587905883789],[19.235076904296875,45.23500442504883],[19.885604858398438,45.23500442504883],[20.136940002441406,45.36587905883789],[20.288434982299805,45.169586181640625],[20.5284423828125,45.10417556762695],[20.590364456176758,44.77729415893555],[20.829694747924805,44.71194839477539],[21.080976486206055,44.842647552490234],[21.40547752380371,44.842647552490234],[21.87479591369629,44.58129119873047],[22.1177921295166,44.58129119873047],[22.126689910888672,44.71194839477539],[22.297855377197266,44.842647552490234],[22.541231155395508,44.842647552490234],[22.636333465576172,45.03877639770508],[22.879995346069336,45.03877639770508]]]},"properties":{"Name":"Kingdom of Hungary","FromYear":1000,"ToYear":1002,"Area":271924.5648977949,"Type":"POLITY","Wikipedia":"Kingdom of Hungary","Wikidata":"Q171150","SeshatID":"hu_arpad_dyn","Components":"","MemberOf":""}},
{"type":"Feature","geometry":{"type":"MultiPolygon","coordinates":[[[[1.690376281738281,41.71668243408203],[1.607531428337097,41.781593322753906],[1.527820706367493,41.781593322753906],[1.451329112052917,41.71668243408203],[1.531011581420898,41.71668243408203],[1.61069393157959,41.71668243408203],[1.690376281738281,41.71668243408203]]],[[[2.860961675643921,42.30118942260742],[2.541201114654541,42.30118942260742],[2.153568744659424,42.041324615478516],[2.156565189361572,41.97637939453125],[2.129974692981139,41.97637939453125],[2.153568744659424,42.041324615478516],[2.07374382019043,42.041324615478516],[1.687242150306702,41.781593322753906],[1.766952872276306,41.781593322753906],[1.9248458477323265,41.81404681825846],[2.082794904708862,41.84651184082031],[2.478624105453491,41.911441802978516],[2.706727266311646,42.17123794555664],[2.786609649658203,42.17123794555664],[2.783819437026978,42.236209869384766],[2.8237834800635557,42.236209869384766],[2.863730669021606,42.236209869384766],[2.860961675643921,42.30118942260742]]],[[[2.860961675643921,42.30118942260742],[2.9409019947052,42.30118942260742],[2.938154458999634,42.36617660522461],[2.858185291290283,42.36617660522461],[2.860961675643921,42.30118942260742]]]]},"properties":{"Name":"County of Osona","FromYear":1000,"ToYear":1002,"Area":2113.287267441124,"Type":"POLITY","Wikipedia":"County of Osona","Wikidata":"Q1541779","SeshatID":"","Components":"","MemberOf":""}},
{"type":"Feature","geometry":{"type":"Polygon","coordinates":[[[18.9258975982666,45.56227111816406],[18.77879524230957,45.889827728271484],[18.446147918701172,45.75876998901367],[17.87512969970703,45.75876998901367],[17.151081085205078,46.02093505859375],[16.436054229736328,46.61152267456055],[16.183542251586914,46.414546966552734],[16.019739151000977,46.414546966552734],[15.933717727661133,46.283294677734375],[15.604452133178711,46.21768569946289],[15.678460121154785,45.95537567138672],[15.264768600463867,45.75876998901367],[15.339118957519531,45.496795654296875],[14.44612979888916,45.62776184082031],[14.277569770812988,45.36587905883789],[14.358949661254883,45.36587905883789],[14.603090286254883,45.36587905883789],[14.59854507446289,45.169586181640625],[14.705873954494141,45.12597788336516],[14.759533882141113,45.10417556762695],[14.757952549930629,45.03877822926232],[14.757952513026673,45.03877670306789],[14.75637149810791,44.973392486572266],[14.91874885559082,44.973392486572266],[14.908865928649902,44.58129119873047],[15.028629145527555,44.5159797668457],[15.06858201388312,44.49419194994971],[15.148378372192383,44.45067596435547],[15.146636962890625,44.38538360595703],[15.387516975402832,44.32010269165039],[15.382017135620117,44.12431716918945],[15.618592262268066,43.92862319946289],[15.860657691955566,43.92862319946289],[16.096418380737305,43.73301696777344],[16.41880226135254,43.73301696777344],[16.655973434448242,43.6026611328125],[16.736507415771484,43.6026611328125],[16.81704330444336,43.6026611328125],[16.814678192138672,43.53750228881836],[16.89518165588379,43.53750228881836],[16.97568702697754,43.53750228881836],[17.05619239807129,43.53750228881836],[17.053739547729492,43.472347259521484],[17.36538314819336,43.211830139160156],[17.362831115722656,43.146724700927734],[17.443153381347656,43.146724700927734],[17.440576553344727,43.08163070678711],[17.520870208740234,43.08163070678711],[17.518268585205078,43.016544342041016],[17.518270340175995,43.016544342041016],[17.678796768188477,43.016544342041016],[17.764448165893555,43.146724700927734],[18.085742950439453,43.146724700927734],[18.240642547607422,43.016544342041016],[18.481433868408203,43.016544342041016],[18.648008346557617,43.146724700927734],[18.836687088012695,43.73301696777344],[19.097936630249023,44.12431716918945],[19.262819290161133,44.18956756591797],[19.107723236083984,44.32010269165039],[19.117544174194336,44.5159797668457],[19.28616714477539,44.64661407470703],[19.299577713012695,44.908016204833984],[19.14055824279785,44.973392486572266],[19.235076904296875,45.23500442504883],[18.997617721557617,45.36587905883789],[19.004117965698242,45.496795654296875],[18.92267417907715,45.496795654296875],[18.9258975982666,45.56227111816406]]]},"properties":{"Name":"Kingdom of Croatia","FromYear":1000,"ToYear":1017,"Area":90472.30759739893,"Type":"POLITY","Wikipedia":"Kingdom of Croatia (925–1102)","Wikidata":"Q858841","SeshatID":"hr_croatia_k","Components":"","MemberOf":""}},
{"type":"Feature","geometry":{"type":"Polygon","coordinates":[[[16.65959930419922,58.45867156982422],[16.74942970275879,58.45867156982422],[17.126813888549805,58.73685073852539],[17.487049102783203,58.73685073852539],[17.496623992919922,58.876129150390625],[17.947494506835938,58.876129150390625],[18.143529891967773,59.08528518676758],[18.414575576782227,59.08528518676758],[18.351261138916016,59.434532165527344],[18.628820419311523,59.504478454589844],[18.827571868896484,59.714515686035156],[19.00933265686035,59.714515686035156],[19.033178329467773,59.99503707885742],[19.027153356136658,60],[12.169829190517511,60],[11.924447059631348,59.92485809326172],[11.91563892364502,59.434532165527344],[12.006281852722168,59.434532165527344],[11.995993614196777,58.876129150390625],[12.08616828918457,58.876129150390625],[12.1627197265625,58.180992126464844],[14.677458763122559,58.31977081298828],[15.22232437133789,58.45867156982422],[16.65959930419922,58.45867156982422]]]},"properties":{"Name":"Kingdom of Sweden","FromYear":1000,"ToYear":1002,"Area":91890.54621124295,"Type":"POLITY","Wikipedia":"Sweden","Wikidata":"Q34","SeshatID":"sv_swedish_k_1","Components":"","MemberOf":""}},
{"type":"Feature","geometry":{"type":"Polygon","coordinates":[[[45,39.70827102661133],[45,41.26253128051758],[44.31682205200195,41.26253128051758],[44.237335205078125,41.26253128051758],[43.97562789916992,41.132843017578125],[43.57847213745117,41.132843017578125],[43.47627258300781,41.00318908691406],[43.14754867553711,40.93837356567383],[43.10306167602539,40.6791877746582],[42.77518081665039,40.614410400390625],[42.8050651550293,39.8376350402832],[42.88396453857422,39.8376350402832],[42.92111587524414,39.57893371582031],[43.225868225097656,39.51427459716797],[43.420528411865234,39.25570297241211],[43.72480010986328,39.19107437133789],[43.99232482910156,39.38497543334961],[44.396663665771484,39.449623107910156],[44.51885986328125,39.70827102661133],[44.834251403808594,39.70827102661133],[45,39.70827102661133]]]},"properties":{"Name":"Bagratid Armenia","FromYear":1000,"ToYear":1009,"Area":53252.79464229351,"Type":"POLITY","Wikipedia":"Bagratid Armenia","Wikidata":"Q2622868","SeshatID":"","Components":"","MemberOf":""}},
{"type":"Feature","geometry":{"type":"MultiPolygon","coordinates":[[[[-8.122167587280273,52.11625671386719],[-8.708573341369629,52.0491943359375],[-8.575459480285645,51.71418380737305],[-8.160277366638184,51.78114318847656],[-8.075331687927246,51.78114318847656],[-8.018278121948242,51.98215103149414],[-8.122167587280273,52.11625671386719]]],[[[-8.37929916381836,52.720787048339844],[-8.464859962463379,52.720787048339844],[-8.455059051513672,52.653533935546875],[-8.36954402923584,52.653533935546875],[-8.37929916381836,52.720787048339844]]],[[[-7.401244163513184,52.4518928527832],[-7.648098468780518,52.38472366333008],[-7.611197948455811,52.11625671386719],[-7.526036262512207,52.11625671386719],[-7.015066146850586,52.11625671386719],[-7.401244163513184,52.4518928527832]]],[[[-6.308518409729004,52.586299896240234],[-6.56493091583252,52.586299896240234],[-6.794724464416504,52.38472366333008],[-6.785901069641113,52.31757736206055],[-6.768329620361328,52.18334197998047],[-6.427507877349854,52.18334197998047],[-6.282699584960938,52.38472366333008],[-6.308518409729004,52.586299896240234]]],[[[-6.308518409729004,52.586299896240234],[-6.14614200592041,52.653533935546875],[-6.180641651153564,52.92268753051758],[-6.428932189941406,52.85536575317383],[-6.402688503265381,52.653533935546875],[-6.317173004150391,52.653533935546875],[-6.308518409729004,52.586299896240234]]],[[[-6.087455749511719,53.52959060668945],[-6.191301822662354,53.664710998535156],[-6.613202571868896,53.597137451171875],[-6.604113101959229,53.52959060668945],[-6.844058990478516,53.39456558227539],[-6.807595729827881,53.124786376953125],[-6.473160743713379,53.192195892333984],[-6.094945907592773,52.92268753051758],[-6.14714241027832,53.32708740234375],[-6.241942882537842,53.39456558227539],[-6.087455749511719,53.52959060668945]]]]},"properties":{"Name":"Viking settlements","FromYear":1000,"ToYear":1002,"Area":35261.49056006048,"Type":"POLITY","Wikipedia":"Vikings","Wikidata":"Q12567","SeshatID":"no_viking_settlements","Components":"","MemberOf":""}},
{"type":"Feature","geometry":{"type":"MultiPolygon","coordinates":[[[[24.156919479370117,35.51579284667969],[23.615402221679688,35.51579284667969],[23.679210662841797,35.258358001708984],[24.44841766357422,35.194007873535156],[24.52567481994629,35.194007873535156],[24.7574462890625,35.194007873535156],[24.823745727539062,35.00096893310547],[26.140073776245117,35.065311431884766],[26.22533416748047,35.194007873535156],[25.680648803710938,35.12965774536133],[25.69233512878418,35.32271194458008],[24.30097007751465,35.32271194458008],[24.149879455566406,35.38706970214844],[24.156919479370117,35.51579284667969]]],[[[22.887205123901367,36.417205810546875],[22.87404441833496,36.15959167480469],[23.10675048828125,36.15959167480469],[23.116798400878906,36.3527946472168],[22.964859008789062,36.417205810546875],[22.887205123901367,36.417205810546875]]],[[[24.28331756591797,37.706241607666016],[24.201318740844727,37.641746520996094],[24.27158546447754,37.51277160644531],[24.43158721923828,37.5772590637207],[24.36141586303711,37.706241607666016],[24.28331756591797,37.706241607666016]]],[[[25.0518856048584,37.51277160644531],[25.285974502563477,37.51277160644531],[25.220497131347656,37.706241607666016],[25.064300537109375,37.706241607666016],[24.986202239990234,37.706241607666016],[25.0518856048584,37.51277160644531]]],[[[20.621307373046875,37.89975357055664],[20.612695693969727,37.706241607666016],[20.922147750854492,37.641746520996094],[20.933977127075195,37.89975357055664],[20.69947624206543,37.89975357055664],[20.621307373046875,37.89975357055664]]],[[[24.694225311279297,38.028785705566406],[24.681930541992188,37.835243225097656],[24.830005645751953,37.706241607666016],[25.068470001220703,37.7707405090332],[24.772438049316406,38.028785705566406],[24.694225311279297,38.028785705566406]]],[[[20.319902420043945,38.157840728759766],[20.7864933013916,38.09331130981445],[20.795446395874023,38.28691864013672],[20.566410064697266,38.416015625],[20.488054275512695,38.416015625],[20.328466415405273,38.351463317871094],[20.319902420043945,38.157840728759766]]],[[[23.563383102416992,38.738853454589844],[23.56732749938965,38.80344009399414],[23.488826751708984,38.80344009399414],[23.484909057617188,38.738853454589844],[23.563383102416992,38.738853454589844]]],[[[24.364974975585938,38.997230529785156],[24.35651969909668,38.8680305480957],[24.662033081054688,38.738853454589844],[24.674930572509766,38.93262481689453],[24.443546295166016,38.997230529785156],[24.364974975585938,38.997230529785156]]],[[[19.918411254882812,39.70827102661133],[19.921405792236328,39.77294921875],[19.76365852355957,39.77294921875],[19.75778579711914,39.64360046386719],[19.912464141845703,39.57893371582031],[19.918411254882812,39.70827102661133]]],[[[15.6271390914917,38.28691864013672],[15.698192596435547,37.96426773071289],[15.932764053344727,37.96426773071289],[16.491945266723633,38.416015625],[16.502395629882812,38.80344009399414],[16.663040161132812,38.93262481689453],[17.138301849365234,39.06184005737305],[17.069679260253906,39.38497543334961],[16.44725799560547,39.64360046386719],[16.452865600585938,39.8376350402832],[16.454753875732422,39.90232849121094],[16.697484970092773,40.0964469909668],[16.624452590942383,40.29063034057617],[16.861696243286133,40.29063034057617],[16.945016860961914,40.42012023925781],[16.867990493774414,40.4848747253418],[17.02848243713379,40.54964065551758],[17.345230102539062,40.54964065551758],[17.41753578186035,40.355369567871094],[17.813072204589844,40.355369567871094],[18.11216926574707,39.90232849121094],[18.34894371032715,39.90232849121094],[18.43811798095703,40.16116714477539],[17.981229782104492,40.614410400390625],[17.510658264160156,40.74397277832031],[17.20269203186035,41.00318908691406],[15.943941116333008,41.39224624633789],[15.87384033203125,41.71668243408203],[16.114879608154297,41.781593322753906],[16.11888313293457,41.911441802978516],[15.480741500854492,41.911441802978516],[15.40097427368164,41.911441802978516],[15.475428581237793,41.71668243408203],[15.312662124633789,41.586883544921875],[15.377034187316895,41.00318908691406],[15.535787582397461,41.00318908691406],[15.441473007202148,40.42012023925781],[15.520606994628906,40.42012023925781],[15.589820861816406,40.031734466552734],[15.668797492980957,40.031734466552734],[15.747773170471191,40.031734466552734],[15.665508270263672,39.90232849121094],[15.898874282836914,39.77294921875],[16.116540908813477,39.06184005737305],[16.270299911499023,38.93262481689453],[16.265209197998047,38.738853454589844],[15.949724197387695,38.67427444458008],[15.941911697387695,38.351463317871094],[15.6271390914917,38.28691864013672]]],[[[24.490964889526367,40.80876541137695],[24.551259994506836,40.54964065551758],[24.793624877929688,40.614410400390625],[24.808143615722656,40.80876541137695],[24.57025909423828,40.80876541137695],[24.490964889526367,40.80876541137695]]],[[[17.510494232177734,42.82133865356445],[17.83389663696289,42.88639831542969],[18.143457412719727,42.62621307373047],[18.85202980041504,42.36617660522461],[19.386180877685547,41.84651184082031],[19.49356680285067,41.8681494551423],[19.708423614501953,41.911441802978516],[19.715024948120117,42.041324615478516],[19.63520050048828,42.041324615478516],[18.481433868408203,43.016544342041016],[18.240642547607422,43.016544342041016],[18.085742950439453,43.146724700927734],[17.764448165893555,43.146724700927734],[17.678796768188477,43.016544342041016],[17.518270340175995,43.016544342041016],[17.518268585205078,43.016544342041016],[17.515670776367188,42.95146560668945],[17.510494232177734,42.82133865356445]]],[[[17.668203353881836,42.75628662109375],[17.665569305419922,42.691246032714844],[17.745683670043945,42.691246032714844],[17.748348236083984,42.75628662109375],[17.668203353881836,42.75628662109375]]],[[[34.08732223510742,35.00096893310547],[33.95713424682617,35.258358001708984],[34.5294189453125,35.58015823364258],[34.542076110839844,35.708900451660156],[34.38723373413086,35.708900451660156],[34.309810638427734,35.708900451660156],[33.73737716674805,35.38706970214844],[32.886871337890625,35.38706970214844],[32.875247955322266,35.258358001708984],[32.55473709106445,35.12965774536133],[32.24578857421875,35.12965774536133],[32.229042053222656,34.93662643432617],[32.36665725708008,34.743614196777344],[33.04356002807617,34.55062484741211],[33.1320686340332,34.679283142089844],[33.523399353027344,34.743614196777344],[33.69539260864258,34.93662643432617],[34.08732223510742,35.00096893310547]]],[[[27.692523956298828,36.28839111328125],[27.742563247680664,35.902034759521484],[28.139331817626953,36.03080368041992],[28.250165939331055,36.48161697387695],[28.09481430053711,36.48161697387695],[28.01713752746582,36.48161697387695],[27.692523956298828,36.28839111328125]]],[[[27.116777420043945,36.932613372802734],[27.038949966430664,36.932613372802734],[26.865324020385742,36.67487716674805],[27.18541717529297,36.80373764038086],[27.116777420043945,36.932613372802734]]],[[[25.339021682739258,37.12596130371094],[25.330806732177734,36.9970588684082],[25.56435775756836,36.9970588684082],[25.57270622253418,37.12596130371094],[25.416915893554688,37.12596130371094],[25.339021682739258,37.12596130371094]]],[[[26.079580307006836,37.706241607666016],[25.988245010375977,37.51277160644531],[26.304851531982422,37.5772590637207],[26.313875198364258,37.706241607666016],[26.157678604125977,37.706241607666016],[26.079580307006836,37.706241607666016]]],[[[25.89913558959961,38.48057174682617],[25.876405715942383,38.157840728759766],[26.111188888549805,38.157840728759766],[26.217344284057617,38.54513168334961],[25.99143409729004,38.67427444458008],[25.912982940673828,38.67427444458008],[25.820756912231445,38.48057174682617],[25.89913558959961,38.48057174682617]]],[[[41.57828140258789,41.521995544433594],[41.567359924316406,41.45711898803711],[41.40821838378906,41.45711898803711],[41.307071685791016,41.32738494873047],[41.15876007080078,41.39224624633789],[41.04725646972656,41.19768524169922],[40.53934860229492,41.00318908691406],[40.390892028808594,41.06801223754883],[40.370330810546875,40.93837356567383],[39.735538482666016,40.93837356567383],[39.0508918762207,41.132843017578125],[38.78335189819336,40.93837356567383],[38.29773712158203,40.873565673828125],[38.15805435180664,41.00318908691406],[37.83116149902344,40.93837356567383],[37.770565032958984,41.06801223754883],[37.21474075317383,41.06801223754883],[37.23323440551758,41.19768524169922],[37.06510925292969,41.132843017578125],[36.77476501464844,41.32738494873047],[36.20920181274414,41.26253128051758],[35.953800201416016,41.71668243408203],[35.30754852294922,41.65177917480469],[35.08602523803711,41.781593322753906],[35.121212005615234,42.041324615478516],[34.881736755371094,42.041324615478516],[34.78450012207031,41.911441802978516],[32.630775451660156,41.911441802978516],[32.694705963134766,41.781593322753906],[32.1933708190918,41.586883544921875],[32.04172897338867,41.65177917480469],[32.02653121948242,41.521995544433594],[31.534175872802734,41.39224624633789],[31.1800537109375,41.06801223754883],[30.62422752380371,41.06801223754883],[30.47923469543457,41.19768524169922],[28.96312141418457,41.132843017578125],[28.969518661499023,41.19768524169922],[28.352495193481445,41.39224624633789],[28.21833038330078,41.65177917480469],[27.979368209838867,41.65177917480469],[27.936981201171875,42.041324615478516],[27.494890213012695,42.43117141723633],[27.513538360595703,42.62621307373047],[27.84662628173828,42.75628662109375],[27.86585807800293,42.95146560668945],[27.78562355041504,42.95146560668945],[27.792034149169922,43.016544342041016],[25.762855529785156,42.75628662109375],[25.75724220275879,42.691246032714844],[25.677125930786133,42.691246032714844],[24.504514694213867,42.041324615478516],[24.49448013305664,41.911441802978516],[24.798267364501953,41.71668243408203],[24.778104782104492,41.45711898803711],[24.52469253540039,41.26253128051758],[24.20674705505371,41.26253128051758],[23.473424911499023,41.00318908691406],[22.997167587280273,41.00318908691406],[22.5045223236084,40.74397277832031],[22.38565444946289,40.0964469909668],[22.681964874267578,39.77294921875],[22.674205780029297,39.64360046386719],[22.827943801879883,39.57893371582031],[22.411623001098633,39.19107437133789],[20.37596893310547,39.38497543334961],[20.372905731201172,39.320335388183594],[20.91095733642578,39.06184005737305],[20.74135398864746,38.80344009399414],[20.973709106445312,38.738853454589844],[21.19325065612793,38.416015625],[21.738431930541992,38.351463317871094],[21.728593826293945,38.157840728759766],[21.415550231933594,38.157840728759766],[21.243581771850586,37.835243225097656],[21.696598052978516,37.51277160644531],[21.60311508178711,37.1904182434082],[21.681032180786133,37.1904182434082],[21.743539810180664,36.8681755065918],[21.899152755737305,36.8681755065918],[21.90850067138672,37.06150817871094],[22.21999168395996,37.06150817871094],[22.35634422302246,36.67487716674805],[22.51182746887207,36.67487716674805],[22.59941291809082,36.8681755065918],[22.83283233642578,36.8681755065918],[23.056013107299805,36.67487716674805],[22.853219985961914,37.254878997802734],[22.700735092163086,37.3193473815918],[22.71442985534668,37.5772590637207],[22.94858741760254,37.5772590637207],[23.175601959228516,37.44829177856445],[23.168506622314453,37.3193473815918],[23.402393341064453,37.3193473815918],[23.342487335205078,37.641746520996094],[23.108261108398438,37.641746520996094],[23.044498443603516,37.89975357055664],[23.20083236694336,37.89975357055664],[23.208162307739258,38.028785705566406],[23.44280242919922,38.028785705566406],[23.9786319732666,37.835243225097656],[24.002099990844727,38.22237777709961],[24.158668518066406,38.22237777709961],[24.178871154785156,38.54513168334961],[24.030162811279297,38.67427444458008],[23.563383102416992,38.738853454589844],[23.626148223876953,38.48057174682617],[23.312631607055664,38.48057174682617],[23.16720199584961,38.67427444458008],[22.935583114624023,38.738853454589844],[23.025423049926758,38.93262481689453],[23.331829071044922,38.80344009399414],[23.492761611938477,38.8680305480957],[22.95830535888672,39.1264533996582],[22.797286987304688,39.06184005737305],[22.816326141357422,39.38497543334961],[23.135168075561523,39.449623107910156],[22.610868453979492,39.90232849121094],[22.701663970947266,40.0964469909668],[22.543659210205078,40.0964469909668],[22.57158088684082,40.54964065551758],[22.89249038696289,40.614410400390625],[22.959190368652344,40.42012023925781],[23.73737335205078,40.225894927978516],[23.83857536315918,40.54964065551758],[23.684629440307617,40.614410400390625],[23.698017120361328,40.80876541137695],[24.010608673095703,40.74397277832031],[24.34656524658203,41.00318908691406],[25.849451065063477,40.93837356567383],[26.082168579101562,40.873565673828125],[26.140260696411133,40.614410400390625],[26.547176361083984,40.74397277832031],[26.620983123779297,40.6791877746582],[26.700223922729492,40.6791877746582],[26.779464721679688,40.6791877746582],[26.773971557617188,40.614410400390625],[26.853185653686523,40.614410400390625],[26.93239974975586,40.614410400390625],[26.76849937438965,40.54964065551758],[26.921367645263672,40.4848747253418],[27.017187118530273,40.6791877746582],[27.527481079101562,41.06801223754883],[29.115554809570312,41.06801223754883],[29.10276222229004,40.93837356567383],[29.24864959716797,40.80876541137695],[29.493009567260742,40.873565673828125],[29.3944091796875,40.6791877746582],[28.91274642944336,40.614410400390625],[28.900379180908203,40.4848747253418],[29.046321868896484,40.355369567871094],[27.938817977905273,40.355369567871094],[27.950454711914062,40.4848747253418],[27.792133331298828,40.4848747253418],[27.695789337158203,40.29063034057617],[27.537628173828125,40.29063034057617],[27.46982192993164,40.42012023925781],[26.673099517822266,40.355369567871094],[26.683887481689453,40.4848747253418],[26.604726791381836,40.4848747253418],[26.2723331451416,40.29063034057617],[26.132457733154297,39.51427459716797],[26.84657859802246,39.57893371582031],[26.742225646972656,39.25570297241211],[26.894468307495117,39.19107437133789],[26.879291534423828,38.997230529785156],[26.95786476135254,38.997230529785156],[26.849470138549805,38.60969924926758],[27.079774856567383,38.54513168334961],[27.06496238708496,38.351463317871094],[26.594974517822266,38.351463317871094],[26.535762786865234,38.60969924926758],[26.38368797302246,38.67427444458008],[26.42890739440918,38.22237777709961],[26.820327758789062,38.22237777709961],[26.888994216918945,38.09331130981445],[27.27528190612793,38.028785705566406],[27.177743911743164,37.7707405090332],[27.2558650970459,37.7707405090332],[27.16343116760254,37.5772590637207],[27.309988021850586,37.44829177856445],[27.22254180908203,37.3193473815918],[27.53919219970703,37.38381576538086],[27.597978591918945,37.12596130371094],[28.065349578857422,37.12596130371094],[28.138330459594727,37.06150817871094],[28.03143882751465,36.67487716674805],[28.186922073364258,36.67487716674805],[28.357105255126953,36.8681755065918],[28.590524673461914,36.8681755065918],[28.736103057861328,36.73930740356445],[29.124916076660156,36.73930740356445],[29.239721298217773,36.2239875793457],[29.938032150268555,36.2239875793457],[30.02613639831543,36.3527946472168],[30.49193572998047,36.3527946472168],[30.619068145751953,36.932613372802734],[31.08603858947754,36.932613372802734],[32.06806182861328,36.61045455932617],[32.498512268066406,36.2239875793457],[32.558349609375,36.03080368041992],[32.713401794433594,36.03080368041992],[33.2744140625,36.2239875793457],[33.97906494140625,36.28839111328125],[34.2507209777832,36.67487716674805],[34.581634521484375,36.8681755065918],[34.892860412597656,36.8681755065918],[34.95038986206055,36.67487716674805],[35.11265563964844,36.73930740356445],[35.487709045410156,36.61045455932617],[35.833587646484375,36.932613372802734],[36.144901275634766,36.932613372802734],[36.28622817993164,36.80373764038086],[36.26490020751953,36.61045455932617],[35.84861373901367,36.3527946472168],[35.990074157714844,36.2239875793457],[35.84488296508789,35.58015823364258],[35.99294662475586,35.51579284667969],[35.88907241821289,35.258358001708984],[35.92698669433594,34.87228775024414],[36.055240631103516,34.614952087402344],[36.21592330932617,34.679283142089844],[36.29301834106445,34.679283142089844],[36.312767028808594,34.87228775024414],[36.165035247802734,34.93662643432617],[36.184871673583984,35.12965774536133],[36.35274124145508,35.258358001708984],[36.343345642089844,35.902034759521484],[36.688385009765625,36.2239875793457],[37.01310729980469,36.3527946472168],[37.027557373046875,36.48161697387695],[37.282623291015625,36.67487716674805],[38.394161224365234,36.8681755065918],[38.487579345703125,36.9970588684082],[38.72113037109375,36.9970588684082],[38.73698043823242,37.12596130371094],[39.39286422729492,37.38381576538086],[40.692726135253906,37.7707405090332],[41.39582061767578,37.7707405090332],[41.3779182434082,37.641746520996094],[41.59423065185547,37.51277160644531],[41.57643508911133,37.38381576538086],[41.81039047241211,37.38381576538086],[42.17344665527344,38.28691864013672],[42.477149963378906,38.22237777709961],[42.496238708496094,38.351463317871094],[42.073856353759766,38.67427444458008],[42.13214874267578,39.06184005737305],[42.23051834106445,39.19107437133789],[42.46645736694336,39.19107437133789],[42.57534408569336,39.38497543334961],[42.92111587524414,39.57893371582031],[42.88396453857422,39.8376350402832],[42.8050651550293,39.8376350402832],[42.77518081665039,40.614410400390625],[43.10306167602539,40.6791877746582],[43.14754867553711,40.93837356567383],[43.47627258300781,41.00318908691406],[43.57847213745117,41.132843017578125],[43.19264602661133,41.19768524169922],[42.86325454711914,41.586883544921875],[42.62437438964844,41.586883544921875],[42.442626953125,41.45711898803711],[41.57828140258789,41.521995544433594]]],[[[26.09356689453125,38.997230529785156],[26.24588966369629,38.93262481689453],[26.643573760986328,38.997230529785156],[26.511207580566406,39.320335388183594],[26.122615814208984,39.38497543334961],[26.043895721435547,39.38497543334961],[25.793418884277344,39.19107437133789],[26.103172302246094,39.1264533996582],[26.09356689453125,38.997230529785156]]],[[[25.066978454589844,40.031734466552734],[24.973936080932617,39.8376350402832],[25.447328567504883,39.8376350402832],[25.46186065673828,40.031734466552734],[25.145954132080078,40.031734466552734],[25.066978454589844,40.031734466552734]]],[[[25.718765258789062,40.29063034057617],[25.703752517700195,40.0964469909668],[26.024850845336914,40.16116714477539],[26.03508949279785,40.29063034057617],[25.7978458404541,40.29063034057617],[25.718765258789062,40.29063034057617]]],[[[33.60108947753906,45.03877639770508],[33.54755401611328,44.64661407470703],[33.46652603149414,44.64661407470703],[33.44884490966797,44.5159797668457],[33.52981185913086,44.5159797668457],[33.52096176147461,44.45067596435547],[33.601898193359375,44.45067596435547],[33.68283462524414,44.45067596435547],[33.763771057128906,44.45067596435547],[34.096588134765625,44.5159797668457],[34.3670654296875,44.71194839477539],[34.38551712036133,44.842647552490234],[34.24164581298828,44.973392486572266],[34.07926940917969,44.973392486572266],[34.088409423828125,45.03877639770508],[34.0071907043457,45.03877639770508],[33.92597198486328,45.03877639770508],[33.844749450683594,45.03877639770508],[33.76353073120117,45.03877639770508],[33.682308197021484,45.03877639770508],[33.60108947753906,45.03877639770508]]]]},"properties":{"Name":"Byzantine Empire","FromYear":1000,"ToYear":1002,"Area":864449.1406375997,"Type":"POLITY","Wikipedia":"Byzantine Empire","Wikidata":"Q112039853","SeshatID":"tr_byzantine_emp_2","Components":"","MemberOf":""}}
]}