{"type":"FeatureCollection", "features": [
{"type":"Feature","geometry":{"type":"Polygon","coordinates":[[[-8.928141593933105,41.911441802978516],[-8.921201705932617,41.84651184082031],[-8.72695255279541,40.74397277832031],[-8.872282981872559,40.614410400390625],[-8.846114158630371,40.355369567871094],[-8.925222396850586,40.355369567871094],[-9.025042533874512,39.77294921875],[-9.103915214538574,39.77294921875],[-9.157164573669434,39.51427459716797],[-9.387048721313477,39.449623107910156],[-9.42748737335205,39.06184005737305],[-9.571974754333496,38.93262481689453],[-9.553065299987793,38.738853454589844],[-9.38370418548584,38.60969924926758],[-9.23299789428711,38.67427444458008],[-9.20852279663086,38.416015625],[-8.822718620300293,38.48057174682617],[-8.818843841552734,37.5772590637207],[-8.896896362304688,37.5772590637207],[-9.00136661529541,36.9970588684082],[-8.70113754272461,37.12596130371094],[-8.311661720275879,37.12596130371094],[-8.067157745361328,36.9970588684082],[-7.677903652191162,36.9970588684082],[-7.454815864562988,37.12596130371094],[-7.465344429016113,37.254878997802734],[-7.387404441833496,37.254878997802734],[-7.502705097198486,37.706241607666016],[-7.27909517288208,37.835243225097656],[-7.14418888092041,38.09331130981445],[-6.987714290618896,38.09331130981445],[-6.998411178588867,38.22237777709961],[-7.244168281555176,38.351463317871094],[-7.271727085113525,38.67427444458008],[-7.120340347290039,38.738853454589844],[-6.985427379608154,38.997230529785156],[-7.255166053771973,39.38497543334961],[-7.418391227722168,39.449623107910156],[-7.435848712921143,39.64360046386719],[-6.895466804504395,39.77294921875],[-6.839452266693115,40.031734466552734],[-7.00321626663208,40.0964469909668],[-7.014894485473633,40.225894927978516],[-6.868430137634277,40.355369567871094],[-6.927728176116943,41.00318908691406],[-6.254164218902588,41.45711898803711],[-6.271912097930908,41.65177917480469],[-6.516909122467041,41.71668243408203],[-6.700808048248291,41.97637939453125],[-8.11717414855957,41.781593322753906],[-8.216935157775879,41.97637939453125],[-8.137139320373535,41.97637939453125],[-8.150541305541992,42.10627746582031],[-8.469955444335938,42.10627746582031],[-8.928141593933105,41.911441802978516]]]},"properties":{"Name":"Kingdom of Portugal","FromYear":1709,"ToYear":1808,"Area":96466.64389669744,"Type":"POLITY","Wikipedia":"Kingdom of Portugal","Wikidata":"Q45670","SeshatID":"pt_portuguese_emp_2","Components":"","MemberOf":"(Portuguese Empire)"}},
{"type":"Feature","geometry":{"type":"Polygon","coordinates":[[[9.542471885681152,47.26897048950195],[9.46013069152832,47.26897048950195],[9.46129322052002,47.13737487792969],[9.54356575012207,47.13737487792969],[9.625838279724121,47.13737487792969],[9.54301929473877,47.20316696166992],[9.542471885681152,47.26897048950195]]]},"properties":{"Name":"Principality of Liechtenstein","FromYear":1721,"ToYear":1813,"Area":114.04756458924544,"Type":"POLITY","Wikipedia":"Liechtenstein","Wikidata":"Q347","SeshatID":"","Components":"","MemberOf":""}},
{"type":"Feature","geometry":{"type":"MultiPolygon","coordinates":[[[[11.222881317138672,53.799922943115234],[11.395475387573242,53.799922943115234],[11.481772422790527,53.799922943115234],[11.483237266540527,53.93522644042969],[11.444970238105016,53.95027359010248],[11.311097145080566,54.00291442871094],[11.222881317138672,53.799922943115234]]],[[[13.475763320922852,54.138362884521484],[13.389228820800781,54.138362884521484],[13.306214332580566,54.27390670776367],[13.739368438720703,54.27390670776367],[13.743398666381836,54.4095458984375],[13.656671524047852,54.4095458984375],[13.662626266479492,54.613189697265625],[13.405717849731445,54.74907684326172],[13.14309310913086,54.681121826171875],[13.05121898651123,54.47740173339844],[12.4437894821167,54.47740173339844],[12.442490577697754,54.4095458984375],[12.780564308166504,54.00291442871094],[12.867003440856934,54.00291442871094],[12.953442573547363,54.00291442871094],[12.951896667480469,53.93522644042969],[13.038288116455078,53.93522644042969],[13.036701202392578,53.86756134033203],[13.641111373901367,53.86756134033203],[13.475763320922852,54.138362884521484]]],[[[18.598026275634766,57.97305679321289],[18.230064392089844,57.8345832824707],[18.031593322753906,57.55800247192383],[18.02667236328125,57.488929748535156],[18.076435089111328,56.937416076660156],[18.342275619506836,56.937416076660156],[18.45128059387207,57.21294021606445],[18.911693572998047,57.41988754272461],[18.844388961791992,57.696231842041016],[19.03397560119629,57.8345832824707],[19.04520034790039,57.97305679321289],[18.598026275634766,57.97305679321289]]],[[[11.096333503723145,59.08528518676758],[11.095636367797852,59.015533447265625],[11.179258346557617,58.38920593261719],[11.44767951965332,58.31977081298828],[11.44500732421875,58.11164855957031],[11.713647842407227,58.11164855957031],[11.792279243469238,57.41988754272461],[12.058022499084473,57.35087585449219],[12.14184856414795,57.07511901855469],[12.405158996582031,56.937416076660156],[12.402325630187988,56.799827575683594],[12.75311279296875,56.662349700927734],[12.749893188476562,56.524986267089844],[12.573304176330566,56.524986267089844],[12.656968116760254,56.319149017333984],[12.480693817138672,56.319149017333984],[12.477844907599899,56.18206050779588],[12.476421356201172,56.11355972290039],[12.562944803070371,56.04497662851888],[12.908012390136719,55.77145767211914],[12.903090476989746,55.56651306152344],[12.726422309875488,55.498252868652344],[12.810799598693848,55.36180877685547],[14.296913146972656,55.36180877685547],[14.228706359863281,55.90821838378906],[14.758404731750488,55.97663879394531],[14.76668930053711,56.182064056396484],[15.819687843322754,56.11355972290039],[16.090740203857422,56.25059127807617],[16.193382263183594,56.524986267089844],[16.28167724609375,56.524986267089844],[16.266908645629883,56.25059127807617],[16.443078994750977,56.25059127807617],[16.7231502532959,56.524986267089844],[16.739154815673828,56.799827575683594],[17.12316131591797,57.28189468383789],[17.131839752197266,57.41988754272461],[16.953855514526367,57.41988754272461],[16.755352020263672,57.07511901855469],[16.477506637573242,56.86860656738281],[16.500974655151367,57.28189468383789],[16.68687629699707,57.41988754272461],[16.614076614379883,57.696231842041016],[16.703289031982422,57.696231842041016],[16.71156883239746,57.8345832824707],[16.626346588134766,57.903804779052734],[16.813568115234375,58.042335510253906],[16.830646514892578,58.31977081298828],[16.65959930419922,58.45867156982422],[16.83926010131836,58.45867156982422],[16.847923278808594,58.59769821166992],[17.02781105041504,58.59769821166992],[17.126813888549805,58.73685073852539],[17.487049102783203,58.73685073852539],[17.496623992919922,58.876129150390625],[17.947494506835938,58.876129150390625],[18.143529891967773,59.08528518676758],[18.414575576782227,59.08528518676758],[18.351261138916016,59.434532165527344],[18.628820419311523,59.504478454589844],[18.827571868896484,59.714515686035156],[19.00933265686035,59.714515686035156],[19.033178329467773,59.99503707885742],[19.027153356136658,60],[12.212227176507152,60],[11.832175254821777,59.85470962524414],[11.829766273498535,59.714515686035156],[11.738885879516602,59.714515686035156],[11.733230590820312,59.36461639404297],[11.82263469696045,59.294734954833984],[11.732110023498535,59.294734954833984],[11.636336326599121,58.94581604003906],[11.096333503723145,59.08528518676758]]],[[[24.504359779505023,60],[24.468909901535334,60],[24.50045394897461,59.99503707885742],[24.504359779505023,60]]],[[[23.918549414649917,60],[23.04314430911812,60],[23.02524757385254,59.85470962524414],[23.76235580444336,59.92485809326172],[23.918549414649917,60]]],[[[22.365682168666495,60],[22.314125236378132,60],[22.31354331970215,59.99503707885742],[22.365682168666495,60]]]]},"properties":{"Name":"Swedish Empire","FromYear":1763,"ToYear":1808,"Area":790049.5533166865,"Type":"POLITY","Wikipedia":"Swedish Empire","Wikidata":"Q215443","SeshatID":"sv_swedish_emp","Components":"","MemberOf":""}},
{"type":"Feature","geometry":{"type":"Polygon","coordinates":[[[-2.8270103931427,35.258358001708984],[-3.364191055297852,35.194007873535156],[-3.441448211669922,35.194007873535156],[-4.754821300506592,35.194007873535156],[-5.239750862121582,35.51579284667969],[-5.330159187316895,35.708900451660156],[-5.451572655644581,35.723202586161776],[-5.498279298868719,35.728704485602684],[-5.876633644104004,35.77327346801758],[-5.999861240386963,35.32271194458008],[-6.14545202255249,35.194007873535156],[-6.132044315338135,35.00096893310547],[-6.290933609008789,35.065311431884766],[-6.200328826904297,34.87228775024414],[-6.277484893798828,34.87228775024414],[-6.332395076751709,34.55062484741211],[-6.482059955596924,34.48630142211914],[-6.473203659057617,34.3576545715332],[-6.699729919433594,34.2933349609375],[-6.613898754119873,34.164703369140625],[-6.90380334854126,33.90746307373047],[-7.062007427215576,33.971771240234375],[-7.129902839660645,33.84315490722656],[-8.551655769348145,33.32876968383789],[-9.198505401611328,32.75019073486328],[-9.332544326782227,32.493072509765625],[-9.309136390686035,32.171695709228516],[-9.52421760559082,31.978878021240234],[-9.5149564743042,31.8503360748291],[-9.734487533569336,31.7217960357666],[-9.783116340637207,31.336183547973633],[-9.859257698059082,31.336183547973633],[-9.881543159484863,30.564971923828125],[-9.649378776550293,30.500701904296875],[-9.627961158752441,30.179353713989258],[-9.721957173519684,30],[-5.365338324789795,30],[-4.865938663482666,30.500701904296875],[-4.565487384796143,30.564971923828125],[-4.648018360137939,30.69350814819336],[-4.208353042602539,31.014846801757812],[-4.214911460876465,31.143381118774414],[-3.923539161682129,31.40045166015625],[-3.767992734909058,31.336183547973633],[-3.780986070632935,31.593257904052734],[-3.555586099624634,31.65752601623535],[-3.638331174850464,31.78606605529785],[-3.416012048721313,31.91460609436035],[-3.349440097808838,32.107421875],[-3.19352912902832,32.043148040771484],[-3.203212976455688,32.23596954345703],[-2.834011793136597,32.493072509765625],[-2.840430974960327,32.62162780761719],[-2.540791511535645,32.75019073486328],[-1.879519820213318,33.32876968383789],[-1.575780987739563,33.393062591552734],[-1.578816890716553,33.45735549926758],[-1.715473294258118,34.679283142089844],[-2.114432096481323,34.93662643432617],[-2.121232748031616,35.065311431884766],[-2.198449373245239,35.065311431884766],[-2.661749362945557,35.065311431884766],[-2.819781064987183,35.12965774536133],[-2.8270103931427,35.258358001708984]]]},"properties":{"Name":"Morocco","FromYear":1769,"ToYear":1860,"Area":387614.3433103933,"Type":"POLITY","Wikipedia":"Morocco","Wikidata":"Q1028","SeshatID":"","Components":"","MemberOf":""}},
{"type":"Feature","geometry":{"type":"Polygon","coordinates":[[[41.91762161254883,42.10627746582031],[41.90632247924805,42.041324615478516],[41.98614501953125,42.041324615478516],[41.974849700927734,41.97637939453125],[41.92997741699219,41.71668243408203],[41.74848937988281,41.586883544921875],[41.806068420410156,41.45711898803711],[42.442626953125,41.45711898803711],[42.62437438964844,41.586883544921875],[42.65854263305664,41.781593322753906],[42.38526916503906,42.041324615478516],[41.91762161254883,42.10627746582031]]]},"properties":{"Name":"Principality of Guria","FromYear":1772,"ToYear":1827,"Area":3775.521584562613,"Type":"POLITY","Wikipedia":"Principality of Guria","Wikidata":"Q2195101","SeshatID":"","Components":"","MemberOf":""}},
{"type":"Feature","geometry":{"type":"MultiPolygon","coordinates":[[[[18.303630828857422,42.62621307373047],[18.30077362060547,42.56119155883789],[18.380830764770508,42.56119155883789],[18.38179089142879,42.58282455142272],[18.383716583251953,42.62621307373047],[18.303630828857422,42.62621307373047]]],[[[17.745683670043945,42.691246032714844],[17.748348236083984,42.75628662109375],[17.668203353881836,42.75628662109375],[17.665569305419922,42.691246032714844],[17.745683670043945,42.691246032714844]]],[[[18.303630828857422,42.62621307373047],[18.266426361413345,42.691246032714844],[18.229217529296875,42.75628662109375],[18.232065200805664,42.82133865356445],[18.080114364624023,43.016544342041016],[17.518270340175995,43.016544342041016],[17.518268585205078,43.016544342041016],[17.515670776367188,42.95146560668945],[17.510494232177734,42.82133865356445],[17.83389663696289,42.88639831542969],[18.143457412719727,42.62621307373047],[18.303630828857422,42.62621307373047]]]]},"properties":{"Name":"Republic of Ragusa","FromYear":1772,"ToYear":1806,"Area":1516.0904149721496,"Type":"POLITY","Wikipedia":"Republic of Ragusa","Wikidata":"Q208169","SeshatID":"","Components":"","MemberOf":""}},
{"type":"Feature","geometry":{"type":"Polygon","coordinates":[[[43.35102081298828,42.95146560668945],[42.98605728149414,43.146724700927734],[42.435707092285156,43.211830139160156],[42.42379379272461,43.146724700927734],[42.39705944197271,43.146724700927734],[42.343467712402344,43.146724700927734],[42.33161163330078,43.08163070678711],[42.348742233634894,43.0653300236946],[42.60515594482422,42.82133865356445],[43.24655532836914,42.82133865356445],[43.35102081298828,42.95146560668945]]]},"properties":{"Name":"Principality of Svaneti","FromYear":1775,"ToYear":1810,"Area":2460.413990695921,"Type":"POLITY","Wikipedia":"Principality of Svaneti","Wikidata":"Q2919545","SeshatID":"","Components":"","MemberOf":""}},
{"type":"Feature","geometry":{"type":"MultiPolygon","coordinates":[[[[10.97249698638916,55.021148681640625],[10.88355827331543,54.74907684326172],[11.578496932983398,54.681121826171875],[11.665419578552246,54.681121826171875],[12.101152420043945,54.74907684326172],[12.107980728149414,55.15733337402344],[12.371088027954102,55.225467681884766],[12.375022888183594,55.430015563964844],[12.202529907226562,55.56651306152344],[12.555678367614746,55.70311737060547],[12.562944803070371,56.04497662851888],[12.56440258026123,56.11355972290039],[12.477844907599899,56.18206050779588],[12.477840423583984,56.182064056396484],[11.860556602478027,56.11355972290039],[11.768598556518555,55.83982467651367],[11.595718383789062,56.04508590698242],[11.331932067871094,56.04508590698242],[11.241952896118164,55.83982467651367],[10.890382766723633,55.77145767211914],[10.889443397521973,55.63479995727539],[11.064117431640625,55.56651306152344],[10.974503517150879,55.29362487792969],[11.497906684875488,55.225467681884766],[11.670741081237793,55.089229583740234],[11.66806411743164,54.88506317138672],[10.97249698638916,55.021148681640625]]],[[[10.359683990478516,53.664710998535156],[10.394351530431123,53.732303619384766],[10.446288638665777,53.83356737417467],[10.460816395937528,53.86189269493314],[10.504214700245134,53.94650801902566],[10.5331449508667,54.00291442871094],[10.792462348937988,54.00291442871094],[11.053302764892578,54.20612335205078],[11.054854393005371,54.4095458984375],[9.9271879196167,54.545284271240234],[10.013643264770508,55.021148681640625],[9.926376342773438,55.089229583740234],[10.536654472351074,55.021148681640625],[10.535674095153809,54.74907684326172],[10.709615707397461,54.74907684326172],[10.884882926940918,54.95309066772461],[10.88622760772705,55.15733337402344],[10.798959732055664,55.15733337402344],[10.800582885742188,55.430015563964844],[10.625955581665039,55.498252868652344],[10.626581192016602,55.63479995727539],[9.750565528869629,55.56651306152344],[9.750177383422852,55.70311737060547],[9.925520896911621,55.70311737060547],[10.013073921203613,55.90821838378906],[10.276667594909668,55.97663879394531],[10.277146339416504,56.25059127807617],[10.36523151397705,56.25059127807617],[10.364885330200195,56.11355972290039],[10.540846824645996,56.11355972290039],[10.541122436523438,56.182064056396484],[10.805220603942871,56.182064056396484],[10.895707130432129,56.524986267089844],[10.277772903442383,56.59365463256836],[10.278702735900879,57.07511901855469],[10.545770645141602,57.28189468383789],[10.458671569824219,57.7653923034668],[9.923136711120605,57.696231842041016],[9.834181785583496,57.55800247192383],[9.655976295471191,57.55800247192383],[9.656455039978027,57.41988754272461],[9.39068603515625,57.21294021606445],[8.502391815185547,57.21294021606445],[8.152853965759277,56.86860656738281],[8.243602752685547,56.731075286865234],[7.979492664337158,56.662349700927734],[7.989406585693359,56.11355972290039],[8.077386856079102,56.11355972290039],[7.997951984405518,55.63479995727539],[8.085573196411133,55.63479995727539],[8.087891578674316,55.498252868652344],[8.350449562072754,55.498252868652344],[8.52729320526123,55.36180877685547],[8.529091835021973,55.225467681884766],[8.441773414611816,55.225467681884766],[8.534452438354492,54.817054748535156],[8.797733306884766,54.613189697265625],[8.799209594726562,54.47740173339844],[8.539765357971191,54.4095458984375],[8.54152774810791,54.27390670776367],[8.802155494689941,54.20612335205078],[8.805093765258789,53.93522644042969],[8.891486167907715,53.93522644042969],[8.892172813415527,53.86756134033203],[9.237549781799316,53.86756134033203],[9.411450386047363,53.664710998535156],[9.842811584472656,53.52959060668945],[10.014796257019043,53.732303619384766],[10.273481369018555,53.664710998535156],[10.359683990478516,53.664710998535156]]],[[[10.62817668914795,55.97663879394531],[10.452422142028809,55.97663879394531],[10.364044189453125,55.77145767211914],[10.539490699768066,55.77145767211914],[10.627213478088379,55.77145767211914],[10.62817668914795,55.97663879394531]]],[[[14.636160850524902,55.089229583740234],[15.069417953491211,55.021148681640625],[15.077948570251465,55.225467681884766],[14.990630149841309,55.225467681884766],[14.64396858215332,55.29362487792969],[14.636160850524902,55.089229583740234]]],[[[12.212227176507152,60],[5.192194471418304,60],[5.18274974822998,59.99503707885742],[5.192312240600586,59.78459548950195],[5.283252716064453,59.78459548950195],[5.214344501495361,59.294734954833984],[5.848016262054443,59.294734954833984],[5.842586994171143,59.434532165527344],[6.026472091674805,59.36461639404297],[5.949085235595703,59.015533447265625],[5.497633457183838,59.015533447265625],[5.514988899230957,58.59769821166992],[5.974997520446777,58.31977081298828],[6.515511512756348,58.2503662109375],[6.611622333526611,58.042335510253906],[7.597545146942139,57.97305679321289],[8.66648006439209,58.31977081298828],[8.932857513427734,58.59769821166992],[9.112746238708496,58.59769821166992],[9.111583709716797,58.73685073852539],[9.381759643554688,58.73685073852539],[9.380940437316895,58.876129150390625],[9.561288833618164,58.876129150390625],[9.65099048614502,59.015533447265625],[10.012155532836914,58.94581604003906],[10.192960739135742,59.15507125854492],[10.373775482177734,59.15507125854492],[10.466255187988281,59.64447021484375],[10.557076454162598,59.64447021484375],[10.555644989013672,59.36461639404297],[10.825811386108398,59.15507125854492],[11.09703254699707,59.15507125854492],[11.096333503723145,59.08528518676758],[11.636336326599121,58.94581604003906],[11.732110023498535,59.294734954833984],[11.82263469696045,59.294734954833984],[11.733230590820312,59.36461639404297],[11.738885879516602,59.714515686035156],[11.829766273498535,59.714515686035156],[11.832175254821777,59.85470962524414],[12.212227176507152,60]]]]},"properties":{"Name":"Denmark-Norway","FromYear":1775,"ToYear":1806,"Area":526383.6474495227,"Type":"POLITY","Wikipedia":"Denmark-Norway","Wikidata":"Q62651","SeshatID":"dk_denmark_norway","Components":"","MemberOf":""}},
{"type":"Feature","geometry":{"type":"Polygon","coordinates":[[[42.62437438964844,41.586883544921875],[42.704002380371094,41.586883544921875],[42.783626556396484,41.586883544921875],[42.86325454711914,41.586883544921875],[42.886165618896484,41.71668243408203],[43.20489501953125,41.71668243408203],[43.228172302246094,41.84651184082031],[43.47916793823242,41.911441802978516],[43.6983642578125,42.236209869384766],[43.67877960205078,42.56119155883789],[43.78324508666992,42.691246032714844],[43.65967559814453,42.88639831542969],[43.35102081298828,42.95146560668945],[43.24655532836914,42.82133865356445],[42.60515594482422,42.82133865356445],[42.706321716308594,42.496177673339844],[42.534576416015625,42.43117141723633],[42.38526916503906,42.041324615478516],[42.65854263305664,41.781593322753906],[42.62437438964844,41.586883544921875]]]},"properties":{"Name":"Kingdom of Imereti","FromYear":1775,"ToYear":1802,"Area":11181.74063686587,"Type":"POLITY","Wikipedia":"Kingdom of Imereti","Wikidata":"Q1069959","SeshatID":"","Components":"","MemberOf":""}},
{"type":"Feature","geometry":{"type":"Polygon","coordinates":[[[42.15925216674805,43.016544342041016],[42.23951721191406,43.016544342041016],[42.31978225708008,43.016544342041016],[42.348742233634894,43.0653300236946],[42.39705944197271,43.146724700927734],[42.435707092285156,43.211830139160156],[42.355350494384766,43.211830139160156],[42.11429214477539,43.211830139160156],[41.953582763671875,43.211830139160156],[40.735965728759766,43.6026611328125],[40.17222213745117,43.6026611328125],[39.988922119140625,43.472347259521484],[40.219173431396484,43.407203674316406],[40.41570281982422,43.146724700927734],[40.81732177734375,43.146724700927734],[41.11582565307617,43.016544342041016],[41.608699798583984,42.62621307373047],[41.48331832885742,42.36617660522461],[41.734596252441406,42.43117141723633],[41.81459426879883,42.43117141723633],[42.08921813964844,42.62621307373047],[42.05559158325195,42.88639831542969],[42.14751052856445,42.95146560668945],[42.15925216674805,43.016544342041016]]]},"properties":{"Name":"Principality of Abkhazia","FromYear":1788,"ToYear":1810,"Area":10232.110880064583,"Type":"POLITY","Wikipedia":"Principality of Abkhazia","Wikidata":"Q1760473","SeshatID":"","Components":"","MemberOf":""}},
{"type":"Feature","geometry":{"type":"Polygon","coordinates":[[[42.15925216674805,43.016544342041016],[42.14751052856445,42.95146560668945],[42.05559158325195,42.88639831542969],[42.08921813964844,42.62621307373047],[41.81459426879883,42.43117141723633],[41.8377685546875,42.10627746582031],[41.91762161254883,42.10627746582031],[42.38526916503906,42.041324615478516],[42.534576416015625,42.43117141723633],[42.706321716308594,42.496177673339844],[42.60515594482422,42.82133865356445],[42.348742233634894,43.0653300236946],[42.33161163330078,43.08163070678711],[42.31978225708008,43.016544342041016],[42.23951721191406,43.016544342041016],[42.15925216674805,43.016544342041016]]]},"properties":{"Name":"Principality of Mingrelia","FromYear":1788,"ToYear":1808,"Area":5058.850393756283,"Type":"POLITY","Wikipedia":"Principality of Mingrelia","Wikidata":"Q2907860","SeshatID":"","Components":"","MemberOf":""}},
{"type":"Feature","geometry":{"type":"Polygon","coordinates":[[[12.12234115600586,50.2459831237793],[12.290331840515137,50.2459831237793],[12.376081466674805,50.37908172607422],[12.796454429626465,50.37908172607422],[13.391927719116211,50.71213912963867],[14.153997421264648,50.84549331665039],[14.328418731689453,51.04566955566406],[14.497381210327148,51.04566955566406],[14.577799797058105,50.912200927734375],[14.999794006347656,50.912200927734375],[15.173232078552246,51.04566955566406],[15.272184371948242,51.44654083251953],[14.853023529052734,51.580322265625],[14.857569694519043,51.71418380737305],[15.027374267578125,51.71418380737305],[14.954254150390625,52.0491943359375],[14.779444694519043,51.91512680053711],[14.439318656921387,51.91512680053711],[14.36260986328125,52.18334197998047],[13.938469886779785,52.250450134277344],[13.764382362365723,52.11625671386719],[13.423735618591309,52.11625671386719],[12.9087553024292,51.91512680053711],[12.569785118103027,51.98215103149414],[12.657279968261719,52.11625671386719],[12.23147201538086,52.11625671386719],[12.228504180908203,51.91512680053711],[12.313535690307617,51.91512680053711],[12.397505760192871,51.84812545776367],[12.35299686753675,51.71418380737305],[12.308514595031738,51.580322265625],[12.223697662353516,51.580322265625],[12.138880729675293,51.580322265625],[12.05406379699707,51.580322265625],[11.969246864318848,51.580322265625],[11.96843433380127,51.51342010498047],[12.051520347595215,51.37968063354492],[11.541653633117676,51.17921447753906],[11.288854598999023,51.31283950805664],[11.291190147399902,51.64724349975586],[11.036260604858398,51.580322265625],[11.034910202026367,51.31283950805664],[10.61178970336914,51.37968063354492],[10.104059219360352,51.17921447753906],[10.357771873474121,51.112430572509766],[10.526949882507324,51.24601745605469],[11.203798294067383,51.24601745605469],[11.287090301513672,51.04566955566406],[11.877744674682617,50.97892379760742],[11.879911422729492,51.17921447753906],[12.135334014892578,51.31283950805664],[12.555364608764648,51.112430572509766],[12.552227973937988,50.912200927734375],[12.21550464630127,50.97892379760742],[11.791977882385254,50.84549331665039],[11.790678977966309,50.71213912963867],[11.95923137664795,50.71213912963867],[12.045051574707031,50.84549331665039],[12.212909698486328,50.77880859375],[12.21121883392334,50.64549255371094],[11.957799911499023,50.578861236572266],[11.95639705657959,50.445655822753906],[11.872282981872559,50.445655822753906],[11.87163257598877,50.37908172607422],[11.955707550048828,50.37908172607422],[11.955025672912598,50.312522888183594],[12.039060592651367,50.312522888183594],[12.038346290588379,50.2459831237793],[12.12234115600586,50.2459831237793]],[[13.93283748626709,52.0491943359375],[13.93470573425293,52.11625671386719],[14.190190315246582,52.11625671386719],[14.269256591796875,51.91512680053711],[13.93283748626709,52.0491943359375]]]},"properties":{"Name":"Electorate of Saxony","FromYear":1791,"ToYear":1802,"Area":33395.13548254234,"Type":"POLITY","Wikipedia":"Electorate of Saxony","Wikidata":"Q156199","SeshatID":"","Components":"","MemberOf":""}},
{"type":"Feature","geometry":{"type":"Polygon","coordinates":[[[29.489593505859375,46.74290466308594],[29.340612411499023,46.87434005737305],[29.355844497680664,47.005828857421875],[29.199012756347656,47.07159423828125],[29.2142276763916,47.20316696166992],[28.915130615234375,47.46647262573242],[29.028188705444336,47.730003356933594],[28.555265426635742,47.92780685424805],[28.570432662963867,48.059749603271484],[28.4200382232666,48.191749572753906],[27.537879943847656,48.455936431884766],[27.39371109008789,48.654239654541016],[26.06438636779785,48.654239654541016],[26.279815673828125,48.323814392089844],[26.26645278930664,48.191749572753906],[26.024524688720703,48.257774353027344],[26.01142120361328,48.1257438659668],[26.177011489868164,48.1257438659668],[26.068124771118164,47.86185836791992],[26.30950927734375,47.79592514038086],[26.378965377807617,47.664100646972656],[25.959848403930664,47.598209381103516],[25.769779205322266,47.33478927612305],[25.45248794555664,47.46647262573242],[25.016605377197266,47.20316696166992],[25.668907165527344,47.13737487792969],[25.72661018371582,46.87434005737305],[25.966814041137695,46.808616638183594],[25.942142486572266,46.54585266113281],[26.477930068969727,46.1520881652832],[26.44038200378418,45.75876998901367],[26.10191535949707,45.62776184082031],[26.240449905395508,45.36587905883789],[26.41556167602539,45.496795654296875],[26.659894943237305,45.496795654296875],[27.630565643310547,45.431331634521484],[27.861310958862305,45.300437927246094],[28.11903953552246,45.431331634521484],[28.146530151367188,45.693260192871094],[28.309614181518555,45.693260192871094],[28.330547332763672,45.889827728271484],[28.50797462463379,46.02093505859375],[28.440406799316406,46.1520881652832],[29.489593505859375,46.74290466308594]]]},"properties":{"Name":"Principality of Moldavia","FromYear":1792,"ToYear":1806,"Area":70619.50735319946,"Type":"POLITY","Wikipedia":"Moldavia","Wikidata":"Q10957559","SeshatID":"md_moldavia_principality_3","Components":"","MemberOf":""}},
{"type":"Feature","geometry":{"type":"MultiPolygon","coordinates":[[[[2.533390045166016,34.42197799682617],[2.610407114028931,34.42197799682617],[2.608296155929565,34.48630142211914],[2.531259059906006,34.48630142211914],[2.533390045166016,34.42197799682617]]],[[[7.924595355987549,34.42197799682617],[8.000144958496094,34.55062484741211],[8.154257774353027,34.55062484741211],[8.456167221069336,35.194007873535156],[8.373502731323242,35.708900451660156],[8.296080589294434,35.708900451660156],[8.36652660369873,36.3527946472168],[8.20899772644043,36.5460319519043],[8.285958290100098,36.61045455932617],[8.363677024841309,36.61045455932617],[8.594874382019043,36.80373764038086],[8.593559265136719,36.932613372802734],[8.515729904174805,36.932613372802734],[7.738344192504883,36.8681755065918],[7.658689975738525,36.9970588684082],[7.346271514892578,37.06150817871094],[7.193697929382324,36.8681755065918],[6.804664611816406,36.8681755065918],[6.333924293518066,37.06150817871094],[6.103042125701904,36.932613372802734],[6.105763912200928,36.80373764038086],[5.639055728912354,36.80373764038086],[5.56428337097168,36.67487716674805],[5.097836971282959,36.67487716674805],[4.859498500823975,36.8681755065918],[4.235154151916504,36.932613372802734],[3.850007295608521,36.80373764038086],[3.458978891372681,36.8681755065918],[3.229894161224365,36.73930740356445],[2.841080188751221,36.73930740356445],[2.690169095993042,36.61045455932617],[2.376901149749756,36.67487716674805],[1.529616475105286,36.48161697387695],[1.216211557388306,36.5460319519043],[0.913757801055908,36.3527946472168],[0.678023815155029,36.417205810546875],[0.683685302734375,36.28839111328125],[0.376142233610153,36.2239875793457],[0.083524890244007,35.837650299072266],[-0.458719998598099,35.837650299072266],[-0.530006587505341,35.708900451660156],[-0.917115688323975,35.708900451660156],[-1.065529465675354,35.58015823364258],[-1.223541498184204,35.644527435302734],[-1.136477708816528,35.45143127441406],[-1.358735799789429,35.258358001708984],[-2.044016122817993,35.065311431884766],[-2.121232748031616,35.065311431884766],[-2.114432096481323,34.93662643432617],[-1.715473294258118,34.679283142089844],[-1.578816890716553,33.45735549926758],[-1.502088189125061,33.45735549926758],[-0.683780312538147,34.03607940673828],[-0.689594328403473,34.164703369140625],[-0.53571629524231,34.164703369140625],[-0.467391967773438,34.3576545715332],[0.302583903074265,34.3576545715332],[0.451262414455414,34.48630142211914],[0.684976637363434,34.42197799682617],[1.293753147125244,34.614952087402344],[2.449900150299072,34.614952087402344],[2.920501947402954,34.3576545715332],[3.455702066421509,34.48630142211914],[3.842682838439941,34.42197799682617],[4.453888416290283,34.614952087402344],[5.1490478515625,34.55062484741211],[5.377389430999756,34.679283142089844],[6.14835262298584,34.679283142089844],[6.459011077880859,34.55062484741211],[6.920335292816162,34.614952087402344],[7.153473854064941,34.48630142211914],[7.614861011505127,34.55062484741211],[7.847578525543213,34.42197799682617],[7.924595355987549,34.42197799682617]]]]},"properties":{"Name":"Regency of Algiers","FromYear":1792,"ToYear":1829,"Area":212049.2084671973,"Type":"POLITY","Wikipedia":"Regency of Algiers","Wikidata":"Q3045696","SeshatID":"","Components":"","MemberOf":""}},
{"type":"Feature","geometry":{"type":"Polygon","coordinates":[[[27.861310958862305,45.300437927246094],[27.630565643310547,45.431331634521484],[26.659894943237305,45.496795654296875],[26.41556167602539,45.496795654296875],[26.240449905395508,45.36587905883789],[26.10191535949707,45.62776184082031],[25.93889808654785,45.62776184082031],[25.84545135498047,45.496795654296875],[25.438228607177734,45.496795654296875],[25.34526824951172,45.36587905883789],[25.042299270629883,45.62776184082031],[23.483562469482422,45.496795654296875],[23.47352409362793,45.36587905883789],[23.138248443603516,45.23500442504883],[22.650352478027344,45.23500442504883],[22.531999588012695,44.71194839477539],[22.689453125,44.64661407470703],[22.518192291259766,44.5159797668457],[22.50443458557129,44.32010269165039],[22.894636154174805,44.12431716918945],[22.951791763305664,43.79821014404297],[23.601760864257812,43.86341094970703],[24.15087890625,43.6678352355957],[24.881397247314453,43.73301696777344],[25.434297561645508,43.6026611328125],[25.84855079650879,43.73301696777344],[26.281423568725586,44.05907440185547],[27.492671966552734,44.05907440185547],[27.828874588012695,44.18956756591797],[27.943035125732422,44.5159797668457],[27.787734985351562,44.58129119873047],[27.801036834716797,44.71194839477539],[27.969886779785156,44.77729415893555],[27.99687957763672,45.03877639770508],[27.847858428955078,45.169586181640625],[27.861310958862305,45.300437927246094]]]},"properties":{"Name":"Principality of Wallachia","FromYear":1792,"ToYear":1804,"Area":74280.00536401017,"Type":"POLITY","Wikipedia":"Wallachia","Wikidata":"Q171393","SeshatID":"ro_wallachia_principality_3","Components":"","MemberOf":""}},
{"type":"Feature","geometry":{"type":"Polygon","coordinates":[[[6.021216869354248,51.91512680053711],[6.277333757191247,51.88161764177538],[6.533320903778076,51.84812545776367],[6.701467514038086,51.91512680053711],[6.612682342529297,52.0491943359375],[6.697800159454346,52.0491943359375],[6.948029518127441,52.250450134277344],[6.944602489471436,52.38472366333008],[6.68488883972168,52.51908493041992],[6.68117618560791,52.653533935546875],[7.021557331085205,52.720787048339844],[7.179872989654541,53.25962829589844],[7.093948841094971,53.25962829589844],[6.742867469787598,53.52959060668945],[5.542333602905273,53.39456558227539],[5.20894193649292,53.124786376953125],[5.385728359222412,52.99003219604492],[5.390830039978027,52.85536575317383],[5.136557102203369,52.78806686401367],[5.056382656097412,52.653533935546875],[4.785540580749512,52.99003219604492],[4.862768650054932,53.192195892333984],[4.691011905670166,53.192195892333984],[4.608114719390869,53.124786376953125],[4.702715873718262,52.92268753051758],[4.534325122833252,52.85536575317383],[4.384479522705078,52.38472366333008],[3.974021434783936,52.0491943359375],[3.980464458465576,51.91512680053711],[3.810401916503906,51.91512680053711],[3.81699013710022,51.78114318847656],[3.647099733352661,51.78114318847656],[3.738690614700317,51.64724349975586],[3.399252653121948,51.64724349975586],[3.40621018409729,51.51342010498047],[3.575759172439575,51.51342010498047],[3.494410037994385,51.44654083251953],[3.409677743911743,51.44654083251953],[3.504641532897949,51.24601745605469],[4.01227855682373,51.24601745605469],[4.341732025146484,51.44654083251953],[5.019589424133301,51.44654083251953],[5.535188674926758,51.24601745605469],[5.864670753479004,51.51342010498047],[5.770728588104248,51.78114318847656],[6.023392200469971,51.84812545776367],[6.021216869354248,51.91512680053711]]]},"properties":{"Name":"Batavian Republic","FromYear":1796,"ToYear":1802,"Area":259795.1321383318,"Type":"POLITY","Wikipedia":"Batavian Republic","Wikidata":"Q188553","SeshatID":"","Components":"","MemberOf":"(Batavian Republic)"}},
{"type":"Feature","geometry":{"type":"Polygon","coordinates":[[[11.540922164916992,33.13589859008789],[11.464286804199219,33.13589859008789],[11.157825469970703,33.20018768310547],[11.081541061401367,33.5859489440918],[10.697741508483887,33.52165222167969],[10.544031143188477,33.71455001831055],[10.23681354522705,33.71455001831055],[10.005777359008789,33.90746307373047],[10.081672668457031,34.22901916503906],[10.004497528076172,34.2933349609375],[10.543014526367188,34.55062484741211],[10.851213455200195,34.80794906616211],[10.85119342803955,34.93662643432617],[11.082771301269531,35.00096893310547],[11.005731582641602,35.38706970214844],[11.083049774169922,35.38706970214844],[11.08318042755127,35.58015823364258],[10.851019859313965,35.644527435302734],[10.851000785827637,35.708900451660156],[10.463515281677246,35.902034759521484],[10.540250778198242,36.3527946472168],[10.462488174438477,36.417205810546875],[11.006199836730957,36.80373764038086],[11.006271362304688,36.9970588684082],[10.461837768554688,36.73930740356445],[10.228352546691895,36.80373764038086],[10.305440902709961,37.06150817871094],[10.227567672729492,37.06150817871094],[10.227764129638672,36.9970588684082],[10.149913787841797,36.9970588684082],[10.14969539642334,37.06150817871094],[10.227567672729492,37.06150817871094],[10.226980209350586,37.254878997802734],[9.993423461914062,37.1904182434082],[9.603086471557617,37.3193473815918],[9.05947494506836,37.06150817871094],[8.903155326843262,37.12596130371094],[8.671387672424316,36.932613372802734],[8.593559265136719,36.932613372802734],[8.594874382019043,36.80373764038086],[8.363677024841309,36.61045455932617],[8.285958290100098,36.61045455932617],[8.20899772644043,36.5460319519043],[8.36652660369873,36.3527946472168],[8.296080589294434,35.708900451660156],[8.373502731323242,35.708900451660156],[8.456167221069336,35.194007873535156],[8.154257774353027,34.55062484741211],[8.000144958496094,34.55062484741211],[7.924595355987549,34.42197799682617],[8.001612663269043,34.42197799682617],[8.0807523727417,34.22901916503906],[8.310981750488281,34.2933349609375],[8.927783012390137,34.164703369140625],[8.928751945495605,34.03607940673828],[9.082552909851074,34.03607940673828],[9.083436965942383,33.90746307373047],[9.237561225891113,33.84315490722656],[9.315913200378418,33.5859489440918],[9.623573303222656,33.45735549926758],[9.547471046447754,33.32876968383789],[9.62503719329834,33.13589859008789],[10.08484935760498,33.13589859008789],[10.008606910705566,33.00732421875],[10.391599655151367,33.00732421875],[11.462759971618652,32.493072509765625],[11.539214134216309,32.493072509765625],[11.540922164916992,33.13589859008789]],[[8.827044486999512,36.932613372802734],[8.826451301574707,36.9970588684082],[8.904301643371582,36.9970588684082],[8.904873847961426,36.932613372802734],[8.827044486999512,36.932613372802734]]]},"properties":{"Name":"Beylik of Tunis","FromYear":1796,"ToYear":1829,"Area":87756.65790630697,"Type":"POLITY","Wikipedia":"Beylik of Tunis","Wikidata":"Q4899891","SeshatID":"","Components":"","MemberOf":""}},
{"type":"Feature","geometry":{"type":"Polygon","coordinates":[[[11.539214134216309,32.493072509765625],[11.539045333862305,32.428794860839844],[11.768352508544922,32.428794860839844],[11.767910957336426,32.30024337768555],[12.455889701843262,32.36451721191406],[13.0667085647583,32.30024337768555],[13.06567096710205,32.171695709228516],[13.29533576965332,32.23596954345703],[13.82862377166748,32.107421875],[14.586112022399902,31.65752601623535],[14.584433555603027,31.528987884521484],[15.187263488769531,31.079113006591797],[15.184454917907715,30.886310577392578],[15.489551544189453,30.950578689575195],[16.701202392578125,30.69350814819336],[17.905044555664062,30.179353713989258],[18.676642358097887,30],[18.81432891793063,30],[19.496095657348633,30.115081787109375],[20.18822479248047,30.436433792114258],[20.508262634277344,30.950578689575195],[20.294591903686523,31.40045166015625],[20.305164337158203,31.7217960357666],[20.381406784057617,31.7217960357666],[20.38789939880371,31.91460609436035],[21.014663696289062,32.36451721191406],[21.24149513244629,32.30024337768555],[21.55459976196289,32.493072509765625],[21.783960342407227,32.493072509765625],[21.778841018676758,32.36451721191406],[22.240007400512695,32.428794860839844],[22.840330123901367,32.171695709228516],[22.90837287902832,31.978878021240234],[23.589370727539062,31.8503360748291],[23.736087799072266,31.7217960357666],[23.96481704711914,31.7217960357666],[24.202627182006836,31.91460609436035],[24.132408142089844,32.043148040771484],[23.148635864257812,32.23596954345703],[23.089431762695312,32.62162780761719],[22.108469009399414,32.94303894042969],[21.569839477539062,32.878753662109375],[21.41167449951172,32.75019073486328],[21.108016967773438,32.81447219848633],[20.87124252319336,32.62162780761719],[20.644094467163086,32.685909271240234],[20.71593475341797,32.557350158691406],[20.562992095947266,32.557350158691406],[20.481992721557617,32.428794860839844],[20.33134651184082,32.493072509765625],[20.246112823486328,32.23596954345703],[20.016965866088867,32.23596954345703],[20.089075088500977,32.107421875],[19.996076583862305,31.593257904052734],[20.214296340942383,31.271915435791016],[20.122089385986328,30.757776260375977],[19.655010223388672,30.372163772583008],[18.968589782714844,30.243623733520508],[18.896053314208984,30.372163772583008],[18.592470169067383,30.372163772583008],[18.222288131713867,30.757776260375977],[17.846824645996094,30.950578689575195],[16.8635196685791,31.20764923095703],[16.178552627563477,31.20764923095703],[15.64897632598877,31.40045166015625],[15.575982093811035,31.593257904052734],[15.424593925476074,31.65752601623535],[15.206924438476562,32.36451721191406],[14.749334335327148,32.428794860839844],[14.674704551696777,32.557350158691406],[14.444439888000488,32.493072509765625],[14.217477798461914,32.685909271240234],[13.835655212402344,32.75019073486328],[13.759129524230957,32.75019073486328],[13.760527610778809,32.878753662109375],[13.453653335571289,32.81447219848633],[13.301749229431152,32.94303894042969],[13.072009086608887,32.94303894042969],[12.841785430908203,32.878753662109375],[12.840824127197266,32.75019073486328],[12.534722328186035,32.75019073486328],[12.612099647521973,32.878753662109375],[12.228955268859863,32.81447219848633],[11.617557525634766,33.13589859008789],[11.540922164916992,33.13589859008789],[11.539214134216309,32.493072509765625]],[[13.070935249328613,32.81447219848633],[13.071471214294434,32.878753662109375],[13.148033142089844,32.878753662109375],[13.147479057312012,32.81447219848633],[13.070935249328613,32.81447219848633]]]},"properties":{"Name":"Karamanli Dynasty","FromYear":1796,"ToYear":1835,"Area":76329.57156059408,"Type":"POLITY","Wikipedia":"Karamanli dynasty","Wikidata":"Q1929987","SeshatID":"","Components":"","MemberOf":""}},
{"type":"Feature","geometry":{"type":"MultiPolygon","coordinates":[[[[9.124975204467773,47.79592514038086],[9.043119430541992,47.730003356933594],[9.126065808793383,47.69704496069934],[9.208976745605469,47.664100646972656],[9.207592964172363,47.79592514038086],[9.124975204467773,47.79592514038086]]],[[[7.559404373168945,47.598209381103516],[7.560789108276367,47.53233337402344],[7.888208866119385,47.664100646972656],[7.636491298675537,47.86185836791992],[7.635128974914551,47.92780685424805],[7.552440643310547,47.92780685424805],[7.55383825302124,47.86185836791992],[7.555233955383301,47.79592514038086],[7.556626796722412,47.730003356933594],[7.558016777038574,47.664100646972656],[7.559404373168945,47.598209381103516]]],[[[8.805828094482422,53.86756134033203],[8.719483375549316,53.86756134033203],[8.459527015686035,53.93522644042969],[8.375076293945312,53.799922943115234],[8.376045227050781,53.732303619384766],[8.721826553344727,53.664710998535156],[8.805828094482422,53.86756134033203]]],[[[12.510897636413574,47.664100646972656],[12.508110046386719,47.4006233215332],[12.177369117736816,47.26897048950195],[12.175729751586914,47.07159423828125],[12.752180099487305,47.13737487792969],[12.834451675415039,47.13737487792969],[13.079431533813477,47.005828857421875],[13.738253593444824,47.07159423828125],[13.659500122070312,47.26897048950195],[13.41247844696045,47.26897048950195],[13.418926239013672,47.664100646972656],[13.175244331359863,47.92780685424805],[13.177251815795898,48.059749603271484],[12.845351219177246,47.993770599365234],[12.924517631530762,47.730003356933594],[13.087788581848145,47.598209381103516],[12.839411735534668,47.53233337402344],[12.75854206085205,47.664100646972656],[12.510897636413574,47.664100646972656]]],[[[13.358475685119629,48.98506164550781],[13.187618255615234,48.72037124633789],[13.270737648010254,48.72037124633789],[13.26854419708252,48.5881233215332],[13.434637069702148,48.5881233215332],[13.683775901794434,48.5881233215332],[13.770781517028809,48.786521911621094],[13.525009155273438,48.98506164550781],[13.358475685119629,48.98506164550781]]],[[[11.110798835754395,49.18375015258789],[11.11061954498291,49.11750411987305],[11.027278900146484,49.11750411987305],[11.027141571044922,49.051273345947266],[10.94383716583252,49.051273345947266],[10.902325962445385,49.051273345947266],[10.860533714294434,49.051273345947266],[10.860509984739707,49.02470083747134],[10.860474586486816,48.98506164550781],[10.79813154692982,48.98506164550781],[10.77720832824707,48.98506164550781],[10.77720468814648,48.97176340012638],[10.777190208435059,48.91886520385742],[10.943561553955078,48.852684020996094],[11.277301788330078,49.11750411987305],[11.277814865112305,49.2500114440918],[11.110982894897461,49.2500114440918],[11.110798835754395,49.18375015258789]]],[[[8.655516624450684,52.0491943359375],[8.400161743164062,52.0491943359375],[8.402093887329102,51.91512680053711],[8.147000312805176,51.91512680053711],[7.974571704864502,52.0491943359375],[7.889453411102295,52.0491943359375],[7.547579765319824,52.11625671386719],[7.543370246887207,52.31757736206055],[7.541964530944824,52.38472366333008],[7.285952568054199,52.38472366333008],[7.281329154968262,52.586299896240234],[7.537741184234619,52.586299896240234],[7.619111061096191,52.78806686401367],[8.049423217773438,52.653533935546875],[8.301936149597168,52.92268753051758],[8.730415344238281,52.92268753051758],[8.64223861694336,53.124786376953125],[8.383776664733887,53.192195892333984],[8.46413803100586,53.597137451171875],[8.37701416015625,53.664710998535156],[8.290811538696289,53.664710998535156],[7.94840145111084,53.52959060668945],[8.032201766967773,53.664710998535156],[7.772295475006104,53.732303619384766],[7.68604564666748,53.732303619384766],[7.780054569244385,53.32708740234375],[7.526416778564453,53.124786376953125],[7.354752063751221,53.124786376953125],[7.351721286773682,53.25962829589844],[7.178262233734131,53.32708740234375],[7.179872989654541,53.25962829589844],[7.021557331085205,52.720787048339844],[6.68117618560791,52.653533935546875],[6.68488883972168,52.51908493041992],[6.944602489471436,52.38472366333008],[6.948029518127441,52.250450134277344],[6.697800159454346,52.0491943359375],[6.699635028839111,51.98215103149414],[6.701467514038086,51.91512680053711],[6.616436004638672,51.91512680053711],[6.531404495239258,51.91512680053711],[6.533320903778076,51.84812545776367],[6.448332786560059,51.84812545776367],[6.878493785858154,51.64724349975586],[6.883697509765625,51.44654083251953],[6.885428905487061,51.37968063354492],[6.970118999481201,51.37968063354492],[6.998267909650756,51.37968063354492],[7.054809093475342,51.37968063354492],[7.049864292144775,51.580322265625],[7.217932224273682,51.64724349975586],[7.643582820892334,51.580322265625],[7.39061164855957,51.51342010498047],[7.562949180603027,51.37968063354492],[7.565735340118408,51.24601745605469],[7.228870391845703,51.17921447753906],[7.061383247375488,51.112430572509766],[7.064663410186768,50.97892379760742],[7.233543395996094,50.97892379760742],[7.230429172515869,51.112430572509766],[7.399474620819092,51.112430572509766],[7.402423858642578,50.97892379760742],[7.071211338043213,50.71213912963867],[7.166632652282715,50.2459831237793],[7.334622859954834,50.2459831237793],[7.762485027313232,49.84712600708008],[8.181282997131348,49.84712600708008],[8.351943016052246,49.64793395996094],[8.355094909667969,49.44889450073242],[8.605683326721191,49.44889450073242],[8.775334358215332,49.2500114440918],[8.2748384475708,49.2500114440918],[8.111507415771484,49.051273345947266],[8.115007400512695,48.852684020996094],[7.867981433868408,48.72037124633789],[7.870530128479004,48.5881233215332],[7.953576564788818,48.5881233215332],[7.954813003540039,48.52202224731445],[7.871802806854248,48.52202224731445],[7.788793087005615,48.52202224731445],[7.705782890319824,48.52202224731445],[7.707126617431641,48.455936431884766],[7.708469390869141,48.38986587524414],[7.709810256958008,48.323814392089844],[7.792711734771729,48.323814392089844],[7.796617031097412,48.1257438659668],[7.959747314453125,48.257774353027344],[8.208345413208008,48.257774353027344],[8.210589408874512,48.1257438659668],[8.293384552001953,48.1257438659668],[8.376178741455078,48.1257438659668],[8.377227783203125,48.059749603271484],[8.45998764038086,48.059749603271484],[8.461000442504883,47.993770599365234],[8.378276824951172,47.993770599365234],[8.295553207397461,47.993770599365234],[8.21282958984375,47.993770599365234],[8.211709976196289,48.059749603271484],[8.210589408874512,48.1257438659668],[8.127795219421387,48.1257438659668],[8.218400955200195,47.664100646972656],[8.467049598693848,47.598209381103516],[8.547621726989746,47.730003356933594],[8.87795352935791,47.730003356933594],[8.957342147827148,47.993770599365234],[9.124246597290039,47.86185836791992],[9.122788429260254,47.993770599365234],[9.370336532592773,48.059749603271484],[9.536406517028809,47.993770599365234],[9.456033706665039,47.730003356933594],[9.705229759216309,47.53233337402344],[9.952665328979492,47.53233337402344],[10.118547439575195,47.33478927612305],[10.36567211151123,47.33478927612305],[10.447366714477539,47.598209381103516],[10.61239242553711,47.598209381103516],[10.694778442382812,47.730003356933594],[10.44686222076416,47.79592514038086],[10.52871322631836,48.191749572753906],[10.363642692565918,47.993770599365234],[10.115167617797852,48.059749603271484],[10.197128295898438,48.257774353027344],[10.528592109680176,48.257774353027344],[10.361740112304688,48.654239654541016],[10.61073112487793,48.91886520385742],[10.443891525268555,49.11750411987305],[10.027495384216309,49.051273345947266],[9.860121726989746,49.18375015258789],[9.859366416931152,49.316287994384766],[10.026273727416992,49.316287994384766],[10.109211921691895,49.44889450073242],[9.774689674377441,49.51522445678711],[9.941177368164062,49.64793395996094],[10.61031436920166,49.78071212768555],[11.028919219970703,49.78071212768555],[11.028549194335938,49.64793395996094],[11.279480934143066,49.64793395996094],[11.279778480529785,49.71431350708008],[11.363460540771484,49.71431350708008],[11.363802909851074,49.78071212768555],[11.364151954650879,49.84712600708008],[11.365238189697266,50.04647445678711],[11.617362022399902,50.11296081542969],[11.534852027893066,50.312522888183594],[11.872282981872559,50.445655822753906],[11.95639705657959,50.445655822753906],[11.957799911499023,50.578861236572266],[12.21121883392334,50.64549255371094],[12.212909698486328,50.77880859375],[12.045051574707031,50.84549331665039],[11.95923137664795,50.71213912963867],[11.790678977966309,50.71213912963867],[11.791977882385254,50.84549331665039],[12.21550464630127,50.97892379760742],[12.552227973937988,50.912200927734375],[12.555364608764648,51.112430572509766],[12.135334014892578,51.31283950805664],[11.879911422729492,51.17921447753906],[11.877744674682617,50.97892379760742],[11.287090301513672,51.04566955566406],[11.203798294067383,51.24601745605469],[10.526949882507324,51.24601745605469],[10.357771873474121,51.112430572509766],[10.104059219360352,51.17921447753906],[10.61178970336914,51.37968063354492],[11.034910202026367,51.31283950805664],[11.036260604858398,51.580322265625],[11.291190147399902,51.64724349975586],[11.376049995422363,51.64724349975586],[11.377108573913574,51.78114318847656],[10.951751708984375,51.64724349975586],[10.951443672180176,51.580322265625],[10.951140403747559,51.51342010498047],[10.866366386413574,51.51342010498047],[10.781591415405273,51.51342010498047],[10.442449569702148,51.44654083251953],[10.442594528198242,51.64724349975586],[10.272875785827637,51.64724349975586],[9.934269905090332,51.37968063354492],[9.68019962310791,51.37968063354492],[9.680888175964355,51.24601745605469],[9.427544593811035,51.17921447753906],[9.426129341125488,51.37968063354492],[9.594372749328613,51.580322265625],[9.338425636291504,51.78114318847656],[10.10293197631836,51.78114318847656],[10.102721214294434,51.91512680053711],[10.187751770019531,51.91512680053711],[10.527765274047852,51.84812545776367],[10.527454376220703,51.64724349975586],[10.697173118591309,51.64724349975586],[10.867717742919922,51.84812545776367],[10.528238296508789,52.11625671386719],[10.528498649597168,52.250450134277344],[10.869808197021484,52.31757736206055],[10.870770454406738,52.51908493041992],[10.614492416381836,52.51908493041992],[10.69944953918457,52.38472366333008],[9.845865249633789,52.4518928527832],[9.760738372802734,52.38472366333008],[9.846723556518555,52.18334197998047],[9.591107368469238,52.18334197998047],[9.676933288574219,52.0491943359375],[9.422470092773438,51.91512680053711],[9.166799545288086,51.98215103149414],[9.167954444885254,51.84812545776367],[8.828001976013184,51.84812545776367],[8.655516624450684,52.0491943359375]],[[10.196602821350098,48.38986587524414],[10.279766082763672,48.323814392089844],[10.113962173461914,48.323814392089844],[10.11336898803711,48.455936431884766],[10.196342468261719,48.455936431884766],[10.196602821350098,48.38986587524414]],[[10.03139591217041,48.257774353027344],[9.782355308532715,48.323814392089844],[9.451920509338379,48.191749572753906],[9.449578285217285,48.455936431884766],[9.61603832244873,48.38986587524414],[9.698975563049316,48.38986587524414],[9.947421073913574,48.455936431884766],[10.03139591217041,48.257774353027344]],[[9.36660385131836,48.455936431884766],[9.368468284606934,48.257774353027344],[9.202736854553223,48.257774353027344],[9.201349258422852,48.38986587524414],[9.284287452697754,48.38986587524414],[9.36660385131836,48.455936431884766]],[[8.539809226989746,48.257774353027344],[8.538827896118164,48.323814392089844],[8.7875337600708,48.323814392089844],[8.706449508666992,48.191749572753906],[8.539809226989746,48.257774353027344]],[[8.872109413146973,48.191749572753906],[8.871273040771484,48.257774353027344],[8.87043571472168,48.323814392089844],[8.953337669372559,48.323814392089844],[8.95413875579834,48.257774353027344],[9.037004470825195,48.257774353027344],[9.03777027130127,48.191749572753906],[8.954939842224121,48.191749572753906],[8.872109413146973,48.191749572753906]],[[8.710076332092285,47.92780685424805],[8.793634414672852,47.86185836791992],[8.628328323364258,47.86185836791992],[8.626447677612305,47.993770599365234],[8.709171295166016,47.993770599365234],[8.710076332092285,47.92780685424805]],[[8.535882949829102,48.52202224731445],[8.53490161895752,48.5881233215332],[8.700084686279297,48.654239654541016],[8.701903343200684,48.52202224731445],[8.535882949829102,48.52202224731445]],[[8.290122985839844,48.323814392089844],[8.291211128234863,48.257774353027344],[8.206095695495605,48.38986587524414],[8.454909324645996,48.38986587524414],[8.290122985839844,48.323814392089844]],[[8.451854705810547,48.5881233215332],[8.452873229980469,48.52202224731445],[8.370917320251465,48.455936431884766],[8.285761833190918,48.5881233215332],[8.451854705810547,48.5881233215332]]],[[[12.308514595031738,51.580322265625],[12.309504508972168,51.64724349975586],[12.310501098632812,51.71418380737305],[12.35299686753675,51.71418380737305],[12.395403861999512,51.71418380737305],[12.396450996398926,51.78114318847656],[12.397505760192871,51.84812545776367],[12.312517166137695,51.84812545776367],[12.313535690307617,51.91512680053711],[12.228504180908203,51.91512680053711],[11.885207176208496,51.64724349975586],[11.460908889770508,51.64724349975586],[11.544562339782715,51.51342010498047],[11.96843433380127,51.51342010498047],[11.969246864318848,51.580322265625],[12.05406379699707,51.580322265625],[12.138880729675293,51.580322265625],[12.223697662353516,51.580322265625],[12.308514595031738,51.580322265625]]],[[[10.273481369018555,53.664710998535156],[10.014796257019043,53.732303619384766],[9.842811584472656,53.52959060668945],[10.273246765136719,53.39456558227539],[10.359575271606445,53.597137451171875],[10.273481369018555,53.664710998535156]]],[[[11.132387161254883,53.25962829589844],[11.306057929992676,53.462066650390625],[11.563496589660645,53.39456558227539],[11.738075256347656,53.597137451171875],[11.910387992858887,53.597137451171875],[12.16561222076416,53.39456558227539],[12.938276290893555,53.32708740234375],[13.024246215820312,53.32708740234375],[13.196187019348145,53.32708740234375],[13.54919719696045,53.664710998535156],[13.118182182312012,53.664710998535156],[12.948822975158691,53.799922943115234],[13.036701202392578,53.86756134033203],[13.038288116455078,53.93522644042969],[12.951896667480469,53.93522644042969],[12.953442573547363,54.00291442871094],[12.867003440856934,54.00291442871094],[12.780564308166504,54.00291442871094],[12.442490577697754,54.4095458984375],[12.35576343536377,54.4095458984375],[11.398930549621582,54.138362884521484],[11.444970238105016,53.95027359010248],[11.481772422790527,53.799922943115234],[11.395475387573242,53.799922943115234],[11.222881317138672,53.799922943115234],[11.311097145080566,54.00291442871094],[11.138771057128906,54.07062530517578],[10.504214700245134,53.94650801902566],[10.446537017822266,53.93522644042969],[10.446371078491211,53.86756134033203],[10.460816395937528,53.86189269493314],[10.791046142578125,53.732303619384766],[10.790016174316406,53.52959060668945],[10.617313385009766,53.39456558227539],[11.132387161254883,53.25962829589844]]]]},"properties":{"Name":"(Holy Roman Empire)","FromYear":1797,"ToYear":1802,"Area":144434.16507582477,"Type":"POLITY","Wikipedia":"Holy Roman Empire","Wikidata":"Q12548","SeshatID":"de_empire_minor_2","Components":"Holy Roman Empire Minor States","MemberOf":""}},
{"type":"Feature","geometry":{"type":"MultiPolygon","coordinates":[[[[7.080090999603271,46.94007873535156],[6.828584671020508,47.13737487792969],[6.830254077911377,47.07159423828125],[6.748015880584717,47.07159423828125],[6.665778160095215,47.07159423828125],[6.667511463165283,47.005828857421875],[6.585307121276855,47.005828857421875],[6.587069988250732,46.94007873535156],[6.504899501800537,46.94007873535156],[6.50646754169322,46.88255445334918],[6.506691455841064,46.87434005737305],[7.080090999603271,46.94007873535156]]],[[[11.110982894897461,49.2500114440918],[11.027566909790039,49.2500114440918],[11.027873992919922,49.38258361816406],[11.278903007507324,49.51522445678711],[11.279480934143066,49.64793395996094],[11.028549194335938,49.64793395996094],[11.028919219970703,49.78071212768555],[10.61031436920166,49.78071212768555],[9.941177368164062,49.64793395996094],[9.774689674377441,49.51522445678711],[10.109211921691895,49.44889450073242],[10.026273727416992,49.316287994384766],[9.859366416931152,49.316287994384766],[9.860121726989746,49.18375015258789],[10.027495384216309,49.051273345947266],[10.443891525268555,49.11750411987305],[10.61073112487793,48.91886520385742],[10.693961143493652,48.91886520385742],[10.77720468814648,48.97176340012638],[10.79813154692982,48.98506164550781],[10.860509984739707,49.02470083747134],[10.902325962445385,49.051273345947266],[11.110798835754395,49.18375015258789],[11.110982894897461,49.2500114440918]]],[[[12.12234115600586,50.2459831237793],[12.038346290588379,50.2459831237793],[12.039060592651367,50.312522888183594],[11.955025672912598,50.312522888183594],[11.955707550048828,50.37908172607422],[11.87163257598877,50.37908172607422],[11.872282981872559,50.445655822753906],[11.534852027893066,50.312522888183594],[11.617362022399902,50.11296081542969],[11.365238189697266,50.04647445678711],[11.364151954650879,49.84712600708008],[11.699701309204102,49.91355895996094],[11.869729042053223,50.17946243286133],[12.12159538269043,50.17946243286133],[12.12234115600586,50.2459831237793]]],[[[7.054809093475342,51.37968063354492],[7.055633020032533,51.34620390047799],[7.056454181671143,51.31283950805664],[7.112805625562621,51.31283950805664],[7.141102313995361,51.31283950805664],[7.141503985581069,51.29609191825158],[7.142704963684082,51.24601745605469],[7.227310657501221,51.24601745605469],[7.228870391845703,51.17921447753906],[7.565735340118408,51.24601745605469],[7.562949180603027,51.37968063354492],[7.39061164855957,51.51342010498047],[7.643582820892334,51.580322265625],[7.217932224273682,51.64724349975586],[7.049864292144775,51.580322265625],[7.054809093475342,51.37968063354492]]],[[[6.716048717498779,51.37968063354492],[6.80073881149292,51.37968063354492],[6.7998523524055905,51.41310245322464],[6.798965454101562,51.44654083251953],[6.883697509765625,51.44654083251953],[6.878493785858154,51.64724349975586],[6.448332786560059,51.84812545776367],[6.363344669342041,51.84812545776367],[6.278356552124023,51.84812545776367],[6.277333757191247,51.88161764177538],[6.276310443878174,51.91512680053711],[6.191279411315918,51.91512680053711],[6.106247901916504,51.91512680053711],[6.021216869354248,51.91512680053711],[6.023392200469971,51.84812545776367],[6.539055824279785,51.64724349975586],[6.71241569519043,51.51342010498047],[6.716048717498779,51.37968063354492]]],[[[13.93283748626709,52.0491943359375],[14.269256591796875,51.91512680053711],[14.190190315246582,52.11625671386719],[13.93470573425293,52.11625671386719],[13.93283748626709,52.0491943359375]]],[[[8.655516624450684,52.0491943359375],[8.91016674041748,52.11625671386719],[8.821284294128418,52.4518928527832],[8.90596866607666,52.51908493041992],[8.819802284240723,52.586299896240234],[8.136035919189453,52.586299896240234],[8.226768493652344,52.250450134277344],[8.227821350097656,52.18334197998047],[8.14261531829834,52.18334197998047],[8.143346845763851,52.13859539908143],[8.143712043762207,52.11625671386719],[8.101174922836375,52.11625671386719],[8.058549880981445,52.11625671386719],[7.973388195037842,52.11625671386719],[7.974571704864502,52.0491943359375],[8.147000312805176,51.91512680053711],[8.402093887329102,51.91512680053711],[8.400161743164062,52.0491943359375],[8.655516624450684,52.0491943359375]]],[[[7.543370246887207,52.31757736206055],[7.544774532318115,52.250450134277344],[7.546177864074707,52.18334197998047],[7.547579765319824,52.11625671386719],[7.632741451263428,52.11625671386719],[7.717903137207031,52.11625671386719],[7.803064823150635,52.11625671386719],[7.796703338623047,52.4518928527832],[7.537741184234619,52.586299896240234],[7.281329154968262,52.586299896240234],[7.285952568054199,52.38472366333008],[7.541964530944824,52.38472366333008],[7.543370246887207,52.31757736206055]]],[[[15.173232078552246,51.04566955566406],[15.416954040527344,50.77880859375],[16.338764190673828,50.64549255371094],[16.24351692199707,50.37908172607422],[16.487279891967773,50.17946243286133],[16.823102951049805,50.17946243286133],[16.919164657592773,50.445655822753906],[17.1715087890625,50.445655822753906],[17.49802589416504,50.2459831237793],[17.750011444091797,50.2459831237793],[17.739870071411133,50.04647445678711],[17.904199600219727,49.98000717163086],[18.487384796142578,49.91355895996094],[18.88353729248047,49.51522445678711],[19.409168243408203,49.91355895996094],[19.91196060180664,49.91355895996094],[19.925048828125,50.11296081542969],[19.76154327392578,50.17946243286133],[19.770261764526367,50.312522888183594],[19.854297637939453,50.312522888183594],[19.876659393310547,50.64549255371094],[20.049747467041016,50.71213912963867],[20.073148727416992,51.04566955566406],[20.415983200073242,51.112430572509766],[20.689903259277344,51.37968063354492],[21.20885467529297,51.51342010498047],[21.162322998046875,51.98215103149414],[21.003124237060547,52.11625671386719],[21.01416015625,52.250450134277344],[21.18465805053711,52.250450134277344],[21.29853057861328,52.586299896240234],[21.994611740112305,52.720787048339844],[22.416019439697266,52.653533935546875],[22.56774139404297,52.4518928527832],[22.988040924072266,52.38472366333008],[23.113672256469727,52.78806686401367],[23.29177474975586,52.85536575317383],[23.333627700805664,53.25962829589844],[23.175739288330078,53.39456558227539],[23.196853637695312,53.597137451171875],[23.36916732788086,53.597137451171875],[23.39077377319336,53.799922943115234],[23.22533416748047,53.86756134033203],[23.23971176147461,54.00291442871094],[23.41990852355957,54.07062530517578],[23.261449813842773,54.20612335205078],[23.28339385986328,54.4095458984375],[23.464303970336914,54.47740173339844],[23.48680877685547,54.681121826171875],[23.327884674072266,54.817054748535156],[23.35798454284668,55.089229583740234],[23.023895263671875,55.225467681884766],[22.398584365844727,55.089229583740234],[22.412668228149414,55.225467681884766],[21.640066146850586,55.36180877685547],[21.235198974609375,55.70311737060547],[21.248220443725586,55.83982467651367],[20.991283416748047,55.90821838378906],[20.98489761352539,55.83982467651367],[20.96585464477539,55.63479995727539],[21.202974319458008,55.36180877685547],[20.990678787231445,54.95309066772461],[20.72932243347168,54.95309066772461],[20.654220581054688,55.089229583740234],[19.950855255126953,55.021148681640625],[19.83608627319336,54.681121826171875],[20.004362106323242,54.613189697265625],[19.830615997314453,54.613189697265625],[19.819725036621094,54.47740173339844],[19.559396743774414,54.47740173339844],[19.462186813354492,54.341712951660156],[18.686851501464844,54.4095458984375],[18.44533348083496,54.681121826171875],[18.459484100341797,54.88506317138672],[17.501720428466797,54.88506317138672],[16.442564010620117,54.613189697265625],[15.991765975952148,54.27390670776367],[15.036103248596191,54.20612335205078],[14.50934886932373,54.00291442871094],[14.499796867370605,53.732303619384766],[13.98438835144043,53.799922943115234],[14.159177780151367,53.86756134033203],[14.165812492370605,54.07062530517578],[13.477616310119629,54.20612335205078],[13.475763320922852,54.138362884521484],[13.641111373901367,53.86756134033203],[13.036701202392578,53.86756134033203],[12.948822975158691,53.799922943115234],[13.118182182312012,53.664710998535156],[13.54919719696045,53.664710998535156],[13.196187019348145,53.32708740234375],[13.024246215820312,53.32708740234375],[12.938276290893555,53.32708740234375],[12.16561222076416,53.39456558227539],[11.910387992858887,53.597137451171875],[11.738075256347656,53.597137451171875],[11.563496589660645,53.39456558227539],[11.306057929992676,53.462066650390625],[11.132387161254883,53.25962829589844],[11.38951587677002,53.192195892333984],[11.388239860534668,53.057395935058594],[10.787421226501465,52.99003219604492],[10.870770454406738,52.51908493041992],[10.869808197021484,52.31757736206055],[10.528498649597168,52.250450134277344],[10.528238296508789,52.11625671386719],[10.867717742919922,51.84812545776367],[10.697173118591309,51.64724349975586],[10.527454376220703,51.64724349975586],[10.442594528198242,51.64724349975586],[10.442449569702148,51.44654083251953],[10.781591415405273,51.51342010498047],[10.78180980682373,51.580322265625],[10.78203296661377,51.64724349975586],[10.86689281463623,51.64724349975586],[10.951751708984375,51.64724349975586],[11.377108573913574,51.78114318847656],[11.376049995422363,51.64724349975586],[11.291190147399902,51.64724349975586],[11.288854598999023,51.31283950805664],[11.541653633117676,51.17921447753906],[12.051520347595215,51.37968063354492],[11.96843433380127,51.51342010498047],[11.544562339782715,51.51342010498047],[11.460908889770508,51.64724349975586],[11.885207176208496,51.64724349975586],[12.228504180908203,51.91512680053711],[12.23147201538086,52.11625671386719],[12.657279968261719,52.11625671386719],[12.569785118103027,51.98215103149414],[12.9087553024292,51.91512680053711],[13.423735618591309,52.11625671386719],[13.764382362365723,52.11625671386719],[13.938469886779785,52.250450134277344],[14.36260986328125,52.18334197998047],[14.439318656921387,51.91512680053711],[14.779444694519043,51.91512680053711],[14.954254150390625,52.0491943359375],[15.027374267578125,51.71418380737305],[14.857569694519043,51.71418380737305],[14.853023529052734,51.580322265625],[15.272184371948242,51.44654083251953],[15.173232078552246,51.04566955566406]]],[[[7.178262233734131,53.32708740234375],[7.351721286773682,53.25962829589844],[7.354752063751221,53.124786376953125],[7.526416778564453,53.124786376953125],[7.780054569244385,53.32708740234375],[7.68604564666748,53.732303619384766],[7.599795818328857,53.732303619384766],[7.513545513153076,53.732303619384766],[7.427295684814453,53.732303619384766],[7.341045379638672,53.732303619384766],[7.082295417785645,53.732303619384766],[6.913325786590576,53.597137451171875],[6.918599128723145,53.39456558227539],[7.092291831970215,53.32708740234375],[7.178262233734131,53.32708740234375]]]]},"properties":{"Name":"Kingdom of Prussia","FromYear":1797,"ToYear":1802,"Area":312634.9660186322,"Type":"POLITY","Wikipedia":"Kingdom of Prussia","Wikidata":"Q27306","SeshatID":"","Components":"","MemberOf":""}},
{"type":"Feature","geometry":{"type":"Polygon","coordinates":[[[1.80907130241394,42.56119155883789],[1.72901451587677,42.56119155883789],[1.725796341896057,42.62621307373047],[1.645710229873657,42.62621307373047],[1.565624117851257,42.62621307373047],[1.485537886619568,42.62621307373047],[1.575427651405334,42.43117141723633],[1.80907130241394,42.56119155883789]]]},"properties":{"Name":"County of Urgell","FromYear":1797,"ToYear":1802,"Area":308.80268121340407,"Type":"POLITY","Wikipedia":"County of Urgell","Wikidata":"Q1514510","SeshatID":"","Components":"","MemberOf":""}},
{"type":"Feature","geometry":{"type":"MultiPolygon","coordinates":[[[[12.845351219177246,47.993770599365234],[12.762627601623535,47.993770599365234],[12.765129089355469,48.191749572753906],[13.26423168182373,48.323814392089844],[13.434637069702148,48.5881233215332],[13.26854419708252,48.5881233215332],[13.270737648010254,48.72037124633789],[13.187618255615234,48.72037124633789],[13.358475685119629,48.98506164550781],[13.112967491149902,49.2500114440918],[12.532414436340332,49.51522445678711],[12.534139633178711,49.64793395996094],[12.36764907836914,49.71431350708008],[12.370920181274414,49.98000717163086],[12.12159538269043,50.17946243286133],[11.869729042053223,50.17946243286133],[11.699701309204102,49.91355895996094],[11.364151954650879,49.84712600708008],[11.363802909851074,49.78071212768555],[11.363460540771484,49.71431350708008],[11.279778480529785,49.71431350708008],[11.279480934143066,49.64793395996094],[11.278903007507324,49.51522445678711],[11.027873992919922,49.38258361816406],[11.027566909790039,49.2500114440918],[11.110982894897461,49.2500114440918],[11.277814865112305,49.2500114440918],[11.277301788330078,49.11750411987305],[10.943561553955078,48.852684020996094],[10.777190208435059,48.91886520385742],[10.693961143493652,48.91886520385742],[10.61073112487793,48.91886520385742],[10.361740112304688,48.654239654541016],[10.528592109680176,48.257774353027344],[10.52871322631836,48.191749572753906],[10.44686222076416,47.79592514038086],[10.694778442382812,47.730003356933594],[10.61239242553711,47.598209381103516],[11.189559936523438,47.4006233215332],[11.602551460266113,47.598209381103516],[12.510897636413574,47.664100646972656],[12.75854206085205,47.664100646972656],[12.839411735534668,47.53233337402344],[13.087788581848145,47.598209381103516],[12.924517631530762,47.730003356933594],[12.845351219177246,47.993770599365234]]],[[[8.355094909667969,49.44889450073242],[8.271565437316895,49.44889450073242],[8.272655487060547,49.38258361816406],[8.273746490478516,49.316287994384766],[8.2748384475708,49.2500114440918],[8.775334358215332,49.2500114440918],[8.605683326721191,49.44889450073242],[8.355094909667969,49.44889450073242]]],[[[6.716048717498779,51.37968063354492],[6.719674110412598,51.24601745605469],[6.804280281066895,51.24601745605469],[6.899223804473877,50.84549331665039],[7.071211338043213,50.71213912963867],[7.402423858642578,50.97892379760742],[7.399474620819092,51.112430572509766],[7.230429172515869,51.112430572509766],[7.233543395996094,50.97892379760742],[7.064663410186768,50.97892379760742],[7.061383247375488,51.112430572509766],[7.228870391845703,51.17921447753906],[7.227310657501221,51.24601745605469],[7.141503985581069,51.29609191825158],[7.112805625562621,51.31283950805664],[7.055633020032533,51.34620390047799],[6.998267909650756,51.37968063354492],[6.883697509765625,51.44654083251953],[6.7998523524055905,51.41310245322464],[6.716048717498779,51.37968063354492]]]]},"properties":{"Name":"Duchy of Bavaria","FromYear":1797,"ToYear":1802,"Area":44878.544746060405,"Type":"POLITY","Wikipedia":"Duchy of Bavaria","Wikidata":"Q47261","SeshatID":"de_bavaria_1","Components":"","MemberOf":""}},
{"type":"Feature","geometry":{"type":"MultiPolygon","coordinates":[[[[9.124975204467773,47.79592514038086],[9.043119430541992,47.730003356933594],[9.126065808793383,47.69704496069934],[9.208976745605469,47.664100646972656],[9.207592964172363,47.79592514038086],[9.124975204467773,47.79592514038086]]],[[[7.559404373168945,47.598209381103516],[7.560789108276367,47.53233337402344],[7.888208866119385,47.664100646972656],[7.636491298675537,47.86185836791992],[7.635128974914551,47.92780685424805],[7.552440643310547,47.92780685424805],[7.55383825302124,47.86185836791992],[7.555233955383301,47.79592514038086],[7.556626796722412,47.730003356933594],[7.558016777038574,47.664100646972656],[7.559404373168945,47.598209381103516]]],[[[8.805828094482422,53.86756134033203],[8.719483375549316,53.86756134033203],[8.459527015686035,53.93522644042969],[8.375076293945312,53.799922943115234],[8.376045227050781,53.732303619384766],[8.721826553344727,53.664710998535156],[8.805828094482422,53.86756134033203]]],[[[12.510897636413574,47.664100646972656],[12.508110046386719,47.4006233215332],[12.177369117736816,47.26897048950195],[12.175729751586914,47.07159423828125],[12.752180099487305,47.13737487792969],[12.834451675415039,47.13737487792969],[13.079431533813477,47.005828857421875],[13.738253593444824,47.07159423828125],[13.659500122070312,47.26897048950195],[13.41247844696045,47.26897048950195],[13.418926239013672,47.664100646972656],[13.175244331359863,47.92780685424805],[13.177251815795898,48.059749603271484],[12.845351219177246,47.993770599365234],[12.924517631530762,47.730003356933594],[13.087788581848145,47.598209381103516],[12.839411735534668,47.53233337402344],[12.75854206085205,47.664100646972656],[12.510897636413574,47.664100646972656]]],[[[13.358475685119629,48.98506164550781],[13.187618255615234,48.72037124633789],[13.270737648010254,48.72037124633789],[13.26854419708252,48.5881233215332],[13.434637069702148,48.5881233215332],[13.683775901794434,48.5881233215332],[13.770781517028809,48.786521911621094],[13.525009155273438,48.98506164550781],[13.358475685119629,48.98506164550781]]],[[[11.110798835754395,49.18375015258789],[11.11061954498291,49.11750411987305],[11.027278900146484,49.11750411987305],[11.027141571044922,49.051273345947266],[10.94383716583252,49.051273345947266],[10.902325962445385,49.051273345947266],[10.860533714294434,49.051273345947266],[10.860509984739707,49.02470083747134],[10.860474586486816,48.98506164550781],[10.79813154692982,48.98506164550781],[10.77720832824707,48.98506164550781],[10.77720468814648,48.97176340012638],[10.777190208435059,48.91886520385742],[10.943561553955078,48.852684020996094],[11.277301788330078,49.11750411987305],[11.277814865112305,49.2500114440918],[11.110982894897461,49.2500114440918],[11.110798835754395,49.18375015258789]]],[[[8.655516624450684,52.0491943359375],[8.400161743164062,52.0491943359375],[8.402093887329102,51.91512680053711],[8.147000312805176,51.91512680053711],[7.974571704864502,52.0491943359375],[7.889453411102295,52.0491943359375],[7.547579765319824,52.11625671386719],[7.543370246887207,52.31757736206055],[7.541964530944824,52.38472366333008],[7.285952568054199,52.38472366333008],[7.281329154968262,52.586299896240234],[7.537741184234619,52.586299896240234],[7.619111061096191,52.78806686401367],[8.049423217773438,52.653533935546875],[8.301936149597168,52.92268753051758],[8.730415344238281,52.92268753051758],[8.64223861694336,53.124786376953125],[8.383776664733887,53.192195892333984],[8.46413803100586,53.597137451171875],[8.37701416015625,53.664710998535156],[8.290811538696289,53.664710998535156],[7.94840145111084,53.52959060668945],[8.032201766967773,53.664710998535156],[7.772295475006104,53.732303619384766],[7.68604564666748,53.732303619384766],[7.780054569244385,53.32708740234375],[7.526416778564453,53.124786376953125],[7.354752063751221,53.124786376953125],[7.351721286773682,53.25962829589844],[7.178262233734131,53.32708740234375],[7.179872989654541,53.25962829589844],[7.021557331085205,52.720787048339844],[6.68117618560791,52.653533935546875],[6.68488883972168,52.51908493041992],[6.944602489471436,52.38472366333008],[6.948029518127441,52.250450134277344],[6.697800159454346,52.0491943359375],[6.699635028839111,51.98215103149414],[6.701467514038086,51.91512680053711],[6.616436004638672,51.91512680053711],[6.531404495239258,51.91512680053711],[6.533320903778076,51.84812545776367],[6.448332786560059,51.84812545776367],[6.878493785858154,51.64724349975586],[6.883697509765625,51.44654083251953],[6.885428905487061,51.37968063354492],[6.970118999481201,51.37968063354492],[6.998267909650756,51.37968063354492],[7.054809093475342,51.37968063354492],[7.049864292144775,51.580322265625],[7.217932224273682,51.64724349975586],[7.643582820892334,51.580322265625],[7.39061164855957,51.51342010498047],[7.562949180603027,51.37968063354492],[7.565735340118408,51.24601745605469],[7.228870391845703,51.17921447753906],[7.061383247375488,51.112430572509766],[7.064663410186768,50.97892379760742],[7.233543395996094,50.97892379760742],[7.230429172515869,51.112430572509766],[7.399474620819092,51.112430572509766],[7.402423858642578,50.97892379760742],[7.071211338043213,50.71213912963867],[7.166632652282715,50.2459831237793],[7.334622859954834,50.2459831237793],[7.762485027313232,49.84712600708008],[8.181282997131348,49.84712600708008],[8.351943016052246,49.64793395996094],[8.355094909667969,49.44889450073242],[8.605683326721191,49.44889450073242],[8.775334358215332,49.2500114440918],[8.2748384475708,49.2500114440918],[8.111507415771484,49.051273345947266],[8.115007400512695,48.852684020996094],[7.867981433868408,48.72037124633789],[7.870530128479004,48.5881233215332],[7.953576564788818,48.5881233215332],[7.954813003540039,48.52202224731445],[7.871802806854248,48.52202224731445],[7.788793087005615,48.52202224731445],[7.705782890319824,48.52202224731445],[7.707126617431641,48.455936431884766],[7.708469390869141,48.38986587524414],[7.709810256958008,48.323814392089844],[7.792711734771729,48.323814392089844],[7.796617031097412,48.1257438659668],[7.959747314453125,48.257774353027344],[8.208345413208008,48.257774353027344],[8.210589408874512,48.1257438659668],[8.293384552001953,48.1257438659668],[8.376178741455078,48.1257438659668],[8.377227783203125,48.059749603271484],[8.45998764038086,48.059749603271484],[8.461000442504883,47.993770599365234],[8.378276824951172,47.993770599365234],[8.295553207397461,47.993770599365234],[8.21282958984375,47.993770599365234],[8.211709976196289,48.059749603271484],[8.210589408874512,48.1257438659668],[8.127795219421387,48.1257438659668],[8.218400955200195,47.664100646972656],[8.467049598693848,47.598209381103516],[8.547621726989746,47.730003356933594],[8.87795352935791,47.730003356933594],[8.957342147827148,47.993770599365234],[9.124246597290039,47.86185836791992],[9.122788429260254,47.993770599365234],[9.370336532592773,48.059749603271484],[9.536406517028809,47.993770599365234],[9.456033706665039,47.730003356933594],[9.705229759216309,47.53233337402344],[9.952665328979492,47.53233337402344],[10.118547439575195,47.33478927612305],[10.36567211151123,47.33478927612305],[10.447366714477539,47.598209381103516],[10.61239242553711,47.598209381103516],[10.694778442382812,47.730003356933594],[10.44686222076416,47.79592514038086],[10.52871322631836,48.191749572753906],[10.363642692565918,47.993770599365234],[10.115167617797852,48.059749603271484],[10.197128295898438,48.257774353027344],[10.528592109680176,48.257774353027344],[10.361740112304688,48.654239654541016],[10.61073112487793,48.91886520385742],[10.443891525268555,49.11750411987305],[10.027495384216309,49.051273345947266],[9.860121726989746,49.18375015258789],[9.859366416931152,49.316287994384766],[10.026273727416992,49.316287994384766],[10.109211921691895,49.44889450073242],[9.774689674377441,49.51522445678711],[9.941177368164062,49.64793395996094],[10.61031436920166,49.78071212768555],[11.028919219970703,49.78071212768555],[11.028549194335938,49.64793395996094],[11.279480934143066,49.64793395996094],[11.279778480529785,49.71431350708008],[11.363460540771484,49.71431350708008],[11.363802909851074,49.78071212768555],[11.364151954650879,49.84712600708008],[11.365238189697266,50.04647445678711],[11.617362022399902,50.11296081542969],[11.534852027893066,50.312522888183594],[11.872282981872559,50.445655822753906],[11.95639705657959,50.445655822753906],[11.957799911499023,50.578861236572266],[12.21121883392334,50.64549255371094],[12.212909698486328,50.77880859375],[12.045051574707031,50.84549331665039],[11.95923137664795,50.71213912963867],[11.790678977966309,50.71213912963867],[11.791977882385254,50.84549331665039],[12.21550464630127,50.97892379760742],[12.552227973937988,50.912200927734375],[12.555364608764648,51.112430572509766],[12.135334014892578,51.31283950805664],[11.879911422729492,51.17921447753906],[11.877744674682617,50.97892379760742],[11.287090301513672,51.04566955566406],[11.203798294067383,51.24601745605469],[10.526949882507324,51.24601745605469],[10.357771873474121,51.112430572509766],[10.104059219360352,51.17921447753906],[10.61178970336914,51.37968063354492],[11.034910202026367,51.31283950805664],[11.036260604858398,51.580322265625],[11.291190147399902,51.64724349975586],[11.376049995422363,51.64724349975586],[11.377108573913574,51.78114318847656],[10.951751708984375,51.64724349975586],[10.951443672180176,51.580322265625],[10.951140403747559,51.51342010498047],[10.866366386413574,51.51342010498047],[10.781591415405273,51.51342010498047],[10.442449569702148,51.44654083251953],[10.442594528198242,51.64724349975586],[10.272875785827637,51.64724349975586],[9.934269905090332,51.37968063354492],[9.68019962310791,51.37968063354492],[9.680888175964355,51.24601745605469],[9.427544593811035,51.17921447753906],[9.426129341125488,51.37968063354492],[9.594372749328613,51.580322265625],[9.338425636291504,51.78114318847656],[10.10293197631836,51.78114318847656],[10.102721214294434,51.91512680053711],[10.187751770019531,51.91512680053711],[10.527765274047852,51.84812545776367],[10.527454376220703,51.64724349975586],[10.697173118591309,51.64724349975586],[10.867717742919922,51.84812545776367],[10.528238296508789,52.11625671386719],[10.528498649597168,52.250450134277344],[10.869808197021484,52.31757736206055],[10.870770454406738,52.51908493041992],[10.614492416381836,52.51908493041992],[10.69944953918457,52.38472366333008],[9.845865249633789,52.4518928527832],[9.760738372802734,52.38472366333008],[9.846723556518555,52.18334197998047],[9.591107368469238,52.18334197998047],[9.676933288574219,52.0491943359375],[9.422470092773438,51.91512680053711],[9.166799545288086,51.98215103149414],[9.167954444885254,51.84812545776367],[8.828001976013184,51.84812545776367],[8.655516624450684,52.0491943359375]],[[10.196602821350098,48.38986587524414],[10.279766082763672,48.323814392089844],[10.113962173461914,48.323814392089844],[10.11336898803711,48.455936431884766],[10.196342468261719,48.455936431884766],[10.196602821350098,48.38986587524414]],[[10.03139591217041,48.257774353027344],[9.782355308532715,48.323814392089844],[9.451920509338379,48.191749572753906],[9.449578285217285,48.455936431884766],[9.61603832244873,48.38986587524414],[9.698975563049316,48.38986587524414],[9.947421073913574,48.455936431884766],[10.03139591217041,48.257774353027344]],[[9.36660385131836,48.455936431884766],[9.368468284606934,48.257774353027344],[9.202736854553223,48.257774353027344],[9.201349258422852,48.38986587524414],[9.284287452697754,48.38986587524414],[9.36660385131836,48.455936431884766]],[[8.539809226989746,48.257774353027344],[8.538827896118164,48.323814392089844],[8.7875337600708,48.323814392089844],[8.706449508666992,48.191749572753906],[8.539809226989746,48.257774353027344]],[[8.872109413146973,48.191749572753906],[8.871273040771484,48.257774353027344],[8.87043571472168,48.323814392089844],[8.953337669372559,48.323814392089844],[8.95413875579834,48.257774353027344],[9.037004470825195,48.257774353027344],[9.03777027130127,48.191749572753906],[8.954939842224121,48.191749572753906],[8.872109413146973,48.191749572753906]],[[8.710076332092285,47.92780685424805],[8.793634414672852,47.86185836791992],[8.628328323364258,47.86185836791992],[8.626447677612305,47.993770599365234],[8.709171295166016,47.993770599365234],[8.710076332092285,47.92780685424805]],[[8.535882949829102,48.52202224731445],[8.53490161895752,48.5881233215332],[8.700084686279297,48.654239654541016],[8.701903343200684,48.52202224731445],[8.535882949829102,48.52202224731445]],[[8.290122985839844,48.323814392089844],[8.291211128234863,48.257774353027344],[8.206095695495605,48.38986587524414],[8.454909324645996,48.38986587524414],[8.290122985839844,48.323814392089844]],[[8.451854705810547,48.5881233215332],[8.452873229980469,48.52202224731445],[8.370917320251465,48.455936431884766],[8.285761833190918,48.5881233215332],[8.451854705810547,48.5881233215332]]],[[[12.308514595031738,51.580322265625],[12.309504508972168,51.64724349975586],[12.310501098632812,51.71418380737305],[12.35299686753675,51.71418380737305],[12.395403861999512,51.71418380737305],[12.396450996398926,51.78114318847656],[12.397505760192871,51.84812545776367],[12.312517166137695,51.84812545776367],[12.313535690307617,51.91512680053711],[12.228504180908203,51.91512680053711],[11.885207176208496,51.64724349975586],[11.460908889770508,51.64724349975586],[11.544562339782715,51.51342010498047],[11.96843433380127,51.51342010498047],[11.969246864318848,51.580322265625],[12.05406379699707,51.580322265625],[12.138880729675293,51.580322265625],[12.223697662353516,51.580322265625],[12.308514595031738,51.580322265625]]],[[[10.273481369018555,53.664710998535156],[10.014796257019043,53.732303619384766],[9.842811584472656,53.52959060668945],[10.273246765136719,53.39456558227539],[10.359575271606445,53.597137451171875],[10.273481369018555,53.664710998535156]]],[[[11.132387161254883,53.25962829589844],[11.306057929992676,53.462066650390625],[11.563496589660645,53.39456558227539],[11.738075256347656,53.597137451171875],[11.910387992858887,53.597137451171875],[12.16561222076416,53.39456558227539],[12.938276290893555,53.32708740234375],[13.024246215820312,53.32708740234375],[13.196187019348145,53.32708740234375],[13.54919719696045,53.664710998535156],[13.118182182312012,53.664710998535156],[12.948822975158691,53.799922943115234],[13.036701202392578,53.86756134033203],[13.038288116455078,53.93522644042969],[12.951896667480469,53.93522644042969],[12.953442573547363,54.00291442871094],[12.867003440856934,54.00291442871094],[12.780564308166504,54.00291442871094],[12.442490577697754,54.4095458984375],[12.35576343536377,54.4095458984375],[11.398930549621582,54.138362884521484],[11.444970238105016,53.95027359010248],[11.481772422790527,53.799922943115234],[11.395475387573242,53.799922943115234],[11.222881317138672,53.799922943115234],[11.311097145080566,54.00291442871094],[11.138771057128906,54.07062530517578],[10.504214700245134,53.94650801902566],[10.446537017822266,53.93522644042969],[10.446371078491211,53.86756134033203],[10.460816395937528,53.86189269493314],[10.791046142578125,53.732303619384766],[10.790016174316406,53.52959060668945],[10.617313385009766,53.39456558227539],[11.132387161254883,53.25962829589844]]]]},"properties":{"Name":"Holy Roman Empire Minor States","FromYear":1797,"ToYear":1802,"Area":144434.16507582477,"Type":"POLITY","Wikipedia":"Holy Roman Empire","Wikidata":"Q12548","SeshatID":"de_empire_minor_2","Components":"","MemberOf":"(Holy Roman Empire)"}},
{"type":"Feature","geometry":{"type":"MultiPolygon","coordinates":[[[[36.37263107299805,45.10417556762695],[36.42308807373047,45.431331634521484],[35.01994323730469,45.300437927246094],[34.98639678955078,45.62776184082031],[34.82337951660156,45.62776184082031],[34.74187088012695,45.62776184082031],[34.544586181640625,45.95537567138672],[34.15492630004883,46.08650588989258],[33.73704528808594,46.02093505859375],[33.70957565307617,45.82429504394531],[33.03901290893555,45.693260192871094],[32.59671401977539,45.431331634521484],[32.92236328125,45.431331634521484],[33.61005401611328,45.10417556762695],[33.54755401611328,44.64661407470703],[33.46652603149414,44.64661407470703],[33.52096176147461,44.45067596435547],[33.92564392089844,44.45067596435547],[34.376285552978516,44.77729415893555],[35.297096252441406,44.973392486572266],[35.40727996826172,45.169586181640625],[35.732418060302734,45.169586181640625],[35.87525939941406,45.03877639770508],[36.37263107299805,45.10417556762695]]],[[[22.252349853515625,58.66725540161133],[22.146902084350586,58.528167724609375],[21.877241134643555,58.528167724609375],[21.847291946411133,58.2503662109375],[21.929460525512695,58.180992126464844],[22.01906394958496,58.180992126464844],[21.899707794189453,57.903804779052734],[22.078466415405273,57.903804779052734],[22.287872314453125,58.180992126464844],[23.119043350219727,58.38920593261719],[23.23394203186035,58.59769821166992],[22.252349853515625,58.66725540161133]]],[[[22.488330841064453,59.15507125854492],[22.201353073120117,59.015533447265625],[22.185684204101562,58.876129150390625],[22.36603355407715,58.876129150390625],[22.350223541259766,58.73685073852539],[22.620399475097656,58.73685073852539],[22.710458755493164,58.73685073852539],[22.898815155029297,58.80647277832031],[22.841659545898438,59.08528518676758],[22.488330841064453,59.15507125854492]]],[[[45,43.765213585315706],[45,60],[30.973453232530566,60],[30.837535858154297,59.78459548950195],[30.38283348083496,59.78459548950195],[30.42433805242225,60],[30.15093149984802,60],[30.136613845825195,59.92485809326172],[29.94129180908203,59.85470962524414],[29.14763641357422,59.99503707885742],[29.148536054256184,60],[29.06395512927285,60],[28.849285125732422,59.85470962524414],[28.406457901000977,59.92485809326172],[28.291200637817383,59.78459548950195],[27.927438735961914,59.78459548950195],[27.88040542602539,59.504478454589844],[26.79198455810547,59.504478454589844],[26.45072364807129,59.64447021484375],[25.370975494384766,59.714515686035156],[25.350799560546875,59.574459075927734],[24.161630630493164,59.504478454589844],[23.961997985839844,59.36461639404297],[23.409774780273438,59.294734954833984],[23.405317306518555,58.528167724609375],[23.666316986083984,58.45867156982422],[23.819801330566406,58.2503662109375],[24.268098831176758,58.2503662109375],[24.23385238647461,57.28189468383789],[23.9417724609375,57.07511901855469],[23.57867431640625,57.00625228881836],[22.51758575439453,57.8345832824707],[21.602821350097656,57.62710189819336],[21.307584762573242,57.35087585449219],[21.280134201049805,57.07511901855469],[21.000686645507812,56.937416076660156],[20.8409423828125,56.182064056396484],[20.9976863861084,55.97663879394531],[20.991283416748047,55.90821838378906],[21.248220443725586,55.83982467651367],[21.235198974609375,55.70311737060547],[21.640066146850586,55.36180877685547],[22.412668228149414,55.225467681884766],[22.398584365844727,55.089229583740234],[23.023895263671875,55.225467681884766],[23.35798454284668,55.089229583740234],[23.327884674072266,54.817054748535156],[23.48680877685547,54.681121826171875],[23.464303970336914,54.47740173339844],[23.28339385986328,54.4095458984375],[23.261449813842773,54.20612335205078],[23.41990852355957,54.07062530517578],[23.23971176147461,54.00291442871094],[23.22533416748047,53.86756134033203],[23.39077377319336,53.799922943115234],[23.36916732788086,53.597137451171875],[23.196853637695312,53.597137451171875],[23.175739288330078,53.39456558227539],[23.333627700805664,53.25962829589844],[23.29177474975586,52.85536575317383],[23.113672256469727,52.78806686401367],[22.988040924072266,52.38472366333008],[23.060142517089844,52.250450134277344],[23.39438247680664,52.18334197998047],[23.629487991333008,51.98215103149414],[23.51096534729004,51.64724349975586],[23.595823287963867,51.64724349975586],[23.712371826171875,51.112430572509766],[24.030471801757812,50.912200927734375],[24.00420570373535,50.64549255371094],[24.341148376464844,50.64549255371094],[24.566909790039062,50.37908172607422],[25.07135772705078,50.37908172607422],[25.29567527770996,50.11296081542969],[25.722383499145508,50.17946243286133],[25.701093673706055,49.98000717163086],[25.854578018188477,49.84712600708008],[25.841760635375977,48.91886520385742],[25.924989700317383,48.91886520385742],[25.904876708984375,48.72037124633789],[26.06438636779785,48.654239654541016],[27.39371109008789,48.654239654541016],[27.537879943847656,48.455936431884766],[28.4200382232666,48.191749572753906],[28.570432662963867,48.059749603271484],[28.555265426635742,47.92780685424805],[29.028188705444336,47.730003356933594],[28.915130615234375,47.46647262573242],[29.2142276763916,47.20316696166992],[29.199012756347656,47.07159423828125],[29.355844497680664,47.005828857421875],[29.340612411499023,46.87434005737305],[29.489593505859375,46.74290466308594],[29.88438606262207,46.61152267456055],[29.943092346191406,46.414546966552734],[30.262836456298828,46.348915100097656],[30.40288543701172,46.1520881652832],[30.484655380249023,46.1520881652832],[30.87657928466797,46.677207946777344],[31.606428146362305,46.61152267456055],[31.787527084350586,46.74290466308594],[32.18914794921875,46.677207946777344],[32.16309356689453,46.480194091796875],[31.835351943969727,46.480194091796875],[31.81834602355957,46.348915100097656],[32.0639533996582,46.348915100097656],[32.683658599853516,46.08650588989258],[32.84713363647461,46.08650588989258],[32.946651458740234,46.21768569946289],[33.59191131591797,46.1520881652832],[33.610260009765625,46.283294677734375],[34.019439697265625,46.283294677734375],[34.0825309753418,46.1520881652832],[34.736690521240234,46.1520881652832],[34.75596237182617,46.283294677734375],[35.24697494506836,46.283294677734375],[35.634639739990234,46.677207946777344],[36.80437088012695,46.808616638183594],[36.90787887573242,46.94007873535156],[37.2257080078125,46.87434005737305],[37.16523361206055,47.005828857421875],[37.51609802246094,47.13737487792969],[38.6794548034668,47.20316696166992],[39.1968879699707,47.33478927612305],[39.26741409301758,47.26897048950195],[39.12647247314453,46.94007873535156],[38.89152145385742,47.005828857421875],[38.78630065917969,46.87434005737305],[38.62202453613281,46.87434005737305],[38.494598388671875,46.61152267456055],[37.83858108520508,46.61152267456055],[37.89856719970703,46.480194091796875],[38.36785888671875,46.348915100097656],[38.334564208984375,46.1520881652832],[37.89311981201172,45.95537567138672],[37.7577018737793,45.62776184082031],[37.59468460083008,45.62776184082031],[37.747013092041016,45.56227111816406],[37.704429626464844,45.300437927246094],[36.972293853759766,45.300437927246094],[36.911563873291016,45.431331634521484],[36.74873733520508,45.431331634521484],[36.778892517089844,45.10417556762695],[37.10390090942383,45.10417556762695],[37.24562454223633,44.973392486572266],[39.19415283203125,44.973392486572266],[39.808040618896484,45.23500442504883],[40.64473342895508,45.36587905883789],[40.80615997314453,44.908016204833984],[41.686790466308594,44.842647552490234],[41.65061569213867,44.64661407470703],[41.73164749145508,44.64661407470703],[41.6026496887207,44.38538360595703],[41.98300552368164,44.25482940673828],[41.934913635253906,43.99384307861328],[41.725990295410156,43.73301696777344],[42.13795852661133,43.342071533203125],[42.11429214477539,43.211830139160156],[42.355350494384766,43.211830139160156],[42.435707092285156,43.211830139160156],[42.98605728149414,43.146724700927734],[43.35102081298828,42.95146560668945],[43.65967559814453,42.88639831542969],[43.78324508666992,42.691246032714844],[44.09136962890625,42.62621307373047],[44.52934646606445,42.82133865356445],[44.44917297363281,42.82133865356445],[44.622127532958984,42.88639831542969],[44.6728515625,43.146724700927734],[44.40226364135742,43.407203674316406],[44.372840881347656,43.6678352355957],[44.521114349365234,43.6026611328125],[44.69510269165039,43.6678352355957],[44.72101593017578,43.79821014404297],[45,43.765213585315706]]],[[[29.981555945974556,60],[29.968666885400424,60],[29.967727661132812,59.99503707885742],[29.981555945974556,60]]]]},"properties":{"Name":"Russian Empire","FromYear":1799,"ToYear":1802,"Area":16718994.473858152,"Type":"POLITY","Wikipedia":"Russian Empire","Wikidata":"Q34266","SeshatID":"ru_romanov_dyn_2","Components":"","MemberOf":""}},
{"type":"Feature","geometry":{"type":"Polygon","coordinates":[[[-8.928141593933105,41.911441802978516],[-8.921201705932617,41.84651184082031],[-8.72695255279541,40.74397277832031],[-8.872282981872559,40.614410400390625],[-8.846114158630371,40.355369567871094],[-8.925222396850586,40.355369567871094],[-9.025042533874512,39.77294921875],[-9.103915214538574,39.77294921875],[-9.157164573669434,39.51427459716797],[-9.387048721313477,39.449623107910156],[-9.42748737335205,39.06184005737305],[-9.571974754333496,38.93262481689453],[-9.553065299987793,38.738853454589844],[-9.38370418548584,38.60969924926758],[-9.23299789428711,38.67427444458008],[-9.20852279663086,38.416015625],[-8.822718620300293,38.48057174682617],[-8.818843841552734,37.5772590637207],[-8.896896362304688,37.5772590637207],[-9.00136661529541,36.9970588684082],[-8.70113754272461,37.12596130371094],[-8.311661720275879,37.12596130371094],[-8.067157745361328,36.9970588684082],[-7.677903652191162,36.9970588684082],[-7.454815864562988,37.12596130371094],[-7.465344429016113,37.254878997802734],[-7.387404441833496,37.254878997802734],[-7.502705097198486,37.706241607666016],[-7.27909517288208,37.835243225097656],[-7.14418888092041,38.09331130981445],[-6.987714290618896,38.09331130981445],[-6.998411178588867,38.22237777709961],[-7.244168281555176,38.351463317871094],[-7.271727085113525,38.67427444458008],[-7.120340347290039,38.738853454589844],[-6.985427379608154,38.997230529785156],[-7.255166053771973,39.38497543334961],[-7.418391227722168,39.449623107910156],[-7.435848712921143,39.64360046386719],[-6.895466804504395,39.77294921875],[-6.839452266693115,40.031734466552734],[-7.00321626663208,40.0964469909668],[-7.014894485473633,40.225894927978516],[-6.868430137634277,40.355369567871094],[-6.927728176116943,41.00318908691406],[-6.254164218902588,41.45711898803711],[-6.271912097930908,41.65177917480469],[-6.516909122467041,41.71668243408203],[-6.700808048248291,41.97637939453125],[-8.11717414855957,41.781593322753906],[-8.216935157775879,41.97637939453125],[-8.137139320373535,41.97637939453125],[-8.150541305541992,42.10627746582031],[-8.469955444335938,42.10627746582031],[-8.928141593933105,41.911441802978516]]]},"properties":{"Name":"(Portuguese Empire)","FromYear":1800,"ToYear":1802,"Area":7955775.637687203,"Type":"POLITY","Wikipedia":"Portuguese Empire","Wikidata":"Q200464","SeshatID":"pt_portuguese_emp_2","Components":"Portuguese Colonies;Portuguese Empire;Kingdom of Portugal","MemberOf":""}},
{"type":"Feature","geometry":{"type":"Polygon","coordinates":[[[45,36.72846503940319],[45,40.577053375402755],[44.75552749633789,40.614410400390625],[44.62021255493164,40.74397277832031],[44.29167175292969,40.6791877746582],[44.235355377197266,40.80876541137695],[43.99747085571289,40.80876541137695],[43.87315368652344,41.00318908691406],[43.71440124511719,41.00318908691406],[43.648197174072266,40.16116714477539],[43.86334228515625,40.031734466552734],[44.416175842285156,40.031734466552734],[44.766448974609375,39.77294921875],[44.51885986328125,39.70827102661133],[44.396663665771484,39.449623107910156],[44.071044921875,39.38497543334961],[44.165225982666016,38.997230529785156],[44.31191635131836,38.93262481689453],[44.30800247192383,38.416015625],[44.45452117919922,38.351463317871094],[44.30603790283203,37.89975357055664],[44.58888626098633,37.706241607666016],[44.627601623535156,37.44829177856445],[44.773807525634766,37.38381576538086],[44.85211181640625,36.8681755065918],[45,36.72846503940319]]]},"properties":{"Name":"Qajar Dynasty","FromYear":1800,"ToYear":1804,"Area":1743611.458450567,"Type":"POLITY","Wikipedia":"Qajar dynasty","Wikidata":"Q189326","SeshatID":"ir_qajar_dyn","Components":"","MemberOf":""}},
{"type":"Feature","geometry":{"type":"Polygon","coordinates":[[[45,40.577053375402755],[45,42.731429989705475],[44.744632720947266,42.691246032714844],[44.60952377319336,42.82133865356445],[44.52934646606445,42.82133865356445],[44.09136962890625,42.62621307373047],[43.78324508666992,42.691246032714844],[43.67877960205078,42.56119155883789],[43.6983642578125,42.236209869384766],[43.47916793823242,41.911441802978516],[43.228172302246094,41.84651184082031],[43.20489501953125,41.71668243408203],[42.886165618896484,41.71668243408203],[42.86325454711914,41.586883544921875],[43.19264602661133,41.19768524169922],[43.57847213745117,41.132843017578125],[43.55564880371094,41.00318908691406],[43.71440124511719,41.00318908691406],[43.87315368652344,41.00318908691406],[43.99747085571289,40.80876541137695],[44.235355377197266,40.80876541137695],[44.29167175292969,40.6791877746582],[44.62021255493164,40.74397277832031],[44.75552749633789,40.614410400390625],[45,40.577053375402755]]]},"properties":{"Name":"Kingdom of Georgia","FromYear":1800,"ToYear":1802,"Area":54778.24844207594,"Type":"POLITY","Wikipedia":"Kingdom of Georgia","Wikidata":"Q154667","SeshatID":"","Components":"","MemberOf":""}},
{"type":"Feature","geometry":{"type":"Polygon","coordinates":[[[10.53516674041748,44.12431716918945],[10.615947723388672,44.12431716918945],[10.615950584411621,44.18956756591797],[10.696762084960938,44.18956756591797],[10.77757453918457,44.18956756591797],[10.858386039733887,44.18956756591797],[10.858479499816895,44.25482940673828],[11.102242469787598,44.71194839477539],[11.426782608032227,44.77729415893555],[11.508512496948242,44.908016204833984],[11.346695899963379,45.03877639770508],[10.453373908996582,44.973392486572266],[10.048676490783691,44.64661407470703],[10.13011646270752,44.5159797668457],[10.050268173217773,44.18956756591797],[10.53516674041748,44.12431716918945]]]},"properties":{"Name":"Cispadane Republic","FromYear":1800,"ToYear":1802,"Area":7095.158630818589,"Type":"POLITY","Wikipedia":"Cispadane Republic","Wikidata":"Q463289","SeshatID":"","Components":"","MemberOf":""}},
{"type":"Feature","geometry":{"type":"MultiPolygon","coordinates":[[[[9.10431957244873,41.26253128051758],[9.024832725524902,41.26253128051758],[8.552037239074707,40.873565673828125],[8.154606819152832,40.93837356567383],[8.159523010253906,40.54964065551758],[8.318660736083984,40.4848747253418],[8.32094955444336,40.29063034057617],[8.400031089782715,40.29063034057617],[8.324762344360352,39.9670295715332],[8.48337459564209,39.90232849121094],[8.40887451171875,39.51427459716797],[8.330102920532227,39.51427459716797],[8.333152770996094,39.25570297241211],[8.411824226379395,39.25570297241211],[8.336196899414062,38.997230529785156],[8.730334281921387,38.8680305480957],[8.96590518951416,38.8680305480957],[9.120378494262695,39.19107437133789],[9.592622756958008,39.1264533996582],[9.668553352355957,39.64360046386719],[9.74737548828125,39.64360046386719],[9.665326118469238,40.29063034057617],[9.823226928710938,40.355369567871094],[9.821690559387207,40.74397277832031],[9.50210952758789,41.19768524169922],[9.10431957244873,41.26253128051758]]],[[[8.35147476196289,44.32010269165039],[8.349712371826172,44.45067596435547],[8.590126037597656,44.64661407470703],[8.995279312133789,44.64661407470703],[9.236688613891602,44.842647552490234],[9.233793258666992,45.169586181640625],[9.0712251663208,45.169586181640625],[8.741311073303223,45.56227111816406],[8.653838157653809,46.02093505859375],[8.735542297363281,46.02093505859375],[8.652090072631836,46.1520881652832],[8.488550186157227,46.1520881652832],[8.485703468322754,46.348915100097656],[8.320942878723145,46.414546966552734],[8.078590393066406,46.21768569946289],[8.080806732177734,46.08650588989258],[7.837991714477539,45.95537567138672],[6.939604759216309,45.95537567138672],[6.453062057495117,45.82429504394531],[6.541440963745117,45.56227111816406],[6.787452220916748,45.496795654296875],[6.629464626312256,45.300437927246094],[6.637507915496826,44.973392486572266],[6.965181350708008,44.842647552490234],[6.895741939544678,44.32010269165039],[7.139705181121826,44.25482940673828],[7.143696784973145,44.05907440185547],[7.470271110534668,43.86341094970703],[7.707837581634521,44.12431716918945],[8.030961036682129,44.12431716918945],[8.032925605773926,43.99384307861328],[8.11364459991455,43.99384307861328],[8.191595077514648,44.18956756591797],[8.352349281311035,44.25482940673828],[8.35147476196289,44.32010269165039]]]]},"properties":{"Name":"Kingdom of Sardinia","FromYear":1800,"ToYear":1813,"Area":62094.44604481888,"Type":"POLITY","Wikipedia":"Kingdom of Sardinia (1720-1861)","Wikidata":"Q2577303","SeshatID":"","Components":"","MemberOf":""}},
{"type":"Feature","geometry":{"type":"Polygon","coordinates":[[[8.735542297363281,46.02093505859375],[8.98212718963623,45.889827728271484],[9.303140640258789,46.480194091796875],[10.041536331176758,46.283294677734375],[10.122788429260254,46.414546966552734],[10.040886878967285,46.414546966552734],[10.039896965026855,46.61152267456055],[10.44974136352539,46.677207946777344],[10.36669635772705,47.005828857421875],[10.202829360961914,46.87434005737305],[9.9564208984375,46.87434005737305],[9.625838279724121,47.13737487792969],[9.54356575012207,47.13737487792969],[9.46129322052002,47.13737487792969],[9.460713386535645,47.20316696166992],[9.46013069152832,47.26897048950195],[9.542471885681152,47.26897048950195],[9.622751235961914,47.53233337402344],[9.208976745605469,47.664100646972656],[9.126429557800293,47.664100646972656],[9.126065808793383,47.69704496069934],[9.125701904296875,47.730003356933594],[9.043119430541992,47.730003356933594],[8.96053695678711,47.730003356933594],[8.87795352935791,47.730003356933594],[8.547621726989746,47.730003356933594],[8.467049598693848,47.598209381103516],[8.218400955200195,47.664100646972656],[8.054483413696289,47.598209381103516],[8.138138771057129,47.53233337402344],[8.059174537658691,47.33478927612305],[7.72967529296875,47.33478927612305],[7.560789108276367,47.53233337402344],[7.559404373168945,47.598209381103516],[7.39728307723999,47.46647262573242],[6.983439445495605,47.53233337402344],[6.912492275238037,47.07159423828125],[7.080090999603271,46.94007873535156],[6.50646754169322,46.88255445334918],[6.424554824829102,46.87434005737305],[6.025728225708008,46.480194091796875],[6.033519744873047,46.21768569946289],[6.273390769958496,46.414546966552734],[6.682901382446289,46.414546966552734],[6.849938869476318,46.283294677734375],[6.939604759216309,45.95537567138672],[7.837991714477539,45.95537567138672],[8.080806732177734,46.08650588989258],[8.078590393066406,46.21768569946289],[8.320942878723145,46.414546966552734],[8.485703468322754,46.348915100097656],[8.488550186157227,46.1520881652832],[8.652090072631836,46.1520881652832],[8.735542297363281,46.02093505859375]]]},"properties":{"Name":"Helvetic Republic","FromYear":1800,"ToYear":1802,"Area":39308.359427755175,"Type":"POLITY","Wikipedia":"Helvetic Republic","Wikidata":"Q206696","SeshatID":"","Components":"","MemberOf":""}},
{"type":"Feature","geometry":{"type":"MultiPolygon","coordinates":[[[[29.481111526489258,30.950578689575195],[29.769052505493164,30.69350814819336],[30.036863327026367,30.115081787109375],[30.199471954118167,30],[31.25602101470217,30],[32.0528450012207,30.757776260375977],[32.05738067626953,30.822044372558594],[32.133392333984375,30.822044372558594],[32.151821844718164,31.079113006591797],[32.156429290771484,31.143381118774414],[31.999635696411133,31.079113006591797],[31.93739891052246,31.271915435791016],[31.780553817749023,31.20764923095703],[31.875221252441406,31.464719772338867],[31.265825271606445,31.464719772338867],[31.117990493774414,31.528987884521484],[31.203296661376953,31.65752601623535],[30.974620819091797,31.65752601623535],[30.965608596801758,31.528987884521484],[30.80877685546875,31.464719772338867],[30.351730346679688,31.464719772338867],[30.271244049072266,31.40045166015625],[30.33879280090332,31.271915435791016],[29.882049560546875,31.271915435791016],[29.78937339782715,31.014846801757812],[29.485143661499023,31.014846801757812],[29.481111526489258,30.950578689575195]]],[[[9.5735502243042,42.75628662109375],[9.49340534210205,42.75628662109375],[9.491888999938965,43.016544342041016],[9.331360816955566,43.016544342041016],[9.251097679138184,43.016544342041016],[9.17282485961914,42.75628662109375],[8.772740364074707,42.691246032714844],[8.534564018249512,42.496177673339844],[8.538846015930176,42.10627746582031],[8.700496673583984,41.911441802978516],[8.622743606567383,41.71668243408203],[8.782108306884766,41.71668243408203],[8.783942222595215,41.521995544433594],[9.1038236618042,41.32738494873047],[9.262411117553711,41.39224624633789],[9.49889087677002,41.781593322753906],[9.497812271118164,41.97637939453125],[9.577608108520508,41.97637939453125],[9.5735502243042,42.75628662109375]]],[[[8.2748384475708,49.2500114440918],[8.273746490478516,49.316287994384766],[8.272655487060547,49.38258361816406],[8.271565437316895,49.44889450073242],[8.355094909667969,49.44889450073242],[8.351943016052246,49.64793395996094],[8.181282997131348,49.84712600708008],[7.762485027313232,49.84712600708008],[7.334622859954834,50.2459831237793],[7.166632652282715,50.2459831237793],[7.071211338043213,50.71213912963867],[6.899223804473877,50.84549331665039],[6.804280281066895,51.24601745605469],[6.719674110412598,51.24601745605469],[6.717862606048584,51.31283950805664],[6.716048717498779,51.37968063354492],[6.71241569519043,51.51342010498047],[6.539055824279785,51.64724349975586],[6.023392200469971,51.84812545776367],[5.770728588104248,51.78114318847656],[5.864670753479004,51.51342010498047],[5.535188674926758,51.24601745605469],[5.019589424133301,51.44654083251953],[4.341732025146484,51.44654083251953],[4.01227855682373,51.24601745605469],[3.504641532897949,51.24601745605469],[3.409677743911743,51.44654083251953],[3.324945688247681,51.44654083251953],[2.73940634727478,51.31283950805664],[2.577829360961914,51.17921447753906],[1.656218767166138,51.04566955566406],[1.424705147743225,50.71213912963867],[1.454967975616455,50.2459831237793],[1.052847385406494,49.98000717163086],[0.224112883210182,49.84712600708008],[-0.012448177672923,49.64793395996094],[0.007001183927059,49.38258361816406],[-1.250783205032349,49.44889450073242],[-1.361783027648926,49.78071212768555],[-2.031550645828247,49.78071212768555],[-1.913302421569824,49.38258361816406],[-1.651668906211853,49.2500114440918],[-1.635041356086731,49.051273345947266],[-1.718345284461975,49.051273345947266],[-1.602181315422058,48.654239654541016],[-2.521934509277344,48.72037124633789],[-2.759404182434082,48.5881233215332],[-3.122164011001587,48.91886520385742],[-3.455082654953003,48.91886520385742],[-3.85184383392334,48.72037124633789],[-4.599917888641357,48.72037124633789],[-4.911745548248291,48.52202224731445],[-4.891265392303467,48.323814392089844],[-4.642560005187988,48.323814392089844],[-4.546383857727051,48.191749572753906],[-4.705362796783447,48.1257438659668],[-4.692053318023682,47.993770599365234],[-4.424368858337402,47.79592514038086],[-3.934937715530396,47.86185836791992],[-3.757235288619995,47.730003356933594],[-3.344320774078369,47.730003356933594],[-3.155531167984009,47.46647262573242],[-2.837259292602539,47.598209381103516],[-2.825755596160889,47.46647262573242],[-2.578423976898193,47.46647262573242],[-2.561590671539307,47.26897048950195],[-2.232228517532349,47.26897048950195],[-2.139080047607422,47.13737487792969],[-2.194406032562256,46.808616638183594],[-2.024919986724854,46.74290466308594],[-2.014399528503418,46.61152267456055],[-1.666043281555176,46.348915100097656],[-1.251809358596802,46.283294677734375],[-1.222735166549683,45.889827728271484],[-1.141096234321594,45.889827728271484],[-1.213142395019531,45.75876998901367],[-1.045281529426575,45.693260192871094],[-1.031213998794556,45.496795654296875],[-1.189373373985291,45.431331634521484],[-1.170574903488159,45.169586181640625],[-1.251859068870544,45.169586181640625],[-1.205376982688904,44.5159797668457],[-1.286344885826111,44.5159797668457],[-1.267958283424377,44.25482940673828],[-1.348801136016846,44.25482940673828],[-1.321390628814697,43.86341094970703],[-1.402047991752625,43.86341094970703],[-1.459883332252502,43.53750228881836],[-1.692170143127441,43.407203674316406],[-1.687574744224548,43.342071533203125],[-1.441840410232544,43.276947021484375],[-1.428432941436768,43.08163070678711],[-1.026964664459229,43.08163070678711],[-0.528801321983337,42.82133865356445],[-0.208102732896805,42.82133865356445],[0.040142297744751,42.691246032714844],[1.074691534042358,42.82133865356445],[1.485537886619568,42.62621307373047],[1.565624117851257,42.62621307373047],[1.645710229873657,42.62621307373047],[1.725796341896057,42.62621307373047],[1.72901451587677,42.56119155883789],[1.80907130241394,42.56119155883789],[2.458339214324951,42.36617660522461],[3.092691898345947,42.496177673339844],[3.089980125427246,42.56119155883789],[3.009923458099365,42.56119155883789],[2.984907388687134,43.146724700927734],[3.850892543792725,43.6026611328125],[4.173032760620117,43.6026611328125],[4.177847862243652,43.472347259521484],[5.063065528869629,43.472347259521484],[5.386905193328857,43.407203674316406],[5.390771865844727,43.276947021484375],[5.631923198699951,43.276947021484375],[5.796233177185059,43.146724700927734],[6.278174877166748,43.146724700927734],[6.596527099609375,43.276947021484375],[6.67255163192749,43.472347259521484],[7.471453189849854,43.79821014404297],[7.470271110534668,43.86341094970703],[7.143696784973145,44.05907440185547],[7.139705181121826,44.25482940673828],[6.895741939544678,44.32010269165039],[6.965181350708008,44.842647552490234],[6.637507915496826,44.973392486572266],[6.629464626312256,45.300437927246094],[6.787452220916748,45.496795654296875],[6.541440963745117,45.56227111816406],[6.453062057495117,45.82429504394531],[6.939604759216309,45.95537567138672],[6.849938869476318,46.283294677734375],[6.682901382446289,46.414546966552734],[6.273390769958496,46.414546966552734],[6.033519744873047,46.21768569946289],[6.025728225708008,46.480194091796875],[6.424554824829102,46.87434005737305],[6.50646754169322,46.88255445334918],[7.080090999603271,46.94007873535156],[6.912492275238037,47.07159423828125],[6.983439445495605,47.53233337402344],[7.39728307723999,47.46647262573242],[7.559404373168945,47.598209381103516],[7.558016777038574,47.664100646972656],[7.556626796722412,47.730003356933594],[7.555233955383301,47.79592514038086],[7.55383825302124,47.86185836791992],[7.552440643310547,47.92780685424805],[7.626908302307129,48.323814392089844],[7.709810256958008,48.323814392089844],[7.708469390869141,48.38986587524414],[7.707126617431641,48.455936431884766],[7.705782890319824,48.52202224731445],[7.788793087005615,48.52202224731445],[7.787483692169189,48.5881233215332],[7.870530128479004,48.5881233215332],[7.867981433868408,48.72037124633789],[8.115007400512695,48.852684020996094],[8.111507415771484,49.051273345947266],[8.2748384475708,49.2500114440918]]]]},"properties":{"Name":"(French Consulate)","FromYear":1800,"ToYear":1802,"Area":675081.2373107412,"Type":"POLITY","Wikipedia":"French Consulate","Wikidata":"Q877619","SeshatID":"fr_bourbon_k_2","Components":"French Consulate;French India","MemberOf":""}},
{"type":"Feature","geometry":{"type":"MultiPolygon","coordinates":[[[[10.527454376220703,51.64724349975586],[10.527765274047852,51.84812545776367],[10.187751770019531,51.91512680053711],[10.102721214294434,51.91512680053711],[10.10293197631836,51.78114318847656],[9.338425636291504,51.78114318847656],[9.594372749328613,51.580322265625],[9.426129341125488,51.37968063354492],[9.427544593811035,51.17921447753906],[9.680888175964355,51.24601745605469],[9.68019962310791,51.37968063354492],[9.934269905090332,51.37968063354492],[10.272875785827637,51.64724349975586],[10.442594528198242,51.64724349975586],[10.527454376220703,51.64724349975586]]],[[[10.951140403747559,51.51342010498047],[10.951751708984375,51.64724349975586],[10.86689281463623,51.64724349975586],[10.78203296661377,51.64724349975586],[10.781591415405273,51.51342010498047],[10.866366386413574,51.51342010498047],[10.951140403747559,51.51342010498047]]],[[[10.870770454406738,52.51908493041992],[10.787421226501465,52.99003219604492],[11.388239860534668,53.057395935058594],[11.38951587677002,53.192195892333984],[11.132387161254883,53.25962829589844],[10.617313385009766,53.39456558227539],[10.790016174316406,53.52959060668945],[10.791046142578125,53.732303619384766],[10.460816395937528,53.86189269493314],[10.446371078491211,53.86756134033203],[10.446288638665777,53.83356737417467],[10.446207046508789,53.799922943115234],[10.446045875549316,53.732303619384766],[10.394351530431123,53.732303619384766],[10.359795570373535,53.732303619384766],[10.359683990478516,53.664710998535156],[10.273481369018555,53.664710998535156],[10.359575271606445,53.597137451171875],[10.273246765136719,53.39456558227539],[9.842811584472656,53.52959060668945],[9.411450386047363,53.664710998535156],[9.237549781799316,53.86756134033203],[8.892172813415527,53.86756134033203],[8.805828094482422,53.86756134033203],[8.721826553344727,53.664710998535156],[8.376045227050781,53.732303619384766],[8.37701416015625,53.664710998535156],[8.46413803100586,53.597137451171875],[8.383776664733887,53.192195892333984],[8.64223861694336,53.124786376953125],[8.730415344238281,52.92268753051758],[8.301936149597168,52.92268753051758],[8.049423217773438,52.653533935546875],[7.619111061096191,52.78806686401367],[7.537741184234619,52.586299896240234],[7.796703338623047,52.4518928527832],[7.803064823150635,52.11625671386719],[7.888226509094238,52.11625671386719],[7.974571704864502,52.0491943359375],[8.101174922836375,52.11625671386719],[8.143346845763851,52.13859539908143],[8.227821350097656,52.18334197998047],[8.226768493652344,52.250450134277344],[8.136035919189453,52.586299896240234],[8.819802284240723,52.586299896240234],[8.90596866607666,52.51908493041992],[8.821284294128418,52.4518928527832],[8.91016674041748,52.11625671386719],[8.655516624450684,52.0491943359375],[8.828001976013184,51.84812545776367],[9.167954444885254,51.84812545776367],[9.166799545288086,51.98215103149414],[9.422470092773438,51.91512680053711],[9.676933288574219,52.0491943359375],[9.591107368469238,52.18334197998047],[9.846723556518555,52.18334197998047],[9.760738372802734,52.38472366333008],[9.845865249633789,52.4518928527832],[10.69944953918457,52.38472366333008],[10.614492416381836,52.51908493041992],[10.870770454406738,52.51908493041992]]]]},"properties":{"Name":"Electorate of Hanover","FromYear":1800,"ToYear":1802,"Area":31807.86729739364,"Type":"POLITY","Wikipedia":"Electorate of Hanover","Wikidata":"Q706018","SeshatID":"","Components":"","MemberOf":""}},
{"type":"Feature","geometry":{"type":"MultiPolygon","coordinates":[[[[-5.51620626449585,36.15959167480469],[-5.361068248748779,36.15959167480469],[-5.292408466339111,36.28839111328125],[-5.296883106231689,36.3527946472168],[-5.51620626449585,36.15959167480469]]],[[[-6.14714241027832,53.32708740234375],[-6.241942882537842,53.39456558227539],[-6.087455749511719,53.52959060668945],[-6.286456108093262,53.732303619384766],[-6.331579685211182,54.07062530517578],[-5.899145126342773,54.07062530517578],[-5.588010787963867,54.341712951660156],[-5.501331806182861,54.341712951660156],[-5.440718173980713,54.545284271240234],[-5.527542591094971,54.545284271240234],[-5.553964138031006,54.74907684326172],[-5.727906227111816,54.74907684326172],[-6.149667739868164,55.29362487792969],[-7.013527870178223,55.225467681884766],[-7.120616436004639,55.36180877685547],[-7.819964408874512,55.36180877685547],[-7.886708736419678,55.225467681884766],[-8.41061782836914,55.225467681884766],[-8.56389045715332,55.089229583740234],[-8.532058715820312,54.88506317138672],[-8.869585037231445,54.817054748535156],[-8.837503433227539,54.613189697265625],[-8.316265106201172,54.613189697265625],[-8.642707824707031,54.47740173339844],[-8.697977066040039,54.27390670776367],[-9.49949836730957,54.4095458984375],[-10.084067344665527,54.27390670776367],[-9.833613395690918,53.799922943115234],[-10.006207466125488,53.799922943115234],[-9.984235763549805,53.664710998535156],[-10.231764793395996,53.597137451171875],[-10.209695816040039,53.462066650390625],[-9.382568359375,53.124786376953125],[-9.468400001525879,53.124786376953125],[-9.437079429626465,52.92268753051758],[-9.74826431274414,52.720787048339844],[-9.727348327636719,52.586299896240234],[-9.973213195800781,52.51908493041992],[-9.941752433776855,52.31757736206055],[-10.528071403503418,52.250450134277344],[-10.506694793701172,52.11625671386719],[-10.25121021270752,52.11625671386719],[-10.485442161560059,51.98215103149414],[-10.45379638671875,51.78114318847656],[-10.188602447509766,51.71418380737305],[-10.167977333068848,51.580322265625],[-9.92369556427002,51.64724349975586],[-9.808544158935547,51.44654083251953],[-9.639079093933105,51.44654083251953],[-8.481083869934082,51.64724349975586],[-8.415112495422363,51.78114318847656],[-8.075331687927246,51.78114318847656],[-7.611197948455811,52.11625671386719],[-6.427507877349854,52.18334197998047],[-6.2316575050354,52.653533935546875],[-6.14614200592041,52.653533935546875],[-6.171980857849121,52.85536575317383],[-6.086330413818359,52.85536575317383],[-6.14714241027832,53.32708740234375]],[[-7.894556522369385,52.92268753051758],[-7.904150009155273,52.99003219604492],[-7.818408489227295,52.99003219604492],[-7.808860778808594,52.92268753051758],[-7.894556522369385,52.92268753051758]]],[[[-4.382591724395752,54.4095458984375],[-4.807900905609131,54.341712951660156],[-4.799596309661865,54.27390670776367],[-4.861302852630615,54.07062530517578],[-4.358400821685791,54.20612335205078],[-4.382591724395752,54.4095458984375]]],[[[-2.789952516555786,56.524986267089844],[-2.532599925994873,56.59365463256836],[-2.208682298660278,56.86860656738281],[-2.075707674026489,57.28189468383789],[-1.823600172996521,57.41988754272461],[-1.852917313575745,57.696231842041016],[-3.734920263290405,57.7653923034668],[-3.726380348205566,57.696231842041016],[-3.994018077850342,57.696231842041016],[-3.930825471878052,57.903804779052734],[-4.118414402008057,57.97305679321289],[-3.428223133087158,58.180992126464844],[-3.021383285522461,58.528167724609375],[-3.136410236358643,58.73685073852539],[-3.676762819290161,58.73685073852539],[-4.019067287445068,58.59769821166992],[-5.198037147521973,58.66725540161133],[-5.169017314910889,58.45867156982422],[-5.258847236633301,58.45867156982422],[-5.239514827728271,58.31977081298828],[-5.418947219848633,58.31977081298828],[-5.459936618804932,57.97305679321289],[-5.728240966796875,57.97305679321289],[-5.887243270874023,57.8345832824707],[-5.917263507843018,57.41988754272461],[-5.729594707489014,57.35087585449219],[-5.700699329376221,57.14401626586914],[-5.808821201324463,57.28189468383789],[-6.085347175598145,57.35087585449219],[-6.11513090133667,57.55800247192383],[-6.323688507080078,57.7653923034668],[-6.502223968505859,57.7653923034668],[-6.471539974212646,57.55800247192383],[-6.817555904388428,57.488929748535156],[-6.796852111816406,57.35087585449219],[-6.618975639343262,57.35087585449219],[-6.410901069641113,57.14401626586914],[-6.055799961090088,57.14401626586914],[-5.947565078735352,57.00625228881836],[-5.908953666687012,56.731075286865234],[-6.341366291046143,56.662349700927734],[-6.23344087600708,56.524986267089844],[-6.292484283447266,56.319149017333984],[-5.684883117675781,56.387733459472656],[-5.656883716583252,56.182064056396484],[-5.920981407165527,56.182064056396484],[-6.068491458892822,55.97663879394531],[-6.507877826690674,55.97663879394531],[-6.634748458862305,55.63479995727539],[-6.381457328796387,55.70311737060547],[-6.362338542938232,55.56651306152344],[-6.187198638916016,55.56651306152344],[-6.127885818481445,55.77145767211914],[-5.952439785003662,55.77145767211914],[-5.89273738861084,55.97663879394531],[-5.80486011505127,55.97663879394531],[-5.689270496368408,55.77145767211914],[-5.915220260620117,55.498252868652344],[-5.887563228607178,55.29362487792969],[-5.625458240509033,55.29362487792969],[-5.574207305908203,55.56651306152344],[-5.381163120269775,55.430015563964844],[-5.118756771087646,55.430015563964844],[-5.162932395935059,55.77145767211914],[-5.426101684570312,55.77145767211914],[-5.444243907928467,55.90821838378906],[-4.996289253234863,55.83982467651367],[-4.978706836700439,55.70311737060547],[-4.794708251953125,55.63479995727539],[-4.768880844116211,55.430015563964844],[-5.171102046966553,55.15733337402344],[-5.153679370880127,55.021148681640625],[-5.32801628112793,55.021148681640625],[-5.206079959869385,54.74907684326172],[-4.936679363250732,54.681121826171875],[-4.953676700592041,54.817054748535156],[-4.423340797424316,54.74907684326172],[-3.569097280502319,54.88506317138672],[-3.71977162361145,54.681121826171875],[-3.586766958236694,54.27390670776367],[-3.319409608840942,54.20612335205078],[-3.304538726806641,54.07062530517578],[-2.96582555770874,54.138362884521484],[-3.196035623550415,53.86756134033203],[-3.095205545425415,53.732303619384766],[-3.152528285980225,53.462066650390625],[-3.317377805709839,53.39456558227539],[-4.162125587463379,53.25962829589844],[-4.271347522735596,53.462066650390625],[-4.701662540435791,53.462066650390625],[-4.669717311859131,53.192195892333984],[-4.490120410919189,53.124786376953125],[-4.809510231018066,52.92268753051758],[-4.793659210205078,52.78806686401367],[-4.29533576965332,52.92268753051758],[-4.156738758087158,52.4518928527832],[-4.39012336730957,52.250450134277344],[-4.893810749053955,52.18334197998047],[-5.295889377593994,51.98215103149414],[-5.264270305633545,51.71418380737305],[-5.078959941864014,51.580322265625],[-4.415247440338135,51.71418380737305],[-4.308269023895264,51.51342010498047],[-3.891522645950317,51.580322265625],[-3.70082426071167,51.37968063354492],[-3.277374029159546,51.37968063354492],[-3.121426105499268,51.51342010498047],[-2.945236444473267,51.44654083251953],[-3.107994079589844,51.37968063354492],[-3.094635725021362,51.24601745605469],[-4.201729774475098,51.31283950805664],[-4.426436901092529,51.04566955566406],[-4.67988109588623,51.04566955566406],[-4.657799243927002,50.84549331665039],[-4.819114208221436,50.77880859375],[-4.881234169006348,50.578861236572266],[-5.133819580078125,50.578861236572266],[-5.279601097106934,50.37908172607422],[-5.768607616424561,50.2459831237793],[-5.745615005493164,50.04647445678711],[-5.151133060455322,49.98000717163086],[-4.928657054901123,50.2459831237793],[-4.354779243469238,50.37908172607422],[-4.186630249023438,50.37908172607422],[-4.088706493377686,50.2459831237793],[-3.584736108779907,50.2459831237793],[-3.456606388092041,50.64549255371094],[-3.12621021270752,50.71213912963867],[-2.789105415344238,50.71213912963867],[-2.607964515686035,50.578861236572266],[-1.524962306022644,50.71213912963867],[-1.513427257537842,50.578861236572266],[-1.176646590232849,50.578861236572266],[-1.109168291091919,50.77880859375],[-1.367843627929688,50.84549331665039],[0.492853790521622,50.77880859375],[1.313834071159363,51.112430572509766],[1.380577206611633,51.37968063354492],[0.523877322673798,51.51342010498047],[0.862975299358368,51.51342010498047],[0.843909561634064,51.78114318847656],[1.183690190315247,51.78114318847656],[1.169783234596252,51.98215103149414],[1.425007224082947,51.98215103149414],[1.586262822151184,52.11625671386719],[1.653681755065918,52.38472366333008],[1.739019155502319,52.38472366333008],[1.622210025787354,52.85536575317383],[1.093834638595581,53.057395935058594],[0.493327647447586,53.057395935058594],[0.337453275918961,52.85536575317383],[0.166152358055115,52.85536575317383],[0.06977716833353,52.99003219604492],[0.316494405269623,53.124786376953125],[0.29531991481781,53.39456558227539],[0.020827349275351,53.597137451171875],[0.004257039166987,53.799922943115234],[-0.17964468896389,53.93522644042969],[-0.202435865998268,54.20612335205078],[-0.671433329582214,54.613189697265625],[-1.285956144332886,54.681121826171875],[-1.398887872695923,54.95309066772461],[-1.486006855964661,54.95309066772461],[-1.519152045249939,55.29362487792969],[-1.606520295143127,55.29362487792969],[-1.734845399856567,55.70311737060547],[-2.01904296875,55.90821838378906],[-2.656256437301636,56.11355972290039],[-3.26426100730896,56.04508590698242],[-3.103936910629272,56.182064056396484],[-2.671310901641846,56.25059127807617],[-2.789952516555786,56.524986267089844]]],[[[-7.319843292236328,57.28189468383789],[-7.230959415435791,57.28189468383789],[-7.252153396606445,57.41988754272461],[-7.597294807434082,57.35087585449219],[-7.465542793273926,57.07511901855469],[-7.288100242614746,57.07511901855469],[-7.319843292236328,57.28189468383789]]],[[[-7.562519073486328,57.696231842041016],[-7.440887928009033,57.488929748535156],[-7.105842113494873,57.62710189819336],[-7.116456508636475,57.696231842041016],[-7.562519073486328,57.696231842041016]]],[[[-7.12709903717041,57.7653923034668],[-6.52281665802002,57.903804779052734],[-6.385126113891602,58.180992126464844],[-6.205919742584229,58.180992126464844],[-6.25730562210083,58.528167724609375],[-6.785952091217041,58.45867156982422],[-6.764688491821289,58.31977081298828],[-6.854404926300049,58.31977081298828],[-7.281157493591309,58.180992126464844],[-7.06976318359375,57.97305679321289],[-7.12709903717041,57.7653923034668]]],[[[-3.088408470153809,59.08528518676758],[-3.195853710174561,59.22488784790039],[-3.376785039901733,59.22488784790039],[-3.441113948822021,59.015533447265625],[-3.531404256820679,59.015533447265625],[-3.415184020996094,58.80647277832031],[-3.063107252120972,58.876129150390625],[-2.972933053970337,58.876129150390625],[-2.792584657669067,58.876129150390625],[-2.809081315994263,59.015533447265625],[-3.088408470153809,59.08528518676758]]],[[[-2.653059244155884,59.22488784790039],[-2.562593460083008,59.22488784790039],[-2.578956842422485,59.36461639404297],[-2.842337846755981,59.294734954833984],[-2.825665473937988,59.15507125854492],[-2.644851207733154,59.15507125854492],[-2.653059244155884,59.22488784790039]]],[[[14.571182250976562,35.9664192199707],[14.417119026184082,36.03080368041992],[14.339592933654785,36.03080368041992],[14.33681869506836,35.837650299072266],[14.568227767944336,35.77327346801758],[14.571182250976562,35.9664192199707]]],[[[4.215116024017334,40.0964469909668],[3.820104122161865,40.0964469909668],[3.741101741790771,40.0964469909668],[3.826826572418213,39.90232849121094],[4.302449703216553,39.8376350402832],[4.215116024017334,40.0964469909668]]]]},"properties":{"Name":"(British Empire)","FromYear":1800,"ToYear":1802,"Area":2411683.3985278276,"Type":"POLITY","Wikipedia":"British Empire","Wikidata":"Q8680","SeshatID":"gb_british_emp_1","Components":"British Cape Colony;British Colonial Empire;British Empire;British Ceylon;Kingdom of Great Britain","MemberOf":""}},
{"type":"Feature","geometry":{"type":"MultiPolygon","coordinates":[[[[11.574831008911133,42.36617660522461],[11.494861602783203,42.36617660522461],[11.494501113891602,42.30118942260742],[11.574441909790039,42.30118942260742],[11.574831008911133,42.36617660522461]]],[[[13.90514087677002,42.95146560668945],[13.906397819519043,43.016544342041016],[13.826133728027344,43.016544342041016],[13.827362060546875,43.08163070678711],[13.747068405151367,43.08163070678711],[13.748269081115723,43.146724700927734],[13.749470710754395,43.211830139160156],[13.7506742477417,43.276947021484375],[13.355091094970703,43.6678352355957],[13.033763885498047,43.73301696777344],[13.035634994506836,43.86341094970703],[12.873446464538574,43.79821014404297],[12.312999725341797,44.18956756591797],[12.153728485107422,44.45067596435547],[12.157197952270508,44.842647552490234],[12.238323211669922,44.842647552490234],[12.239523887634277,44.973392486572266],[11.508512496948242,44.908016204833984],[11.426782608032227,44.77729415893555],[11.102242469787598,44.71194839477539],[10.858479499816895,44.25482940673828],[11.505900382995605,44.38538360595703],[11.746440887451172,44.05907440185547],[11.988690376281738,44.05907440185547],[12.309718132019043,43.86341094970703],[12.307077407836914,43.6026611328125],[12.144805908203125,43.472347259521484],[12.0580472946167,42.75628662109375],[11.97790241241455,42.75628662109375],[11.656058311462402,42.56119155883789],[11.574831008911133,42.36617660522461],[11.654799461364746,42.36617660522461],[11.733430862426758,42.17123794555664],[12.131669044494629,42.041324615478516],[12.130502700805664,41.911441802978516],[12.604641914367676,41.521995544433594],[12.922186851501465,41.45711898803711],[13.000019073486328,41.32738494873047],[13.397590637207031,41.32738494873047],[13.71342658996582,41.19768524169922],[13.792884826660156,41.19768524169922],[14.03740406036377,41.521995544433594],[13.96146297454834,41.71668243408203],[13.804443359375,41.84651184082031],[13.40574836730957,41.84651184082031],[13.328027725219727,41.97637939453125],[13.00974178314209,42.041324615478516],[12.853484153747559,42.30118942260742],[12.856051445007324,42.496177673339844],[13.259212493896484,42.691246032714844],[13.260223388671875,42.75628662109375],[13.34036922454834,42.75628662109375],[13.90514087677002,42.95146560668945]]]]},"properties":{"Name":"Papal States","FromYear":1800,"ToYear":1802,"Area":38897.72280307274,"Type":"POLITY","Wikipedia":"Papal States","Wikidata":"Q170174","SeshatID":"it_papal_state_4","Components":"","MemberOf":""}},
{"type":"Feature","geometry":{"type":"MultiPolygon","coordinates":[[[[-2.8270103931427,35.258358001708984],[-2.830641508102417,35.32271194458008],[-2.837937116622925,35.45143127441406],[-2.992615222930908,35.45143127441406],[-2.981565713882446,35.258358001708984],[-2.8270103931427,35.258358001708984]]],[[[-5.571314811706543,35.837650299072266],[-5.498279298868719,35.728704485602684],[-5.485002994537354,35.708900451660156],[-5.451572655644581,35.723202586161776],[-5.334535121917725,35.77327346801758],[-5.338923931121826,35.837650299072266],[-5.571314811706543,35.837650299072266]]],[[[1.657540321350098,38.997230529785156],[1.651834011077881,39.1264533996582],[1.337347388267517,39.1264533996582],[1.258725643157959,39.1264533996582],[1.183109045028687,39.06184005737305],[1.273545265197754,38.80344009399414],[1.430543661117554,38.80344009399414],[1.657540321350098,38.997230529785156]]],[[[3.19298791885376,39.9670295715332],[2.956136703491211,39.9670295715332],[2.877186298370361,39.9670295715332],[2.338095426559448,39.64360046386719],[2.346148252487183,39.449623107910156],[2.658556938171387,39.51427459716797],[2.82365870475769,39.320335388183594],[3.295835733413696,39.320335388183594],[3.515789270401001,39.77294921875],[3.197866439819336,39.8376350402832],[3.19298791885376,39.9670295715332]]],[[[-1.687574744224548,43.342071533203125],[-1.767988562583923,43.342071533203125],[-3.295851230621338,43.342071533203125],[-3.467212915420532,43.472347259521484],[-4.990375518798828,43.407203674316406],[-5.646126270294189,43.53750228881836],[-5.726631164550781,43.53750228881836],[-7.175715446472168,43.53750228881836],[-7.343485832214355,43.6026611328125],[-7.276463031768799,43.73301696777344],[-8.243616104125977,43.73301696777344],[-8.39044189453125,43.6026611328125],[-8.369025230407715,43.407203674316406],[-8.851689338684082,43.407203674316406],[-9.30460262298584,43.146724700927734],[-9.078654289245605,42.56119155883789],[-8.65738296508789,42.36617660522461],[-8.956093788146973,42.17123794555664],[-8.935100555419922,41.97637939453125],[-8.928141593933105,41.911441802978516],[-8.469955444335938,42.10627746582031],[-8.150541305541992,42.10627746582031],[-8.137139320373535,41.97637939453125],[-8.216935157775879,41.97637939453125],[-8.11717414855957,41.781593322753906],[-6.700808048248291,41.97637939453125],[-6.516909122467041,41.71668243408203],[-6.271912097930908,41.65177917480469],[-6.254164218902588,41.45711898803711],[-6.927728176116943,41.00318908691406],[-6.868430137634277,40.355369567871094],[-7.014894485473633,40.225894927978516],[-7.00321626663208,40.0964469909668],[-6.839452266693115,40.031734466552734],[-6.895466804504395,39.77294921875],[-7.435848712921143,39.64360046386719],[-7.418391227722168,39.449623107910156],[-7.255166053771973,39.38497543334961],[-6.985427379608154,38.997230529785156],[-7.120340347290039,38.738853454589844],[-7.271727085113525,38.67427444458008],[-7.244168281555176,38.351463317871094],[-6.998411178588867,38.22237777709961],[-6.987714290618896,38.09331130981445],[-7.14418888092041,38.09331130981445],[-7.27909517288208,37.835243225097656],[-7.502705097198486,37.706241607666016],[-7.387404441833496,37.254878997802734],[-7.309464931488037,37.254878997802734],[-6.84182596206665,37.254878997802734],[-6.587993621826172,36.9970588684082],[-6.432291984558105,36.9970588684082],[-6.063849925994873,36.2239875793457],[-5.831079006195068,36.2239875793457],[-5.662277221679688,36.03080368041992],[-5.374516010284424,36.3527946472168],[-5.296883106231689,36.3527946472168],[-5.219250202178955,36.3527946472168],[-5.22819709777832,36.48161697387695],[-4.688807487487793,36.5460319519043],[-4.468626022338867,36.73930740356445],[-2.680080890655518,36.73930740356445],[-2.532132625579834,36.8681755065918],[-2.061630010604858,36.80373764038086],[-1.857354998588562,37.3193473815918],[-1.623468399047852,37.3193473815918],[-1.708719491958618,37.44829177856445],[-0.704753637313843,37.641746520996094],[-0.803495347499847,38.028785705566406],[-0.660861134529114,38.28691864013672],[0.099359586834908,38.738853454589844],[-0.313707679510117,39.1264533996582],[-0.345421016216278,39.70827102661133],[-0.201878547668457,39.9670295715332],[0.182543575763702,40.16116714477539],[0.247769102454185,40.42012023925781],[0.474957317113876,40.614410400390625],[0.709256291389465,40.6791877746582],[0.695793092250824,40.93837356567383],[1.238392949104309,41.19768524169922],[2.106574535369873,41.32738494873047],[2.333626985549927,41.586883544921875],[2.885612010955811,41.71668243408203],[3.116764783859253,41.911441802978516],[3.178062200546265,42.36617660522461],[3.095396280288696,42.43117141723633],[3.092691898345947,42.496177673339844],[2.458339214324951,42.36617660522461],[1.80907130241394,42.56119155883789],[1.575427651405334,42.43117141723633],[1.485537886619568,42.62621307373047],[1.074691534042358,42.82133865356445],[0.040142297744751,42.691246032714844],[-0.208102732896805,42.82133865356445],[-0.528801321983337,42.82133865356445],[-1.026964664459229,43.08163070678711],[-1.428432941436768,43.08163070678711],[-1.441840410232544,43.276947021484375],[-1.687574744224548,43.342071533203125]]],[[[9.233793258666992,45.169586181640625],[9.236688613891602,44.842647552490234],[8.995279312133789,44.64661407470703],[9.482823371887207,44.45067596435547],[9.56458568572998,44.32010269165039],[10.050268173217773,44.18956756591797],[10.13011646270752,44.5159797668457],[10.048676490783691,44.64661407470703],[10.453373908996582,44.973392486572266],[9.965350151062012,45.169586181640625],[9.233793258666992,45.169586181640625]]]]},"properties":{"Name":"Kingdom of Spain","FromYear":1800,"ToYear":1802,"Area":502080.52450131817,"Type":"POLITY","Wikipedia":"Spain","Wikidata":"Q29","SeshatID":"es_spanish_emp_2","Components":"","MemberOf":"(Spanish Empire)"}},
{"type":"Feature","geometry":{"type":"MultiPolygon","coordinates":[[[[7.470271110534668,43.86341094970703],[7.471453189849854,43.79821014404297],[7.552080154418945,43.79821014404297],[7.632706642150879,43.79821014404297],[7.631586074829102,43.86341094970703],[7.712243556976318,43.86341094970703],[7.792901039123535,43.86341094970703],[7.873558521270752,43.86341094970703],[7.872525691986084,43.92862319946289],[7.953213691711426,43.92862319946289],[8.033902168273926,43.92862319946289],[8.032925605773926,43.99384307861328],[8.030961036682129,44.12431716918945],[7.707837581634521,44.12431716918945],[7.470271110534668,43.86341094970703]]],[[[8.35147476196289,44.32010269165039],[8.43234920501709,44.32010269165039],[8.592522621154785,44.45067596435547],[8.997204780578613,44.45067596435547],[9.078141212463379,44.45067596435547],[9.7273588180542,44.12431716918945],[10.050481796264648,44.12431716918945],[10.050268173217773,44.18956756591797],[9.56458568572998,44.32010269165039],[9.482823371887207,44.45067596435547],[8.995279312133789,44.64661407470703],[8.590126037597656,44.64661407470703],[8.349712371826172,44.45067596435547],[8.35147476196289,44.32010269165039]]],[[[7.709810256958008,48.323814392089844],[7.626908302307129,48.323814392089844],[7.552440643310547,47.92780685424805],[7.635128974914551,47.92780685424805],[7.636491298675537,47.86185836791992],[7.888208866119385,47.664100646972656],[7.560789108276367,47.53233337402344],[7.72967529296875,47.33478927612305],[8.059174537658691,47.33478927612305],[8.138138771057129,47.53233337402344],[8.054483413696289,47.598209381103516],[8.218400955200195,47.664100646972656],[8.127795219421387,48.1257438659668],[8.210589408874512,48.1257438659668],[8.208345413208008,48.257774353027344],[7.959747314453125,48.257774353027344],[7.796617031097412,48.1257438659668],[7.792711734771729,48.323814392089844],[7.709810256958008,48.323814392089844]]],[[[8.710076332092285,47.92780685424805],[8.709171295166016,47.993770599365234],[8.626447677612305,47.993770599365234],[8.628328323364258,47.86185836791992],[8.793634414672852,47.86185836791992],[8.710076332092285,47.92780685424805]]],[[[8.210589408874512,48.1257438659668],[8.211709976196289,48.059749603271484],[8.21282958984375,47.993770599365234],[8.295553207397461,47.993770599365234],[8.378276824951172,47.993770599365234],[8.461000442504883,47.993770599365234],[8.45998764038086,48.059749603271484],[8.377227783203125,48.059749603271484],[8.376178741455078,48.1257438659668],[8.293384552001953,48.1257438659668],[8.210589408874512,48.1257438659668]]],[[[8.539809226989746,48.257774353027344],[8.706449508666992,48.191749572753906],[8.7875337600708,48.323814392089844],[8.538827896118164,48.323814392089844],[8.539809226989746,48.257774353027344]]],[[[8.872109413146973,48.191749572753906],[8.954939842224121,48.191749572753906],[9.03777027130127,48.191749572753906],[9.037004470825195,48.257774353027344],[8.95413875579834,48.257774353027344],[8.953337669372559,48.323814392089844],[8.87043571472168,48.323814392089844],[8.871273040771484,48.257774353027344],[8.872109413146973,48.191749572753906]]],[[[8.290122985839844,48.323814392089844],[8.454909324645996,48.38986587524414],[8.206095695495605,48.38986587524414],[8.291211128234863,48.257774353027344],[8.290122985839844,48.323814392089844]]],[[[9.36660385131836,48.455936431884766],[9.284287452697754,48.38986587524414],[9.201349258422852,48.38986587524414],[9.202736854553223,48.257774353027344],[9.368468284606934,48.257774353027344],[9.36660385131836,48.455936431884766]]],[[[8.451854705810547,48.5881233215332],[8.285761833190918,48.5881233215332],[8.370917320251465,48.455936431884766],[8.452873229980469,48.52202224731445],[8.451854705810547,48.5881233215332]]],[[[7.788793087005615,48.52202224731445],[7.871802806854248,48.52202224731445],[7.954813003540039,48.52202224731445],[7.953576564788818,48.5881233215332],[7.870530128479004,48.5881233215332],[7.787483692169189,48.5881233215332],[7.788793087005615,48.52202224731445]]],[[[8.535882949829102,48.52202224731445],[8.701903343200684,48.52202224731445],[8.700084686279297,48.654239654541016],[8.53490161895752,48.5881233215332],[8.535882949829102,48.52202224731445]]],[[[18.85202980041504,42.36617660522461],[18.71311378479004,42.82133865356445],[18.306493759155273,42.691246032714844],[18.303630828857422,42.62621307373047],[18.38179089142879,42.58282455142272],[18.77206039428711,42.36617660522461],[18.85202980041504,42.36617660522461]]],[[[17.510494232177734,42.82133865356445],[17.50791358947754,42.75628662109375],[17.588058471679688,42.75628662109375],[17.590667724609375,42.82133865356445],[17.510494232177734,42.82133865356445]]],[[[10.21481990814209,42.691246032714844],[10.455166816711426,42.691246032714844],[10.45510196685791,42.88639831542969],[10.214488983154297,42.88639831542969],[10.134284973144531,42.88639831542969],[10.21481990814209,42.691246032714844]]],[[[17.520870208740234,43.08163070678711],[17.440576553344727,43.08163070678711],[17.36028289794922,43.08163070678711],[17.35774040222168,43.016544342041016],[17.515670776367188,42.95146560668945],[17.518270340175995,43.016544342041016],[17.520870208740234,43.08163070678711]]],[[[10.212483406066895,43.92862319946289],[10.212624549865723,43.86341094970703],[10.374164581298828,43.6678352355957],[10.535322189331055,43.08163070678711],[11.01634693145752,42.82133865356445],[11.015789985656738,42.62621307373047],[11.175962448120117,42.62621307373047],[11.255227088928223,42.43117141723633],[11.494861602783203,42.36617660522461],[11.574831008911133,42.36617660522461],[11.656058311462402,42.56119155883789],[11.97790241241455,42.75628662109375],[12.0580472946167,42.75628662109375],[12.144805908203125,43.472347259521484],[12.307077407836914,43.6026611328125],[12.309718132019043,43.86341094970703],[11.988690376281738,44.05907440185547],[11.746440887451172,44.05907440185547],[11.505900382995605,44.38538360595703],[10.858479499816895,44.25482940673828],[10.858386039733887,44.18956756591797],[10.77757453918457,44.18956756591797],[10.696762084960938,44.18956756591797],[10.615950584411621,44.18956756591797],[10.615947723388672,44.12431716918945],[10.53516674041748,44.12431716918945],[10.53525447845459,43.86341094970703],[10.212483406066895,43.92862319946289]]],[[[9.970182418823242,43.99384307861328],[9.969943046569824,44.05907440185547],[9.889193534851074,44.05907440185547],[9.889463424682617,43.99384307861328],[9.970182418823242,43.99384307861328]]],[[[14.269240379333496,44.973392486572266],[14.260871887207031,44.58129119873047],[14.502378463745117,44.5159797668457],[14.51131820678711,44.908016204833984],[14.350428581237793,44.973392486572266],[14.269240379333496,44.973392486572266]]],[[[26.10191535949707,45.62776184082031],[26.44038200378418,45.75876998901367],[26.477930068969727,46.1520881652832],[25.942142486572266,46.54585266113281],[25.966814041137695,46.808616638183594],[25.72661018371582,46.87434005737305],[25.668907165527344,47.13737487792969],[25.016605377197266,47.20316696166992],[25.45248794555664,47.46647262573242],[25.769779205322266,47.33478927612305],[25.959848403930664,47.598209381103516],[26.378965377807617,47.664100646972656],[26.30950927734375,47.79592514038086],[26.068124771118164,47.86185836791992],[26.177011489868164,48.1257438659668],[26.01142120361328,48.1257438659668],[26.024524688720703,48.257774353027344],[26.26645278930664,48.191749572753906],[26.279815673828125,48.323814392089844],[26.06438636779785,48.654239654541016],[25.904876708984375,48.72037124633789],[25.924989700317383,48.91886520385742],[25.841760635375977,48.91886520385742],[25.854578018188477,49.84712600708008],[25.701093673706055,49.98000717163086],[25.722383499145508,50.17946243286133],[25.29567527770996,50.11296081542969],[25.07135772705078,50.37908172607422],[24.566909790039062,50.37908172607422],[24.341148376464844,50.64549255371094],[24.00420570373535,50.64549255371094],[24.030471801757812,50.912200927734375],[23.712371826171875,51.112430572509766],[23.595823287963867,51.64724349975586],[23.51096534729004,51.64724349975586],[23.629487991333008,51.98215103149414],[23.39438247680664,52.18334197998047],[23.060142517089844,52.250450134277344],[22.988040924072266,52.38472366333008],[22.56774139404297,52.4518928527832],[22.416019439697266,52.653533935546875],[21.994611740112305,52.720787048339844],[21.29853057861328,52.586299896240234],[21.18465805053711,52.250450134277344],[21.01416015625,52.250450134277344],[21.003124237060547,52.11625671386719],[21.162322998046875,51.98215103149414],[21.20885467529297,51.51342010498047],[20.689903259277344,51.37968063354492],[20.415983200073242,51.112430572509766],[20.073148727416992,51.04566955566406],[20.049747467041016,50.71213912963867],[19.876659393310547,50.64549255371094],[19.854297637939453,50.312522888183594],[19.770261764526367,50.312522888183594],[19.76154327392578,50.17946243286133],[19.925048828125,50.11296081542969],[19.91196060180664,49.91355895996094],[19.409168243408203,49.91355895996094],[18.88353729248047,49.51522445678711],[18.487384796142578,49.91355895996094],[17.904199600219727,49.98000717163086],[17.739870071411133,50.04647445678711],[17.750011444091797,50.2459831237793],[17.49802589416504,50.2459831237793],[17.1715087890625,50.445655822753906],[16.919164657592773,50.445655822753906],[16.823102951049805,50.17946243286133],[16.487279891967773,50.17946243286133],[16.24351692199707,50.37908172607422],[16.338764190673828,50.64549255371094],[15.416954040527344,50.77880859375],[15.173232078552246,51.04566955566406],[14.999794006347656,50.912200927734375],[14.577799797058105,50.912200927734375],[14.497381210327148,51.04566955566406],[14.328418731689453,51.04566955566406],[14.153997421264648,50.84549331665039],[13.391927719116211,50.71213912963867],[12.796454429626465,50.37908172607422],[12.376081466674805,50.37908172607422],[12.290331840515137,50.2459831237793],[12.12234115600586,50.2459831237793],[12.12159538269043,50.17946243286133],[12.370920181274414,49.98000717163086],[12.36764907836914,49.71431350708008],[12.534139633178711,49.64793395996094],[12.532414436340332,49.51522445678711],[13.112967491149902,49.2500114440918],[13.358475685119629,48.98506164550781],[13.525009155273438,48.98506164550781],[13.770781517028809,48.786521911621094],[13.683775901794434,48.5881233215332],[13.434637069702148,48.5881233215332],[13.26423168182373,48.323814392089844],[12.765129089355469,48.191749572753906],[12.762627601623535,47.993770599365234],[12.845351219177246,47.993770599365234],[13.177251815795898,48.059749603271484],[13.175244331359863,47.92780685424805],[13.418926239013672,47.664100646972656],[13.41247844696045,47.26897048950195],[13.659500122070312,47.26897048950195],[13.738253593444824,47.07159423828125],[13.079431533813477,47.005828857421875],[12.834451675415039,47.13737487792969],[12.752180099487305,47.13737487792969],[12.175729751586914,47.07159423828125],[12.177369117736816,47.26897048950195],[12.508110046386719,47.4006233215332],[12.510897636413574,47.664100646972656],[11.602551460266113,47.598209381103516],[11.189559936523438,47.4006233215332],[10.61239242553711,47.598209381103516],[10.447366714477539,47.598209381103516],[10.36567211151123,47.33478927612305],[10.118547439575195,47.33478927612305],[9.952665328979492,47.53233337402344],[9.705229759216309,47.53233337402344],[9.456033706665039,47.730003356933594],[9.536406517028809,47.993770599365234],[9.370336532592773,48.059749603271484],[9.122788429260254,47.993770599365234],[9.124246597290039,47.86185836791992],[8.957342147827148,47.993770599365234],[8.87795352935791,47.730003356933594],[8.96053695678711,47.730003356933594],[9.043119430541992,47.730003356933594],[9.042356491088867,47.79592514038086],[9.124975204467773,47.79592514038086],[9.207592964172363,47.79592514038086],[9.208285331726074,47.730003356933594],[9.208976745605469,47.664100646972656],[9.622751235961914,47.53233337402344],[9.542471885681152,47.26897048950195],[9.54301929473877,47.20316696166992],[9.625325202941895,47.20316696166992],[9.625838279724121,47.13737487792969],[9.9564208984375,46.87434005737305],[10.202829360961914,46.87434005737305],[10.36669635772705,47.005828857421875],[10.44974136352539,46.677207946777344],[10.039896965026855,46.61152267456055],[10.040886878967285,46.414546966552734],[10.122788429260254,46.414546966552734],[10.041536331176758,46.283294677734375],[9.303140640258789,46.480194091796875],[8.98212718963623,45.889827728271484],[8.735542297363281,46.02093505859375],[8.653838157653809,46.02093505859375],[8.741311073303223,45.56227111816406],[9.0712251663208,45.169586181640625],[9.233793258666992,45.169586181640625],[9.965350151062012,45.169586181640625],[10.453373908996582,44.973392486572266],[11.346695899963379,45.03877639770508],[11.508512496948242,44.908016204833984],[12.239523887634277,44.973392486572266],[12.238323211669922,44.842647552490234],[12.23771858215332,44.77729415893555],[12.399906158447266,44.77729415893555],[12.40256118774414,45.03877639770508],[12.160021781921387,45.169586181640625],[12.162785530090332,45.496795654296875],[12.652192115783691,45.56227111816406],[12.816752433776855,45.693260192871094],[13.060476303100586,45.62776184082031],[13.144780158996582,45.82429504394531],[13.714865684509277,45.75876998901367],[13.710229873657227,45.496795654296875],[13.547340393066406,45.496795654296875],[13.544051170349121,45.300437927246094],[13.705584526062012,45.23500442504883],[13.780906677246094,44.908016204833984],[13.943220138549805,44.908016204833984],[13.945749282836914,45.03877639770508],[14.189410209655762,45.03877639770508],[14.196189880371094,45.36587905883789],[14.603090286254883,45.36587905883789],[14.515777587890625,45.10417556762695],[14.91874885559082,44.973392486572266],[14.908865928649902,44.58129119873047],[15.146636962890625,44.38538360595703],[15.218687057495117,44.05907440185547],[15.459075927734375,43.99384307861328],[15.374701499938965,43.86341094970703],[15.618592262268066,43.92862319946289],[15.695383071899414,43.79821014404297],[15.856636047363281,43.79821014404297],[16.01169204711914,43.6026611328125],[15.927099227905273,43.472347259521484],[16.575437545776367,43.6026611328125],[16.734172821044922,43.53750228881836],[16.727190017700195,43.342071533203125],[17.05129051208496,43.407203674316406],[17.12186050415039,43.146724700927734],[17.2850284576416,43.211830139160156],[17.36538314819336,43.211830139160156],[16.98054313659668,43.6678352355957],[16.819412231445312,43.6678352355957],[16.429935455322266,44.05907440185547],[16.268434524536133,44.05907440185547],[16.19840431213379,44.38538360595703],[15.803844451904297,44.71194839477539],[15.819802284240723,45.23500442504883],[15.982434272766113,45.23500442504883],[16.219921112060547,45.03877639770508],[16.4703311920166,45.23500442504883],[17.120859146118164,45.23500442504883],[17.76310920715332,45.03877639770508],[18.57839012145996,45.10417556762695],[18.890594482421875,44.842647552490234],[19.22174644470215,44.973392486572266],[19.624204635620117,44.908016204833984],[19.856950759887695,44.71194839477539],[20.019073486328125,44.71194839477539],[20.114822387695312,44.973392486572266],[20.280941009521484,45.03877639770508],[20.52076530456543,44.973392486572266],[20.590364456176758,44.77729415893555],[20.748632431030273,44.71194839477539],[21.40547752380371,44.842647552490234],[21.879146575927734,44.64661407470703],[21.951416015625,44.5159797668457],[22.275287628173828,44.5159797668457],[22.531999588012695,44.71194839477539],[22.650352478027344,45.23500442504883],[23.138248443603516,45.23500442504883],[23.47352409362793,45.36587905883789],[23.483562469482422,45.496795654296875],[25.042299270629883,45.62776184082031],[25.34526824951172,45.36587905883789],[25.438228607177734,45.496795654296875],[25.84545135498047,45.496795654296875],[25.93889808654785,45.62776184082031],[26.10191535949707,45.62776184082031]]],[[[10.528592109680176,48.257774353027344],[10.197128295898438,48.257774353027344],[10.115167617797852,48.059749603271484],[10.363642692565918,47.993770599365234],[10.52871322631836,48.191749572753906],[10.528592109680176,48.257774353027344]]],[[[10.03139591217041,48.257774353027344],[9.947421073913574,48.455936431884766],[9.698975563049316,48.38986587524414],[9.61603832244873,48.38986587524414],[9.449578285217285,48.455936431884766],[9.451920509338379,48.191749572753906],[9.782355308532715,48.323814392089844],[10.03139591217041,48.257774353027344]]],[[[10.196602821350098,48.38986587524414],[10.196342468261719,48.455936431884766],[10.11336898803711,48.455936431884766],[10.113962173461914,48.323814392089844],[10.279766082763672,48.323814392089844],[10.196602821350098,48.38986587524414]]]]},"properties":{"Name":"(Habsburg Monarchy)","FromYear":1800,"ToYear":1802,"Area":738392.2965237761,"Type":"POLITY","Wikipedia":"Habsburg monarchy","Wikidata":"Q66504140","SeshatID":"at_habsburg_2","Components":"Habsburg Monarchy","MemberOf":""}},
{"type":"Feature","geometry":{"type":"MultiPolygon","coordinates":[[[[-2.8270103931427,35.258358001708984],[-2.830641508102417,35.32271194458008],[-2.837937116622925,35.45143127441406],[-2.992615222930908,35.45143127441406],[-2.981565713882446,35.258358001708984],[-2.8270103931427,35.258358001708984]]],[[[-5.571314811706543,35.837650299072266],[-5.498279298868719,35.728704485602684],[-5.485002994537354,35.708900451660156],[-5.451572655644581,35.723202586161776],[-5.334535121917725,35.77327346801758],[-5.338923931121826,35.837650299072266],[-5.571314811706543,35.837650299072266]]],[[[1.657540321350098,38.997230529785156],[1.651834011077881,39.1264533996582],[1.337347388267517,39.1264533996582],[1.258725643157959,39.1264533996582],[1.183109045028687,39.06184005737305],[1.273545265197754,38.80344009399414],[1.430543661117554,38.80344009399414],[1.657540321350098,38.997230529785156]]],[[[3.19298791885376,39.9670295715332],[2.956136703491211,39.9670295715332],[2.877186298370361,39.9670295715332],[2.338095426559448,39.64360046386719],[2.346148252487183,39.449623107910156],[2.658556938171387,39.51427459716797],[2.82365870475769,39.320335388183594],[3.295835733413696,39.320335388183594],[3.515789270401001,39.77294921875],[3.197866439819336,39.8376350402832],[3.19298791885376,39.9670295715332]]],[[[-1.687574744224548,43.342071533203125],[-1.767988562583923,43.342071533203125],[-3.295851230621338,43.342071533203125],[-3.467212915420532,43.472347259521484],[-4.990375518798828,43.407203674316406],[-5.646126270294189,43.53750228881836],[-5.726631164550781,43.53750228881836],[-7.175715446472168,43.53750228881836],[-7.343485832214355,43.6026611328125],[-7.276463031768799,43.73301696777344],[-8.243616104125977,43.73301696777344],[-8.39044189453125,43.6026611328125],[-8.369025230407715,43.407203674316406],[-8.851689338684082,43.407203674316406],[-9.30460262298584,43.146724700927734],[-9.078654289245605,42.56119155883789],[-8.65738296508789,42.36617660522461],[-8.956093788146973,42.17123794555664],[-8.935100555419922,41.97637939453125],[-8.928141593933105,41.911441802978516],[-8.469955444335938,42.10627746582031],[-8.150541305541992,42.10627746582031],[-8.137139320373535,41.97637939453125],[-8.216935157775879,41.97637939453125],[-8.11717414855957,41.781593322753906],[-6.700808048248291,41.97637939453125],[-6.516909122467041,41.71668243408203],[-6.271912097930908,41.65177917480469],[-6.254164218902588,41.45711898803711],[-6.927728176116943,41.00318908691406],[-6.868430137634277,40.355369567871094],[-7.014894485473633,40.225894927978516],[-7.00321626663208,40.0964469909668],[-6.839452266693115,40.031734466552734],[-6.895466804504395,39.77294921875],[-7.435848712921143,39.64360046386719],[-7.418391227722168,39.449623107910156],[-7.255166053771973,39.38497543334961],[-6.985427379608154,38.997230529785156],[-7.120340347290039,38.738853454589844],[-7.271727085113525,38.67427444458008],[-7.244168281555176,38.351463317871094],[-6.998411178588867,38.22237777709961],[-6.987714290618896,38.09331130981445],[-7.14418888092041,38.09331130981445],[-7.27909517288208,37.835243225097656],[-7.502705097198486,37.706241607666016],[-7.387404441833496,37.254878997802734],[-7.309464931488037,37.254878997802734],[-6.84182596206665,37.254878997802734],[-6.587993621826172,36.9970588684082],[-6.432291984558105,36.9970588684082],[-6.063849925994873,36.2239875793457],[-5.831079006195068,36.2239875793457],[-5.662277221679688,36.03080368041992],[-5.374516010284424,36.3527946472168],[-5.296883106231689,36.3527946472168],[-5.219250202178955,36.3527946472168],[-5.22819709777832,36.48161697387695],[-4.688807487487793,36.5460319519043],[-4.468626022338867,36.73930740356445],[-2.680080890655518,36.73930740356445],[-2.532132625579834,36.8681755065918],[-2.061630010604858,36.80373764038086],[-1.857354998588562,37.3193473815918],[-1.623468399047852,37.3193473815918],[-1.708719491958618,37.44829177856445],[-0.704753637313843,37.641746520996094],[-0.803495347499847,38.028785705566406],[-0.660861134529114,38.28691864013672],[0.099359586834908,38.738853454589844],[-0.313707679510117,39.1264533996582],[-0.345421016216278,39.70827102661133],[-0.201878547668457,39.9670295715332],[0.182543575763702,40.16116714477539],[0.247769102454185,40.42012023925781],[0.474957317113876,40.614410400390625],[0.709256291389465,40.6791877746582],[0.695793092250824,40.93837356567383],[1.238392949104309,41.19768524169922],[2.106574535369873,41.32738494873047],[2.333626985549927,41.586883544921875],[2.885612010955811,41.71668243408203],[3.116764783859253,41.911441802978516],[3.178062200546265,42.36617660522461],[3.095396280288696,42.43117141723633],[3.092691898345947,42.496177673339844],[2.458339214324951,42.36617660522461],[1.80907130241394,42.56119155883789],[1.575427651405334,42.43117141723633],[1.485537886619568,42.62621307373047],[1.074691534042358,42.82133865356445],[0.040142297744751,42.691246032714844],[-0.208102732896805,42.82133865356445],[-0.528801321983337,42.82133865356445],[-1.026964664459229,43.08163070678711],[-1.428432941436768,43.08163070678711],[-1.441840410232544,43.276947021484375],[-1.687574744224548,43.342071533203125]]],[[[10.050268173217773,44.18956756591797],[10.13011646270752,44.5159797668457],[10.048676490783691,44.64661407470703],[10.453373908996582,44.973392486572266],[9.965350151062012,45.169586181640625],[9.233793258666992,45.169586181640625],[9.236688613891602,44.842647552490234],[8.995279312133789,44.64661407470703],[9.482823371887207,44.45067596435547],[9.56458568572998,44.32010269165039],[10.050268173217773,44.18956756591797]]]]},"properties":{"Name":"(Spanish Empire)","FromYear":1800,"ToYear":1802,"Area":11744248.990052648,"Type":"POLITY","Wikipedia":"Spanish Empire","Wikidata":"Q80702","SeshatID":"es_spanish_emp_2","Components":"Kingdom of Spain;Spanish Empire","MemberOf":""}},
{"type":"Feature","geometry":{"type":"MultiPolygon","coordinates":[[[[23.116798400878906,36.3527946472168],[22.964859008789062,36.417205810546875],[22.887205123901367,36.417205810546875],[22.87404441833496,36.15959167480469],[23.10675048828125,36.15959167480469],[23.116798400878906,36.3527946472168]]],[[[20.933977127075195,37.89975357055664],[20.69947624206543,37.89975357055664],[20.621307373046875,37.89975357055664],[20.612695693969727,37.706241607666016],[20.922147750854492,37.641746520996094],[20.933977127075195,37.89975357055664]]],[[[20.795446395874023,38.28691864013672],[20.566410064697266,38.416015625],[20.488054275512695,38.416015625],[20.328466415405273,38.351463317871094],[20.319902420043945,38.157840728759766],[20.7864933013916,38.09331130981445],[20.795446395874023,38.28691864013672]]],[[[20.49690055847168,38.60969924926758],[20.732181549072266,38.60969924926758],[20.66591453552246,38.8680305480957],[20.587390899658203,38.8680305480957],[20.49690055847168,38.60969924926758]]],[[[19.918411254882812,39.70827102661133],[19.921405792236328,39.77294921875],[19.76365852355957,39.77294921875],[19.75778579711914,39.64360046386719],[19.912464141845703,39.57893371582031],[19.918411254882812,39.70827102661133]]]]},"properties":{"Name":"Septinsular Republic","FromYear":1800,"ToYear":1814,"Area":3001.15091726826,"Type":"POLITY","Wikipedia":"Septinsular Republic","Wikidata":"Q1077630","SeshatID":"","Components":"","MemberOf":""}},
{"type":"Feature","geometry":{"type":"Polygon","coordinates":[[[13.792884826660156,41.19768524169922],[13.791753768920898,41.132843017578125],[13.950616836547852,41.132843017578125],[14.104567527770996,40.873565673828125],[14.421854972839355,40.873565673828125],[14.417906761169434,40.6791877746582],[14.893351554870605,40.6791877746582],[15.041359901428223,40.225894927978516],[15.199469566345215,40.225894927978516],[15.431868553161621,40.031734466552734],[15.747773170471191,40.031734466552734],[15.665508270263672,39.90232849121094],[15.898874282836914,39.77294921875],[16.265209197998047,38.738853454589844],[15.949724197387695,38.67427444458008],[15.862062454223633,38.28691864013672],[14.763398170471191,38.157840728759766],[14.604636192321777,38.028785705566406],[13.665236473083496,37.96426773071289],[13.354706764221191,38.157840728759766],[13.119925498962402,38.157840728759766],[13.040358543395996,38.028785705566406],[12.649824142456055,38.09331130981445],[12.49189567565918,37.89975357055664],[12.490468978881836,37.706241607666016],[13.192005157470703,37.5772590637207],[13.578389167785645,37.254878997802734],[14.27791690826416,37.12596130371094],[14.661029815673828,36.73930740356445],[15.049844741821289,36.73930740356445],[15.213889122009277,37.1904182434082],[15.059245109558105,37.254878997802734],[15.066489219665527,37.641746520996094],[15.389483451843262,38.157840728759766],[15.62426471710205,38.157840728759766],[15.698192596435547,37.96426773071289],[15.932764053344727,37.96426773071289],[16.491945266723633,38.416015625],[16.502395629882812,38.80344009399414],[17.138301849365234,39.06184005737305],[17.069679260253906,39.38497543334961],[16.916194915771484,39.51427459716797],[16.44725799560547,39.64360046386719],[16.45665168762207,39.9670295715332],[16.697484970092773,40.0964469909668],[16.624452590942383,40.29063034057617],[16.861696243286133,40.29063034057617],[16.945016860961914,40.42012023925781],[16.867990493774414,40.4848747253418],[17.02848243713379,40.54964065551758],[17.345230102539062,40.54964065551758],[17.41753578186035,40.355369567871094],[17.813072204589844,40.355369567871094],[18.11216926574707,39.90232849121094],[18.34894371032715,39.90232849121094],[18.356534957885742,40.0964469909668],[18.435537338256836,40.0964469909668],[18.364234924316406,40.29063034057617],[17.981229782104492,40.614410400390625],[17.510658264160156,40.74397277832031],[17.436086654663086,40.873565673828125],[16.732860565185547,41.19768524169922],[15.943941116333008,41.39224624633789],[15.87384033203125,41.71668243408203],[16.114879608154297,41.781593322753906],[16.11888313293457,41.911441802978516],[15.720044136047363,41.911441802978516],[15.640276908874512,41.911441802978516],[15.241438865661621,41.911441802978516],[15.165011405944824,42.041324615478516],[14.9239501953125,41.97637939453125],[14.765887260437012,42.041324615478516],[14.768959999084473,42.17123794555664],[14.607714653015137,42.10627746582031],[14.530768394470215,42.236209869384766],[14.370945930480957,42.236209869384766],[13.901384353637695,42.75628662109375],[13.98537540435791,42.95146560668945],[13.90514087677002,42.95146560668945],[13.34036922454834,42.75628662109375],[13.339327812194824,42.691246032714844],[13.259212493896484,42.691246032714844],[12.856051445007324,42.496177673339844],[12.853484153747559,42.30118942260742],[13.00974178314209,42.041324615478516],[13.328027725219727,41.97637939453125],[13.40574836730957,41.84651184082031],[13.804443359375,41.84651184082031],[13.96146297454834,41.71668243408203],[14.03740406036377,41.521995544433594],[13.792884826660156,41.19768524169922]]]},"properties":{"Name":"Kingdom of Naples (Napoleonic)","FromYear":1800,"ToYear":1802,"Area":91287.38634533473,"Type":"POLITY","Wikipedia":"Kingdom of Naples (Napoleonic)","Wikidata":"Q48779892","SeshatID":"","Components":"","MemberOf":""}},
{"type":"Feature","geometry":{"type":"Polygon","coordinates":[[[6.021216869354248,51.91512680053711],[6.277333757191247,51.88161764177538],[6.533320903778076,51.84812545776367],[6.701467514038086,51.91512680053711],[6.612682342529297,52.0491943359375],[6.697800159454346,52.0491943359375],[6.948029518127441,52.250450134277344],[6.944602489471436,52.38472366333008],[6.68488883972168,52.51908493041992],[6.68117618560791,52.653533935546875],[7.021557331085205,52.720787048339844],[7.179872989654541,53.25962829589844],[7.093948841094971,53.25962829589844],[6.742867469787598,53.52959060668945],[5.542333602905273,53.39456558227539],[5.20894193649292,53.124786376953125],[5.385728359222412,52.99003219604492],[5.390830039978027,52.85536575317383],[5.136557102203369,52.78806686401367],[5.056382656097412,52.653533935546875],[4.785540580749512,52.99003219604492],[4.862768650054932,53.192195892333984],[4.691011905670166,53.192195892333984],[4.608114719390869,53.124786376953125],[4.702715873718262,52.92268753051758],[4.534325122833252,52.85536575317383],[4.384479522705078,52.38472366333008],[3.974021434783936,52.0491943359375],[3.980464458465576,51.91512680053711],[3.810401916503906,51.91512680053711],[3.81699013710022,51.78114318847656],[3.647099733352661,51.78114318847656],[3.738690614700317,51.64724349975586],[3.399252653121948,51.64724349975586],[3.40621018409729,51.51342010498047],[3.575759172439575,51.51342010498047],[3.494410037994385,51.44654083251953],[3.409677743911743,51.44654083251953],[3.504641532897949,51.24601745605469],[4.01227855682373,51.24601745605469],[4.341732025146484,51.44654083251953],[5.019589424133301,51.44654083251953],[5.535188674926758,51.24601745605469],[5.864670753479004,51.51342010498047],[5.770728588104248,51.78114318847656],[6.023392200469971,51.84812545776367],[6.021216869354248,51.91512680053711]]]},"properties":{"Name":"(Batavian Republic)","FromYear":1800,"ToYear":1802,"Area":259681.72584127245,"Type":"POLITY","Wikipedia":"Batavian Republic","Wikidata":"Q188553","SeshatID":"","Components":"Dutch East Indies;Batavian Republic","MemberOf":""}},
{"type":"Feature","geometry":{"type":"Polygon","coordinates":[[[9.970182418823242,43.99384307861328],[10.212339401245117,43.99384307861328],[10.212483406066895,43.92862319946289],[10.53525447845459,43.86341094970703],[10.53516674041748,44.12431716918945],[10.050268173217773,44.18956756591797],[10.050481796264648,44.12431716918945],[9.970182418823242,43.99384307861328]]]},"properties":{"Name":"Grand Duchy of Tuscany","FromYear":1800,"ToYear":1802,"Area":1031.938784013928,"Type":"POLITY","Wikipedia":"Grand Duchy of Tuscany","Wikidata":"Q154849","SeshatID":"","Components":"","MemberOf":""}},
{"type":"Feature","geometry":{"type":"MultiPolygon","coordinates":[[[[29.481111526489258,30.950578689575195],[29.769052505493164,30.69350814819336],[30.036863327026367,30.115081787109375],[30.199471954118167,30],[31.25602101470217,30],[32.0528450012207,30.757776260375977],[32.05738067626953,30.822044372558594],[32.133392333984375,30.822044372558594],[32.151821844718164,31.079113006591797],[32.156429290771484,31.143381118774414],[31.999635696411133,31.079113006591797],[31.93739891052246,31.271915435791016],[31.780553817749023,31.20764923095703],[31.875221252441406,31.464719772338867],[31.265825271606445,31.464719772338867],[31.117990493774414,31.528987884521484],[31.203296661376953,31.65752601623535],[30.974620819091797,31.65752601623535],[30.965608596801758,31.528987884521484],[30.80877685546875,31.464719772338867],[30.351730346679688,31.464719772338867],[30.271244049072266,31.40045166015625],[30.33879280090332,31.271915435791016],[29.882049560546875,31.271915435791016],[29.78937339782715,31.014846801757812],[29.485143661499023,31.014846801757812],[29.481111526489258,30.950578689575195]]],[[[9.5735502243042,42.75628662109375],[9.49340534210205,42.75628662109375],[9.491888999938965,43.016544342041016],[9.331360816955566,43.016544342041016],[9.251097679138184,43.016544342041016],[9.17282485961914,42.75628662109375],[8.772740364074707,42.691246032714844],[8.534564018249512,42.496177673339844],[8.538846015930176,42.10627746582031],[8.700496673583984,41.911441802978516],[8.622743606567383,41.71668243408203],[8.782108306884766,41.71668243408203],[8.783942222595215,41.521995544433594],[9.1038236618042,41.32738494873047],[9.262411117553711,41.39224624633789],[9.49889087677002,41.781593322753906],[9.497812271118164,41.97637939453125],[9.577608108520508,41.97637939453125],[9.5735502243042,42.75628662109375]]],[[[8.2748384475708,49.2500114440918],[8.273746490478516,49.316287994384766],[8.272655487060547,49.38258361816406],[8.271565437316895,49.44889450073242],[8.355094909667969,49.44889450073242],[8.351943016052246,49.64793395996094],[8.181282997131348,49.84712600708008],[7.762485027313232,49.84712600708008],[7.334622859954834,50.2459831237793],[7.166632652282715,50.2459831237793],[7.071211338043213,50.71213912963867],[6.899223804473877,50.84549331665039],[6.804280281066895,51.24601745605469],[6.719674110412598,51.24601745605469],[6.717862606048584,51.31283950805664],[6.716048717498779,51.37968063354492],[6.71241569519043,51.51342010498047],[6.539055824279785,51.64724349975586],[6.023392200469971,51.84812545776367],[5.770728588104248,51.78114318847656],[5.864670753479004,51.51342010498047],[5.535188674926758,51.24601745605469],[5.019589424133301,51.44654083251953],[4.341732025146484,51.44654083251953],[4.01227855682373,51.24601745605469],[3.504641532897949,51.24601745605469],[3.409677743911743,51.44654083251953],[3.324945688247681,51.44654083251953],[2.73940634727478,51.31283950805664],[2.577829360961914,51.17921447753906],[1.656218767166138,51.04566955566406],[1.424705147743225,50.71213912963867],[1.454967975616455,50.2459831237793],[1.052847385406494,49.98000717163086],[0.224112883210182,49.84712600708008],[-0.012448177672923,49.64793395996094],[0.007001183927059,49.38258361816406],[-1.250783205032349,49.44889450073242],[-1.361783027648926,49.78071212768555],[-2.031550645828247,49.78071212768555],[-1.913302421569824,49.38258361816406],[-1.651668906211853,49.2500114440918],[-1.635041356086731,49.051273345947266],[-1.718345284461975,49.051273345947266],[-1.602181315422058,48.654239654541016],[-2.521934509277344,48.72037124633789],[-2.759404182434082,48.5881233215332],[-3.122164011001587,48.91886520385742],[-3.455082654953003,48.91886520385742],[-3.85184383392334,48.72037124633789],[-4.599917888641357,48.72037124633789],[-4.911745548248291,48.52202224731445],[-4.891265392303467,48.323814392089844],[-4.642560005187988,48.323814392089844],[-4.546383857727051,48.191749572753906],[-4.705362796783447,48.1257438659668],[-4.692053318023682,47.993770599365234],[-4.424368858337402,47.79592514038086],[-3.934937715530396,47.86185836791992],[-3.757235288619995,47.730003356933594],[-3.344320774078369,47.730003356933594],[-3.155531167984009,47.46647262573242],[-2.837259292602539,47.598209381103516],[-2.825755596160889,47.46647262573242],[-2.578423976898193,47.46647262573242],[-2.561590671539307,47.26897048950195],[-2.232228517532349,47.26897048950195],[-2.139080047607422,47.13737487792969],[-2.194406032562256,46.808616638183594],[-2.024919986724854,46.74290466308594],[-2.014399528503418,46.61152267456055],[-1.666043281555176,46.348915100097656],[-1.251809358596802,46.283294677734375],[-1.222735166549683,45.889827728271484],[-1.141096234321594,45.889827728271484],[-1.213142395019531,45.75876998901367],[-1.045281529426575,45.693260192871094],[-1.031213998794556,45.496795654296875],[-1.189373373985291,45.431331634521484],[-1.170574903488159,45.169586181640625],[-1.251859068870544,45.169586181640625],[-1.205376982688904,44.5159797668457],[-1.286344885826111,44.5159797668457],[-1.267958283424377,44.25482940673828],[-1.348801136016846,44.25482940673828],[-1.321390628814697,43.86341094970703],[-1.402047991752625,43.86341094970703],[-1.459883332252502,43.53750228881836],[-1.692170143127441,43.407203674316406],[-1.687574744224548,43.342071533203125],[-1.441840410232544,43.276947021484375],[-1.428432941436768,43.08163070678711],[-1.026964664459229,43.08163070678711],[-0.528801321983337,42.82133865356445],[-0.208102732896805,42.82133865356445],[0.040142297744751,42.691246032714844],[1.074691534042358,42.82133865356445],[1.485537886619568,42.62621307373047],[1.565624117851257,42.62621307373047],[1.645710229873657,42.62621307373047],[1.725796341896057,42.62621307373047],[1.72901451587677,42.56119155883789],[1.80907130241394,42.56119155883789],[2.458339214324951,42.36617660522461],[3.092691898345947,42.496177673339844],[3.089980125427246,42.56119155883789],[3.009923458099365,42.56119155883789],[2.984907388687134,43.146724700927734],[3.850892543792725,43.6026611328125],[4.173032760620117,43.6026611328125],[4.177847862243652,43.472347259521484],[5.063065528869629,43.472347259521484],[5.386905193328857,43.407203674316406],[5.390771865844727,43.276947021484375],[5.631923198699951,43.276947021484375],[5.796233177185059,43.146724700927734],[6.278174877166748,43.146724700927734],[6.596527099609375,43.276947021484375],[6.67255163192749,43.472347259521484],[7.471453189849854,43.79821014404297],[7.470271110534668,43.86341094970703],[7.143696784973145,44.05907440185547],[7.139705181121826,44.25482940673828],[6.895741939544678,44.32010269165039],[6.965181350708008,44.842647552490234],[6.637507915496826,44.973392486572266],[6.629464626312256,45.300437927246094],[6.787452220916748,45.496795654296875],[6.541440963745117,45.56227111816406],[6.453062057495117,45.82429504394531],[6.939604759216309,45.95537567138672],[6.849938869476318,46.283294677734375],[6.682901382446289,46.414546966552734],[6.273390769958496,46.414546966552734],[6.033519744873047,46.21768569946289],[6.025728225708008,46.480194091796875],[6.424554824829102,46.87434005737305],[6.50646754169322,46.88255445334918],[7.080090999603271,46.94007873535156],[6.912492275238037,47.07159423828125],[6.983439445495605,47.53233337402344],[7.39728307723999,47.46647262573242],[7.559404373168945,47.598209381103516],[7.558016777038574,47.664100646972656],[7.556626796722412,47.730003356933594],[7.555233955383301,47.79592514038086],[7.55383825302124,47.86185836791992],[7.552440643310547,47.92780685424805],[7.626908302307129,48.323814392089844],[7.709810256958008,48.323814392089844],[7.708469390869141,48.38986587524414],[7.707126617431641,48.455936431884766],[7.705782890319824,48.52202224731445],[7.788793087005615,48.52202224731445],[7.787483692169189,48.5881233215332],[7.870530128479004,48.5881233215332],[7.867981433868408,48.72037124633789],[8.115007400512695,48.852684020996094],[8.111507415771484,49.051273345947266],[8.2748384475708,49.2500114440918]]]]},"properties":{"Name":"French Consulate","FromYear":1800,"ToYear":1802,"Area":671791.6549414162,"Type":"POLITY","Wikipedia":"French Consulate","Wikidata":"Q877619","SeshatID":"fr_bourbon_k_2","Components":"","MemberOf":"(French Consulate)"}},
{"type":"Feature","geometry":{"type":"MultiPolygon","coordinates":[[[[-6.14714241027832,53.32708740234375],[-6.241942882537842,53.39456558227539],[-6.087455749511719,53.52959060668945],[-6.286456108093262,53.732303619384766],[-6.331579685211182,54.07062530517578],[-5.899145126342773,54.07062530517578],[-5.588010787963867,54.341712951660156],[-5.501331806182861,54.341712951660156],[-5.440718173980713,54.545284271240234],[-5.527542591094971,54.545284271240234],[-5.553964138031006,54.74907684326172],[-5.727906227111816,54.74907684326172],[-6.149667739868164,55.29362487792969],[-7.013527870178223,55.225467681884766],[-7.120616436004639,55.36180877685547],[-7.819964408874512,55.36180877685547],[-7.886708736419678,55.225467681884766],[-8.41061782836914,55.225467681884766],[-8.56389045715332,55.089229583740234],[-8.532058715820312,54.88506317138672],[-8.869585037231445,54.817054748535156],[-8.837503433227539,54.613189697265625],[-8.316265106201172,54.613189697265625],[-8.642707824707031,54.47740173339844],[-8.697977066040039,54.27390670776367],[-9.49949836730957,54.4095458984375],[-10.084067344665527,54.27390670776367],[-9.833613395690918,53.799922943115234],[-10.006207466125488,53.799922943115234],[-9.984235763549805,53.664710998535156],[-10.231764793395996,53.597137451171875],[-10.209695816040039,53.462066650390625],[-9.382568359375,53.124786376953125],[-9.468400001525879,53.124786376953125],[-9.437079429626465,52.92268753051758],[-9.74826431274414,52.720787048339844],[-9.727348327636719,52.586299896240234],[-9.973213195800781,52.51908493041992],[-9.941752433776855,52.31757736206055],[-10.528071403503418,52.250450134277344],[-10.506694793701172,52.11625671386719],[-10.25121021270752,52.11625671386719],[-10.485442161560059,51.98215103149414],[-10.45379638671875,51.78114318847656],[-10.188602447509766,51.71418380737305],[-10.167977333068848,51.580322265625],[-9.92369556427002,51.64724349975586],[-9.808544158935547,51.44654083251953],[-9.639079093933105,51.44654083251953],[-8.481083869934082,51.64724349975586],[-8.415112495422363,51.78114318847656],[-8.075331687927246,51.78114318847656],[-7.611197948455811,52.11625671386719],[-6.427507877349854,52.18334197998047],[-6.2316575050354,52.653533935546875],[-6.14614200592041,52.653533935546875],[-6.171980857849121,52.85536575317383],[-6.086330413818359,52.85536575317383],[-6.14714241027832,53.32708740234375]],[[-7.894556522369385,52.92268753051758],[-7.904150009155273,52.99003219604492],[-7.818408489227295,52.99003219604492],[-7.808860778808594,52.92268753051758],[-7.894556522369385,52.92268753051758]]],[[[-7.319843292236328,57.28189468383789],[-7.230959415435791,57.28189468383789],[-7.252153396606445,57.41988754272461],[-7.597294807434082,57.35087585449219],[-7.465542793273926,57.07511901855469],[-7.288100242614746,57.07511901855469],[-7.319843292236328,57.28189468383789]]],[[[-7.562519073486328,57.696231842041016],[-7.440887928009033,57.488929748535156],[-7.105842113494873,57.62710189819336],[-7.116456508636475,57.696231842041016],[-7.562519073486328,57.696231842041016]]],[[[-7.12709903717041,57.7653923034668],[-6.52281665802002,57.903804779052734],[-6.385126113891602,58.180992126464844],[-6.205919742584229,58.180992126464844],[-6.25730562210083,58.528167724609375],[-6.785952091217041,58.45867156982422],[-6.764688491821289,58.31977081298828],[-6.854404926300049,58.31977081298828],[-7.281157493591309,58.180992126464844],[-7.06976318359375,57.97305679321289],[-7.12709903717041,57.7653923034668]]],[[[14.571182250976562,35.9664192199707],[14.417119026184082,36.03080368041992],[14.339592933654785,36.03080368041992],[14.33681869506836,35.837650299072266],[14.568227767944336,35.77327346801758],[14.571182250976562,35.9664192199707]]],[[[-5.51620626449585,36.15959167480469],[-5.361068248748779,36.15959167480469],[-5.292408466339111,36.28839111328125],[-5.296883106231689,36.3527946472168],[-5.51620626449585,36.15959167480469]]],[[[4.215116024017334,40.0964469909668],[3.820104122161865,40.0964469909668],[3.741101741790771,40.0964469909668],[3.826826572418213,39.90232849121094],[4.302449703216553,39.8376350402832],[4.215116024017334,40.0964469909668]]],[[[-4.382591724395752,54.4095458984375],[-4.807900905609131,54.341712951660156],[-4.799596309661865,54.27390670776367],[-4.861302852630615,54.07062530517578],[-4.358400821685791,54.20612335205078],[-4.382591724395752,54.4095458984375]]],[[[-2.789952516555786,56.524986267089844],[-2.532599925994873,56.59365463256836],[-2.208682298660278,56.86860656738281],[-2.075707674026489,57.28189468383789],[-1.823600172996521,57.41988754272461],[-1.852917313575745,57.696231842041016],[-3.734920263290405,57.7653923034668],[-3.726380348205566,57.696231842041016],[-3.994018077850342,57.696231842041016],[-3.930825471878052,57.903804779052734],[-4.118414402008057,57.97305679321289],[-3.428223133087158,58.180992126464844],[-3.021383285522461,58.528167724609375],[-3.136410236358643,58.73685073852539],[-3.676762819290161,58.73685073852539],[-4.019067287445068,58.59769821166992],[-5.198037147521973,58.66725540161133],[-5.169017314910889,58.45867156982422],[-5.258847236633301,58.45867156982422],[-5.239514827728271,58.31977081298828],[-5.418947219848633,58.31977081298828],[-5.459936618804932,57.97305679321289],[-5.728240966796875,57.97305679321289],[-5.887243270874023,57.8345832824707],[-5.917263507843018,57.41988754272461],[-5.729594707489014,57.35087585449219],[-5.700699329376221,57.14401626586914],[-5.808821201324463,57.28189468383789],[-6.085347175598145,57.35087585449219],[-6.11513090133667,57.55800247192383],[-6.323688507080078,57.7653923034668],[-6.502223968505859,57.7653923034668],[-6.471539974212646,57.55800247192383],[-6.817555904388428,57.488929748535156],[-6.796852111816406,57.35087585449219],[-6.618975639343262,57.35087585449219],[-6.410901069641113,57.14401626586914],[-6.055799961090088,57.14401626586914],[-5.947565078735352,57.00625228881836],[-5.908953666687012,56.731075286865234],[-6.341366291046143,56.662349700927734],[-6.23344087600708,56.524986267089844],[-6.292484283447266,56.319149017333984],[-5.684883117675781,56.387733459472656],[-5.656883716583252,56.182064056396484],[-5.920981407165527,56.182064056396484],[-6.068491458892822,55.97663879394531],[-6.507877826690674,55.97663879394531],[-6.634748458862305,55.63479995727539],[-6.381457328796387,55.70311737060547],[-6.362338542938232,55.56651306152344],[-6.187198638916016,55.56651306152344],[-6.127885818481445,55.77145767211914],[-5.952439785003662,55.77145767211914],[-5.89273738861084,55.97663879394531],[-5.80486011505127,55.97663879394531],[-5.689270496368408,55.77145767211914],[-5.915220260620117,55.498252868652344],[-5.887563228607178,55.29362487792969],[-5.625458240509033,55.29362487792969],[-5.574207305908203,55.56651306152344],[-5.381163120269775,55.430015563964844],[-5.118756771087646,55.430015563964844],[-5.162932395935059,55.77145767211914],[-5.426101684570312,55.77145767211914],[-5.444243907928467,55.90821838378906],[-4.996289253234863,55.83982467651367],[-4.978706836700439,55.70311737060547],[-4.794708251953125,55.63479995727539],[-4.768880844116211,55.430015563964844],[-5.171102046966553,55.15733337402344],[-5.153679370880127,55.021148681640625],[-5.32801628112793,55.021148681640625],[-5.206079959869385,54.74907684326172],[-4.936679363250732,54.681121826171875],[-4.953676700592041,54.817054748535156],[-4.423340797424316,54.74907684326172],[-3.569097280502319,54.88506317138672],[-3.71977162361145,54.681121826171875],[-3.586766958236694,54.27390670776367],[-3.319409608840942,54.20612335205078],[-3.304538726806641,54.07062530517578],[-2.96582555770874,54.138362884521484],[-3.196035623550415,53.86756134033203],[-3.095205545425415,53.732303619384766],[-3.152528285980225,53.462066650390625],[-3.317377805709839,53.39456558227539],[-4.162125587463379,53.25962829589844],[-4.271347522735596,53.462066650390625],[-4.701662540435791,53.462066650390625],[-4.669717311859131,53.192195892333984],[-4.490120410919189,53.124786376953125],[-4.809510231018066,52.92268753051758],[-4.793659210205078,52.78806686401367],[-4.29533576965332,52.92268753051758],[-4.156738758087158,52.4518928527832],[-4.39012336730957,52.250450134277344],[-4.893810749053955,52.18334197998047],[-5.295889377593994,51.98215103149414],[-5.264270305633545,51.71418380737305],[-5.078959941864014,51.580322265625],[-4.415247440338135,51.71418380737305],[-4.308269023895264,51.51342010498047],[-3.891522645950317,51.580322265625],[-3.70082426071167,51.37968063354492],[-3.277374029159546,51.37968063354492],[-3.121426105499268,51.51342010498047],[-2.945236444473267,51.44654083251953],[-3.107994079589844,51.37968063354492],[-3.094635725021362,51.24601745605469],[-4.201729774475098,51.31283950805664],[-4.426436901092529,51.04566955566406],[-4.67988109588623,51.04566955566406],[-4.657799243927002,50.84549331665039],[-4.819114208221436,50.77880859375],[-4.881234169006348,50.578861236572266],[-5.133819580078125,50.578861236572266],[-5.279601097106934,50.37908172607422],[-5.768607616424561,50.2459831237793],[-5.745615005493164,50.04647445678711],[-5.151133060455322,49.98000717163086],[-4.928657054901123,50.2459831237793],[-4.354779243469238,50.37908172607422],[-4.186630249023438,50.37908172607422],[-4.088706493377686,50.2459831237793],[-3.584736108779907,50.2459831237793],[-3.456606388092041,50.64549255371094],[-3.12621021270752,50.71213912963867],[-2.789105415344238,50.71213912963867],[-2.607964515686035,50.578861236572266],[-1.524962306022644,50.71213912963867],[-1.513427257537842,50.578861236572266],[-1.176646590232849,50.578861236572266],[-1.109168291091919,50.77880859375],[-1.367843627929688,50.84549331665039],[0.492853790521622,50.77880859375],[1.313834071159363,51.112430572509766],[1.380577206611633,51.37968063354492],[0.523877322673798,51.51342010498047],[0.862975299358368,51.51342010498047],[0.843909561634064,51.78114318847656],[1.183690190315247,51.78114318847656],[1.169783234596252,51.98215103149414],[1.425007224082947,51.98215103149414],[1.586262822151184,52.11625671386719],[1.653681755065918,52.38472366333008],[1.739019155502319,52.38472366333008],[1.622210025787354,52.85536575317383],[1.093834638595581,53.057395935058594],[0.493327647447586,53.057395935058594],[0.337453275918961,52.85536575317383],[0.166152358055115,52.85536575317383],[0.06977716833353,52.99003219604492],[0.316494405269623,53.124786376953125],[0.29531991481781,53.39456558227539],[0.020827349275351,53.597137451171875],[0.004257039166987,53.799922943115234],[-0.17964468896389,53.93522644042969],[-0.202435865998268,54.20612335205078],[-0.671433329582214,54.613189697265625],[-1.285956144332886,54.681121826171875],[-1.398887872695923,54.95309066772461],[-1.486006855964661,54.95309066772461],[-1.519152045249939,55.29362487792969],[-1.606520295143127,55.29362487792969],[-1.734845399856567,55.70311737060547],[-2.01904296875,55.90821838378906],[-2.656256437301636,56.11355972290039],[-3.26426100730896,56.04508590698242],[-3.103936910629272,56.182064056396484],[-2.671310901641846,56.25059127807617],[-2.789952516555786,56.524986267089844]]],[[[-3.088408470153809,59.08528518676758],[-3.195853710174561,59.22488784790039],[-3.376785039901733,59.22488784790039],[-3.441113948822021,59.015533447265625],[-3.531404256820679,59.015533447265625],[-3.415184020996094,58.80647277832031],[-3.063107252120972,58.876129150390625],[-2.972933053970337,58.876129150390625],[-2.792584657669067,58.876129150390625],[-2.809081315994263,59.015533447265625],[-3.088408470153809,59.08528518676758]]],[[[-2.653059244155884,59.22488784790039],[-2.562593460083008,59.22488784790039],[-2.578956842422485,59.36461639404297],[-2.842337846755981,59.294734954833984],[-2.825665473937988,59.15507125854492],[-2.644851207733154,59.15507125854492],[-2.653059244155884,59.22488784790039]]]]},"properties":{"Name":"Kingdom of Great Britain","FromYear":1800,"ToYear":1819,"Area":343292.56062871334,"Type":"POLITY","Wikipedia":"Great Britain","Wikidata":"Q23666","SeshatID":"gb_british_emp_1","Components":"","MemberOf":"(British Empire)"}},
{"type":"Feature","geometry":{"type":"MultiPolygon","coordinates":[[[[7.470271110534668,43.86341094970703],[7.471453189849854,43.79821014404297],[7.552080154418945,43.79821014404297],[7.632706642150879,43.79821014404297],[7.631586074829102,43.86341094970703],[7.712243556976318,43.86341094970703],[7.792901039123535,43.86341094970703],[7.873558521270752,43.86341094970703],[7.872525691986084,43.92862319946289],[7.953213691711426,43.92862319946289],[8.033902168273926,43.92862319946289],[8.032925605773926,43.99384307861328],[8.030961036682129,44.12431716918945],[7.707837581634521,44.12431716918945],[7.470271110534668,43.86341094970703]]],[[[8.35147476196289,44.32010269165039],[8.43234920501709,44.32010269165039],[8.592522621154785,44.45067596435547],[8.997204780578613,44.45067596435547],[9.078141212463379,44.45067596435547],[9.7273588180542,44.12431716918945],[10.050481796264648,44.12431716918945],[10.050268173217773,44.18956756591797],[9.56458568572998,44.32010269165039],[9.482823371887207,44.45067596435547],[8.995279312133789,44.64661407470703],[8.590126037597656,44.64661407470703],[8.349712371826172,44.45067596435547],[8.35147476196289,44.32010269165039]]],[[[7.709810256958008,48.323814392089844],[7.626908302307129,48.323814392089844],[7.552440643310547,47.92780685424805],[7.635128974914551,47.92780685424805],[7.636491298675537,47.86185836791992],[7.888208866119385,47.664100646972656],[7.560789108276367,47.53233337402344],[7.72967529296875,47.33478927612305],[8.059174537658691,47.33478927612305],[8.138138771057129,47.53233337402344],[8.054483413696289,47.598209381103516],[8.218400955200195,47.664100646972656],[8.127795219421387,48.1257438659668],[8.210589408874512,48.1257438659668],[8.208345413208008,48.257774353027344],[7.959747314453125,48.257774353027344],[7.796617031097412,48.1257438659668],[7.792711734771729,48.323814392089844],[7.709810256958008,48.323814392089844]]],[[[8.710076332092285,47.92780685424805],[8.709171295166016,47.993770599365234],[8.626447677612305,47.993770599365234],[8.628328323364258,47.86185836791992],[8.793634414672852,47.86185836791992],[8.710076332092285,47.92780685424805]]],[[[8.210589408874512,48.1257438659668],[8.211709976196289,48.059749603271484],[8.21282958984375,47.993770599365234],[8.295553207397461,47.993770599365234],[8.378276824951172,47.993770599365234],[8.461000442504883,47.993770599365234],[8.45998764038086,48.059749603271484],[8.377227783203125,48.059749603271484],[8.376178741455078,48.1257438659668],[8.293384552001953,48.1257438659668],[8.210589408874512,48.1257438659668]]],[[[8.539809226989746,48.257774353027344],[8.706449508666992,48.191749572753906],[8.7875337600708,48.323814392089844],[8.538827896118164,48.323814392089844],[8.539809226989746,48.257774353027344]]],[[[8.872109413146973,48.191749572753906],[8.954939842224121,48.191749572753906],[9.03777027130127,48.191749572753906],[9.037004470825195,48.257774353027344],[8.95413875579834,48.257774353027344],[8.953337669372559,48.323814392089844],[8.87043571472168,48.323814392089844],[8.871273040771484,48.257774353027344],[8.872109413146973,48.191749572753906]]],[[[8.290122985839844,48.323814392089844],[8.454909324645996,48.38986587524414],[8.206095695495605,48.38986587524414],[8.291211128234863,48.257774353027344],[8.290122985839844,48.323814392089844]]],[[[9.36660385131836,48.455936431884766],[9.284287452697754,48.38986587524414],[9.201349258422852,48.38986587524414],[9.202736854553223,48.257774353027344],[9.368468284606934,48.257774353027344],[9.36660385131836,48.455936431884766]]],[[[8.451854705810547,48.5881233215332],[8.285761833190918,48.5881233215332],[8.370917320251465,48.455936431884766],[8.452873229980469,48.52202224731445],[8.451854705810547,48.5881233215332]]],[[[7.788793087005615,48.52202224731445],[7.871802806854248,48.52202224731445],[7.954813003540039,48.52202224731445],[7.953576564788818,48.5881233215332],[7.870530128479004,48.5881233215332],[7.787483692169189,48.5881233215332],[7.788793087005615,48.52202224731445]]],[[[8.535882949829102,48.52202224731445],[8.701903343200684,48.52202224731445],[8.700084686279297,48.654239654541016],[8.53490161895752,48.5881233215332],[8.535882949829102,48.52202224731445]]],[[[18.85202980041504,42.36617660522461],[18.71311378479004,42.82133865356445],[18.306493759155273,42.691246032714844],[18.303630828857422,42.62621307373047],[18.38179089142879,42.58282455142272],[18.77206039428711,42.36617660522461],[18.85202980041504,42.36617660522461]]],[[[17.510494232177734,42.82133865356445],[17.50791358947754,42.75628662109375],[17.588058471679688,42.75628662109375],[17.590667724609375,42.82133865356445],[17.510494232177734,42.82133865356445]]],[[[10.21481990814209,42.691246032714844],[10.455166816711426,42.691246032714844],[10.45510196685791,42.88639831542969],[10.214488983154297,42.88639831542969],[10.134284973144531,42.88639831542969],[10.21481990814209,42.691246032714844]]],[[[17.520870208740234,43.08163070678711],[17.440576553344727,43.08163070678711],[17.36028289794922,43.08163070678711],[17.35774040222168,43.016544342041016],[17.515670776367188,42.95146560668945],[17.518270340175995,43.016544342041016],[17.520870208740234,43.08163070678711]]],[[[10.212483406066895,43.92862319946289],[10.212624549865723,43.86341094970703],[10.374164581298828,43.6678352355957],[10.535322189331055,43.08163070678711],[11.01634693145752,42.82133865356445],[11.015789985656738,42.62621307373047],[11.175962448120117,42.62621307373047],[11.255227088928223,42.43117141723633],[11.494861602783203,42.36617660522461],[11.574831008911133,42.36617660522461],[11.656058311462402,42.56119155883789],[11.97790241241455,42.75628662109375],[12.0580472946167,42.75628662109375],[12.144805908203125,43.472347259521484],[12.307077407836914,43.6026611328125],[12.309718132019043,43.86341094970703],[11.988690376281738,44.05907440185547],[11.746440887451172,44.05907440185547],[11.505900382995605,44.38538360595703],[10.858479499816895,44.25482940673828],[10.858386039733887,44.18956756591797],[10.77757453918457,44.18956756591797],[10.696762084960938,44.18956756591797],[10.615950584411621,44.18956756591797],[10.615947723388672,44.12431716918945],[10.53516674041748,44.12431716918945],[10.53525447845459,43.86341094970703],[10.212483406066895,43.92862319946289]]],[[[9.970182418823242,43.99384307861328],[9.969943046569824,44.05907440185547],[9.889193534851074,44.05907440185547],[9.889463424682617,43.99384307861328],[9.970182418823242,43.99384307861328]]],[[[14.269240379333496,44.973392486572266],[14.260871887207031,44.58129119873047],[14.502378463745117,44.5159797668457],[14.51131820678711,44.908016204833984],[14.350428581237793,44.973392486572266],[14.269240379333496,44.973392486572266]]],[[[26.10191535949707,45.62776184082031],[26.44038200378418,45.75876998901367],[26.477930068969727,46.1520881652832],[25.942142486572266,46.54585266113281],[25.966814041137695,46.808616638183594],[25.72661018371582,46.87434005737305],[25.668907165527344,47.13737487792969],[25.016605377197266,47.20316696166992],[25.45248794555664,47.46647262573242],[25.769779205322266,47.33478927612305],[25.959848403930664,47.598209381103516],[26.378965377807617,47.664100646972656],[26.30950927734375,47.79592514038086],[26.068124771118164,47.86185836791992],[26.177011489868164,48.1257438659668],[26.01142120361328,48.1257438659668],[26.024524688720703,48.257774353027344],[26.26645278930664,48.191749572753906],[26.279815673828125,48.323814392089844],[26.06438636779785,48.654239654541016],[25.904876708984375,48.72037124633789],[25.924989700317383,48.91886520385742],[25.841760635375977,48.91886520385742],[25.854578018188477,49.84712600708008],[25.701093673706055,49.98000717163086],[25.722383499145508,50.17946243286133],[25.29567527770996,50.11296081542969],[25.07135772705078,50.37908172607422],[24.566909790039062,50.37908172607422],[24.341148376464844,50.64549255371094],[24.00420570373535,50.64549255371094],[24.030471801757812,50.912200927734375],[23.712371826171875,51.112430572509766],[23.595823287963867,51.64724349975586],[23.51096534729004,51.64724349975586],[23.629487991333008,51.98215103149414],[23.39438247680664,52.18334197998047],[23.060142517089844,52.250450134277344],[22.988040924072266,52.38472366333008],[22.56774139404297,52.4518928527832],[22.416019439697266,52.653533935546875],[21.994611740112305,52.720787048339844],[21.29853057861328,52.586299896240234],[21.18465805053711,52.250450134277344],[21.01416015625,52.250450134277344],[21.003124237060547,52.11625671386719],[21.162322998046875,51.98215103149414],[21.20885467529297,51.51342010498047],[20.689903259277344,51.37968063354492],[20.415983200073242,51.112430572509766],[20.073148727416992,51.04566955566406],[20.049747467041016,50.71213912963867],[19.876659393310547,50.64549255371094],[19.854297637939453,50.312522888183594],[19.770261764526367,50.312522888183594],[19.76154327392578,50.17946243286133],[19.925048828125,50.11296081542969],[19.91196060180664,49.91355895996094],[19.409168243408203,49.91355895996094],[18.88353729248047,49.51522445678711],[18.487384796142578,49.91355895996094],[17.904199600219727,49.98000717163086],[17.739870071411133,50.04647445678711],[17.750011444091797,50.2459831237793],[17.49802589416504,50.2459831237793],[17.1715087890625,50.445655822753906],[16.919164657592773,50.445655822753906],[16.823102951049805,50.17946243286133],[16.487279891967773,50.17946243286133],[16.24351692199707,50.37908172607422],[16.338764190673828,50.64549255371094],[15.416954040527344,50.77880859375],[15.173232078552246,51.04566955566406],[14.999794006347656,50.912200927734375],[14.577799797058105,50.912200927734375],[14.497381210327148,51.04566955566406],[14.328418731689453,51.04566955566406],[14.153997421264648,50.84549331665039],[13.391927719116211,50.71213912963867],[12.796454429626465,50.37908172607422],[12.376081466674805,50.37908172607422],[12.290331840515137,50.2459831237793],[12.12234115600586,50.2459831237793],[12.12159538269043,50.17946243286133],[12.370920181274414,49.98000717163086],[12.36764907836914,49.71431350708008],[12.534139633178711,49.64793395996094],[12.532414436340332,49.51522445678711],[13.112967491149902,49.2500114440918],[13.358475685119629,48.98506164550781],[13.525009155273438,48.98506164550781],[13.770781517028809,48.786521911621094],[13.683775901794434,48.5881233215332],[13.434637069702148,48.5881233215332],[13.26423168182373,48.323814392089844],[12.765129089355469,48.191749572753906],[12.762627601623535,47.993770599365234],[12.845351219177246,47.993770599365234],[13.177251815795898,48.059749603271484],[13.175244331359863,47.92780685424805],[13.418926239013672,47.664100646972656],[13.41247844696045,47.26897048950195],[13.659500122070312,47.26897048950195],[13.738253593444824,47.07159423828125],[13.079431533813477,47.005828857421875],[12.834451675415039,47.13737487792969],[12.752180099487305,47.13737487792969],[12.175729751586914,47.07159423828125],[12.177369117736816,47.26897048950195],[12.508110046386719,47.4006233215332],[12.510897636413574,47.664100646972656],[11.602551460266113,47.598209381103516],[11.189559936523438,47.4006233215332],[10.61239242553711,47.598209381103516],[10.447366714477539,47.598209381103516],[10.36567211151123,47.33478927612305],[10.118547439575195,47.33478927612305],[9.952665328979492,47.53233337402344],[9.705229759216309,47.53233337402344],[9.456033706665039,47.730003356933594],[9.536406517028809,47.993770599365234],[9.370336532592773,48.059749603271484],[9.122788429260254,47.993770599365234],[9.124246597290039,47.86185836791992],[8.957342147827148,47.993770599365234],[8.87795352935791,47.730003356933594],[8.96053695678711,47.730003356933594],[9.043119430541992,47.730003356933594],[9.042356491088867,47.79592514038086],[9.124975204467773,47.79592514038086],[9.207592964172363,47.79592514038086],[9.208285331726074,47.730003356933594],[9.208976745605469,47.664100646972656],[9.622751235961914,47.53233337402344],[9.542471885681152,47.26897048950195],[9.54301929473877,47.20316696166992],[9.625325202941895,47.20316696166992],[9.625838279724121,47.13737487792969],[9.9564208984375,46.87434005737305],[10.202829360961914,46.87434005737305],[10.36669635772705,47.005828857421875],[10.44974136352539,46.677207946777344],[10.039896965026855,46.61152267456055],[10.040886878967285,46.414546966552734],[10.122788429260254,46.414546966552734],[10.041536331176758,46.283294677734375],[9.303140640258789,46.480194091796875],[8.98212718963623,45.889827728271484],[8.735542297363281,46.02093505859375],[8.653838157653809,46.02093505859375],[8.741311073303223,45.56227111816406],[9.0712251663208,45.169586181640625],[9.233793258666992,45.169586181640625],[9.965350151062012,45.169586181640625],[10.453373908996582,44.973392486572266],[11.346695899963379,45.03877639770508],[11.508512496948242,44.908016204833984],[12.239523887634277,44.973392486572266],[12.238323211669922,44.842647552490234],[12.23771858215332,44.77729415893555],[12.399906158447266,44.77729415893555],[12.40256118774414,45.03877639770508],[12.160021781921387,45.169586181640625],[12.162785530090332,45.496795654296875],[12.652192115783691,45.56227111816406],[12.816752433776855,45.693260192871094],[13.060476303100586,45.62776184082031],[13.144780158996582,45.82429504394531],[13.714865684509277,45.75876998901367],[13.710229873657227,45.496795654296875],[13.547340393066406,45.496795654296875],[13.544051170349121,45.300437927246094],[13.705584526062012,45.23500442504883],[13.780906677246094,44.908016204833984],[13.943220138549805,44.908016204833984],[13.945749282836914,45.03877639770508],[14.189410209655762,45.03877639770508],[14.196189880371094,45.36587905883789],[14.603090286254883,45.36587905883789],[14.515777587890625,45.10417556762695],[14.91874885559082,44.973392486572266],[14.908865928649902,44.58129119873047],[15.146636962890625,44.38538360595703],[15.218687057495117,44.05907440185547],[15.459075927734375,43.99384307861328],[15.374701499938965,43.86341094970703],[15.618592262268066,43.92862319946289],[15.695383071899414,43.79821014404297],[15.856636047363281,43.79821014404297],[16.01169204711914,43.6026611328125],[15.927099227905273,43.472347259521484],[16.575437545776367,43.6026611328125],[16.734172821044922,43.53750228881836],[16.727190017700195,43.342071533203125],[17.05129051208496,43.407203674316406],[17.12186050415039,43.146724700927734],[17.2850284576416,43.211830139160156],[17.36538314819336,43.211830139160156],[16.98054313659668,43.6678352355957],[16.819412231445312,43.6678352355957],[16.429935455322266,44.05907440185547],[16.268434524536133,44.05907440185547],[16.19840431213379,44.38538360595703],[15.803844451904297,44.71194839477539],[15.819802284240723,45.23500442504883],[15.982434272766113,45.23500442504883],[16.219921112060547,45.03877639770508],[16.4703311920166,45.23500442504883],[17.120859146118164,45.23500442504883],[17.76310920715332,45.03877639770508],[18.57839012145996,45.10417556762695],[18.890594482421875,44.842647552490234],[19.22174644470215,44.973392486572266],[19.624204635620117,44.908016204833984],[19.856950759887695,44.71194839477539],[20.019073486328125,44.71194839477539],[20.114822387695312,44.973392486572266],[20.280941009521484,45.03877639770508],[20.52076530456543,44.973392486572266],[20.590364456176758,44.77729415893555],[20.748632431030273,44.71194839477539],[21.40547752380371,44.842647552490234],[21.879146575927734,44.64661407470703],[21.951416015625,44.5159797668457],[22.275287628173828,44.5159797668457],[22.531999588012695,44.71194839477539],[22.650352478027344,45.23500442504883],[23.138248443603516,45.23500442504883],[23.47352409362793,45.36587905883789],[23.483562469482422,45.496795654296875],[25.042299270629883,45.62776184082031],[25.34526824951172,45.36587905883789],[25.438228607177734,45.496795654296875],[25.84545135498047,45.496795654296875],[25.93889808654785,45.62776184082031],[26.10191535949707,45.62776184082031]]],[[[10.528592109680176,48.257774353027344],[10.197128295898438,48.257774353027344],[10.115167617797852,48.059749603271484],[10.363642692565918,47.993770599365234],[10.52871322631836,48.191749572753906],[10.528592109680176,48.257774353027344]]],[[[10.03139591217041,48.257774353027344],[9.947421073913574,48.455936431884766],[9.698975563049316,48.38986587524414],[9.61603832244873,48.38986587524414],[9.449578285217285,48.455936431884766],[9.451920509338379,48.191749572753906],[9.782355308532715,48.323814392089844],[10.03139591217041,48.257774353027344]]],[[[10.196602821350098,48.38986587524414],[10.196342468261719,48.455936431884766],[10.11336898803711,48.455936431884766],[10.113962173461914,48.323814392089844],[10.279766082763672,48.323814392089844],[10.196602821350098,48.38986587524414]]]]},"properties":{"Name":"Habsburg Monarchy","FromYear":1800,"ToYear":1802,"Area":738392.2965237761,"Type":"POLITY","Wikipedia":"Habsburg monarchy","Wikidata":"Q66504140","SeshatID":"at_habsburg_2","Components":"","MemberOf":"(Habsburg Monarchy)"}},
{"type":"Feature","geometry":{"type":"MultiPolygon","coordinates":[[[[24.156919479370117,35.51579284667969],[23.615402221679688,35.51579284667969],[23.679210662841797,35.258358001708984],[24.44841766357422,35.194007873535156],[24.52567481994629,35.194007873535156],[24.7574462890625,35.194007873535156],[24.823745727539062,35.00096893310547],[26.140073776245117,35.065311431884766],[26.22533416748047,35.194007873535156],[25.680648803710938,35.12965774536133],[25.69233512878418,35.32271194458008],[24.30097007751465,35.32271194458008],[24.149879455566406,35.38706970214844],[24.156919479370117,35.51579284667969]]],[[[25.339021682739258,37.12596130371094],[25.330806732177734,36.9970588684082],[25.56435775756836,36.9970588684082],[25.57270622253418,37.12596130371094],[25.416915893554688,37.12596130371094],[25.339021682739258,37.12596130371094]]],[[[24.28331756591797,37.706241607666016],[24.201318740844727,37.641746520996094],[24.27158546447754,37.51277160644531],[24.43158721923828,37.5772590637207],[24.36141586303711,37.706241607666016],[24.28331756591797,37.706241607666016]]],[[[25.0518856048584,37.51277160644531],[25.285974502563477,37.51277160644531],[25.220497131347656,37.706241607666016],[25.064300537109375,37.706241607666016],[24.986202239990234,37.706241607666016],[25.0518856048584,37.51277160644531]]],[[[24.694225311279297,38.028785705566406],[24.681930541992188,37.835243225097656],[24.830005645751953,37.706241607666016],[25.068470001220703,37.7707405090332],[24.772438049316406,38.028785705566406],[24.694225311279297,38.028785705566406]]],[[[25.89913558959961,38.48057174682617],[25.876405715942383,38.157840728759766],[26.111188888549805,38.157840728759766],[26.217344284057617,38.54513168334961],[25.99143409729004,38.67427444458008],[25.912982940673828,38.67427444458008],[25.820756912231445,38.48057174682617],[25.89913558959961,38.48057174682617]]],[[[23.563383102416992,38.738853454589844],[23.56732749938965,38.80344009399414],[23.488826751708984,38.80344009399414],[23.484909057617188,38.738853454589844],[23.563383102416992,38.738853454589844]]],[[[24.364974975585938,38.997230529785156],[24.35651969909668,38.8680305480957],[24.662033081054688,38.738853454589844],[24.674930572509766,38.93262481689453],[24.443546295166016,38.997230529785156],[24.364974975585938,38.997230529785156]]],[[[20.151897430419922,39.64360046386719],[20.073074340820312,39.64360046386719],[20.070056915283203,39.57893371582031],[20.148855209350586,39.57893371582031],[20.151897430419922,39.64360046386719]]],[[[24.973936080932617,39.8376350402832],[25.447328567504883,39.8376350402832],[25.46186065673828,40.031734466552734],[25.145954132080078,40.031734466552734],[25.066978454589844,40.031734466552734],[24.973936080932617,39.8376350402832]]],[[[25.718765258789062,40.29063034057617],[25.703752517700195,40.0964469909668],[26.024850845336914,40.16116714477539],[26.03508949279785,40.29063034057617],[25.7978458404541,40.29063034057617],[25.718765258789062,40.29063034057617]]],[[[24.490964889526367,40.80876541137695],[24.551259994506836,40.54964065551758],[24.793624877929688,40.614410400390625],[24.808143615722656,40.80876541137695],[24.57025909423828,40.80876541137695],[24.490964889526367,40.80876541137695]]],[[[23.563383102416992,38.738853454589844],[23.626148223876953,38.48057174682617],[23.312631607055664,38.48057174682617],[23.16720199584961,38.67427444458008],[22.935583114624023,38.738853454589844],[23.025423049926758,38.93262481689453],[23.331829071044922,38.80344009399414],[23.492761611938477,38.8680305480957],[22.95830535888672,39.1264533996582],[22.797286987304688,39.06184005737305],[22.816326141357422,39.38497543334961],[23.135168075561523,39.449623107910156],[22.610868453979492,39.90232849121094],[22.701663970947266,40.0964469909668],[22.543659210205078,40.0964469909668],[22.55951499938965,40.355369567871094],[22.654850006103516,40.614410400390625],[22.89249038696289,40.614410400390625],[22.884185791015625,40.4848747253418],[23.267255783081055,40.29063034057617],[23.73737335205078,40.225894927978516],[23.83857536315918,40.54964065551758],[23.684629440307617,40.614410400390625],[23.698017120361328,40.80876541137695],[24.010608673095703,40.74397277832031],[24.34656524658203,41.00318908691406],[25.37845802307129,41.00318908691406],[26.082168579101562,40.873565673828125],[26.140260696411133,40.614410400390625],[26.62644386291504,40.74397277832031],[26.921367645263672,40.4848747253418],[27.017187118530273,40.6791877746582],[27.527481079101562,41.06801223754883],[28.077255249023438,41.00318908691406],[28.16880989074707,41.132843017578125],[28.632890701293945,41.00318908691406],[29.115554809570312,41.06801223754883],[29.10276222229004,40.93837356567383],[29.24864959716797,40.80876541137695],[29.493009567260742,40.873565673828125],[29.480079650878906,40.74397277832031],[28.91274642944336,40.614410400390625],[28.900379180908203,40.4848747253418],[29.046321868896484,40.355369567871094],[27.938817977905273,40.355369567871094],[27.950454711914062,40.4848747253418],[27.792133331298828,40.4848747253418],[27.695789337158203,40.29063034057617],[27.537628173828125,40.29063034057617],[27.46982192993164,40.42012023925781],[26.673099517822266,40.355369567871094],[26.683887481689453,40.4848747253418],[26.604726791381836,40.4848747253418],[26.2723331451416,40.29063034057617],[26.132457733154297,39.51427459716797],[26.84657859802246,39.57893371582031],[26.742225646972656,39.25570297241211],[26.894468307495117,39.19107437133789],[26.879291534423828,38.997230529785156],[26.95786476135254,38.997230529785156],[26.849470138549805,38.60969924926758],[27.079774856567383,38.54513168334961],[27.06496238708496,38.351463317871094],[26.594974517822266,38.351463317871094],[26.535762786865234,38.60969924926758],[26.38368797302246,38.67427444458008],[26.42890739440918,38.22237777709961],[26.820327758789062,38.22237777709961],[26.888994216918945,38.09331130981445],[27.27528190612793,38.028785705566406],[27.177743911743164,37.7707405090332],[27.2558650970459,37.7707405090332],[27.16343116760254,37.5772590637207],[27.309988021850586,37.44829177856445],[27.22254180908203,37.3193473815918],[27.53919219970703,37.38381576538086],[27.597978591918945,37.12596130371094],[28.065349578857422,37.12596130371094],[28.138330459594727,37.06150817871094],[28.03143882751465,36.67487716674805],[28.186922073364258,36.67487716674805],[28.357105255126953,36.8681755065918],[28.590524673461914,36.8681755065918],[28.736103057861328,36.73930740356445],[29.124916076660156,36.73930740356445],[29.239721298217773,36.2239875793457],[29.938032150268555,36.2239875793457],[30.02613639831543,36.3527946472168],[30.49193572998047,36.3527946472168],[30.619068145751953,36.932613372802734],[31.08603858947754,36.932613372802734],[32.06806182861328,36.61045455932617],[32.498512268066406,36.2239875793457],[32.558349609375,36.03080368041992],[32.713401794433594,36.03080368041992],[33.2744140625,36.2239875793457],[33.97906494140625,36.28839111328125],[34.2507209777832,36.67487716674805],[34.581634521484375,36.8681755065918],[34.892860412597656,36.8681755065918],[34.95038986206055,36.67487716674805],[35.11265563964844,36.73930740356445],[35.487709045410156,36.61045455932617],[35.833587646484375,36.932613372802734],[36.144901275634766,36.932613372802734],[36.28622817993164,36.80373764038086],[36.26490020751953,36.61045455932617],[35.84174346923828,36.28839111328125],[35.990074157714844,36.2239875793457],[35.84488296508789,35.58015823364258],[35.99294662475586,35.51579284667969],[35.88248825073242,35.194007873535156],[35.959747314453125,35.194007873535156],[35.92698669433594,34.87228775024414],[36.0682373046875,34.743614196777344],[36.048770904541016,34.55062484741211],[35.79212951660156,34.2933349609375],[35.64447784423828,34.3576545715332],[35.68381118774414,33.971771240234375],[35.4470100402832,33.90746307373047],[35.49934768676758,33.65024948120117],[35.34577560424805,33.65024948120117],[35.39840316772461,33.393062591552734],[35.21538543701172,33.07160949707031],[35.05632781982422,33.00732421875],[35.021759033203125,32.62162780761719],[34.76983642578125,32.36451721191406],[34.81304168701172,31.978878021240234],[34.57329559326172,31.8503360748291],[34.6388053894043,31.7217960357666],[34.546607971191406,31.528987884521484],[34.30759811401367,31.40045166015625],[34.2972412109375,31.271915435791016],[33.67326354980469,31.079113006591797],[33.597190856933594,31.079113006591797],[33.5211181640625,31.079113006591797],[32.8316764831543,31.014846801757812],[32.76515197753906,31.143381118774414],[32.53215408325195,31.079113006591797],[32.23719787597656,31.20764923095703],[32.303932189941406,31.079113006591797],[32.151821844718164,31.079113006591797],[32.15178298950195,31.079113006591797],[32.133392333984375,30.822044372558594],[32.05738067626953,30.822044372558594],[32.0528450012207,30.757776260375977],[31.25602101470217,30],[37.27537322849525,30],[37.159767150878906,30.050809860229492],[37.307640075683594,30.886310577392578],[37.3951301574707,31.014846801757812],[37.547245025634766,31.014846801757812],[37.48277282714844,31.143381118774414],[37.83492660522461,31.65752601623535],[38.06972885131836,31.7217960357666],[38.01194763183594,31.91460609436035],[38.26596450805664,32.171695709228516],[38.28504943847656,32.36451721191406],[38.64313507080078,32.878753662109375],[38.893001556396484,33.07160949707031],[38.91337203979492,33.26447677612305],[39.24782180786133,33.52165222167969],[39.40131759643555,33.52165222167969],[39.415401458740234,33.65024948120117],[39.806495666503906,33.71455001831055],[39.904991149902344,33.90746307373047],[40.61914825439453,34.10039138793945],[40.92682647705078,34.10039138793945],[41.36536407470703,33.90746307373047],[41.711341857910156,33.5859489440918],[41.86487579345703,33.5859489440918],[42.064544677734375,33.32876968383789],[42.36363983154297,33.26447677612305],[42.708534240722656,32.94303894042969],[43.152584075927734,32.81447219848633],[44.459014892578125,31.593257904052734],[44.44402313232422,31.464719772338867],[44.657562255859375,31.336183547973633],[44.63529586791992,31.143381118774414],[44.79490280151367,31.20764923095703],[45,31.01566162459522],[45,36.72846503940319],[44.85211181640625,36.8681755065918],[44.773807525634766,37.38381576538086],[44.627601623535156,37.44829177856445],[44.58888626098633,37.706241607666016],[44.30603790283203,37.89975357055664],[44.45452117919922,38.351463317871094],[44.30800247192383,38.416015625],[44.31191635131836,38.93262481689453],[44.165225982666016,38.997230529785156],[44.071044921875,39.38497543334961],[44.396663665771484,39.449623107910156],[44.51885986328125,39.70827102661133],[44.766448974609375,39.77294921875],[44.416175842285156,40.031734466552734],[43.86334228515625,40.031734466552734],[43.648197174072266,40.16116714477539],[43.71440124511719,41.00318908691406],[43.55564880371094,41.00318908691406],[43.57847213745117,41.132843017578125],[43.19264602661133,41.19768524169922],[42.86325454711914,41.586883544921875],[42.783626556396484,41.586883544921875],[42.704002380371094,41.586883544921875],[42.62437438964844,41.586883544921875],[42.442626953125,41.45711898803711],[41.806068420410156,41.45711898803711],[41.74848937988281,41.586883544921875],[41.92997741699219,41.71668243408203],[41.974849700927734,41.97637939453125],[41.98614501953125,42.041324615478516],[41.90632247924805,42.041324615478516],[41.91762161254883,42.10627746582031],[41.8377685546875,42.10627746582031],[41.81459426879883,42.43117141723633],[41.734596252441406,42.43117141723633],[41.55200958251953,42.30118942260742],[41.700584411621094,42.236209869384766],[41.598209381103516,42.10627746582031],[41.75791549682617,42.10627746582031],[41.73545837402344,41.97637939453125],[41.81525421142578,41.97637939453125],[41.567359924316406,41.45711898803711],[41.40821838378906,41.45711898803711],[41.307071685791016,41.32738494873047],[41.15876007080078,41.39224624633789],[41.04725646972656,41.19768524169922],[40.53934860229492,41.00318908691406],[40.390892028808594,41.06801223754883],[40.370330810546875,40.93837356567383],[39.735538482666016,40.93837356567383],[39.0508918762207,41.132843017578125],[38.78335189819336,40.93837356567383],[38.29773712158203,40.873565673828125],[38.15805435180664,41.00318908691406],[37.83116149902344,40.93837356567383],[37.770565032958984,41.06801223754883],[37.21474075317383,41.06801223754883],[37.23323440551758,41.19768524169922],[37.06510925292969,41.132843017578125],[36.77476501464844,41.32738494873047],[36.20920181274414,41.26253128051758],[35.953800201416016,41.71668243408203],[35.15697479248047,41.71668243408203],[35.121212005615234,42.041324615478516],[34.881736755371094,42.041324615478516],[34.78450012207031,41.911441802978516],[32.630775451660156,41.911441802978516],[32.694705963134766,41.781593322753906],[32.1933708190918,41.586883544921875],[32.04172897338867,41.65177917480469],[32.02653121948242,41.521995544433594],[31.534175872802734,41.39224624633789],[31.1800537109375,41.06801223754883],[30.62422752380371,41.06801223754883],[30.47923469543457,41.19768524169922],[28.96312141418457,41.132843017578125],[28.975934982299805,41.26253128051758],[28.505287170410156,41.32738494873047],[28.27918243408203,41.45711898803711],[28.21833038330078,41.65177917480469],[27.979368209838867,41.65177917480469],[27.936981201171875,42.041324615478516],[27.494890213012695,42.43117141723633],[27.513538360595703,42.62621307373047],[27.84662628173828,42.75628662109375],[27.80489730834961,43.146724700927734],[27.89820098876953,43.276947021484375],[28.22636604309082,43.342071533203125],[28.159194946289062,43.472347259521484],[28.48109245300293,43.472347259521484],[28.616275787353516,43.99384307861328],[28.53555679321289,43.99384307861328],[28.576906204223633,44.38538360595703],[28.84072494506836,44.58129119873047],[28.802005767822266,44.973392486572266],[29.038406372070312,44.908016204833984],[29.031251907348633,44.842647552490234],[29.10519790649414,44.77729415893555],[29.525348663330078,44.908016204833984],[29.66587257385254,45.431331634521484],[29.58445930480957,45.431331634521484],[29.614274978637695,45.693260192871094],[29.85890007019043,45.693260192871094],[30.395021438598633,46.08650588989258],[30.40288543701172,46.1520881652832],[30.262836456298828,46.348915100097656],[29.943092346191406,46.414546966552734],[29.88438606262207,46.61152267456055],[29.489593505859375,46.74290466308594],[28.440406799316406,46.1520881652832],[28.50797462463379,46.02093505859375],[28.330547332763672,45.889827728271484],[28.309614181518555,45.693260192871094],[28.146530151367188,45.693260192871094],[28.11903953552246,45.431331634521484],[27.861310958862305,45.300437927246094],[27.847858428955078,45.169586181640625],[27.99687957763672,45.03877639770508],[27.969886779785156,44.77729415893555],[27.801036834716797,44.71194839477539],[27.787734985351562,44.58129119873047],[27.943035125732422,44.5159797668457],[27.828874588012695,44.18956756591797],[27.492671966552734,44.05907440185547],[26.281423568725586,44.05907440185547],[25.84855079650879,43.73301696777344],[25.434297561645508,43.6026611328125],[24.881397247314453,43.73301696777344],[24.15087890625,43.6678352355957],[23.601760864257812,43.86341094970703],[22.951791763305664,43.79821014404297],[22.894636154174805,44.12431716918945],[22.50443458557129,44.32010269165039],[22.518192291259766,44.5159797668457],[22.689453125,44.64661407470703],[22.531999588012695,44.71194839477539],[22.275287628173828,44.5159797668457],[21.951416015625,44.5159797668457],[21.879146575927734,44.64661407470703],[21.40547752380371,44.842647552490234],[20.748632431030273,44.71194839477539],[20.590364456176758,44.77729415893555],[20.52076530456543,44.973392486572266],[20.280941009521484,45.03877639770508],[20.114822387695312,44.973392486572266],[20.019073486328125,44.71194839477539],[19.856950759887695,44.71194839477539],[19.624204635620117,44.908016204833984],[19.22174644470215,44.973392486572266],[18.890594482421875,44.842647552490234],[18.57839012145996,45.10417556762695],[17.76310920715332,45.03877639770508],[17.120859146118164,45.23500442504883],[16.4703311920166,45.23500442504883],[16.219921112060547,45.03877639770508],[15.982434272766113,45.23500442504883],[15.819802284240723,45.23500442504883],[15.803844451904297,44.71194839477539],[16.19840431213379,44.38538360595703],[16.268434524536133,44.05907440185547],[16.429935455322266,44.05907440185547],[16.819412231445312,43.6678352355957],[16.98054313659668,43.6678352355957],[17.36538314819336,43.211830139160156],[17.362831115722656,43.146724700927734],[17.443153381347656,43.146724700927734],[17.440576553344727,43.08163070678711],[17.520870208740234,43.08163070678711],[17.518268585205078,43.016544342041016],[17.518270340175995,43.016544342041016],[18.080114364624023,43.016544342041016],[18.232065200805664,42.82133865356445],[18.229217529296875,42.75628662109375],[18.226377487182617,42.691246032714844],[18.266426361413345,42.691246032714844],[18.306493759155273,42.691246032714844],[18.71311378479004,42.82133865356445],[18.85202980041504,42.36617660522461],[18.8489990234375,42.30118942260742],[19.54244041442871,41.781593322753906],[19.450061798095703,41.521995544433594],[19.529659271240234,41.521995544433594],[19.443790435791016,41.39224624633789],[19.523332595825195,41.39224624633789],[19.437559127807617,41.26253128051758],[19.498455047607422,40.873565673828125],[19.254547119140625,40.74397277832031],[19.2486515045166,40.614410400390625],[19.48629379272461,40.614410400390625],[19.47136878967285,40.29063034057617],[19.62952995300293,40.29063034057617],[20.009418487548828,39.9670295715332],[19.918411254882812,39.70827102661133],[20.15495491027832,39.70827102661133],[20.29724884033203,39.38497543334961],[20.91095733642578,39.06184005737305],[20.74135398864746,38.80344009399414],[20.973709106445312,38.738853454589844],[21.19325065612793,38.416015625],[21.738431930541992,38.351463317871094],[21.728593826293945,38.157840728759766],[21.415550231933594,38.157840728759766],[21.243581771850586,37.835243225097656],[21.696598052978516,37.51277160644531],[21.60311508178711,37.1904182434082],[21.681032180786133,37.1904182434082],[21.743539810180664,36.8681755065918],[21.899152755737305,36.8681755065918],[21.90850067138672,37.06150817871094],[22.21999168395996,37.06150817871094],[22.35634422302246,36.67487716674805],[22.51182746887207,36.67487716674805],[22.59941291809082,36.8681755065918],[22.83283233642578,36.8681755065918],[23.056013107299805,36.67487716674805],[22.853219985961914,37.254878997802734],[22.700735092163086,37.3193473815918],[22.71442985534668,37.5772590637207],[23.101137161254883,37.51277160644531],[23.168506622314453,37.3193473815918],[23.402393341064453,37.3193473815918],[23.413257598876953,37.51277160644531],[23.342487335205078,37.641746520996094],[23.108261108398438,37.641746520996094],[23.044498443603516,37.89975357055664],[23.20083236694336,37.89975357055664],[23.208162307739258,38.028785705566406],[23.44280242919922,38.028785705566406],[23.9786319732666,37.835243225097656],[24.002099990844727,38.22237777709961],[24.158668518066406,38.22237777709961],[24.178871154785156,38.54513168334961],[24.030162811279297,38.67427444458008],[23.563383102416992,38.738853454589844]],[[35.59455490112305,33.84315490722656],[35.51771545410156,33.84315490722656],[35.52387237548828,33.90746307373047],[35.60073471069336,33.90746307373047],[35.59455490112305,33.84315490722656]],[[34.91707229614258,32.30024337768555],[34.84067153930664,32.30024337768555],[34.846256256103516,32.36451721191406],[34.922672271728516,32.36451721191406],[34.91707229614258,32.30024337768555]],[[23.059024810791016,38.157840728759766],[23.05537223815918,38.09331130981445],[22.977134704589844,38.09331130981445],[22.980764389038086,38.157840728759766],[23.059024810791016,38.157840728759766]],[[22.9061222076416,38.22237777709961],[22.909753799438477,38.28691864013672],[22.988061904907227,38.28691864013672],[22.984405517578125,38.22237777709961],[22.9061222076416,38.22237777709961],[22.969919204711914,37.96426773071289],[22.657155990600586,37.96426773071289],[22.589460372924805,38.157840728759766],[22.436416625976562,38.22237777709961],[22.439908981323242,38.28691864013672],[22.29022216796875,38.416015625],[22.603641510009766,38.416015625],[22.51470184326172,38.22237777709961],[22.83506965637207,38.351463317871094],[22.745981216430664,38.157840728759766],[22.9061222076416,38.22237777709961]],[[22.35123634338379,38.09331130981445],[22.354679107666016,38.157840728759766],[22.432939529418945,38.157840728759766],[22.429473876953125,38.09331130981445],[22.35123634338379,38.09331130981445]],[[22.279848098754883,38.22237777709961],[22.283292770385742,38.28691864013672],[22.361600875854492,38.28691864013672],[22.35813331604004,38.22237777709961],[22.279848098754883,38.22237777709961],[22.276418685913086,38.157840728759766],[22.198156356811523,38.157840728759766],[22.20156478881836,38.22237777709961],[22.279848098754883,38.22237777709961]],[[21.068151473999023,39.06184005737305],[21.14674949645996,39.06184005737305],[21.061725616455078,38.93262481689453],[20.98955535888672,39.06184005737305],[21.068151473999023,39.06184005737305]]],[[[28.370197566932703,30],[30.199471954118167,30],[30.036863327026367,30.115081787109375],[29.769052505493164,30.69350814819336],[29.481111526489258,30.950578689575195],[29.405071258544922,30.950578689575195],[29.3970890045166,30.822044372558594],[28.865032196044922,30.822044372558594],[28.496395111083984,31.014846801757812],[27.514896392822266,31.143381118774414],[27.148780822753906,31.40045166015625],[26.39411735534668,31.528987884521484],[25.32421112060547,31.464719772338867],[25.384357452392578,31.143381118774414],[26.12873077392578,30.822044372558594],[27.631086349487305,30.500701904296875],[28.364959716796875,30.050809860229492],[28.370197566932703,30]]],[[[33.95713424682617,35.258358001708984],[34.5294189453125,35.58015823364258],[34.542076110839844,35.708900451660156],[34.38723373413086,35.708900451660156],[34.309810638427734,35.708900451660156],[33.73737716674805,35.38706970214844],[32.886871337890625,35.38706970214844],[32.875247955322266,35.258358001708984],[32.55473709106445,35.12965774536133],[32.24578857421875,35.12965774536133],[32.229042053222656,34.93662643432617],[32.36665725708008,34.743614196777344],[33.04356002807617,34.55062484741211],[33.1320686340332,34.679283142089844],[33.523399353027344,34.743614196777344],[33.69539260864258,34.93662643432617],[34.08732223510742,35.00096893310547],[33.95713424682617,35.258358001708984]]],[[[27.692523956298828,36.28839111328125],[27.742563247680664,35.902034759521484],[28.139331817626953,36.03080368041992],[28.250165939331055,36.48161697387695],[28.09481430053711,36.48161697387695],[28.01713752746582,36.48161697387695],[27.692523956298828,36.28839111328125]]],[[[27.116777420043945,36.932613372802734],[27.038949966430664,36.932613372802734],[26.865324020385742,36.67487716674805],[27.18541717529297,36.80373764038086],[27.116777420043945,36.932613372802734]]],[[[25.988245010375977,37.51277160644531],[26.304851531982422,37.5772590637207],[26.313875198364258,37.706241607666016],[26.157678604125977,37.706241607666016],[26.079580307006836,37.706241607666016],[25.988245010375977,37.51277160644531]]],[[[26.09356689453125,38.997230529785156],[26.24588966369629,38.93262481689453],[26.643573760986328,38.997230529785156],[26.511207580566406,39.320335388183594],[26.122615814208984,39.38497543334961],[26.043895721435547,39.38497543334961],[25.793418884277344,39.19107437133789],[26.103172302246094,39.1264533996582],[26.09356689453125,38.997230529785156]]]]},"properties":{"Name":"Ottoman Empire","FromYear":1800,"ToYear":1802,"Area":2659990.673451406,"Type":"POLITY","Wikipedia":"Ottoman Empire","Wikidata":"Q12560","SeshatID":"tr_ottoman_emp_3","Components":"","MemberOf":""}}
]}