{"type":"FeatureCollection", "features": [
{"type":"Feature","geometry":{"type":"MultiPolygon","coordinates":[[[[18.303630828857422,42.62621307373047],[18.30077362060547,42.56119155883789],[18.380830764770508,42.56119155883789],[18.38179089142879,42.58282455142272],[18.383716583251953,42.62621307373047],[18.303630828857422,42.62621307373047]]],[[[17.745683670043945,42.691246032714844],[17.748348236083984,42.75628662109375],[17.668203353881836,42.75628662109375],[17.665569305419922,42.691246032714844],[17.745683670043945,42.691246032714844]]],[[[17.510494232177734,42.82133865356445],[17.83389663696289,42.88639831542969],[18.143457412719727,42.62621307373047],[18.303630828857422,42.62621307373047],[18.306493759155273,42.691246032714844],[18.080114364624023,43.016544342041016],[17.518270340175995,43.016544342041016],[17.518268585205078,43.016544342041016],[17.515670776367188,42.95146560668945],[17.510494232177734,42.82133865356445]]]]},"properties":{"Name":"Republic of Ragusa","FromYear":1429,"ToYear":1771,"Area":1539.520179708215,"Type":"POLITY","Wikipedia":"Republic of Ragusa","Wikidata":"Q208169","SeshatID":"","Components":"","MemberOf":""}},
{"type":"Feature","geometry":{"type":"Polygon","coordinates":[[[11.574831008911133,42.36617660522461],[11.736565589904785,42.62621307373047],[12.0580472946167,42.75628662109375],[12.059759140014648,42.95146560668945],[11.979524612426758,42.95146560668945],[11.981149673461914,43.146724700927734],[11.820984840393066,43.211830139160156],[11.82194709777832,43.342071533203125],[12.144204139709473,43.407203674316406],[12.226542472839355,43.6026611328125],[11.744671821594238,43.79821014404297],[11.666909217834473,44.25482940673828],[11.505900382995605,44.38538360595703],[10.858479499816895,44.25482940673828],[10.777300834655762,43.92862319946289],[10.696612358093262,43.92862319946289],[10.696569442749023,43.86341094970703],[10.615897178649902,43.79821014404297],[10.454547882080078,43.92862319946289],[10.212483406066895,43.92862319946289],[10.212624549865723,43.86341094970703],[10.374164581298828,43.6678352355957],[10.535322189331055,43.08163070678711],[10.615615844726562,43.08163070678711],[10.856496810913086,43.08163070678711],[10.936327934265137,42.88639831542969],[10.936172485351562,42.82133865356445],[11.01634693145752,42.82133865356445],[11.015789985656738,42.62621307373047],[11.336134910583496,42.62621307373047],[11.335225105285645,42.43117141723633],[11.494861602783203,42.36617660522461],[11.574831008911133,42.36617660522461]]]},"properties":{"Name":"Republic of Florence","FromYear":1600,"ToYear":1708,"Area":19731.414976493346,"Type":"POLITY","Wikipedia":"Republic of Florence","Wikidata":"Q148540","SeshatID":"it_tuscany_grand_duc","Components":"","MemberOf":""}},
{"type":"Feature","geometry":{"type":"Polygon","coordinates":[[[41.75791549682617,42.10627746582031],[41.74666976928711,42.041324615478516],[41.81525421142578,41.97637939453125],[41.7020149230957,41.781593322753906],[41.69093322753906,41.71668243408203],[41.67988204956055,41.65177917480469],[41.60022735595703,41.65177917480469],[41.589237213134766,41.586883544921875],[41.57828140258789,41.521995544433594],[42.442626953125,41.45711898803711],[42.62437438964844,41.586883544921875],[42.65854263305664,41.781593322753906],[42.38526916503906,42.041324615478516],[41.75791549682617,42.10627746582031]]]},"properties":{"Name":"Principality of Guria","FromYear":1612,"ToYear":1726,"Area":4659.139168317806,"Type":"POLITY","Wikipedia":"Principality of Guria","Wikidata":"Q2195101","SeshatID":"","Components":"","MemberOf":""}},
{"type":"Feature","geometry":{"type":"Polygon","coordinates":[[[43.57847213745117,41.132843017578125],[43.58993911743164,41.19768524169922],[43.601444244384766,41.26253128051758],[43.680931091308594,41.26253128051758],[43.69249725341797,41.32738494873047],[43.77201461791992,41.32738494873047],[44.12541580200195,41.521995544433594],[44.24076843261719,41.71668243408203],[44.49188995361328,41.781593322753906],[44.65729904174805,42.236209869384766],[44.58973693847656,42.30118942260742],[44.76205825805664,42.36617660522461],[44.82474899291992,42.691246032714844],[44.744632720947266,42.691246032714844],[44.689697265625,42.82133865356445],[43.86336135864258,42.691246032714844],[43.78324508666992,42.691246032714844],[43.67877960205078,42.56119155883789],[43.6983642578125,42.236209869384766],[43.47916793823242,41.911441802978516],[43.228172302246094,41.84651184082031],[43.20489501953125,41.71668243408203],[42.886165618896484,41.71668243408203],[42.86325454711914,41.586883544921875],[43.19264602661133,41.19768524169922],[43.57847213745117,41.132843017578125]]]},"properties":{"Name":"Kingdom of Kartli","FromYear":1612,"ToYear":1701,"Area":14859.593077457626,"Type":"POLITY","Wikipedia":"Kingdom of Kartli","Wikidata":"Q195972","SeshatID":"","Components":"","MemberOf":""}},
{"type":"Feature","geometry":{"type":"Polygon","coordinates":[[[41.910011291503906,45.169586181640625],[41.89778137207031,45.10417556762695],[42.29167175292969,45.03877639770508],[42.74142074584961,44.842647552490234],[42.79752731323242,44.71194839477539],[43.109169006347656,44.64661407470703],[43.31965255737305,44.05907440185547],[43.4004020690918,44.05907440185547],[43.28217697143555,43.86341094970703],[43.4434928894043,43.86341094970703],[43.41851043701172,43.73301696777344],[43.55469512939453,43.6026611328125],[43.74089431762695,43.73301696777344],[44.69510269165039,43.6678352355957],[44.72101593017578,43.79821014404297],[45,43.79821014404297],[45,47.8343219222266],[44.40626907348633,48.191749572753906],[43.772098541259766,48.323814392089844],[43.274688720703125,48.323814392089844],[42.48754119873047,48.1257438659668],[41.45944595336914,47.53233337402344],[41.28801345825195,47.07159423828125],[41.8126335144043,46.808616638183594],[41.894737243652344,46.808616638183594],[42.25389862060547,46.54585266113281],[42.2284049987793,46.414546966552734],[42.37943649291992,46.348915100097656],[42.34128952026367,46.1520881652832],[42.42306137084961,46.1520881652832],[42.215782165527344,45.496795654296875],[41.910011291503906,45.169586181640625]]]},"properties":{"Name":"Kalmyk Khanate","FromYear":1636,"ToYear":1737,"Area":163059.3089690467,"Type":"POLITY","Wikipedia":"Kalmyk Khanate","Wikidata":"Q4210248","SeshatID":"","Components":"","MemberOf":""}},
{"type":"Feature","geometry":{"type":"Polygon","coordinates":[[[10.61239242553711,47.598209381103516],[11.189559936523438,47.4006233215332],[11.602551460266113,47.598209381103516],[12.510897636413574,47.664100646972656],[13.004368782043457,47.53233337402344],[13.088733673095703,47.664100646972656],[12.924517631530762,47.730003356933594],[12.928975105285645,48.059749603271484],[13.177251815795898,48.059749603271484],[13.847192764282227,48.455936431884766],[13.76682186126709,48.5881233215332],[13.26854419708252,48.5881233215332],[13.189766883850098,48.852684020996094],[13.356151580810547,48.852684020996094],[13.358475685119629,48.98506164550781],[13.112967491149902,49.2500114440918],[12.532414436340332,49.51522445678711],[12.534139633178711,49.64793395996094],[12.36764907836914,49.71431350708008],[12.370920181274414,49.98000717163086],[12.12159538269043,50.17946243286133],[11.869729042053223,50.17946243286133],[11.699701309204102,49.91355895996094],[11.19636058807373,49.78071212768555],[11.278903007507324,49.51522445678711],[11.028035163879395,49.44889450073242],[11.027566909790039,49.2500114440918],[11.277814865112305,49.2500114440918],[11.277301788330078,49.11750411987305],[10.860533714294434,49.051273345947266],[11.027008056640625,48.98506164550781],[10.943561553955078,48.852684020996094],[10.61073112487793,48.91886520385742],[10.360239028930664,49.2500114440918],[10.027185440063477,49.11750411987305],[10.02780818939209,48.98506164550781],[10.278019905090332,48.852684020996094],[10.2784423828125,48.72037124633789],[10.444967269897461,48.5881233215332],[10.528592109680176,48.257774353027344],[10.52871322631836,48.191749572753906],[10.44686222076416,47.79592514038086],[10.694778442382812,47.730003356933594],[10.61239242553711,47.598209381103516]]]},"properties":{"Name":"Duchy of Bavaria","FromYear":1636,"ToYear":1701,"Area":46437.79858852627,"Type":"POLITY","Wikipedia":"Duchy of Bavaria","Wikidata":"Q47261","SeshatID":"de_bavaria_1","Components":"","MemberOf":""}},
{"type":"Feature","geometry":{"type":"Polygon","coordinates":[[[-8.928141593933105,41.911441802978516],[-8.921201705932617,41.84651184082031],[-8.72695255279541,40.74397277832031],[-8.872282981872559,40.614410400390625],[-8.846114158630371,40.355369567871094],[-8.925222396850586,40.355369567871094],[-9.025042533874512,39.77294921875],[-9.103915214538574,39.77294921875],[-9.157164573669434,39.51427459716797],[-9.387048721313477,39.449623107910156],[-9.42748737335205,39.06184005737305],[-9.571974754333496,38.93262481689453],[-9.553065299987793,38.738853454589844],[-9.38370418548584,38.60969924926758],[-9.23299789428711,38.67427444458008],[-9.20852279663086,38.416015625],[-8.822718620300293,38.48057174682617],[-8.818843841552734,37.5772590637207],[-8.896896362304688,37.5772590637207],[-9.00136661529541,36.9970588684082],[-8.70113754272461,37.12596130371094],[-8.311661720275879,37.12596130371094],[-8.067157745361328,36.9970588684082],[-7.677903652191162,36.9970588684082],[-7.454815864562988,37.12596130371094],[-7.465344429016113,37.254878997802734],[-7.387404441833496,37.254878997802734],[-7.502705097198486,37.706241607666016],[-7.27909517288208,37.835243225097656],[-7.14418888092041,38.09331130981445],[-6.987714290618896,38.09331130981445],[-6.998411178588867,38.22237777709961],[-7.244168281555176,38.351463317871094],[-7.271727085113525,38.67427444458008],[-7.120340347290039,38.738853454589844],[-6.985427379608154,38.997230529785156],[-7.255166053771973,39.38497543334961],[-7.418391227722168,39.449623107910156],[-7.435848712921143,39.64360046386719],[-6.895466804504395,39.77294921875],[-6.839452266693115,40.031734466552734],[-7.00321626663208,40.0964469909668],[-7.014894485473633,40.225894927978516],[-6.868430137634277,40.355369567871094],[-6.927728176116943,41.00318908691406],[-6.254164218902588,41.45711898803711],[-6.271912097930908,41.65177917480469],[-6.516909122467041,41.71668243408203],[-6.700808048248291,41.97637939453125],[-8.11717414855957,41.781593322753906],[-8.216935157775879,41.97637939453125],[-8.137139320373535,41.97637939453125],[-8.150541305541992,42.10627746582031],[-8.469955444335938,42.10627746582031],[-8.928141593933105,41.911441802978516]]]},"properties":{"Name":"Kingdom of Portugal","FromYear":1640,"ToYear":1705,"Area":101052.63025711525,"Type":"POLITY","Wikipedia":"Kingdom of Portugal","Wikidata":"Q45670","SeshatID":"pt_portuguese_emp_2","Components":"","MemberOf":"(Portuguese Empire)"}},
{"type":"Feature","geometry":{"type":"Polygon","coordinates":[[[1.80907130241394,42.56119155883789],[1.72901451587677,42.56119155883789],[1.725796341896057,42.62621307373047],[1.645710229873657,42.62621307373047],[1.565624117851257,42.62621307373047],[1.485537886619568,42.62621307373047],[1.575427651405334,42.43117141723633],[1.80907130241394,42.56119155883789]]]},"properties":{"Name":"County of Urgell","FromYear":1642,"ToYear":1701,"Area":308.80268121340407,"Type":"POLITY","Wikipedia":"County of Urgell","Wikidata":"Q1514510","SeshatID":"","Components":"","MemberOf":""}},
{"type":"Feature","geometry":{"type":"MultiPolygon","coordinates":[[[[7.310199737548828,43.79821014404297],[7.256593443100294,43.79821014404297],[7.229573249816895,43.79821014404297],[7.230083770747857,43.77197999684977],[7.230842113494873,43.73301696777344],[7.31143856048584,43.73301696777344],[7.310199737548828,43.79821014404297]]],[[[7.470271110534668,43.86341094970703],[7.4690842628479,43.92862319946289],[7.42934686151427,43.8960065811194],[7.310199737548828,43.79821014404297],[7.552080154418945,43.79821014404297],[7.470271110534668,43.86341094970703]]]]},"properties":{"Name":"Principality of Monaco","FromYear":1645,"ToYear":1793,"Area":164.4279314920697,"Type":"POLITY","Wikipedia":"Monaco","Wikidata":"Q235","SeshatID":"","Components":"","MemberOf":""}},
{"type":"Feature","geometry":{"type":"MultiPolygon","coordinates":[[[[9.491888999938965,43.016544342041016],[9.331360816955566,43.016544342041016],[9.251097679138184,43.016544342041016],[9.17282485961914,42.75628662109375],[8.772740364074707,42.691246032714844],[8.534564018249512,42.496177673339844],[8.538846015930176,42.10627746582031],[8.700496673583984,41.911441802978516],[8.622743606567383,41.71668243408203],[8.782108306884766,41.71668243408203],[8.783942222595215,41.521995544433594],[9.1038236618042,41.32738494873047],[9.262411117553711,41.39224624633789],[9.49889087677002,41.781593322753906],[9.497812271118164,41.97637939453125],[9.577608108520508,41.97637939453125],[9.5735502243042,42.75628662109375],[9.49340534210205,42.75628662109375],[9.491888999938965,43.016544342041016]]],[[[8.030961036682129,44.12431716918945],[7.707837581634521,44.12431716918945],[7.550928592681885,43.86341094970703],[7.552080154418945,43.79821014404297],[8.033902168273926,43.92862319946289],[8.03194522857666,44.05907440185547],[8.030961036682129,44.12431716918945]]],[[[9.969943046569824,44.05907440185547],[9.889193534851074,44.05907440185547],[9.889463424682617,43.99384307861328],[9.970182418823242,43.99384307861328],[9.969943046569824,44.05907440185547]]],[[[8.35147476196289,44.32010269165039],[8.43234920501709,44.32010269165039],[8.592522621154785,44.45067596435547],[9.159077644348145,44.45067596435547],[9.565396308898926,44.18956756591797],[9.888919830322266,44.12431716918945],[9.969700813293457,44.12431716918945],[9.888364791870117,44.25482940673828],[9.401886940002441,44.45067596435547],[8.832504272460938,44.71194839477539],[8.83321762084961,44.64661407470703],[8.75218677520752,44.64661407470703],[8.67115592956543,44.64661407470703],[8.590126037597656,44.64661407470703],[8.349712371826172,44.45067596435547],[8.35147476196289,44.32010269165039]]]]},"properties":{"Name":"Republic of Genoa","FromYear":1645,"ToYear":1708,"Area":14609.900954593255,"Type":"POLITY","Wikipedia":"Republic of Genoa","Wikidata":"Q174306","SeshatID":"it_genoa_rep_3","Components":"","MemberOf":""}},
{"type":"Feature","geometry":{"type":"Polygon","coordinates":[[[45,36.72846503940319],[45,42.71569360059303],[44.90486526489258,42.691246032714844],[44.82474899291992,42.691246032714844],[44.76205825805664,42.36617660522461],[44.58973693847656,42.30118942260742],[44.65729904174805,42.236209869384766],[44.49188995361328,41.781593322753906],[44.24076843261719,41.71668243408203],[44.12541580200195,41.521995544433594],[43.77201461791992,41.32738494873047],[43.69249725341797,41.32738494873047],[43.680931091308594,41.26253128051758],[43.601444244384766,41.26253128051758],[43.58993911743164,41.19768524169922],[43.57847213745117,41.132843017578125],[43.55564880371094,41.00318908691406],[43.77094650268555,40.873565673828125],[43.63535690307617,40.54964065551758],[43.648197174072266,40.16116714477539],[43.86334228515625,40.031734466552734],[44.416175842285156,40.031734466552734],[44.766448974609375,39.77294921875],[44.51885986328125,39.70827102661133],[44.396663665771484,39.449623107910156],[44.071044921875,39.38497543334961],[44.165225982666016,38.997230529785156],[44.31191635131836,38.93262481689453],[44.30800247192383,38.416015625],[44.45452117919922,38.351463317871094],[44.30603790283203,37.89975357055664],[44.58888626098633,37.706241607666016],[44.627601623535156,37.44829177856445],[44.773807525634766,37.38381576538086],[44.85211181640625,36.8681755065918],[45,36.72846503940319]]]},"properties":{"Name":"Safavid Dynasty","FromYear":1648,"ToYear":1705,"Area":2617498.6300843367,"Type":"POLITY","Wikipedia":"Safavid dynasty","Wikidata":"Q161205","SeshatID":"ir_safavid_emp","Components":"","MemberOf":""}},
{"type":"Feature","geometry":{"type":"MultiPolygon","coordinates":[[[[11.574831008911133,42.36617660522461],[11.494861602783203,42.36617660522461],[11.494501113891602,42.30118942260742],[11.574441909790039,42.30118942260742],[11.574831008911133,42.36617660522461]]],[[[13.90514087677002,42.95146560668945],[13.906397819519043,43.016544342041016],[13.826133728027344,43.016544342041016],[13.827362060546875,43.08163070678711],[13.747068405151367,43.08163070678711],[13.748269081115723,43.146724700927734],[13.749470710754395,43.211830139160156],[13.7506742477417,43.276947021484375],[13.355091094970703,43.6678352355957],[13.033763885498047,43.73301696777344],[13.035634994506836,43.86341094970703],[12.873446464538574,43.79821014404297],[12.312999725341797,44.18956756591797],[12.153728485107422,44.45067596435547],[12.157197952270508,44.842647552490234],[12.238323211669922,44.842647552490234],[12.239523887634277,44.973392486572266],[11.34644889831543,44.973392486572266],[11.345945358276367,44.842647552490234],[11.102242469787598,44.71194839477539],[11.020617485046387,44.45067596435547],[10.858658790588379,44.38538360595703],[10.858479499816895,44.25482940673828],[11.505900382995605,44.38538360595703],[11.666909217834473,44.25482940673828],[11.744671821594238,43.79821014404297],[12.226542472839355,43.6026611328125],[12.144204139709473,43.407203674316406],[11.82194709777832,43.342071533203125],[11.820984840393066,43.211830139160156],[11.981149673461914,43.146724700927734],[11.979524612426758,42.95146560668945],[12.059759140014648,42.95146560668945],[12.0580472946167,42.75628662109375],[11.736565589904785,42.62621307373047],[11.574831008911133,42.36617660522461],[11.654799461364746,42.36617660522461],[11.733430862426758,42.17123794555664],[12.131669044494629,42.041324615478516],[12.130502700805664,41.911441802978516],[12.604641914367676,41.521995544433594],[12.922186851501465,41.45711898803711],[13.000019073486328,41.32738494873047],[13.397590637207031,41.32738494873047],[13.71342658996582,41.19768524169922],[13.792884826660156,41.19768524169922],[14.03740406036377,41.521995544433594],[13.96146297454834,41.71668243408203],[13.804443359375,41.84651184082031],[13.40574836730957,41.84651184082031],[13.328027725219727,41.97637939453125],[13.00974178314209,42.041324615478516],[12.856051445007324,42.496177673339844],[13.098980903625488,42.691246032714844],[13.339327812194824,42.691246032714844],[13.583069801330566,42.88639831542969],[13.90514087677002,42.95146560668945]]]]},"properties":{"Name":"Papal States","FromYear":1653,"ToYear":1708,"Area":41740.74712057216,"Type":"POLITY","Wikipedia":"Papal States","Wikidata":"Q170174","SeshatID":"it_papal_state_4","Components":"","MemberOf":""}},
{"type":"Feature","geometry":{"type":"Polygon","coordinates":[[[41.37163162231445,50.71213912963867],[40.97005844116211,51.17921447753906],[40.50736999511719,51.37968063354492],[39.66046905517578,51.37968063354492],[38.68682098388672,51.17921447753906],[37.03524398803711,50.51224899291992],[36.433773040771484,50.445655822753906],[35.425968170166016,51.37968063354492],[34.86982345581055,51.580322265625],[34.530555725097656,51.580322265625],[34.252193450927734,51.44654083251953],[34.02824401855469,50.64549255371094],[34.29703903198242,50.2459831237793],[34.85072326660156,50.04647445678711],[34.98438262939453,49.84712600708008],[35.190391540527344,49.58156967163086],[35.81346130371094,49.316287994384766],[36.063819885253906,49.316287994384766],[36.20772933959961,49.18375015258789],[36.54124069213867,49.18375015258789],[36.601417541503906,49.051273345947266],[37.04151153564453,49.18375015258789],[37.35115432739258,49.051273345947266],[39.254417419433594,48.98506164550781],[39.85026931762695,49.051273345947266],[40.04314041137695,49.18375015258789],[40.12311935424805,49.58156967163086],[41.00102233886719,49.78071212768555],[41.33810043334961,50.17946243286133],[41.37163162231445,50.71213912963867]]]},"properties":{"Name":"Sloboda Ukraine","FromYear":1670,"ToYear":1751,"Area":98599.11357449867,"Type":"POLITY","Wikipedia":"Sloboda Ukraine","Wikidata":"Q598570","SeshatID":"","Components":"","MemberOf":""}},
{"type":"Feature","geometry":{"type":"MultiPolygon","coordinates":[[[[8.37701416015625,53.664710998535156],[8.290811538696289,53.664710998535156],[8.120620727539062,53.52959060668945],[7.862291812896729,53.52959060668945],[7.776182174682617,53.52959060668945],[7.780054569244385,53.32708740234375],[7.609494209289551,53.25962829589844],[7.612249374389648,53.124786376953125],[7.870984554290771,53.057395935058594],[8.132742881774902,52.78806686401367],[8.47332763671875,52.92268753051758],[8.470573425292969,53.124786376953125],[8.380881309509277,53.39456558227539],[8.466897964477539,53.39456558227539],[8.46413803100586,53.597137451171875],[8.37701416015625,53.664710998535156]]],[[[9.9271879196167,54.545284271240234],[9.927083015441895,54.613189697265625],[10.013643264770508,55.021148681640625],[9.926376342773438,55.089229583740234],[10.013594627380371,55.089229583740234],[10.100812911987305,55.089229583740234],[10.536654472351074,55.021148681640625],[10.535674095153809,54.74907684326172],[10.709615707397461,54.74907684326172],[10.884882926940918,54.95309066772461],[10.800582885742188,55.430015563964844],[10.625955581665039,55.498252868652344],[10.626581192016602,55.63479995727539],[9.838135719299316,55.56651306152344],[9.750565528869629,55.56651306152344],[9.312715530395508,55.56651306152344],[9.054789543151855,55.021148681640625],[8.70611572265625,55.021148681640625],[8.533562660217285,54.88506317138672],[8.534452438354492,54.817054748535156],[8.621472358703613,54.817054748535156],[8.62231159210205,54.74907684326172],[8.623149871826172,54.681121826171875],[8.710071563720703,54.681121826171875],[9.231603622436523,54.681121826171875],[9.404654502868652,54.817054748535156],[9.492021560668945,54.74907684326172],[9.405844688415527,54.613189697265625],[9.579891204833984,54.545284271240234],[9.40783405303955,54.27390670776367],[9.061311721801758,54.27390670776367],[8.80289077758789,54.138362884521484],[8.803625106811523,54.07062530517578],[8.804359436035156,54.00291442871094],[8.805093765258789,53.93522644042969],[8.891486167907715,53.93522644042969],[8.892172813415527,53.86756134033203],[9.237549781799316,53.86756134033203],[9.49801254272461,53.597137451171875],[9.756482124328613,53.597137451171875],[9.841959953308105,53.86756134033203],[10.446371078491211,53.86756134033203],[10.793188095092773,54.138362884521484],[10.793925285339355,54.27390670776367],[10.966720581054688,54.20612335205078],[11.053302764892578,54.20612335205078],[11.054854393005371,54.4095458984375],[10.274396896362305,54.47740173339844],[10.187621116638184,54.47740173339844],[10.1008939743042,54.20612335205078],[9.754772186279297,54.138362884521484],[9.927509307861328,54.341712951660156],[9.9271879196167,54.545284271240234]]],[[[10.62817668914795,55.97663879394531],[10.452422142028809,55.97663879394531],[10.364044189453125,55.77145767211914],[10.539490699768066,55.77145767211914],[10.627213478088379,55.77145767211914],[10.62817668914795,55.97663879394531]]],[[[9.750177383422852,55.70311737060547],[9.837848663330078,55.70311737060547],[10.013073921203613,55.90821838378906],[10.276667594909668,55.97663879394531],[10.277146339416504,56.25059127807617],[10.36523151397705,56.25059127807617],[10.364885330200195,56.11355972290039],[10.540846824645996,56.11355972290039],[10.541122436523438,56.182064056396484],[10.805220603942871,56.182064056396484],[10.895707130432129,56.524986267089844],[10.277772903442383,56.59365463256836],[10.278702735900879,57.07511901855469],[10.545770645141602,57.28189468383789],[10.458671569824219,57.7653923034668],[9.923136711120605,57.696231842041016],[9.834181785583496,57.55800247192383],[9.655976295471191,57.55800247192383],[9.656455039978027,57.41988754272461],[9.39068603515625,57.21294021606445],[8.502391815185547,57.21294021606445],[8.152853965759277,56.86860656738281],[8.243602752685547,56.731075286865234],[7.979492664337158,56.662349700927734],[7.989406585693359,56.11355972290039],[8.077386856079102,56.11355972290039],[7.997951984405518,55.63479995727539],[8.439874649047852,55.36180877685547],[8.52729320526123,55.36180877685547],[8.701329231262207,55.430015563964844],[8.785029411315918,55.77145767211914],[9.486467361450195,55.83982467651367],[9.574832916259766,55.70311737060547],[9.750177383422852,55.70311737060547]]],[[[14.64396858215332,55.29362487792969],[14.636160850524902,55.089229583740234],[15.069417953491211,55.021148681640625],[15.077948570251465,55.225467681884766],[14.990630149841309,55.225467681884766],[14.64396858215332,55.29362487792969]]],[[[11.66806411743164,54.88506317138672],[10.97249698638916,55.021148681640625],[10.88355827331543,54.74907684326172],[11.578496932983398,54.681121826171875],[11.665419578552246,54.681121826171875],[12.101152420043945,54.74907684326172],[12.107980728149414,55.15733337402344],[12.371088027954102,55.225467681884766],[12.375022888183594,55.430015563964844],[12.202529907226562,55.56651306152344],[12.555678367614746,55.70311737060547],[12.562944803070371,56.04497662851888],[12.56440258026123,56.11355972290039],[12.477844907599899,56.18206050779588],[12.477840423583984,56.182064056396484],[11.860556602478027,56.11355972290039],[11.768598556518555,55.83982467651367],[11.595718383789062,56.04508590698242],[11.331932067871094,56.04508590698242],[11.241952896118164,55.83982467651367],[10.890382766723633,55.77145767211914],[10.889443397521973,55.63479995727539],[11.064117431640625,55.56651306152344],[10.974503517150879,55.29362487792969],[11.497906684875488,55.225467681884766],[11.670741081237793,55.089229583740234],[11.66806411743164,54.88506317138672]]],[[[12.212227176507152,60],[5.192194471418304,60],[5.18274974822998,59.99503707885742],[5.192312240600586,59.78459548950195],[5.283252716064453,59.78459548950195],[5.214344501495361,59.294734954833984],[5.848016262054443,59.294734954833984],[5.842586994171143,59.434532165527344],[6.026472091674805,59.36461639404297],[5.949085235595703,59.015533447265625],[5.497633457183838,59.015533447265625],[5.514988899230957,58.59769821166992],[5.974997520446777,58.31977081298828],[6.515511512756348,58.2503662109375],[6.611622333526611,58.042335510253906],[7.597545146942139,57.97305679321289],[8.66648006439209,58.31977081298828],[8.932857513427734,58.59769821166992],[9.112746238708496,58.59769821166992],[9.111583709716797,58.73685073852539],[9.381759643554688,58.73685073852539],[9.380940437316895,58.876129150390625],[9.561288833618164,58.876129150390625],[9.65099048614502,59.015533447265625],[10.012155532836914,58.94581604003906],[10.192960739135742,59.15507125854492],[10.373775482177734,59.15507125854492],[10.466255187988281,59.64447021484375],[10.557076454162598,59.64447021484375],[10.555644989013672,59.36461639404297],[10.825811386108398,59.15507125854492],[11.09703254699707,59.15507125854492],[11.096333503723145,59.08528518676758],[11.636336326599121,58.94581604003906],[11.732110023498535,59.294734954833984],[11.82263469696045,59.294734954833984],[11.733230590820312,59.36461639404297],[11.738885879516602,59.714515686035156],[11.829766273498535,59.714515686035156],[11.832175254821777,59.85470962524414],[12.212227176507152,60]]]]},"properties":{"Name":"Denmark-Norway","FromYear":1670,"ToYear":1708,"Area":521233.64606792945,"Type":"POLITY","Wikipedia":"Denmark-Norway","Wikidata":"Q62651","SeshatID":"dk_denmark_norway","Components":"","MemberOf":""}},
{"type":"Feature","geometry":{"type":"Polygon","coordinates":[[[43.772098541259766,48.323814392089844],[44.04530715942383,49.18375015258789],[44.37160110473633,49.51522445678711],[44.4492301940918,49.84712600708008],[44.76419448852539,50.11296081542969],[44.995506286621094,50.71213912963867],[45,50.715103227006495],[45,51.55015320554802],[44.47127151489258,51.64724349975586],[43.52115249633789,51.580322265625],[42.72999954223633,51.112430572509766],[42.3073844909668,51.112430572509766],[42.12277603149414,51.04566955566406],[42.091827392578125,50.912200927734375],[41.37163162231445,50.71213912963867],[41.33810043334961,50.17946243286133],[41.00102233886719,49.78071212768555],[40.12311935424805,49.58156967163086],[40.04314041137695,49.18375015258789],[39.85026931762695,49.051273345947266],[39.254417419433594,48.98506164550781],[38.50151824951172,48.059749603271484],[38.454345703125,47.79592514038086],[38.37173080444336,47.79592514038086],[38.419342041015625,47.598209381103516],[39.220611572265625,47.46647262573242],[39.30305862426758,47.46647262573242],[39.385501861572266,47.46647262573242],[40.597259521484375,47.33478927612305],[40.73711013793945,47.20316696166992],[41.28801345825195,47.07159423828125],[41.45944595336914,47.53233337402344],[42.48754119873047,48.1257438659668],[43.274688720703125,48.323814392089844],[43.772098541259766,48.323814392089844]]]},"properties":{"Name":"Astrakhan Khanate","FromYear":1670,"ToYear":1762,"Area":124767.18317294956,"Type":"POLITY","Wikipedia":"Astrakhan Khanate","Wikidata":"Q210163","SeshatID":"","Components":"","MemberOf":""}},
{"type":"Feature","geometry":{"type":"Polygon","coordinates":[[[4.799726963043213,44.12431716918945],[4.730143547058105,43.79821014404297],[4.97415018081665,43.73301696777344],[5.048438549041748,43.92862319946289],[5.288479328155518,43.99384307861328],[5.110112190246582,44.5159797668457],[4.95257568359375,44.38538360595703],[4.707570552825928,44.45067596435547],[4.631268501281738,44.32010269165039],[4.712142467498779,44.32010269165039],[4.716685771942139,44.18956756591797],[4.8542766863815885,44.21753186502837],[4.973548851088087,44.241773018617515],[5.037789344787598,44.25482940673828],[5.012281908400454,44.21131287729043],[4.99188536214119,44.17651569530577],[4.961288928985596,44.12431716918945],[4.799726963043213,44.12431716918945]]]},"properties":{"Name":"Comtat Venaissin","FromYear":1677,"ToYear":1701,"Area":2319.0044556150337,"Type":"POLITY","Wikipedia":"Comtat Venaissin","Wikidata":"Q1122980","SeshatID":"","Components":"","MemberOf":""}},
{"type":"Feature","geometry":{"type":"MultiPolygon","coordinates":[[[[8.470573425292969,53.124786376953125],[8.556406021118164,53.124786376953125],[8.64223861694336,53.124786376953125],[8.643065452575684,53.057395935058594],[8.728852272033691,53.057395935058594],[8.817584991455078,52.78806686401367],[9.329821586608887,52.99003219604492],[9.50056266784668,53.124786376953125],[9.32797908782959,53.25962829589844],[9.327064514160156,53.39456558227539],[9.49801254272461,53.597137451171875],[9.237549781799316,53.86756134033203],[8.892172813415527,53.86756134033203],[8.805828094482422,53.86756134033203],[8.721826553344727,53.664710998535156],[8.376045227050781,53.732303619384766],[8.37701416015625,53.664710998535156],[8.46413803100586,53.597137451171875],[8.466897964477539,53.39456558227539],[8.380881309509277,53.39456558227539],[8.470573425292969,53.124786376953125]]],[[[11.311097145080566,54.00291442871094],[11.222881317138672,53.799922943115234],[11.395475387573242,53.799922943115234],[11.481772422790527,53.799922943115234],[11.483237266540527,53.93522644042969],[11.444970238105016,53.95027359010248],[11.311097145080566,54.00291442871094]]],[[[14.327296257019043,53.732303619384766],[14.241045951843262,53.732303619384766],[14.154796600341797,53.732303619384766],[14.156982421875,53.799922943115234],[13.986488342285156,53.86756134033203],[14.159177780151367,53.86756134033203],[14.165812492370605,54.07062530517578],[13.304450988769531,54.20612335205078],[13.739368438720703,54.27390670776367],[13.577702522277832,54.681121826171875],[13.231775283813477,54.74907684326172],[13.05451488494873,54.613189697265625],[13.05121898651123,54.47740173339844],[12.4437894821167,54.47740173339844],[12.442490577697754,54.4095458984375],[13.118182182312012,53.664710998535156],[13.29058837890625,53.664710998535156],[13.380309104919434,53.799922943115234],[13.552903175354004,53.799922943115234],[13.635400772094727,53.664710998535156],[13.89604663848877,53.732303619384766],[14.232200622558594,53.462066650390625],[14.327296257019043,53.732303619384766]]],[[[19.04520034790039,57.97305679321289],[18.598026275634766,57.97305679321289],[18.230064392089844,57.8345832824707],[18.031593322753906,57.55800247192383],[18.02667236328125,57.488929748535156],[18.076435089111328,56.937416076660156],[18.342275619506836,56.937416076660156],[18.45128059387207,57.21294021606445],[18.911693572998047,57.41988754272461],[18.844388961791992,57.696231842041016],[19.03397560119629,57.8345832824707],[19.04520034790039,57.97305679321289]]],[[[22.146902084350586,58.528167724609375],[21.877241134643555,58.528167724609375],[21.847291946411133,58.2503662109375],[21.929460525512695,58.180992126464844],[22.01906394958496,58.180992126464844],[21.899707794189453,57.903804779052734],[22.078466415405273,57.903804779052734],[22.287872314453125,58.180992126464844],[23.119043350219727,58.38920593261719],[23.23394203186035,58.59769821166992],[22.252349853515625,58.66725540161133],[22.146902084350586,58.528167724609375]]],[[[22.36603355407715,58.876129150390625],[22.350223541259766,58.73685073852539],[22.620399475097656,58.73685073852539],[22.710458755493164,58.73685073852539],[22.898815155029297,58.80647277832031],[22.841659545898438,59.08528518676758],[22.488330841064453,59.15507125854492],[22.201353073120117,59.015533447265625],[22.185684204101562,58.876129150390625],[22.36603355407715,58.876129150390625]]],[[[30.655654907226562,59.78459548950195],[30.564714431762695,59.78459548950195],[30.38283348083496,59.78459548950195],[30.42433805242225,60],[30.15093149984802,60],[30.136613845825195,59.92485809326172],[29.94129180908203,59.85470962524414],[29.14763641357422,59.99503707885742],[29.148536054256184,60],[29.06395512927285,60],[28.849285125732422,59.85470962524414],[28.406457901000977,59.92485809326172],[28.291200637817383,59.78459548950195],[27.927438735961914,59.78459548950195],[27.88040542602539,59.504478454589844],[26.79198455810547,59.504478454589844],[26.45072364807129,59.64447021484375],[25.370975494384766,59.714515686035156],[25.350799560546875,59.574459075927734],[24.161630630493164,59.504478454589844],[23.961997985839844,59.36461639404297],[23.409774780273438,59.294734954833984],[23.405317306518555,58.528167724609375],[23.666316986083984,58.45867156982422],[23.819801330566406,58.2503662109375],[24.268098831176758,58.2503662109375],[24.23385238647461,57.28189468383789],[23.667341232299805,57.00625228881836],[23.57867431640625,57.00625228881836],[23.490005493164062,57.00625228881836],[23.465667724609375,56.799827575683594],[23.73118782043457,56.799827575683594],[23.891557693481445,56.662349700927734],[24.616254806518555,56.799827575683594],[24.85509490966797,56.59365463256836],[25.287723541259766,56.524986267089844],[25.445964813232422,56.387733459472656],[26.091957092285156,56.59365463256836],[26.533695220947266,56.59365463256836],[26.730379104614258,56.731075286865234],[26.780851364135742,57.07511901855469],[26.989246368408203,57.28189468383789],[26.999622344970703,57.35087585449219],[27.088560104370117,57.35087585449219],[27.09902000427246,57.41988754272461],[27.109508514404297,57.488929748535156],[27.198556900024414,57.488929748535156],[27.209131240844727,57.55800247192383],[27.298233032226562,57.55800247192383],[27.698341369628906,57.8345832824707],[27.72037696838379,57.97305679321289],[27.731441497802734,58.042335510253906],[27.641950607299805,58.042335510253906],[27.65298843383789,58.11164855957031],[27.664058685302734,58.180992126464844],[27.484853744506836,58.180992126464844],[27.54010581970215,58.528167724609375],[27.450220108032227,58.528167724609375],[27.370315551757812,59.15507125854492],[27.641536712646484,59.15507125854492],[27.731943130493164,59.15507125854492],[27.93600082397461,59.294734954833984],[28.172231674194336,59.08528518676758],[28.726423263549805,59.15507125854492],[28.750720977783203,59.294734954833984],[29.293869018554688,59.294734954833984],[29.54008674621582,59.15507125854492],[30.082529067993164,59.15507125854492],[30.276472091674805,59.22488784790039],[30.302839279174805,59.36461639404297],[30.859933853149414,59.434532165527344],[30.79647445678711,59.574459075927734],[30.614952087402344,59.574459075927734],[30.655654907226562,59.78459548950195]]],[[[29.981555945974556,60],[29.968666885400424,60],[29.967727661132812,59.99503707885742],[29.981555945974556,60]]],[[[24.504359779505023,60],[24.468909901535334,60],[24.50045394897461,59.99503707885742],[24.504359779505023,60]]],[[[23.918549414649917,60],[23.04314430911812,60],[23.02524757385254,59.85470962524414],[23.76235580444336,59.92485809326172],[23.918549414649917,60]]],[[[22.365682168666495,60],[22.314125236378132,60],[22.31354331970215,59.99503707885742],[22.365682168666495,60]]],[[[19.027153356136658,60],[12.212227176507152,60],[11.832175254821777,59.85470962524414],[11.829766273498535,59.714515686035156],[11.738885879516602,59.714515686035156],[11.733230590820312,59.36461639404297],[11.82263469696045,59.294734954833984],[11.732110023498535,59.294734954833984],[11.636336326599121,58.94581604003906],[11.096333503723145,59.08528518676758],[11.095636367797852,59.015533447265625],[11.179258346557617,58.38920593261719],[11.44767951965332,58.31977081298828],[11.44500732421875,58.11164855957031],[11.713647842407227,58.11164855957031],[11.792279243469238,57.41988754272461],[12.058022499084473,57.35087585449219],[12.14184856414795,57.07511901855469],[12.405158996582031,56.937416076660156],[12.402325630187988,56.799827575683594],[12.75311279296875,56.662349700927734],[12.749893188476562,56.524986267089844],[12.573304176330566,56.524986267089844],[12.656968116760254,56.319149017333984],[12.480693817138672,56.319149017333984],[12.477844907599899,56.18206050779588],[12.476421356201172,56.11355972290039],[12.562944803070371,56.04497662851888],[12.908012390136719,55.77145767211914],[12.903090476989746,55.56651306152344],[12.726422309875488,55.498252868652344],[12.810799598693848,55.36180877685547],[14.296913146972656,55.36180877685547],[14.228706359863281,55.90821838378906],[14.758404731750488,55.97663879394531],[14.76668930053711,56.182064056396484],[15.819687843322754,56.11355972290039],[16.090740203857422,56.25059127807617],[16.193382263183594,56.524986267089844],[16.28167724609375,56.524986267089844],[16.266908645629883,56.25059127807617],[16.443078994750977,56.25059127807617],[16.7231502532959,56.524986267089844],[16.739154815673828,56.799827575683594],[17.12316131591797,57.28189468383789],[17.131839752197266,57.41988754272461],[16.953855514526367,57.41988754272461],[16.755352020263672,57.07511901855469],[16.477506637573242,56.86860656738281],[16.500974655151367,57.28189468383789],[16.68687629699707,57.41988754272461],[16.614076614379883,57.696231842041016],[16.703289031982422,57.696231842041016],[16.71156883239746,57.8345832824707],[16.626346588134766,57.903804779052734],[16.813568115234375,58.042335510253906],[16.830646514892578,58.31977081298828],[16.65959930419922,58.45867156982422],[16.83926010131836,58.45867156982422],[16.847923278808594,58.59769821166992],[17.02781105041504,58.59769821166992],[17.126813888549805,58.73685073852539],[17.487049102783203,58.73685073852539],[17.496623992919922,58.876129150390625],[17.947494506835938,58.876129150390625],[18.143529891967773,59.08528518676758],[18.414575576782227,59.08528518676758],[18.351261138916016,59.434532165527344],[18.628820419311523,59.504478454589844],[18.827571868896484,59.714515686035156],[19.00933265686035,59.714515686035156],[19.033178329467773,59.99503707885742],[19.027153356136658,60]]]]},"properties":{"Name":"Swedish Empire","FromYear":1683,"ToYear":1701,"Area":919088.5111294691,"Type":"POLITY","Wikipedia":"Swedish Empire","Wikidata":"Q215443","SeshatID":"sv_swedish_emp","Components":"","MemberOf":""}},
{"type":"Feature","geometry":{"type":"Polygon","coordinates":[[[39.254417419433594,48.98506164550781],[37.35115432739258,49.051273345947266],[37.04151153564453,49.18375015258789],[36.601417541503906,49.051273345947266],[36.54124069213867,49.18375015258789],[36.20772933959961,49.18375015258789],[36.063819885253906,49.316287994384766],[35.81346130371094,49.316287994384766],[35.190391540527344,49.58156967163086],[34.98438262939453,49.84712600708008],[34.44884490966797,49.64793395996094],[33.17356872558594,49.51522445678711],[32.81914520263672,49.38258361816406],[32.70582962036133,49.18375015258789],[31.686492919921875,49.051273345947266],[31.575368881225586,48.852684020996094],[31.399850845336914,48.786521911621094],[30.725797653198242,48.72037124633789],[30.573623657226562,48.191749572753906],[30.539783477783203,47.92780685424805],[30.622472763061523,47.92780685424805],[30.597265243530273,47.730003356933594],[30.745615005493164,47.598209381103516],[31.80066680908203,47.46647262573242],[31.88311004638672,47.46647262573242],[33.0095329284668,47.26897048950195],[33.18352127075195,47.33478927612305],[33.72210693359375,47.07159423828125],[33.80434799194336,47.07159423828125],[34.079959869384766,47.26897048950195],[34.109092712402344,47.46647262573242],[34.37619400024414,47.598209381103516],[35.026123046875,47.53233337402344],[35.0465087890625,47.664100646972656],[35.54179382324219,47.664100646972656],[35.943946838378906,47.598209381103516],[35.99477005004883,47.4006233215332],[36.72563934326172,47.33478927612305],[36.951019287109375,47.20316696166992],[37.4559211730957,47.26897048950195],[37.57173538208008,47.46647262573242],[37.84175109863281,47.598209381103516],[38.419342041015625,47.598209381103516],[38.37173080444336,47.79592514038086],[38.454345703125,47.79592514038086],[38.50151824951172,48.059749603271484],[39.254417419433594,48.98506164550781]]]},"properties":{"Name":"Zaporozhian Cossacks","FromYear":1683,"ToYear":1751,"Area":120041.6803618162,"Type":"POLITY","Wikipedia":"Zaporozhian Cossacks","Wikidata":"Q1076173","SeshatID":"","Components":"","MemberOf":""}},
{"type":"Feature","geometry":{"type":"Polygon","coordinates":[[[-2.8270103931427,35.258358001708984],[-3.364191055297852,35.194007873535156],[-3.441448211669922,35.194007873535156],[-4.754821300506592,35.194007873535156],[-5.239750862121582,35.51579284667969],[-5.330159187316895,35.708900451660156],[-5.451572655644581,35.723202586161776],[-5.498279298868719,35.728704485602684],[-5.876633644104004,35.77327346801758],[-5.999861240386963,35.32271194458008],[-6.14545202255249,35.194007873535156],[-6.132044315338135,35.00096893310547],[-6.290933609008789,35.065311431884766],[-6.200328826904297,34.87228775024414],[-6.277484893798828,34.87228775024414],[-6.332395076751709,34.55062484741211],[-6.482059955596924,34.48630142211914],[-6.473203659057617,34.3576545715332],[-6.699729919433594,34.2933349609375],[-6.613898754119873,34.164703369140625],[-6.90380334854126,33.90746307373047],[-7.062007427215576,33.971771240234375],[-7.129902839660645,33.84315490722656],[-8.551655769348145,33.32876968383789],[-8.614194869995117,33.13589859008789],[-8.447019577026367,32.94303894042969],[-8.442415237426758,32.878753662109375],[-8.730104446411133,32.62162780761719],[-9.050174713134766,32.81447219848633],[-9.126718521118164,32.81447219848633],[-9.332544326782227,32.493072509765625],[-9.376213073730469,32.043148040771484],[-9.801460266113281,31.593257904052734],[-9.881543159484863,30.564971923828125],[-9.649378776550293,30.500701904296875],[-9.627961158752441,30.179353713989258],[-9.721957173519684,30],[-5.365338324789795,30],[-4.865938663482666,30.500701904296875],[-4.565487384796143,30.564971923828125],[-4.648018360137939,30.69350814819336],[-4.208353042602539,31.014846801757812],[-4.214911460876465,31.143381118774414],[-3.923539161682129,31.40045166015625],[-3.767992734909058,31.336183547973633],[-3.780986070632935,31.593257904052734],[-3.555586099624634,31.65752601623535],[-3.638331174850464,31.78606605529785],[-3.416012048721313,31.91460609436035],[-3.349440097808838,32.107421875],[-3.19352912902832,32.043148040771484],[-3.203212976455688,32.23596954345703],[-2.834011793136597,32.493072509765625],[-2.840430974960327,32.62162780761719],[-2.540791511535645,32.75019073486328],[-1.879519820213318,33.32876968383789],[-1.575780987739563,33.393062591552734],[-1.578816890716553,33.45735549926758],[-1.715473294258118,34.679283142089844],[-2.114432096481323,34.93662643432617],[-2.121232748031616,35.065311431884766],[-2.198449373245239,35.065311431884766],[-2.661749362945557,35.065311431884766],[-2.819781064987183,35.12965774536133],[-2.8270103931427,35.258358001708984]]]},"properties":{"Name":"Morocco","FromYear":1687,"ToYear":1740,"Area":384867.0828470802,"Type":"POLITY","Wikipedia":"Morocco","Wikidata":"Q1028","SeshatID":"","Components":"","MemberOf":""}},
{"type":"Feature","geometry":{"type":"MultiPolygon","coordinates":[[[[36.2602653503418,45.431331634521484],[35.7520751953125,45.300437927246094],[35.01994323730469,45.300437927246094],[34.98639678955078,45.62776184082031],[34.82337951660156,45.62776184082031],[34.74187088012695,45.62776184082031],[34.544586181640625,45.95537567138672],[34.15492630004883,46.08650588989258],[33.73704528808594,46.02093505859375],[33.70957565307617,45.82429504394531],[32.60533905029297,45.496795654296875],[33.221439361572266,45.23500442504883],[33.465389251708984,45.23500442504883],[33.61005401611328,45.10417556762695],[33.56534957885742,44.77729415893555],[33.55644607543945,44.71194839477539],[34.03373718261719,44.64661407470703],[34.3947639465332,44.908016204833984],[34.55707931518555,44.908016204833984],[34.56639862060547,44.973392486572266],[35.39760208129883,45.10417556762695],[35.40727996826172,45.169586181640625],[36.20014190673828,45.03877639770508],[36.3826904296875,45.169586181640625],[36.23013687133789,45.23500442504883],[36.2602653503418,45.431331634521484]]],[[[37.59468460083008,45.62776184082031],[37.58406066894531,45.56227111816406],[37.66553497314453,45.56227111816406],[37.670863107399946,45.59501034826318],[37.67619323730469,45.62776184082031],[37.59468460083008,45.62776184082031]]],[[[33.80434799194336,47.07159423828125],[33.794864654541016,47.005828857421875],[33.69384002685547,46.87434005737305],[32.918460845947266,46.61152267456055],[32.35321807861328,46.677207946777344],[32.16309356689453,46.480194091796875],[31.835351943969727,46.480194091796875],[31.81834602355957,46.348915100097656],[32.0639533996582,46.348915100097656],[32.683658599853516,46.08650588989258],[32.84713363647461,46.08650588989258],[32.946651458740234,46.21768569946289],[33.59191131591797,46.1520881652832],[33.610260009765625,46.283294677734375],[34.019439697265625,46.283294677734375],[34.0825309753418,46.1520881652832],[34.736690521240234,46.1520881652832],[34.75596237182617,46.283294677734375],[35.24697494506836,46.283294677734375],[35.634639739990234,46.677207946777344],[36.80437088012695,46.808616638183594],[36.90787887573242,46.94007873535156],[37.2257080078125,46.87434005737305],[37.16523361206055,47.005828857421875],[37.51609802246094,47.13737487792969],[38.6794548034668,47.20316696166992],[39.149861151642114,47.37866029409693],[39.20873260498047,47.4006233215332],[39.214670714251604,47.43354035500728],[39.220611572265625,47.46647262573242],[38.419342041015625,47.598209381103516],[37.84175109863281,47.598209381103516],[37.57173538208008,47.46647262573242],[37.4559211730957,47.26897048950195],[36.951019287109375,47.20316696166992],[36.72563934326172,47.33478927612305],[35.99477005004883,47.4006233215332],[35.943946838378906,47.598209381103516],[35.54179382324219,47.664100646972656],[35.0465087890625,47.664100646972656],[35.026123046875,47.53233337402344],[34.37619400024414,47.598209381103516],[34.109092712402344,47.46647262573242],[34.079959869384766,47.26897048950195],[33.80434799194336,47.07159423828125]]]]},"properties":{"Name":"Crimean Khanate","FromYear":1687,"ToYear":1737,"Area":59074.996837317536,"Type":"POLITY","Wikipedia":"Crimean Khanate","Wikidata":"Q160440","SeshatID":"ru_crimean_khanate","Components":"","MemberOf":""}},
{"type":"Feature","geometry":{"type":"MultiPolygon","coordinates":[[[[-6.331579685211182,54.07062530517578],[-5.899145126342773,54.07062530517578],[-5.4320068359375,54.47740173339844],[-5.440718173980713,54.545284271240234],[-5.527542591094971,54.545284271240234],[-5.553964138031006,54.74907684326172],[-5.727906227111816,54.74907684326172],[-5.745834827423096,54.88506317138672],[-5.929072856903076,54.95309066772461],[-6.149667739868164,55.29362487792969],[-7.013527870178223,55.225467681884766],[-7.120616436004639,55.36180877685547],[-7.819964408874512,55.36180877685547],[-7.886708736419678,55.225467681884766],[-8.41061782836914,55.225467681884766],[-8.56389045715332,55.089229583740234],[-8.532058715820312,54.88506317138672],[-8.869585037231445,54.817054748535156],[-8.837503433227539,54.613189697265625],[-8.316265106201172,54.613189697265625],[-8.642707824707031,54.47740173339844],[-8.697977066040039,54.27390670776367],[-9.49949836730957,54.4095458984375],[-10.084067344665527,54.27390670776367],[-9.833613395690918,53.799922943115234],[-10.006207466125488,53.799922943115234],[-9.984235763549805,53.664710998535156],[-10.231764793395996,53.597137451171875],[-10.209695816040039,53.462066650390625],[-9.382568359375,53.124786376953125],[-9.468400001525879,53.124786376953125],[-9.437079429626465,52.92268753051758],[-9.74826431274414,52.720787048339844],[-9.727348327636719,52.586299896240234],[-9.973213195800781,52.51908493041992],[-9.941752433776855,52.31757736206055],[-10.528071403503418,52.250450134277344],[-10.506694793701172,52.11625671386719],[-10.25121021270752,52.11625671386719],[-10.485442161560059,51.98215103149414],[-10.45379638671875,51.78114318847656],[-10.188602447509766,51.71418380737305],[-10.167977333068848,51.580322265625],[-9.92369556427002,51.64724349975586],[-9.808544158935547,51.44654083251953],[-9.639079093933105,51.44654083251953],[-8.481083869934082,51.64724349975586],[-8.415112495422363,51.78114318847656],[-8.075331687927246,51.78114318847656],[-7.611197948455811,52.11625671386719],[-6.427507877349854,52.18334197998047],[-6.2316575050354,52.653533935546875],[-6.14614200592041,52.653533935546875],[-6.171980857849121,52.85536575317383],[-6.086330413818359,52.85536575317383],[-6.14714241027832,53.32708740234375],[-6.241942882537842,53.39456558227539],[-6.087455749511719,53.52959060668945],[-6.286456108093262,53.732303619384766],[-6.331579685211182,54.07062530517578]]],[[[-4.358400821685791,54.20612335205078],[-4.382591724395752,54.4095458984375],[-4.807900905609131,54.341712951660156],[-4.799596309661865,54.27390670776367],[-4.861302852630615,54.07062530517578],[-4.358400821685791,54.20612335205078]]],[[[-2.075707674026489,57.28189468383789],[-1.823600172996521,57.41988754272461],[-1.852917313575745,57.696231842041016],[-3.734920263290405,57.7653923034668],[-3.726380348205566,57.696231842041016],[-3.994018077850342,57.696231842041016],[-3.930825471878052,57.903804779052734],[-4.118414402008057,57.97305679321289],[-3.428223133087158,58.180992126464844],[-3.021383285522461,58.528167724609375],[-3.136410236358643,58.73685073852539],[-3.676762819290161,58.73685073852539],[-4.019067287445068,58.59769821166992],[-5.198037147521973,58.66725540161133],[-5.169017314910889,58.45867156982422],[-5.258847236633301,58.45867156982422],[-5.239514827728271,58.31977081298828],[-5.418947219848633,58.31977081298828],[-5.459936618804932,57.97305679321289],[-5.728240966796875,57.97305679321289],[-5.887243270874023,57.8345832824707],[-5.917263507843018,57.41988754272461],[-5.729594707489014,57.35087585449219],[-5.700699329376221,57.14401626586914],[-5.808821201324463,57.28189468383789],[-6.085347175598145,57.35087585449219],[-6.11513090133667,57.55800247192383],[-6.323688507080078,57.7653923034668],[-6.502223968505859,57.7653923034668],[-6.471539974212646,57.55800247192383],[-6.817555904388428,57.488929748535156],[-6.796852111816406,57.35087585449219],[-6.618975639343262,57.35087585449219],[-6.410901069641113,57.14401626586914],[-6.055799961090088,57.14401626586914],[-5.947565078735352,57.00625228881836],[-5.908953666687012,56.731075286865234],[-6.341366291046143,56.662349700927734],[-6.23344087600708,56.524986267089844],[-6.292484283447266,56.319149017333984],[-5.684883117675781,56.387733459472656],[-5.656883716583252,56.182064056396484],[-5.920981407165527,56.182064056396484],[-6.068491458892822,55.97663879394531],[-6.507877826690674,55.97663879394531],[-6.634748458862305,55.63479995727539],[-6.381457328796387,55.70311737060547],[-6.362338542938232,55.56651306152344],[-6.187198638916016,55.56651306152344],[-6.127885818481445,55.77145767211914],[-5.952439785003662,55.77145767211914],[-5.89273738861084,55.97663879394531],[-5.80486011505127,55.97663879394531],[-5.689270496368408,55.77145767211914],[-5.915220260620117,55.498252868652344],[-5.887563228607178,55.29362487792969],[-5.625458240509033,55.29362487792969],[-5.574207305908203,55.56651306152344],[-5.381163120269775,55.430015563964844],[-5.118756771087646,55.430015563964844],[-5.162932395935059,55.77145767211914],[-5.426101684570312,55.77145767211914],[-5.444243907928467,55.90821838378906],[-4.996289253234863,55.83982467651367],[-4.978706836700439,55.70311737060547],[-4.794708251953125,55.63479995727539],[-4.768880844116211,55.430015563964844],[-5.171102046966553,55.15733337402344],[-5.153679370880127,55.021148681640625],[-5.32801628112793,55.021148681640625],[-5.206079959869385,54.74907684326172],[-4.936679363250732,54.681121826171875],[-4.953676700592041,54.817054748535156],[-4.423340797424316,54.74907684326172],[-3.569097280502319,54.88506317138672],[-3.71977162361145,54.681121826171875],[-3.586766958236694,54.27390670776367],[-3.319409608840942,54.20612335205078],[-3.304538726806641,54.07062530517578],[-2.96582555770874,54.138362884521484],[-3.196035623550415,53.86756134033203],[-3.095205545425415,53.732303619384766],[-3.152528285980225,53.462066650390625],[-3.317377805709839,53.39456558227539],[-4.162125587463379,53.25962829589844],[-4.271347522735596,53.462066650390625],[-4.701662540435791,53.462066650390625],[-4.669717311859131,53.192195892333984],[-4.490120410919189,53.124786376953125],[-4.809510231018066,52.92268753051758],[-4.793659210205078,52.78806686401367],[-4.29533576965332,52.92268753051758],[-4.156738758087158,52.4518928527832],[-4.39012336730957,52.250450134277344],[-4.893810749053955,52.18334197998047],[-5.295889377593994,51.98215103149414],[-5.264270305633545,51.71418380737305],[-5.078959941864014,51.580322265625],[-4.415247440338135,51.71418380737305],[-4.308269023895264,51.51342010498047],[-3.891522645950317,51.580322265625],[-3.70082426071167,51.37968063354492],[-3.277374029159546,51.37968063354492],[-3.121426105499268,51.51342010498047],[-2.945236444473267,51.44654083251953],[-3.107994079589844,51.37968063354492],[-3.094635725021362,51.24601745605469],[-4.201729774475098,51.31283950805664],[-4.426436901092529,51.04566955566406],[-4.67988109588623,51.04566955566406],[-4.657799243927002,50.84549331665039],[-4.819114208221436,50.77880859375],[-4.881234169006348,50.578861236572266],[-5.133819580078125,50.578861236572266],[-5.279601097106934,50.37908172607422],[-5.768607616424561,50.2459831237793],[-5.745615005493164,50.04647445678711],[-5.151133060455322,49.98000717163086],[-4.928657054901123,50.2459831237793],[-4.354779243469238,50.37908172607422],[-4.186630249023438,50.37908172607422],[-4.088706493377686,50.2459831237793],[-3.584736108779907,50.2459831237793],[-3.456606388092041,50.64549255371094],[-3.12621021270752,50.71213912963867],[-2.789105415344238,50.71213912963867],[-2.607964515686035,50.578861236572266],[-1.524962306022644,50.71213912963867],[-1.513427257537842,50.578861236572266],[-1.176646590232849,50.578861236572266],[-1.109168291091919,50.77880859375],[-1.367843627929688,50.84549331665039],[0.492853790521622,50.77880859375],[1.313834071159363,51.112430572509766],[1.380577206611633,51.37968063354492],[0.523877322673798,51.51342010498047],[0.862975299358368,51.51342010498047],[0.843909561634064,51.78114318847656],[1.183690190315247,51.78114318847656],[1.169783234596252,51.98215103149414],[1.425007224082947,51.98215103149414],[1.586262822151184,52.11625671386719],[1.653681755065918,52.38472366333008],[1.739019155502319,52.38472366333008],[1.622210025787354,52.85536575317383],[1.093834638595581,53.057395935058594],[0.493327647447586,53.057395935058594],[0.337453275918961,52.85536575317383],[0.166152358055115,52.85536575317383],[0.06977716833353,52.99003219604492],[0.316494405269623,53.124786376953125],[0.29531991481781,53.39456558227539],[0.020827349275351,53.597137451171875],[0.004257039166987,53.799922943115234],[-0.17964468896389,53.93522644042969],[-0.202435865998268,54.20612335205078],[-0.671433329582214,54.613189697265625],[-1.285956144332886,54.681121826171875],[-1.398887872695923,54.95309066772461],[-1.486006855964661,54.95309066772461],[-1.519152045249939,55.29362487792969],[-1.606520295143127,55.29362487792969],[-1.734845399856567,55.70311737060547],[-2.01904296875,55.90821838378906],[-2.656256437301636,56.11355972290039],[-3.26426100730896,56.04508590698242],[-3.103936910629272,56.182064056396484],[-2.671310901641846,56.25059127807617],[-2.789952516555786,56.524986267089844],[-2.532599925994873,56.59365463256836],[-2.208682298660278,56.86860656738281],[-2.075707674026489,57.28189468383789]]],[[[-7.597294807434082,57.35087585449219],[-7.465542793273926,57.07511901855469],[-7.288100242614746,57.07511901855469],[-7.319843292236328,57.28189468383789],[-7.230959415435791,57.28189468383789],[-7.252153396606445,57.41988754272461],[-7.597294807434082,57.35087585449219]]],[[[-7.562519073486328,57.696231842041016],[-7.440887928009033,57.488929748535156],[-7.105842113494873,57.62710189819336],[-7.116456508636475,57.696231842041016],[-7.562519073486328,57.696231842041016]]],[[[-6.25730562210083,58.528167724609375],[-6.785952091217041,58.45867156982422],[-6.764688491821289,58.31977081298828],[-6.854404926300049,58.31977081298828],[-7.281157493591309,58.180992126464844],[-7.06976318359375,57.97305679321289],[-7.12709903717041,57.7653923034668],[-6.52281665802002,57.903804779052734],[-6.385126113891602,58.180992126464844],[-6.205919742584229,58.180992126464844],[-6.25730562210083,58.528167724609375]]],[[[-3.531404256820679,59.015533447265625],[-3.415184020996094,58.80647277832031],[-3.063107252120972,58.876129150390625],[-2.972933053970337,58.876129150390625],[-2.792584657669067,58.876129150390625],[-2.809081315994263,59.015533447265625],[-3.088408470153809,59.08528518676758],[-3.195853710174561,59.22488784790039],[-3.376785039901733,59.22488784790039],[-3.441113948822021,59.015533447265625],[-3.531404256820679,59.015533447265625]]],[[[-2.578956842422485,59.36461639404297],[-2.842337846755981,59.294734954833984],[-2.825665473937988,59.15507125854492],[-2.644851207733154,59.15507125854492],[-2.653059244155884,59.22488784790039],[-2.562593460083008,59.22488784790039],[-2.578956842422485,59.36461639404297]]]]},"properties":{"Name":"Kingdom of England","FromYear":1691,"ToYear":1705,"Area":341675.6004253676,"Type":"POLITY","Wikipedia":"Kingdom of England","Wikidata":"Q179876","SeshatID":"","Components":"","MemberOf":"(Kingdom of England)"}},
{"type":"Feature","geometry":{"type":"Polygon","coordinates":[[[41.910011291503906,45.169586181640625],[42.215782165527344,45.496795654296875],[42.42306137084961,46.1520881652832],[42.34128952026367,46.1520881652832],[42.37943649291992,46.348915100097656],[42.2284049987793,46.414546966552734],[42.25389862060547,46.54585266113281],[41.894737243652344,46.808616638183594],[41.8126335144043,46.808616638183594],[41.28801345825195,47.07159423828125],[40.73711013793945,47.20316696166992],[40.597259521484375,47.33478927612305],[39.385501861572266,47.46647262573242],[39.52638626098633,47.33478927612305],[39.47877502441406,47.07159423828125],[39.2203369140625,47.005828857421875],[39.13813400268555,47.005828857421875],[38.62202453613281,46.87434005737305],[38.494598388671875,46.61152267456055],[37.83858108520508,46.61152267456055],[37.89856719970703,46.480194091796875],[38.36785888671875,46.348915100097656],[38.334564208984375,46.1520881652832],[37.89311981201172,45.95537567138672],[37.7577018737793,45.62776184082031],[37.67619323730469,45.62776184082031],[37.59468460083008,45.62776184082031],[37.670863107399946,45.59501034826318],[37.747013092041016,45.56227111816406],[37.704429626464844,45.300437927246094],[36.972293853759766,45.300437927246094],[36.911563873291016,45.431331634521484],[36.74873733520508,45.431331634521484],[36.778892517089844,45.10417556762695],[37.8033561706543,44.908016204833984],[38.53376770019531,44.908016204833984],[38.987606048583984,44.71194839477539],[39.948974609375,44.64661407470703],[40.968475341796875,44.908016204833984],[41.073368072509766,45.03877639770508],[41.82872772216797,45.169586181640625],[41.910011291503906,45.169586181640625]]]},"properties":{"Name":"Small Horde","FromYear":1691,"ToYear":1733,"Area":83110.61637245529,"Type":"POLITY","Wikipedia":"Nogai Horde","Wikidata":"Q631210","SeshatID":"","Components":"","MemberOf":""}},
{"type":"Feature","geometry":{"type":"Polygon","coordinates":[[[29.139524459838867,47.26897048950195],[28.915130615234375,47.46647262573242],[29.028188705444336,47.730003356933594],[28.555265426635742,47.92780685424805],[28.570432662963867,48.059749603271484],[28.4200382232666,48.191749572753906],[27.537879943847656,48.455936431884766],[27.39371109008789,48.654239654541016],[25.981304168701172,48.654239654541016],[25.50884246826172,48.91886520385742],[25.342382431030273,48.91886520385742],[25.246307373046875,48.786521911621094],[25.559406280517578,48.5881233215332],[25.54009246826172,48.38986587524414],[25.01179313659668,48.059749603271484],[24.987621307373047,47.79592514038086],[24.90500259399414,47.79592514038086],[24.881271362304688,47.53233337402344],[25.03432846069336,47.4006233215332],[25.016605377197266,47.20316696166992],[25.668907165527344,47.13737487792969],[25.72661018371582,46.87434005737305],[25.966814041137695,46.808616638183594],[25.942142486572266,46.54585266113281],[26.477930068969727,46.1520881652832],[26.44038200378418,45.75876998901367],[26.10191535949707,45.62776184082031],[26.240449905395508,45.36587905883789],[26.41556167602539,45.496795654296875],[26.659894943237305,45.496795654296875],[27.630565643310547,45.431331634521484],[27.861310958862305,45.300437927246094],[28.11903953552246,45.431331634521484],[28.146530151367188,45.693260192871094],[28.309614181518555,45.693260192871094],[28.330547332763672,45.889827728271484],[28.50797462463379,46.02093505859375],[28.440406799316406,46.1520881652832],[28.88568115234375,46.480194091796875],[29.481975555419922,46.677207946777344],[29.497230529785156,46.808616638183594],[29.340612411499023,46.87434005737305],[29.355844497680664,47.005828857421875],[29.199012756347656,47.07159423828125],[29.139524459838867,47.26897048950195]]]},"properties":{"Name":"Principality of Moldavia","FromYear":1696,"ToYear":1712,"Area":81703.97291386331,"Type":"POLITY","Wikipedia":"Moldavia","Wikidata":"Q10957559","SeshatID":"md_moldavia_principality_2","Components":"","MemberOf":""}},
{"type":"Feature","geometry":{"type":"MultiPolygon","coordinates":[[[[39.30305862426758,47.46647262573242],[39.214670714251604,47.43354035500728],[39.12632369995117,47.4006233215332],[39.149861151642114,47.37866029409693],[39.26741409301758,47.26897048950195],[39.25559616088867,47.20316696166992],[39.243812561035156,47.13737487792969],[39.232059478759766,47.07159423828125],[39.2203369140625,47.005828857421875],[39.47877502441406,47.07159423828125],[39.52638626098633,47.33478927612305],[39.385501861572266,47.46647262573242],[39.30305862426758,47.46647262573242]]],[[[27.088560104370117,57.35087585449219],[26.999622344970703,57.35087585449219],[26.989246368408203,57.28189468383789],[27.078128814697266,57.28189468383789],[27.088560104370117,57.35087585449219]]],[[[45,47.8343219222266],[45,50.715103227006495],[44.995506286621094,50.71213912963867],[44.76419448852539,50.11296081542969],[44.4492301940918,49.84712600708008],[44.37160110473633,49.51522445678711],[44.04530715942383,49.18375015258789],[43.772098541259766,48.323814392089844],[44.40626907348633,48.191749572753906],[45,47.8343219222266]]],[[[45,51.55015320554802],[45,60],[30.929021613241922,60],[30.74659538269043,59.78459548950195],[30.655654907226562,59.78459548950195],[30.614952087402344,59.574459075927734],[30.79647445678711,59.574459075927734],[30.859933853149414,59.434532165527344],[30.302839279174805,59.36461639404297],[30.276472091674805,59.22488784790039],[30.082529067993164,59.15507125854492],[29.54008674621582,59.15507125854492],[29.293869018554688,59.294734954833984],[28.750720977783203,59.294734954833984],[28.726423263549805,59.15507125854492],[28.172231674194336,59.08528518676758],[27.93600082397461,59.294734954833984],[27.731943130493164,59.15507125854492],[27.720489501953125,59.08528518676758],[27.79935646057129,59.015533447265625],[27.719879150390625,58.528167724609375],[27.629993438720703,58.528167724609375],[27.54010581970215,58.528167724609375],[27.484853744506836,58.180992126464844],[27.664058685302734,58.180992126464844],[27.753662109375,58.180992126464844],[27.94413948059082,58.2503662109375],[27.921630859375,58.11164855957031],[28.01117706298828,58.11164855957031],[27.977479934692383,57.903804779052734],[27.809812545776367,57.97305679321289],[27.72037696838379,57.97305679321289],[27.698341369628906,57.8345832824707],[27.298233032226562,57.55800247192383],[27.800064086914062,57.35087585449219],[27.767559051513672,57.14401626586914],[27.678783416748047,57.14401626586914],[27.72464370727539,56.86860656738281],[28.100709915161133,57.00625228881836],[28.12265968322754,57.14401626586914],[28.477760314941406,57.14401626586914],[28.48837661743164,56.662349700927734],[28.31157684326172,56.662349700927734],[28.28973960876465,56.524986267089844],[29.09576988220215,56.59365463256836],[29.13858413696289,56.319149017333984],[29.414487838745117,56.387733459472656],[29.43756866455078,56.524986267089844],[29.87904167175293,56.524986267089844],[29.843679428100586,56.319149017333984],[29.996335983276367,56.182064056396484],[31.442842483520508,56.387733459472656],[31.342262268066406,55.83982467651367],[31.417572021484375,55.77145767211914],[30.87911033630371,55.70311737060547],[30.842947006225586,55.498252868652344],[31.180835723876953,55.430015563964844],[31.13242530822754,55.15733337402344],[31.294845581054688,55.089229583740234],[31.321746826171875,54.74907684326172],[31.40871810913086,54.74907684326172],[31.384735107421875,54.613189697265625],[31.112323760986328,54.545284271240234],[31.088844299316406,54.4095458984375],[31.56151008605957,54.138362884521484],[31.943944931030273,54.341712951660156],[32.36496353149414,54.27390670776367],[32.57514953613281,54.00291442871094],[32.51387023925781,53.664710998535156],[32.60007095336914,53.664710998535156],[32.62548828125,53.32708740234375],[32.16032028198242,53.124786376953125],[31.313270568847656,53.192195892333984],[31.279556274414062,52.99003219604492],[31.502992630004883,52.78806686401367],[31.659305572509766,52.18334197998047],[30.871335983276367,52.0491943359375],[30.58497428894043,51.84812545776367],[30.52397918701172,51.44654083251953],[30.598634719848633,51.37968063354492],[30.513946533203125,51.37968063354492],[30.35070037841797,50.84549331665039],[30.266342163085938,50.84549331665039],[30.209285736083984,50.445655822753906],[30.022506713867188,50.312522888183594],[31.021230697631836,50.2459831237793],[31.337629318237305,50.11296081542969],[31.22476577758789,49.91355895996094],[31.791717529296875,49.78071212768555],[32.328025817871094,49.44889450073242],[32.81914520263672,49.38258361816406],[33.17356872558594,49.51522445678711],[34.44884490966797,49.64793395996094],[34.98438262939453,49.84712600708008],[34.85072326660156,50.04647445678711],[34.29703903198242,50.2459831237793],[34.02824401855469,50.64549255371094],[34.252193450927734,51.44654083251953],[34.530555725097656,51.580322265625],[34.86982345581055,51.580322265625],[35.425968170166016,51.37968063354492],[36.433773040771484,50.445655822753906],[37.03524398803711,50.51224899291992],[38.68682098388672,51.17921447753906],[39.66046905517578,51.37968063354492],[40.50736999511719,51.37968063354492],[40.97005844116211,51.17921447753906],[41.37163162231445,50.71213912963867],[42.091827392578125,50.912200927734375],[42.12277603149414,51.04566955566406],[42.3073844909668,51.112430572509766],[42.72999954223633,51.112430572509766],[43.52115249633789,51.580322265625],[44.47127151489258,51.64724349975586],[45,51.55015320554802]]]]},"properties":{"Name":"Tsardom of Russia","FromYear":1696,"ToYear":1701,"Area":13703395.489630507,"Type":"POLITY","Wikipedia":"Tsardom of Russia","Wikidata":"Q186096","SeshatID":"ru_romanov_dyn_1","Components":"","MemberOf":""}},
{"type":"Feature","geometry":{"type":"Polygon","coordinates":[[[10.532551765441895,46.283294677734375],[10.44906997680664,46.94007873535156],[10.284491539001465,47.005828857421875],[10.202829360961914,46.87434005737305],[9.9564208984375,46.87434005737305],[9.625838279724121,47.13737487792969],[9.54356575012207,47.13737487792969],[9.46013069152832,47.26897048950195],[9.541648767995238,47.36766082548732],[9.56887574261621,47.4006233215332],[9.62326717376709,47.46647262573242],[9.622751235961914,47.53233337402344],[9.043119430541992,47.730003356933594],[8.96053695678711,47.730003356933594],[8.87795352935791,47.730003356933594],[8.547621726989746,47.730003356933594],[8.467049598693848,47.598209381103516],[8.218400955200195,47.664100646972656],[8.054483413696289,47.598209381103516],[8.138138771057129,47.53233337402344],[8.059174537658691,47.33478927612305],[7.72967529296875,47.33478927612305],[7.560789108276367,47.53233337402344],[7.559404373168945,47.598209381103516],[7.39728307723999,47.46647262573242],[6.983439445495605,47.53233337402344],[6.985063552856445,47.46647262573242],[6.989914417266846,47.26897048950195],[6.828584671020508,47.13737487792969],[7.080090999603271,46.94007873535156],[6.506691455841064,46.87434005737305],[6.103800296783447,46.61152267456055],[6.033519744873047,46.21768569946289],[6.273390769958496,46.414546966552734],[6.682901382446289,46.414546966552734],[6.849938869476318,46.283294677734375],[6.856344699859619,46.02093505859375],[7.104432582855225,45.889827728271484],[7.919662952423096,45.95537567138672],[8.320942878723145,46.414546966552734],[8.485703468322754,46.348915100097656],[8.488550186157227,46.1520881652832],[8.652090072631836,46.1520881652832],[8.90048885345459,45.889827728271484],[9.223830223083496,46.21768569946289],[9.387435913085938,46.21768569946289],[9.470881462097168,46.02093505859375],[10.124515533447266,46.02093505859375],[10.368688583374023,46.348915100097656],[10.532551765441895,46.283294677734375]]]},"properties":{"Name":"Swiss Confederation","FromYear":1696,"ToYear":1733,"Area":43769.91238238986,"Type":"POLITY","Wikipedia":"Switzerland","Wikidata":"Q39","SeshatID":"ch_swiss_conf_2","Components":"","MemberOf":""}},
{"type":"Feature","geometry":{"type":"Polygon","coordinates":[[[26.10191535949707,45.62776184082031],[25.93889808654785,45.62776184082031],[25.84545135498047,45.496795654296875],[25.438228607177734,45.496795654296875],[25.34526824951172,45.36587905883789],[25.042299270629883,45.62776184082031],[24.634754180908203,45.62776184082031],[24.13511848449707,45.496795654296875],[23.483562469482422,45.496795654296875],[23.47352409362793,45.36587905883789],[23.138248443603516,45.23500442504883],[22.73638343811035,45.300437927246094],[22.631669998168945,44.973392486572266],[22.55048179626465,44.973392486572266],[22.531999588012695,44.71194839477539],[22.68478775024414,44.58129119873047],[22.518192291259766,44.5159797668457],[22.50443458557129,44.32010269165039],[22.894636154174805,44.12431716918945],[22.951791763305664,43.79821014404297],[23.601760864257812,43.86341094970703],[24.15087890625,43.6678352355957],[24.881397247314453,43.73301696777344],[25.434297561645508,43.6026611328125],[25.84855079650879,43.73301696777344],[26.281423568725586,44.05907440185547],[27.492671966552734,44.05907440185547],[27.828874588012695,44.18956756591797],[27.943035125732422,44.5159797668457],[27.787734985351562,44.58129119873047],[27.801036834716797,44.71194839477539],[27.969886779785156,44.77729415893555],[27.99687957763672,45.03877639770508],[27.847858428955078,45.169586181640625],[27.861310958862305,45.300437927246094],[27.630565643310547,45.431331634521484],[26.659894943237305,45.496795654296875],[26.41556167602539,45.496795654296875],[26.240449905395508,45.36587905883789],[26.10191535949707,45.62776184082031]]]},"properties":{"Name":"Principality of Wallachia","FromYear":1696,"ToYear":1717,"Area":74188.20641452282,"Type":"POLITY","Wikipedia":"Wallachia","Wikidata":"Q171393","SeshatID":"ro_wallachia_principality_2","Components":"","MemberOf":""}},
{"type":"Feature","geometry":{"type":"Polygon","coordinates":[[[8.83321762084961,44.64661407470703],[8.83178073386231,44.77730466831827],[8.831062316894531,44.842647552490234],[8.798440859649178,44.855721998942954],[8.667963962763062,44.908016204833984],[8.53749662797865,44.96030657830313],[8.504846572875977,44.973392486572266],[8.503981590270996,45.03877639770508],[8.340606689453125,45.10417556762695],[8.337774276733398,45.300437927246094],[8.581818580627441,45.300437927246094],[8.578357696533203,45.56227111816406],[8.330994606018066,45.75876998901367],[8.005810737609863,45.693260192871094],[7.919662952423096,45.95537567138672],[7.104432582855225,45.889827728271484],[6.856344699859619,46.02093505859375],[6.849938869476318,46.283294677734375],[6.682901382446289,46.414546966552734],[6.273390769958496,46.414546966552734],[6.033519744873047,46.21768569946289],[5.634932518005371,45.889827728271484],[5.48224401473999,45.56227111816406],[5.812080860137939,45.431331634521484],[5.901144027709961,45.169586181640625],[6.228048801422119,45.10417556762695],[6.640680313110352,44.842647552490234],[6.565949440002441,44.58129119873047],[6.814867973327637,44.32010269165039],[6.413734436035156,44.18956756591797],[6.416947841644287,44.05907440185547],[6.74289083480835,43.92862319946289],[6.668147563934326,43.6678352355957],[6.829278945922852,43.6678352355957],[6.91260290145874,43.53750228881836],[6.993107318878174,43.53750228881836],[7.230083770747857,43.77197999684977],[7.256593443100294,43.79821014404297],[7.388396263122559,43.92862319946289],[7.42934686151427,43.8960065811194],[7.470271110534668,43.86341094970703],[7.550928592681885,43.86341094970703],[7.707837581634521,44.12431716918945],[8.030961036682129,44.12431716918945],[8.105920791625977,44.5159797668457],[8.346131324768066,44.71194839477539],[8.508255004882812,44.71194839477539],[8.589317321777344,44.71194839477539],[8.83321762084961,44.64661407470703]]]},"properties":{"Name":"House of Savoy","FromYear":1696,"ToYear":1701,"Area":41315.71507170205,"Type":"POLITY","Wikipedia":"House of Savoy","Wikidata":"Q200229","SeshatID":"","Components":"","MemberOf":""}},
{"type":"Feature","geometry":{"type":"MultiPolygon","coordinates":[[[[5.9834303855896,47.86185836791992],[6.144739151000977,47.993770599365234],[6.227462768554688,47.993770599365234],[7.056310653686523,47.92780685424805],[7.129497528076172,48.323814392089844],[7.046595573425293,48.323814392089844],[7.041702270507812,48.52202224731445],[6.875682353973389,48.52202224731445],[6.872262954711914,48.654239654541016],[6.371833801269531,48.72037124633789],[6.451152324676514,48.852684020996094],[6.282788276672363,48.91886520385742],[5.787806034088135,48.786521911621094],[5.881701946258545,48.455936431884766],[5.71575403213501,48.455936431884766],[5.628278255462646,48.5881233215332],[5.381501197814941,48.52202224731445],[5.480661869049072,48.059749603271484],[5.646180152893066,48.059749603271484],[5.735470771789551,47.86185836791992],[5.9834303855896,47.86185836791992]],[[6.543642044067383,48.52202224731445],[6.711440563201904,48.455936431884766],[6.794414520263672,48.455936431884766],[6.718523979187012,48.191749572753906],[6.466282844543457,48.323814392089844],[6.543642044067383,48.52202224731445]]],[[[7.031855583190918,48.91886520385742],[7.031854577004194,48.91886536320888],[6.613873958587646,48.98506164550781],[6.617537975311279,48.852684020996094],[6.868834018707275,48.786521911621094],[6.951990127563477,48.786521911621094],[6.950308799743652,48.852684020996094],[7.033501625061035,48.852684020996094],[7.031855583190918,48.91886520385742]]],[[[6.860223770141602,49.11750411987305],[6.861949920654297,49.051273345947266],[6.945253372192383,49.051273345947266],[7.028557300567627,49.051273345947266],[7.03020715713501,48.98506164550781],[7.113473892211914,48.98506164550781],[7.196740627288818,48.98506164550781],[7.198314666748047,48.91886520385742],[7.281544208526611,48.91886520385742],[7.33715364535665,48.91886520385742],[7.364774227142334,48.91886520385742],[7.36456081694231,48.9282823868225],[7.363274097442627,48.98506164550781],[7.446540832519531,48.98506164550781],[7.529807567596436,48.98506164550781],[7.528380393981934,49.051273345947266],[7.108631134033203,49.18375015258789],[6.860223770141602,49.11750411987305]]],[[[5.296092987060547,48.5881233215332],[5.379139423370361,48.5881233215332],[5.538338184356689,48.786521911621094],[5.621494293212891,48.786521911621094],[6.03309965133667,48.91886520385742],[5.864473819732666,48.98506164550781],[5.94133186340332,49.18375015258789],[5.77013635635376,49.316287994384766],[5.607818126678467,49.18375015258789],[5.697940349578857,48.98506164550781],[5.36487340927124,48.98506164550781],[5.348037242889404,49.44889450073242],[5.175980091094971,49.58156967163086],[5.016488552093506,49.38258361816406],[5.029265403747559,49.051273345947266],[4.865273475646973,48.98506164550781],[4.878275871276855,48.654239654541016],[5.127524375915527,48.654239654541016],[5.286453723907471,48.852684020996094],[5.296092987060547,48.5881233215332]]],[[[6.266860485076904,49.44889450073242],[6.360177040100098,49.11750411987305],[6.691738605499268,49.18375015258789],[6.688126564025879,49.316287994384766],[6.855033874511719,49.316287994384766],[6.851565837860107,49.44889450073242],[7.103775024414062,49.38258361816406],[7.013640880584717,49.64793395996094],[6.346458435058594,49.58156967163086],[6.348425388336182,49.51522445678711],[6.264857769012451,49.51522445678711],[6.266860485076904,49.44889450073242]]],[[[6.01627254486084,49.44889450073242],[5.928430557250977,49.58156967163086],[5.596318244934082,49.51522445678711],[5.85359001159668,49.316287994384766],[6.01627254486084,49.44889450073242]]]]},"properties":{"Name":"Duchy of Lorraine","FromYear":1700,"ToYear":1701,"Area":17478.38527667957,"Type":"POLITY","Wikipedia":"Duchy of Lorraine","Wikidata":"Q155019","SeshatID":"","Components":"","MemberOf":""}},
{"type":"Feature","geometry":{"type":"Polygon","coordinates":[[[-8.447019577026367,32.94303894042969],[-8.695550918579102,33.20018768310547],[-9.054909706115723,32.878753662109375],[-9.050174713134766,32.81447219848633],[-8.730104446411133,32.62162780761719],[-8.442415237426758,32.878753662109375],[-8.447019577026367,32.94303894042969]]]},"properties":{"Name":"Portuguese Empire","FromYear":1700,"ToYear":1705,"Area":1135353.217813278,"Type":"POLITY","Wikipedia":"Portuguese Empire","Wikidata":"Q200464","SeshatID":"pt_portuguese_emp_2","Components":"","MemberOf":"(Portuguese Empire)"}},
{"type":"Feature","geometry":{"type":"MultiPolygon","coordinates":[[[[8.35147476196289,44.32010269165039],[8.349712371826172,44.45067596435547],[8.590126037597656,44.64661407470703],[8.589317321777344,44.71194839477539],[8.508255004882812,44.71194839477539],[8.346131324768066,44.71194839477539],[8.105920791625977,44.5159797668457],[8.030961036682129,44.12431716918945],[8.03194522857666,44.05907440185547],[8.11364459991455,43.99384307861328],[8.191595077514648,44.18956756591797],[8.352349281311035,44.25482940673828],[8.35147476196289,44.32010269165039]]],[[[8.58520221710205,45.03877639770508],[8.53749662797865,44.96030657830313],[8.505706787109375,44.908016204833984],[8.667963962763062,44.908016204833984],[8.749176979064941,44.908016204833984],[8.69400927988269,44.995186942270045],[8.666422843933105,45.03877639770508],[8.58520221710205,45.03877639770508]]],[[[6.506691455841064,46.87434005737305],[7.080090999603271,46.94007873535156],[6.828584671020508,47.13737487792969],[6.830254077911377,47.07159423828125],[6.748015880584717,47.07159423828125],[6.665778160095215,47.07159423828125],[6.667511463165283,47.005828857421875],[6.585307121276855,47.005828857421875],[6.587069988250732,46.94007873535156],[6.504899501800537,46.94007873535156],[6.506691455841064,46.87434005737305]]],[[[6.983439445495605,47.53233337402344],[6.981812000274658,47.598209381103516],[6.980180740356445,47.664100646972656],[6.816785335540771,47.598209381103516],[6.985063552856445,47.46647262573242],[6.983439445495605,47.53233337402344]]],[[[7.552440643310547,47.92780685424805],[7.55383825302124,47.86185836791992],[7.555233955383301,47.79592514038086],[7.556626796722412,47.730003356933594],[7.558016777038574,47.664100646972656],[7.559404373168945,47.598209381103516],[7.560789108276367,47.53233337402344],[7.888208866119385,47.664100646972656],[7.636491298675537,47.86185836791992],[7.635128974914551,47.92780685424805],[7.552440643310547,47.92780685424805]]],[[[7.196740627288818,48.98506164550781],[7.113473892211914,48.98506164550781],[7.03020715713501,48.98506164550781],[7.031854577004194,48.91886536320888],[7.033501625061035,48.852684020996094],[7.144544131328063,48.852684020996094],[7.199887275695801,48.852684020996094],[7.199438921175841,48.871546028635606],[7.196740627288818,48.98506164550781]]],[[[8.376045227050781,53.732303619384766],[8.721826553344727,53.664710998535156],[8.805828094482422,53.86756134033203],[8.719483375549316,53.86756134033203],[8.459527015686035,53.93522644042969],[8.375076293945312,53.799922943115234],[8.376045227050781,53.732303619384766]]],[[[8.710071563720703,54.681121826171875],[8.710860252380371,54.613189697265625],[8.797733306884766,54.613189697265625],[8.799209594726562,54.47740173339844],[8.62565803527832,54.47740173339844],[8.54152774810791,54.27390670776367],[8.802155494689941,54.20612335205078],[8.80289077758789,54.138362884521484],[9.061311721801758,54.27390670776367],[9.40783405303955,54.27390670776367],[9.579891204833984,54.545284271240234],[9.405844688415527,54.613189697265625],[9.492021560668945,54.74907684326172],[9.404654502868652,54.817054748535156],[9.231603622436523,54.681121826171875],[8.710071563720703,54.681121826171875]]],[[[9.970182418823242,43.99384307861328],[10.050901412963867,43.99384307861328],[10.05069351196289,44.05907440185547],[10.13144302368164,44.05907440185547],[10.131620407104492,43.99384307861328],[10.212339401245117,43.99384307861328],[10.212483406066895,43.92862319946289],[10.454547882080078,43.92862319946289],[10.615897178649902,43.79821014404297],[10.696569442749023,43.86341094970703],[10.696612358093262,43.92862319946289],[10.777300834655762,43.92862319946289],[10.858479499816895,44.25482940673828],[10.858658790588379,44.38538360595703],[11.020617485046387,44.45067596435547],[11.102242469787598,44.71194839477539],[11.345945358276367,44.842647552490234],[11.34644889831543,44.973392486572266],[10.61540412902832,45.431331634521484],[10.452703475952148,45.36587905883789],[10.453055381774902,45.169586181640625],[10.453271865844727,45.03877639770508],[10.128390312194824,45.03877639770508],[9.965350151062012,45.169586181640625],[9.31507682800293,45.169586181640625],[9.23611831665039,44.908016204833984],[9.317276000976562,44.908016204833984],[9.401886940002441,44.45067596435547],[9.888364791870117,44.25482940673828],[9.969700813293457,44.12431716918945],[9.969943046569824,44.05907440185547],[9.970182418823242,43.99384307861328]]],[[[9.542471885681152,47.26897048950195],[9.46013069152832,47.26897048950195],[9.46129322052002,47.13737487792969],[9.54356575012207,47.13737487792969],[9.625838279724121,47.13737487792969],[9.54301929473877,47.20316696166992],[9.542471885681152,47.26897048950195]]],[[[12.510897636413574,47.664100646972656],[12.508110046386719,47.4006233215332],[12.177369117736816,47.26897048950195],[12.175729751586914,47.07159423828125],[12.752180099487305,47.13737487792969],[12.834451675415039,47.13737487792969],[13.079431533813477,47.005828857421875],[13.738253593444824,47.07159423828125],[13.659500122070312,47.26897048950195],[13.41247844696045,47.26897048950195],[13.418926239013672,47.664100646972656],[13.175244331359863,47.92780685424805],[13.177251815795898,48.059749603271484],[12.928975105285645,48.059749603271484],[12.924517631530762,47.730003356933594],[13.088733673095703,47.664100646972656],[13.004368782043457,47.53233337402344],[12.510897636413574,47.664100646972656]]],[[[13.358475685119629,48.98506164550781],[13.356151580810547,48.852684020996094],[13.189766883850098,48.852684020996094],[13.26854419708252,48.5881233215332],[13.76682186126709,48.5881233215332],[13.847192764282227,48.455936431884766],[14.100465774536133,48.654239654541016],[13.606999397277832,48.91886520385742],[13.52376937866211,48.91886520385742],[13.525009155273438,48.98506164550781],[13.441741943359375,48.98506164550781],[13.358475685119629,48.98506164550781]]],[[[12.552227973937988,50.912200927734375],[12.632396697998047,50.64549255371094],[12.800868034362793,50.64549255371094],[12.717718124389648,50.71213912963867],[12.718811988830566,50.77880859375],[12.803128242492676,50.77880859375],[12.806585311889648,50.97892379760742],[12.552227973937988,50.912200927734375]]],[[[7.528380393981934,49.051273345947266],[8.112674713134766,48.98506164550781],[8.115007400512695,48.852684020996094],[7.867981433868408,48.72037124633789],[7.870530128479004,48.5881233215332],[7.953576564788818,48.5881233215332],[7.954813003540039,48.52202224731445],[7.871802806854248,48.52202224731445],[7.788793087005615,48.52202224731445],[7.705782890319824,48.52202224731445],[7.707126617431641,48.455936431884766],[7.708469390869141,48.38986587524414],[7.709810256958008,48.323814392089844],[7.792711734771729,48.323814392089844],[7.796617031097412,48.1257438659668],[7.959747314453125,48.257774353027344],[8.208345413208008,48.257774353027344],[8.210589408874512,48.1257438659668],[8.293384552001953,48.1257438659668],[8.376178741455078,48.1257438659668],[8.377227783203125,48.059749603271484],[8.45998764038086,48.059749603271484],[8.461000442504883,47.993770599365234],[8.378276824951172,47.993770599365234],[8.295553207397461,47.993770599365234],[8.21282958984375,47.993770599365234],[8.211709976196289,48.059749603271484],[8.210589408874512,48.1257438659668],[8.127795219421387,48.1257438659668],[8.218400955200195,47.664100646972656],[8.467049598693848,47.598209381103516],[8.547621726989746,47.730003356933594],[8.87795352935791,47.730003356933594],[8.957342147827148,47.993770599365234],[9.041593551635742,47.86185836791992],[9.124246597290039,47.86185836791992],[9.122788429260254,47.993770599365234],[9.288235664367676,47.993770599365234],[9.290210723876953,47.79592514038086],[9.043119430541992,47.730003356933594],[9.622751235961914,47.53233337402344],[9.952665328979492,47.53233337402344],[10.118547439575195,47.33478927612305],[10.36567211151123,47.33478927612305],[10.447366714477539,47.598209381103516],[10.61239242553711,47.598209381103516],[10.694778442382812,47.730003356933594],[10.44686222076416,47.79592514038086],[10.52871322631836,48.191749572753906],[10.363642692565918,47.993770599365234],[10.115167617797852,48.059749603271484],[10.197128295898438,48.257774353027344],[10.528592109680176,48.257774353027344],[10.444967269897461,48.5881233215332],[10.2784423828125,48.72037124633789],[10.278019905090332,48.852684020996094],[10.02780818939209,48.98506164550781],[10.027185440063477,49.11750411987305],[10.360239028930664,49.2500114440918],[10.61073112487793,48.91886520385742],[10.943561553955078,48.852684020996094],[11.027008056640625,48.98506164550781],[10.860533714294434,49.051273345947266],[11.277301788330078,49.11750411987305],[11.277814865112305,49.2500114440918],[11.027566909790039,49.2500114440918],[11.028035163879395,49.44889450073242],[11.278903007507324,49.51522445678711],[11.19636058807373,49.78071212768555],[11.699701309204102,49.91355895996094],[11.869729042053223,50.17946243286133],[12.12159538269043,50.17946243286133],[12.12234115600586,50.2459831237793],[11.955025672912598,50.312522888183594],[11.957799911499023,50.578861236572266],[12.21121883392334,50.64549255371094],[12.212909698486328,50.77880859375],[12.045051574707031,50.84549331665039],[11.95923137664795,50.71213912963867],[11.790678977966309,50.71213912963867],[11.791977882385254,50.84549331665039],[12.21550464630127,50.97892379760742],[12.552227973937988,50.912200927734375],[12.471861839294434,51.17921447753906],[12.050686836242676,51.31283950805664],[11.879911422729492,51.17921447753906],[11.877744674682617,50.97892379760742],[11.287090301513672,51.04566955566406],[11.203798294067383,51.24601745605469],[10.526949882507324,51.24601745605469],[10.357771873474121,51.112430572509766],[10.104059219360352,51.17921447753906],[10.273077964782715,51.31283950805664],[11.034910202026367,51.31283950805664],[10.95084285736084,51.44654083251953],[11.28977108001709,51.44654083251953],[11.377108573913574,51.78114318847656],[10.86689281463623,51.64724349975586],[10.782730102539062,51.84812545776367],[10.868002891540527,51.91512680053711],[10.528238296508789,52.11625671386719],[10.528498649597168,52.250450134277344],[10.869808197021484,52.31757736206055],[10.870445251464844,52.4518928527832],[10.955827713012695,52.4518928527832],[10.787421226501465,52.99003219604492],[11.388239860534668,53.057395935058594],[11.38951587677002,53.192195892333984],[11.132387161254883,53.25962829589844],[11.306057929992676,53.462066650390625],[11.392121315002441,53.462066650390625],[11.563496589660645,53.39456558227539],[11.738075256347656,53.597137451171875],[11.910387992858887,53.597137451171875],[12.16561222076416,53.39456558227539],[13.196187019348145,53.32708740234375],[13.635400772094727,53.664710998535156],[13.552903175354004,53.799922943115234],[13.380309104919434,53.799922943115234],[13.29058837890625,53.664710998535156],[13.118182182312012,53.664710998535156],[12.442490577697754,54.4095458984375],[12.35576343536377,54.4095458984375],[11.398930549621582,54.138362884521484],[11.444970238105016,53.95027359010248],[11.481772422790527,53.799922943115234],[11.395475387573242,53.799922943115234],[11.222881317138672,53.799922943115234],[11.311097145080566,54.00291442871094],[10.879310607910156,54.07062530517578],[10.966257095336914,54.138362884521484],[10.966720581054688,54.20612335205078],[10.793925285339355,54.27390670776367],[10.793188095092773,54.138362884521484],[10.446371078491211,53.86756134033203],[9.841959953308105,53.86756134033203],[9.756482124328613,53.597137451171875],[9.49801254272461,53.597137451171875],[9.327064514160156,53.39456558227539],[9.32797908782959,53.25962829589844],[9.50056266784668,53.124786376953125],[9.329821586608887,52.99003219604492],[8.817584991455078,52.78806686401367],[8.728852272033691,53.057395935058594],[8.643065452575684,53.057395935058594],[8.64223861694336,53.124786376953125],[8.556406021118164,53.124786376953125],[8.470573425292969,53.124786376953125],[8.47332763671875,52.92268753051758],[8.132742881774902,52.78806686401367],[7.870984554290771,53.057395935058594],[7.612249374389648,53.124786376953125],[7.609494209289551,53.25962829589844],[7.780054569244385,53.32708740234375],[7.776182174682617,53.52959060668945],[7.862291812896729,53.52959060668945],[8.033356666564941,53.597137451171875],[7.944795608520508,53.732303619384766],[7.082295417785645,53.732303619384766],[6.913325786590576,53.597137451171875],[6.918599128723145,53.39456558227539],[7.178262233734131,53.32708740234375],[7.179872989654541,53.25962829589844],[7.021557331085205,52.720787048339844],[6.68117618560791,52.653533935546875],[6.68488883972168,52.51908493041992],[6.944602489471436,52.38472366333008],[6.948029518127441,52.250450134277344],[6.697800159454346,52.0491943359375],[6.699635028839111,51.98215103149414],[6.701467514038086,51.91512680053711],[6.616436004638672,51.91512680053711],[6.531404495239258,51.91512680053711],[6.533320903778076,51.84812545776367],[6.448332786560059,51.84812545776367],[6.878493785858154,51.64724349975586],[6.883697509765625,51.44654083251953],[6.631358623504639,51.37968063354492],[6.625779151916504,51.580322265625],[6.116877555847168,51.580322265625],[5.940618991851807,51.78114318847656],[5.770728588104248,51.78114318847656],[5.777609825134277,51.580322265625],[5.8624267578125,51.580322265625],[5.784458637237549,51.37968063354492],[5.365976333618164,51.24601745605469],[5.291423320770264,50.97892379760742],[5.206983089447021,50.97892379760742],[5.217134952545166,50.71213912963867],[5.048582077026367,50.71213912963867],[5.058992385864258,50.445655822753906],[4.809360027313232,50.37908172607422],[4.646780490875244,50.2459831237793],[4.652331352233887,50.11296081542969],[4.736247062683105,50.11296081542969],[4.738976001739502,50.04647445678711],[4.822853088378906,50.04647445678711],[5.479565620422363,50.445655822753906],[5.902330875396729,50.37908172607422],[5.722792148590088,50.71213912963867],[5.711322784423828,51.04566955566406],[5.966943264007568,50.97892379760742],[5.973455429077148,50.77880859375],[6.068368434906006,50.445655822753906],[6.402873992919922,50.51224899291992],[6.07469654083252,50.2459831237793],[6.582399845123291,50.11296081542969],[6.586127281188965,49.98000717163086],[6.340545177459717,49.78071212768555],[6.346458435058594,49.58156967163086],[7.013640880584717,49.64793395996094],[7.103775024414062,49.38258361816406],[6.851565837860107,49.44889450073242],[6.855033874511719,49.316287994384766],[6.688126564025879,49.316287994384766],[6.691738605499268,49.18375015258789],[6.775116920471191,49.18375015258789],[6.776882648468018,49.11750411987305],[6.860223770141602,49.11750411987305],[7.108631134033203,49.18375015258789],[7.528380393981934,49.051273345947266]],[[10.442594528198242,51.64724349975586],[10.697173118591309,51.64724349975586],[10.781378746032715,51.44654083251953],[10.442449569702148,51.44654083251953],[10.44254207611084,51.580322265625],[10.442594528198242,51.64724349975586]],[[10.279540061950684,48.38986587524414],[10.279766082763672,48.323814392089844],[10.196864128112793,48.323814392089844],[10.113962173461914,48.323814392089844],[10.113664627075195,48.38986587524414],[10.11336898803711,48.455936431884766],[10.196342468261719,48.455936431884766],[10.196602821350098,48.38986587524414],[10.279540061950684,48.38986587524414]],[[10.03139591217041,48.257774353027344],[9.782355308532715,48.323814392089844],[9.451920509338379,48.191749572753906],[9.449578285217285,48.455936431884766],[9.532551765441895,48.455936431884766],[9.615525245666504,48.455936431884766],[9.947421073913574,48.455936431884766],[10.03139591217041,48.257774353027344]],[[9.371582984924316,47.92780685424805],[9.45427131652832,47.92780685424805],[9.536406517028809,47.993770599365234],[9.537511825561523,47.86185836791992],[9.371582984924316,47.92780685424805]],[[9.202042579650879,48.323814392089844],[9.36660385131836,48.455936431884766],[9.368468284606934,48.257774353027344],[9.202736854553223,48.257774353027344],[9.202042579650879,48.323814392089844]],[[8.539809226989746,48.257774353027344],[8.538827896118164,48.323814392089844],[8.7875337600708,48.323814392089844],[8.706449508666992,48.191749572753906],[8.539809226989746,48.257774353027344]],[[8.872109413146973,48.191749572753906],[8.871273040771484,48.257774353027344],[8.87043571472168,48.323814392089844],[8.953337669372559,48.323814392089844],[8.95413875579834,48.257774353027344],[9.037004470825195,48.257774353027344],[9.03777027130127,48.191749572753906],[8.954939842224121,48.191749572753906],[8.872109413146973,48.191749572753906]],[[7.975754737854004,51.98215103149414],[7.973388195037842,52.11625671386719],[8.227821350097656,52.18334197998047],[8.136035919189453,52.586299896240234],[8.90596866607666,52.51908493041992],[8.906665802001953,52.4518928527832],[8.821284294128418,52.4518928527832],[8.91016674041748,52.11625671386719],[8.400161743164062,52.0491943359375],[8.402093887329102,51.91512680053711],[7.975754737854004,51.98215103149414]],[[8.710076332092285,47.92780685424805],[8.793634414672852,47.86185836791992],[8.628328323364258,47.86185836791992],[8.626447677612305,47.993770599365234],[8.709171295166016,47.993770599365234],[8.710076332092285,47.92780685424805]],[[8.701903343200684,48.52202224731445],[8.61889362335205,48.52202224731445],[8.53490161895752,48.5881233215332],[8.6170015335083,48.654239654541016],[8.701903343200684,48.52202224731445]],[[8.290122985839844,48.323814392089844],[8.291211128234863,48.257774353027344],[8.206095695495605,48.38986587524414],[8.454909324645996,48.38986587524414],[8.290122985839844,48.323814392089844]],[[8.451854705810547,48.5881233215332],[8.452873229980469,48.52202224731445],[8.370917320251465,48.455936431884766],[8.285761833190918,48.5881233215332],[8.451854705810547,48.5881233215332]],[[7.541964530944824,52.38472366333008],[7.285952568054199,52.38472366333008],[7.281329154968262,52.586299896240234],[7.710002422332764,52.51908493041992],[7.800522327423096,52.250450134277344],[7.801794052124023,52.18334197998047],[7.547579765319824,52.11625671386719],[7.541964530944824,52.38472366333008]],[[7.049864292144775,51.580322265625],[7.557370185852051,51.64724349975586],[7.644935131072998,51.51342010498047],[7.39061164855957,51.51342010498047],[7.562949180603027,51.37968063354492],[7.564342498779297,51.31283950805664],[7.482563495635986,51.17921447753906],[7.228870391845703,51.17921447753906],[7.056454181671143,51.31283950805664],[7.049864292144775,51.580322265625]]],[[[11.7120943069458,51.31283950805664],[12.051520347595215,51.37968063354492],[11.969246864318848,51.580322265625],[12.308514595031738,51.580322265625],[12.397505760192871,51.84812545776367],[12.228504180908203,51.91512680053711],[12.143472671508789,51.91512680053711],[12.14254093170166,51.84812545776367],[11.885207176208496,51.64724349975586],[11.460908889770508,51.64724349975586],[11.459787368774414,51.51342010498047],[11.7120943069458,51.31283950805664]]],[[[9.9271879196167,54.545284271240234],[9.927509307861328,54.341712951660156],[9.754772186279297,54.138362884521484],[10.1008939743042,54.20612335205078],[10.187621116638184,54.47740173339844],[10.187661170959473,54.545284271240234],[10.100836753845215,54.545284271240234],[10.014012336730957,54.545284271240234],[9.9271879196167,54.545284271240234]]],[[[9.750177383422852,55.70311737060547],[9.574832916259766,55.70311737060547],[9.486467361450195,55.83982467651367],[8.785029411315918,55.77145767211914],[8.701329231262207,55.430015563964844],[8.52729320526123,55.36180877685547],[8.528193473815918,55.29362487792969],[8.529091835021973,55.225467681884766],[8.441773414611816,55.225467681884766],[8.442720413208008,55.15733337402344],[8.443666458129883,55.089229583740234],[8.530884742736816,55.089229583740234],[8.531778335571289,55.021148681640625],[8.532670974731445,54.95309066772461],[8.533562660217285,54.88506317138672],[8.70611572265625,55.021148681640625],[9.054789543151855,55.021148681640625],[9.312715530395508,55.56651306152344],[9.750565528869629,55.56651306152344],[9.750370979309082,55.63479995727539],[9.750177383422852,55.70311737060547]]]]},"properties":{"Name":"Holy Roman Empire Minor States","FromYear":1700,"ToYear":1701,"Area":238714.96055424964,"Type":"POLITY","Wikipedia":"Holy Roman Empire","Wikidata":"Q12548","SeshatID":"de_empire_minor_2","Components":"","MemberOf":"(Holy Roman Empire)"}},
{"type":"Feature","geometry":{"type":"Polygon","coordinates":[[[4.822853088378906,50.04647445678711],[4.738976001739502,50.04647445678711],[4.736247062683105,50.11296081542969],[4.652331352233887,50.11296081542969],[4.490188121795654,49.98000717163086],[4.154837608337402,49.98000717163086],[4.133730411529541,50.445655822753906],[4.04653787612915,50.51224899291992],[3.794073104858398,50.51224899291992],[3.612581014633179,50.77880859375],[3.022362232208252,50.77880859375],[3.011542558670044,50.97892379760742],[2.59697437286377,50.84549331665039],[2.493265151977539,51.17921447753906],[2.408700704574585,51.17921447753906],[1.656218767166138,51.04566955566406],[1.424705147743225,50.71213912963867],[1.454967975616455,50.2459831237793],[1.052847385406494,49.98000717163086],[0.224112883210182,49.84712600708008],[-0.012448177672923,49.64793395996094],[0.007001183927059,49.38258361816406],[-1.250783205032349,49.44889450073242],[-1.361783027648926,49.78071212768555],[-2.031550645828247,49.78071212768555],[-1.913302421569824,49.38258361816406],[-1.651668906211853,49.2500114440918],[-1.635041356086731,49.051273345947266],[-1.718345284461975,49.051273345947266],[-1.602181315422058,48.654239654541016],[-2.521934509277344,48.72037124633789],[-2.759404182434082,48.5881233215332],[-3.122164011001587,48.91886520385742],[-3.455082654953003,48.91886520385742],[-3.85184383392334,48.72037124633789],[-4.599917888641357,48.72037124633789],[-4.911745548248291,48.52202224731445],[-4.891265392303467,48.323814392089844],[-4.642560005187988,48.323814392089844],[-4.546383857727051,48.191749572753906],[-4.705362796783447,48.1257438659668],[-4.692053318023682,47.993770599365234],[-4.424368858337402,47.79592514038086],[-3.934937715530396,47.86185836791992],[-3.757235288619995,47.730003356933594],[-3.344320774078369,47.730003356933594],[-3.155531167984009,47.46647262573242],[-2.837259292602539,47.598209381103516],[-2.825755596160889,47.46647262573242],[-2.578423976898193,47.46647262573242],[-2.561590671539307,47.26897048950195],[-2.232228517532349,47.26897048950195],[-2.139080047607422,47.13737487792969],[-2.194406032562256,46.808616638183594],[-2.024919986724854,46.74290466308594],[-2.014399528503418,46.61152267456055],[-1.666043281555176,46.348915100097656],[-1.251809358596802,46.283294677734375],[-1.222735166549683,45.889827728271484],[-1.141096234321594,45.889827728271484],[-1.213142395019531,45.75876998901367],[-1.045281529426575,45.693260192871094],[-1.031213998794556,45.496795654296875],[-1.189373373985291,45.431331634521484],[-1.170574903488159,45.169586181640625],[-1.251859068870544,45.169586181640625],[-1.205376982688904,44.5159797668457],[-1.286344885826111,44.5159797668457],[-1.267958283424377,44.25482940673828],[-1.348801136016846,44.25482940673828],[-1.321390628814697,43.86341094970703],[-1.402047991752625,43.86341094970703],[-1.459883332252502,43.53750228881836],[-1.692170143127441,43.407203674316406],[-1.687574744224548,43.342071533203125],[-1.441840410232544,43.276947021484375],[-1.428432941436768,43.08163070678711],[-1.026964664459229,43.08163070678711],[-0.528801321983337,42.82133865356445],[-0.208102732896805,42.82133865356445],[0.040142297744751,42.691246032714844],[1.074691534042358,42.82133865356445],[1.485537886619568,42.62621307373047],[1.565624117851257,42.62621307373047],[1.645710229873657,42.62621307373047],[1.725796341896057,42.62621307373047],[1.72901451587677,42.56119155883789],[1.80907130241394,42.56119155883789],[2.458339214324951,42.36617660522461],[3.092691898345947,42.496177673339844],[3.089980125427246,42.56119155883789],[3.009923458099365,42.56119155883789],[2.984907388687134,43.146724700927734],[3.850892543792725,43.6026611328125],[4.173032760620117,43.6026611328125],[4.177847862243652,43.472347259521484],[4.577967166900635,43.53750228881836],[5.386905193328857,43.407203674316406],[5.390771865844727,43.276947021484375],[5.631923198699951,43.276947021484375],[5.796233177185059,43.146724700927734],[6.517646789550781,43.211830139160156],[6.593565464019775,43.407203674316406],[6.832098007202148,43.53750228881836],[6.91260290145874,43.53750228881836],[6.829278945922852,43.6678352355957],[6.668147563934326,43.6678352355957],[6.74289083480835,43.92862319946289],[6.416947841644287,44.05907440185547],[6.413734436035156,44.18956756591797],[6.814867973327637,44.32010269165039],[6.565949440002441,44.58129119873047],[6.640680313110352,44.842647552490234],[6.228048801422119,45.10417556762695],[5.901144027709961,45.169586181640625],[5.812080860137939,45.431331634521484],[5.48224401473999,45.56227111816406],[5.634932518005371,45.889827728271484],[6.033519744873047,46.21768569946289],[6.103800296783447,46.61152267456055],[6.506691455841064,46.87434005737305],[6.504899501800537,46.94007873535156],[6.587069988250732,46.94007873535156],[6.585307121276855,47.005828857421875],[6.667511463165283,47.005828857421875],[6.665778160095215,47.07159423828125],[6.748015880584717,47.07159423828125],[6.830254077911377,47.07159423828125],[6.828584671020508,47.13737487792969],[6.989914417266846,47.26897048950195],[6.985063552856445,47.46647262573242],[6.816785335540771,47.598209381103516],[6.980180740356445,47.664100646972656],[6.981812000274658,47.598209381103516],[6.983439445495605,47.53233337402344],[7.39728307723999,47.46647262573242],[7.559404373168945,47.598209381103516],[7.558016777038574,47.664100646972656],[7.556626796722412,47.730003356933594],[7.555233955383301,47.79592514038086],[7.55383825302124,47.86185836791992],[7.552440643310547,47.92780685424805],[7.626908302307129,48.323814392089844],[7.709810256958008,48.323814392089844],[7.708469390869141,48.38986587524414],[7.707126617431641,48.455936431884766],[7.705782890319824,48.52202224731445],[7.788793087005615,48.52202224731445],[7.787483692169189,48.5881233215332],[7.870530128479004,48.5881233215332],[7.867981433868408,48.72037124633789],[8.115007400512695,48.852684020996094],[8.112674713134766,48.98506164550781],[7.528380393981934,49.051273345947266],[7.529807567596436,48.98506164550781],[7.36456081694231,48.9282823868225],[7.33715364535665,48.91886520385742],[7.199438921175841,48.871546028635606],[7.144544131328063,48.852684020996094],[6.951990127563477,48.786521911621094],[6.868834018707275,48.786521911621094],[6.617537975311279,48.852684020996094],[6.613873958587646,48.98506164550781],[7.031854577004194,48.91886536320888],[7.031855583190918,48.91886520385742],[7.03020715713501,48.98506164550781],[7.028557300567627,49.051273345947266],[6.945253372192383,49.051273345947266],[6.861949920654297,49.051273345947266],[6.860223770141602,49.11750411987305],[6.776882648468018,49.11750411987305],[6.775116920471191,49.18375015258789],[6.691738605499268,49.18375015258789],[6.360177040100098,49.11750411987305],[6.266860485076904,49.44889450073242],[6.18333101272583,49.44889450073242],[6.099801540374756,49.44889450073242],[6.01627254486084,49.44889450073242],[5.85359001159668,49.316287994384766],[5.596318244934082,49.51522445678711],[4.830895900726318,49.84712600708008],[4.822853088378906,50.04647445678711]]]},"properties":{"Name":"Kingdom of France","FromYear":1700,"ToYear":1701,"Area":532958.146273822,"Type":"POLITY","Wikipedia":"Kingdom of France","Wikidata":"Q207162","SeshatID":"fr_bourbon_k_2","Components":"","MemberOf":"(Kingdom of France)"}},
{"type":"Feature","geometry":{"type":"Polygon","coordinates":[[[42.38526916503906,42.041324615478516],[42.39674377441406,42.10627746582031],[42.40824890136719,42.17123794555664],[42.41978454589844,42.236209869384766],[42.49969482421875,42.236209869384766],[42.51129150390625,42.30118942260742],[42.522918701171875,42.36617660522461],[42.534576416015625,42.43117141723633],[42.706321716308594,42.496177673339844],[42.72990798950195,42.62621307373047],[42.581512451171875,42.691246032714844],[42.61702346801758,42.88639831542969],[43.24655532836914,42.82133865356445],[43.43125534057617,42.95146560668945],[43.44347381591797,43.016544342041016],[43.20268249511719,43.016544342041016],[42.91782760620117,43.211830139160156],[42.343467712402344,43.146724700927734],[42.33161163330078,43.08163070678711],[42.06727600097656,42.95146560668945],[42.08921813964844,42.62621307373047],[41.563289642333984,42.36617660522461],[41.55200958251953,42.30118942260742],[41.700584411621094,42.236209869384766],[41.598209381103516,42.10627746582031],[41.678062438964844,42.10627746582031],[41.75791549682617,42.10627746582031],[42.38526916503906,42.041324615478516]]]},"properties":{"Name":"Principality of Mingrelia","FromYear":1700,"ToYear":1720,"Area":8303.048349581994,"Type":"POLITY","Wikipedia":"Principality of Mingrelia","Wikidata":"Q2907860","SeshatID":"","Components":"","MemberOf":""}},
{"type":"Feature","geometry":{"type":"Polygon","coordinates":[[[42.62437438964844,41.586883544921875],[42.704002380371094,41.586883544921875],[42.783626556396484,41.586883544921875],[42.86325454711914,41.586883544921875],[42.886165618896484,41.71668243408203],[43.20489501953125,41.71668243408203],[43.228172302246094,41.84651184082031],[43.47916793823242,41.911441802978516],[43.6983642578125,42.236209869384766],[43.67877960205078,42.56119155883789],[43.78324508666992,42.691246032714844],[43.79549789428711,42.75628662109375],[43.73988342285156,42.88639831542969],[43.51148986816406,42.95146560668945],[43.43125534057617,42.95146560668945],[43.24655532836914,42.82133865356445],[42.61702346801758,42.88639831542969],[42.581512451171875,42.691246032714844],[42.72990798950195,42.62621307373047],[42.706321716308594,42.496177673339844],[42.534576416015625,42.43117141723633],[42.522918701171875,42.36617660522461],[42.51129150390625,42.30118942260742],[42.49969482421875,42.236209869384766],[42.41978454589844,42.236209869384766],[42.40824890136719,42.17123794555664],[42.39674377441406,42.10627746582031],[42.38526916503906,42.041324615478516],[42.65854263305664,41.781593322753906],[42.62437438964844,41.586883544921875]]]},"properties":{"Name":"Kingdom of Imereti","FromYear":1700,"ToYear":1720,"Area":11490.181408421457,"Type":"POLITY","Wikipedia":"Kingdom of Imereti","Wikidata":"Q1069959","SeshatID":"","Components":"","MemberOf":""}},
{"type":"Feature","geometry":{"type":"Polygon","coordinates":[[[42.343467712402344,43.146724700927734],[42.52803039550781,43.276947021484375],[41.953582763671875,43.211830139160156],[40.735965728759766,43.6026611328125],[40.17222213745117,43.6026611328125],[39.988922119140625,43.472347259521484],[40.219173431396484,43.407203674316406],[40.41570281982422,43.146724700927734],[40.96352661185964,43.06386178139703],[41.11996139210751,43.04019971560883],[41.27635192871094,43.016544342041016],[41.29936450048055,42.918907386349574],[41.307026735772595,42.88639831542969],[41.32236099243164,42.82133865356445],[41.608699798583984,42.62621307373047],[41.48331832885742,42.36617660522461],[41.563289642333984,42.36617660522461],[42.08921813964844,42.62621307373047],[42.06727600097656,42.95146560668945],[42.33161163330078,43.08163070678711],[42.343467712402344,43.146724700927734]]]},"properties":{"Name":"Principality of Abkhazia","FromYear":1700,"ToYear":1726,"Area":10254.784923966068,"Type":"POLITY","Wikipedia":"Principality of Abkhazia","Wikidata":"Q1760473","SeshatID":"","Components":"","MemberOf":""}},
{"type":"Feature","geometry":{"type":"MultiPolygon","coordinates":[[[[-8.447019577026367,32.94303894042969],[-8.695550918579102,33.20018768310547],[-9.054909706115723,32.878753662109375],[-9.050174713134766,32.81447219848633],[-8.730104446411133,32.62162780761719],[-8.442415237426758,32.878753662109375],[-8.447019577026367,32.94303894042969]]],[[[-8.928141593933105,41.911441802978516],[-8.921201705932617,41.84651184082031],[-8.72695255279541,40.74397277832031],[-8.872282981872559,40.614410400390625],[-8.846114158630371,40.355369567871094],[-8.925222396850586,40.355369567871094],[-9.025042533874512,39.77294921875],[-9.103915214538574,39.77294921875],[-9.157164573669434,39.51427459716797],[-9.387048721313477,39.449623107910156],[-9.42748737335205,39.06184005737305],[-9.571974754333496,38.93262481689453],[-9.553065299987793,38.738853454589844],[-9.38370418548584,38.60969924926758],[-9.23299789428711,38.67427444458008],[-9.20852279663086,38.416015625],[-8.822718620300293,38.48057174682617],[-8.818843841552734,37.5772590637207],[-8.896896362304688,37.5772590637207],[-9.00136661529541,36.9970588684082],[-8.70113754272461,37.12596130371094],[-8.311661720275879,37.12596130371094],[-8.067157745361328,36.9970588684082],[-7.677903652191162,36.9970588684082],[-7.454815864562988,37.12596130371094],[-7.465344429016113,37.254878997802734],[-7.387404441833496,37.254878997802734],[-7.502705097198486,37.706241607666016],[-7.27909517288208,37.835243225097656],[-7.14418888092041,38.09331130981445],[-6.987714290618896,38.09331130981445],[-6.998411178588867,38.22237777709961],[-7.244168281555176,38.351463317871094],[-7.271727085113525,38.67427444458008],[-7.120340347290039,38.738853454589844],[-6.985427379608154,38.997230529785156],[-7.255166053771973,39.38497543334961],[-7.418391227722168,39.449623107910156],[-7.435848712921143,39.64360046386719],[-6.895466804504395,39.77294921875],[-6.839452266693115,40.031734466552734],[-7.00321626663208,40.0964469909668],[-7.014894485473633,40.225894927978516],[-6.868430137634277,40.355369567871094],[-6.927728176116943,41.00318908691406],[-6.254164218902588,41.45711898803711],[-6.271912097930908,41.65177917480469],[-6.516909122467041,41.71668243408203],[-6.700808048248291,41.97637939453125],[-8.11717414855957,41.781593322753906],[-8.216935157775879,41.97637939453125],[-8.137139320373535,41.97637939453125],[-8.150541305541992,42.10627746582031],[-8.469955444335938,42.10627746582031],[-8.928141593933105,41.911441802978516]]]]},"properties":{"Name":"(Portuguese Empire)","FromYear":1700,"ToYear":1705,"Area":1258906.9719223084,"Type":"POLITY","Wikipedia":"Portuguese Empire","Wikidata":"Q200464","SeshatID":"pt_portuguese_emp_2","Components":"Portuguese Colonies;Portuguese Empire;Kingdom of Portugal","MemberOf":""}},
{"type":"Feature","geometry":{"type":"MultiPolygon","coordinates":[[[[-6.331579685211182,54.07062530517578],[-5.899145126342773,54.07062530517578],[-5.4320068359375,54.47740173339844],[-5.440718173980713,54.545284271240234],[-5.527542591094971,54.545284271240234],[-5.553964138031006,54.74907684326172],[-5.727906227111816,54.74907684326172],[-5.745834827423096,54.88506317138672],[-5.929072856903076,54.95309066772461],[-6.149667739868164,55.29362487792969],[-7.013527870178223,55.225467681884766],[-7.120616436004639,55.36180877685547],[-7.819964408874512,55.36180877685547],[-7.886708736419678,55.225467681884766],[-8.41061782836914,55.225467681884766],[-8.56389045715332,55.089229583740234],[-8.532058715820312,54.88506317138672],[-8.869585037231445,54.817054748535156],[-8.837503433227539,54.613189697265625],[-8.316265106201172,54.613189697265625],[-8.642707824707031,54.47740173339844],[-8.697977066040039,54.27390670776367],[-9.49949836730957,54.4095458984375],[-10.084067344665527,54.27390670776367],[-9.833613395690918,53.799922943115234],[-10.006207466125488,53.799922943115234],[-9.984235763549805,53.664710998535156],[-10.231764793395996,53.597137451171875],[-10.209695816040039,53.462066650390625],[-9.382568359375,53.124786376953125],[-9.468400001525879,53.124786376953125],[-9.437079429626465,52.92268753051758],[-9.74826431274414,52.720787048339844],[-9.727348327636719,52.586299896240234],[-9.973213195800781,52.51908493041992],[-9.941752433776855,52.31757736206055],[-10.528071403503418,52.250450134277344],[-10.506694793701172,52.11625671386719],[-10.25121021270752,52.11625671386719],[-10.485442161560059,51.98215103149414],[-10.45379638671875,51.78114318847656],[-10.188602447509766,51.71418380737305],[-10.167977333068848,51.580322265625],[-9.92369556427002,51.64724349975586],[-9.808544158935547,51.44654083251953],[-9.639079093933105,51.44654083251953],[-8.481083869934082,51.64724349975586],[-8.415112495422363,51.78114318847656],[-8.075331687927246,51.78114318847656],[-7.611197948455811,52.11625671386719],[-6.427507877349854,52.18334197998047],[-6.2316575050354,52.653533935546875],[-6.14614200592041,52.653533935546875],[-6.171980857849121,52.85536575317383],[-6.086330413818359,52.85536575317383],[-6.14714241027832,53.32708740234375],[-6.241942882537842,53.39456558227539],[-6.087455749511719,53.52959060668945],[-6.286456108093262,53.732303619384766],[-6.331579685211182,54.07062530517578]]],[[[-7.597294807434082,57.35087585449219],[-7.465542793273926,57.07511901855469],[-7.288100242614746,57.07511901855469],[-7.319843292236328,57.28189468383789],[-7.230959415435791,57.28189468383789],[-7.252153396606445,57.41988754272461],[-7.597294807434082,57.35087585449219]]],[[[-4.358400821685791,54.20612335205078],[-4.382591724395752,54.4095458984375],[-4.807900905609131,54.341712951660156],[-4.799596309661865,54.27390670776367],[-4.861302852630615,54.07062530517578],[-4.358400821685791,54.20612335205078]]],[[[-2.075707674026489,57.28189468383789],[-1.823600172996521,57.41988754272461],[-1.852917313575745,57.696231842041016],[-3.734920263290405,57.7653923034668],[-3.726380348205566,57.696231842041016],[-3.994018077850342,57.696231842041016],[-3.930825471878052,57.903804779052734],[-4.118414402008057,57.97305679321289],[-3.428223133087158,58.180992126464844],[-3.021383285522461,58.528167724609375],[-3.136410236358643,58.73685073852539],[-3.676762819290161,58.73685073852539],[-4.019067287445068,58.59769821166992],[-5.198037147521973,58.66725540161133],[-5.169017314910889,58.45867156982422],[-5.258847236633301,58.45867156982422],[-5.239514827728271,58.31977081298828],[-5.418947219848633,58.31977081298828],[-5.459936618804932,57.97305679321289],[-5.728240966796875,57.97305679321289],[-5.887243270874023,57.8345832824707],[-5.917263507843018,57.41988754272461],[-5.729594707489014,57.35087585449219],[-5.700699329376221,57.14401626586914],[-5.808821201324463,57.28189468383789],[-6.085347175598145,57.35087585449219],[-6.11513090133667,57.55800247192383],[-6.323688507080078,57.7653923034668],[-6.502223968505859,57.7653923034668],[-6.471539974212646,57.55800247192383],[-6.817555904388428,57.488929748535156],[-6.796852111816406,57.35087585449219],[-6.618975639343262,57.35087585449219],[-6.410901069641113,57.14401626586914],[-6.055799961090088,57.14401626586914],[-5.947565078735352,57.00625228881836],[-5.908953666687012,56.731075286865234],[-6.341366291046143,56.662349700927734],[-6.23344087600708,56.524986267089844],[-6.292484283447266,56.319149017333984],[-5.684883117675781,56.387733459472656],[-5.656883716583252,56.182064056396484],[-5.920981407165527,56.182064056396484],[-6.068491458892822,55.97663879394531],[-6.507877826690674,55.97663879394531],[-6.634748458862305,55.63479995727539],[-6.381457328796387,55.70311737060547],[-6.362338542938232,55.56651306152344],[-6.187198638916016,55.56651306152344],[-6.127885818481445,55.77145767211914],[-5.952439785003662,55.77145767211914],[-5.89273738861084,55.97663879394531],[-5.80486011505127,55.97663879394531],[-5.689270496368408,55.77145767211914],[-5.915220260620117,55.498252868652344],[-5.887563228607178,55.29362487792969],[-5.625458240509033,55.29362487792969],[-5.574207305908203,55.56651306152344],[-5.381163120269775,55.430015563964844],[-5.118756771087646,55.430015563964844],[-5.162932395935059,55.77145767211914],[-5.426101684570312,55.77145767211914],[-5.444243907928467,55.90821838378906],[-4.996289253234863,55.83982467651367],[-4.978706836700439,55.70311737060547],[-4.794708251953125,55.63479995727539],[-4.768880844116211,55.430015563964844],[-5.171102046966553,55.15733337402344],[-5.153679370880127,55.021148681640625],[-5.32801628112793,55.021148681640625],[-5.206079959869385,54.74907684326172],[-4.936679363250732,54.681121826171875],[-4.953676700592041,54.817054748535156],[-4.423340797424316,54.74907684326172],[-3.569097280502319,54.88506317138672],[-3.71977162361145,54.681121826171875],[-3.586766958236694,54.27390670776367],[-3.319409608840942,54.20612335205078],[-3.304538726806641,54.07062530517578],[-2.96582555770874,54.138362884521484],[-3.196035623550415,53.86756134033203],[-3.095205545425415,53.732303619384766],[-3.152528285980225,53.462066650390625],[-3.317377805709839,53.39456558227539],[-4.162125587463379,53.25962829589844],[-4.271347522735596,53.462066650390625],[-4.701662540435791,53.462066650390625],[-4.669717311859131,53.192195892333984],[-4.490120410919189,53.124786376953125],[-4.809510231018066,52.92268753051758],[-4.793659210205078,52.78806686401367],[-4.29533576965332,52.92268753051758],[-4.156738758087158,52.4518928527832],[-4.39012336730957,52.250450134277344],[-4.893810749053955,52.18334197998047],[-5.295889377593994,51.98215103149414],[-5.264270305633545,51.71418380737305],[-5.078959941864014,51.580322265625],[-4.415247440338135,51.71418380737305],[-4.308269023895264,51.51342010498047],[-3.891522645950317,51.580322265625],[-3.70082426071167,51.37968063354492],[-3.277374029159546,51.37968063354492],[-3.121426105499268,51.51342010498047],[-2.945236444473267,51.44654083251953],[-3.107994079589844,51.37968063354492],[-3.094635725021362,51.24601745605469],[-4.201729774475098,51.31283950805664],[-4.426436901092529,51.04566955566406],[-4.67988109588623,51.04566955566406],[-4.657799243927002,50.84549331665039],[-4.819114208221436,50.77880859375],[-4.881234169006348,50.578861236572266],[-5.133819580078125,50.578861236572266],[-5.279601097106934,50.37908172607422],[-5.768607616424561,50.2459831237793],[-5.745615005493164,50.04647445678711],[-5.151133060455322,49.98000717163086],[-4.928657054901123,50.2459831237793],[-4.354779243469238,50.37908172607422],[-4.186630249023438,50.37908172607422],[-4.088706493377686,50.2459831237793],[-3.584736108779907,50.2459831237793],[-3.456606388092041,50.64549255371094],[-3.12621021270752,50.71213912963867],[-2.789105415344238,50.71213912963867],[-2.607964515686035,50.578861236572266],[-1.524962306022644,50.71213912963867],[-1.513427257537842,50.578861236572266],[-1.176646590232849,50.578861236572266],[-1.109168291091919,50.77880859375],[-1.367843627929688,50.84549331665039],[0.492853790521622,50.77880859375],[1.313834071159363,51.112430572509766],[1.380577206611633,51.37968063354492],[0.523877322673798,51.51342010498047],[0.862975299358368,51.51342010498047],[0.843909561634064,51.78114318847656],[1.183690190315247,51.78114318847656],[1.169783234596252,51.98215103149414],[1.425007224082947,51.98215103149414],[1.586262822151184,52.11625671386719],[1.653681755065918,52.38472366333008],[1.739019155502319,52.38472366333008],[1.622210025787354,52.85536575317383],[1.093834638595581,53.057395935058594],[0.493327647447586,53.057395935058594],[0.337453275918961,52.85536575317383],[0.166152358055115,52.85536575317383],[0.06977716833353,52.99003219604492],[0.316494405269623,53.124786376953125],[0.29531991481781,53.39456558227539],[0.020827349275351,53.597137451171875],[0.004257039166987,53.799922943115234],[-0.17964468896389,53.93522644042969],[-0.202435865998268,54.20612335205078],[-0.671433329582214,54.613189697265625],[-1.285956144332886,54.681121826171875],[-1.398887872695923,54.95309066772461],[-1.486006855964661,54.95309066772461],[-1.519152045249939,55.29362487792969],[-1.606520295143127,55.29362487792969],[-1.734845399856567,55.70311737060547],[-2.01904296875,55.90821838378906],[-2.656256437301636,56.11355972290039],[-3.26426100730896,56.04508590698242],[-3.103936910629272,56.182064056396484],[-2.671310901641846,56.25059127807617],[-2.789952516555786,56.524986267089844],[-2.532599925994873,56.59365463256836],[-2.208682298660278,56.86860656738281],[-2.075707674026489,57.28189468383789]]],[[[-7.562519073486328,57.696231842041016],[-7.440887928009033,57.488929748535156],[-7.105842113494873,57.62710189819336],[-7.116456508636475,57.696231842041016],[-7.562519073486328,57.696231842041016]]],[[[-6.25730562210083,58.528167724609375],[-6.785952091217041,58.45867156982422],[-6.764688491821289,58.31977081298828],[-6.854404926300049,58.31977081298828],[-7.281157493591309,58.180992126464844],[-7.06976318359375,57.97305679321289],[-7.12709903717041,57.7653923034668],[-6.52281665802002,57.903804779052734],[-6.385126113891602,58.180992126464844],[-6.205919742584229,58.180992126464844],[-6.25730562210083,58.528167724609375]]],[[[-3.531404256820679,59.015533447265625],[-3.415184020996094,58.80647277832031],[-3.063107252120972,58.876129150390625],[-2.972933053970337,58.876129150390625],[-2.792584657669067,58.876129150390625],[-2.809081315994263,59.015533447265625],[-3.088408470153809,59.08528518676758],[-3.195853710174561,59.22488784790039],[-3.376785039901733,59.22488784790039],[-3.441113948822021,59.015533447265625],[-3.531404256820679,59.015533447265625]]],[[[-2.578956842422485,59.36461639404297],[-2.842337846755981,59.294734954833984],[-2.825665473937988,59.15507125854492],[-2.644851207733154,59.15507125854492],[-2.653059244155884,59.22488784790039],[-2.562593460083008,59.22488784790039],[-2.578956842422485,59.36461639404297]]]]},"properties":{"Name":"(Kingdom of England)","FromYear":1700,"ToYear":1701,"Area":563385.8480449703,"Type":"POLITY","Wikipedia":"Kingdom of England","Wikidata":"Q179876","SeshatID":"","Components":"Kingdom of England;English Colonial Empire","MemberOf":""}},
{"type":"Feature","geometry":{"type":"MultiPolygon","coordinates":[[[[-2.8270103931427,35.258358001708984],[-2.830641508102417,35.32271194458008],[-2.837937116622925,35.45143127441406],[-2.992615222930908,35.45143127441406],[-2.981565713882446,35.258358001708984],[-2.8270103931427,35.258358001708984]]],[[[-0.530006587505341,35.708900451660156],[-0.607428431510925,35.708900451660156],[-0.684850215911865,35.708900451660156],[-0.76227205991745,35.708900451660156],[-0.83969384431839,35.708900451660156],[-0.917115688323975,35.708900451660156],[-0.913937389850616,35.644527435302734],[-0.907609820365906,35.51579284667969],[-0.672443270683289,35.45143127441406],[-0.446486860513687,35.58015823364258],[-0.530006587505341,35.708900451660156]]],[[[-5.485002994537354,35.708900451660156],[-5.451572655644581,35.723202586161776],[-5.334535121917725,35.77327346801758],[-5.338923931121826,35.837650299072266],[-5.571314811706543,35.837650299072266],[-5.498279298868719,35.728704485602684],[-5.485002994537354,35.708900451660156]]]]},"properties":{"Name":"Spanish Empire","FromYear":1700,"ToYear":1701,"Area":6905916.844933987,"Type":"POLITY","Wikipedia":"Spanish Empire","Wikidata":"Q80702","SeshatID":"es_spanish_emp_1","Components":"","MemberOf":"(Spanish Empire)"}},
{"type":"Feature","geometry":{"type":"MultiPolygon","coordinates":[[[[17.520870208740234,43.08163070678711],[17.440576553344727,43.08163070678711],[17.36028289794922,43.08163070678711],[17.35774040222168,43.016544342041016],[17.515670776367188,42.95146560668945],[17.518270340175995,43.016544342041016],[17.520870208740234,43.08163070678711]]],[[[17.36538314819336,43.211830139160156],[17.053739547729492,43.472347259521484],[17.05619239807129,43.53750228881836],[16.97568702697754,43.53750228881836],[16.270606994628906,44.12431716918945],[15.864686012268066,44.05907440185547],[15.146636962890625,44.38538360595703],[15.144895553588867,44.32010269165039],[15.218687057495117,44.05907440185547],[15.459075927734375,43.99384307861328],[15.374701499938965,43.86341094970703],[15.618592262268066,43.92862319946289],[15.695383071899414,43.79821014404297],[15.935225486755371,43.73301696777344],[16.01169204711914,43.6026611328125],[15.927099227905273,43.472347259521484],[16.575437545776367,43.6026611328125],[16.734172821044922,43.53750228881836],[16.727190017700195,43.342071533203125],[17.05129051208496,43.407203674316406],[17.12186050415039,43.146724700927734],[17.2850284576416,43.211830139160156],[17.36538314819336,43.211830139160156]]],[[[15.146636962890625,44.38538360595703],[15.148378372192383,44.45067596435547],[15.067441940307617,44.45067596435547],[15.065731048583984,44.38538360595703],[15.146636962890625,44.38538360595703]]],[[[15.067441940307617,44.45067596435547],[15.06858201388312,44.49419194994971],[15.06915283203125,44.5159797668457],[15.028629145527555,44.5159797668457],[14.988184928894043,44.5159797668457],[14.986505508422852,44.45067596435547],[15.067441940307617,44.45067596435547]]],[[[14.260871887207031,44.58129119873047],[14.502378463745117,44.5159797668457],[14.51131820678711,44.908016204833984],[14.350428581237793,44.973392486572266],[14.269240379333496,44.973392486572266],[14.260871887207031,44.58129119873047]]],[[[14.515777587890625,45.10417556762695],[14.757952513026673,45.03877670306789],[14.757953643798828,45.03877639770508],[14.757952549930629,45.03877822926232],[14.705873954494141,45.12597788336516],[14.679829597473145,45.169586181640625],[14.59854507446289,45.169586181640625],[14.517261505126953,45.169586181640625],[14.515777587890625,45.10417556762695]]],[[[13.710229873657227,45.496795654296875],[13.628785133361816,45.496795654296875],[13.547340393066406,45.496795654296875],[13.544051170349121,45.300437927246094],[13.705584526062012,45.23500442504883],[13.780906677246094,44.908016204833984],[13.943220138549805,44.908016204833984],[13.945749282836914,45.03877639770508],[14.026969909667969,45.03877639770508],[13.786900520324707,45.23500442504883],[14.117451667785645,45.496795654296875],[13.710229873657227,45.496795654296875]]],[[[12.238323211669922,44.842647552490234],[12.23771858215332,44.77729415893555],[12.399906158447266,44.77729415893555],[12.40256118774414,45.03877639770508],[12.160021781921387,45.169586181640625],[12.162785530090332,45.496795654296875],[12.652192115783691,45.56227111816406],[12.816752433776855,45.693260192871094],[13.060476303100586,45.62776184082031],[13.061376571655273,45.693260192871094],[13.14291763305664,45.693260192871094],[13.14384937286377,45.75876998901367],[13.144780158996582,45.82429504394531],[13.226387023925781,45.82429504394531],[13.307992935180664,45.82429504394531],[13.31197738647461,46.08650588989258],[13.47651481628418,46.1520881652832],[13.397838592529297,46.348915100097656],[13.562676429748535,46.414546966552734],[13.564879417419434,46.54585266113281],[12.09045124053955,46.677207946777344],[11.843135833740234,46.480194091796875],[11.841521263122559,46.21768569946289],[11.677236557006836,46.08650588989258],[11.350288391113281,46.08650588989258],[11.022930145263672,45.75876998901367],[10.778217315673828,45.693260192871094],[10.45177173614502,45.82429504394531],[10.532551765441895,46.283294677734375],[10.368688583374023,46.348915100097656],[10.124515533447266,46.02093505859375],[9.470881462097168,46.02093505859375],[9.308683395385742,45.889827728271484],[9.310473442077637,45.693260192871094],[9.474601745605469,45.56227111816406],[9.55607795715332,45.56227111816406],[9.71903133392334,45.56227111816406],[9.883387565612793,45.300437927246094],[10.453055381774902,45.169586181640625],[10.452703475952148,45.36587905883789],[10.61540412902832,45.431331634521484],[11.34644889831543,44.973392486572266],[12.239523887634277,44.973392486572266],[12.238323211669922,44.842647552490234]]],[[[22.87404441833496,36.15959167480469],[23.10675048828125,36.15959167480469],[23.116798400878906,36.3527946472168],[22.964859008789062,36.417205810546875],[22.887205123901367,36.417205810546875],[22.87404441833496,36.15959167480469]]],[[[22.853219985961914,37.254878997802734],[22.700735092163086,37.3193473815918],[22.71442985534668,37.5772590637207],[22.792482376098633,37.5772590637207],[22.870534896850586,37.5772590637207],[23.101137161254883,37.51277160644531],[23.168506622314453,37.3193473815918],[23.402393341064453,37.3193473815918],[23.342487335205078,37.641746520996094],[23.108261108398438,37.641746520996094],[23.037315368652344,37.7707405090332],[23.04452365996771,37.89975357055664],[23.051733016967773,38.028785705566406],[23.026295891480647,38.024626437000684],[22.657155990600586,37.96426773071289],[22.589460372924805,38.157840728759766],[22.432939529418945,38.157840728759766],[22.439908981323242,38.28691864013672],[22.279848098754883,38.22237777709961],[22.28675079345703,38.351463317871094],[22.13351058959961,38.416015625],[21.741735458374023,38.416015625],[21.728593826293945,38.157840728759766],[21.415550231933594,38.157840728759766],[21.249725341796875,37.96426773071289],[21.243581771850586,37.835243225097656],[21.696598052978516,37.51277160644531],[21.60311508178711,37.1904182434082],[21.681032180786133,37.1904182434082],[21.743539810180664,36.8681755065918],[21.899152755737305,36.8681755065918],[21.90850067138672,37.06150817871094],[22.21999168395996,37.06150817871094],[22.35634422302246,36.67487716674805],[22.51182746887207,36.67487716674805],[22.59941291809082,36.8681755065918],[22.83283233642578,36.8681755065918],[23.056013107299805,36.67487716674805],[22.853219985961914,37.254878997802734]]],[[[25.0518856048584,37.51277160644531],[25.285974502563477,37.51277160644531],[25.220497131347656,37.706241607666016],[25.064300537109375,37.706241607666016],[24.986202239990234,37.706241607666016],[25.0518856048584,37.51277160644531]]],[[[20.612695693969727,37.706241607666016],[20.922147750854492,37.641746520996094],[20.933977127075195,37.89975357055664],[20.69947624206543,37.89975357055664],[20.621307373046875,37.89975357055664],[20.612695693969727,37.706241607666016]]],[[[20.319902420043945,38.157840728759766],[20.7864933013916,38.09331130981445],[20.795446395874023,38.28691864013672],[20.566410064697266,38.416015625],[20.488054275512695,38.416015625],[20.328466415405273,38.351463317871094],[20.319902420043945,38.157840728759766]]],[[[20.587390899658203,38.8680305480957],[20.49690055847168,38.60969924926758],[20.732181549072266,38.60969924926758],[20.66591453552246,38.8680305480957],[20.587390899658203,38.8680305480957]]],[[[19.918411254882812,39.70827102661133],[19.921405792236328,39.77294921875],[19.76365852355957,39.77294921875],[19.75778579711914,39.64360046386719],[19.912464141845703,39.57893371582031],[19.918411254882812,39.70827102661133]]],[[[18.303630828857422,42.62621307373047],[18.38179089142879,42.58282455142272],[18.77206039428711,42.36617660522461],[18.85202980041504,42.36617660522461],[18.71311378479004,42.82133865356445],[18.306493759155273,42.691246032714844],[18.303630828857422,42.62621307373047]]],[[[17.510494232177734,42.82133865356445],[17.50791358947754,42.75628662109375],[17.588058471679688,42.75628662109375],[17.590667724609375,42.82133865356445],[17.510494232177734,42.82133865356445]]]]},"properties":{"Name":"Republic of Venice","FromYear":1700,"ToYear":1708,"Area":64632.19318896931,"Type":"POLITY","Wikipedia":"Republic of Venice","Wikidata":"Q4948","SeshatID":"it_venetian_rep_4","Components":"","MemberOf":""}},
{"type":"Feature","geometry":{"type":"MultiPolygon","coordinates":[[[[41.57828140258789,41.521995544433594],[41.567359924316406,41.45711898803711],[41.40821838378906,41.45711898803711],[41.307071685791016,41.32738494873047],[41.15876007080078,41.39224624633789],[41.04725646972656,41.19768524169922],[40.53934860229492,41.00318908691406],[40.390892028808594,41.06801223754883],[40.370330810546875,40.93837356567383],[39.735538482666016,40.93837356567383],[39.0508918762207,41.132843017578125],[38.78335189819336,40.93837356567383],[38.29773712158203,40.873565673828125],[38.15805435180664,41.00318908691406],[37.83116149902344,40.93837356567383],[37.770565032958984,41.06801223754883],[37.21474075317383,41.06801223754883],[37.23323440551758,41.19768524169922],[37.06510925292969,41.132843017578125],[36.77476501464844,41.32738494873047],[36.20920181274414,41.26253128051758],[35.953800201416016,41.71668243408203],[35.15697479248047,41.71668243408203],[35.121212005615234,42.041324615478516],[34.881736755371094,42.041324615478516],[34.78450012207031,41.911441802978516],[32.630775451660156,41.911441802978516],[32.694705963134766,41.781593322753906],[32.1933708190918,41.586883544921875],[32.04172897338867,41.65177917480469],[32.02653121948242,41.521995544433594],[31.534175872802734,41.39224624633789],[31.1800537109375,41.06801223754883],[30.62422752380371,41.06801223754883],[30.47923469543457,41.19768524169922],[28.96312141418457,41.132843017578125],[28.975934982299805,41.26253128051758],[28.352495193481445,41.39224624633789],[28.21833038330078,41.65177917480469],[28.052820205688477,41.586883544921875],[27.936981201171875,42.041324615478516],[27.494890213012695,42.43117141723633],[27.513538360595703,42.62621307373047],[27.84662628173828,42.75628662109375],[27.80489730834961,43.146724700927734],[27.89820098876953,43.276947021484375],[28.22636604309082,43.342071533203125],[28.159194946289062,43.472347259521484],[28.48109245300293,43.472347259521484],[28.616275787353516,43.99384307861328],[28.53555679321289,43.99384307861328],[28.576906204223633,44.38538360595703],[28.84072494506836,44.58129119873047],[28.802005767822266,44.973392486572266],[29.04557228088379,44.973392486572266],[29.024105072021484,44.77729415893555],[29.525348663330078,44.908016204833984],[29.66587257385254,45.431331634521484],[29.58445930480957,45.431331634521484],[29.614274978637695,45.693260192871094],[29.85890007019043,45.693260192871094],[30.044963836669922,45.889827728271484],[30.297666549682617,45.95537567138672],[30.87657928466797,46.677207946777344],[31.606428146362305,46.61152267456055],[31.787527084350586,46.74290466308594],[31.94304084777832,46.677207946777344],[31.960309982299805,46.808616638183594],[31.968976974487305,46.87434005737305],[31.791893005371094,47.4006233215332],[31.80066680908203,47.46647262573242],[30.745615005493164,47.598209381103516],[30.597265243530273,47.730003356933594],[30.622472763061523,47.92780685424805],[30.539783477783203,47.92780685424805],[30.573623657226562,48.191749572753906],[30.325132369995117,48.191749572753906],[30.300031661987305,47.993770599365234],[29.53160858154297,47.79592514038086],[29.507915496826172,47.598209381103516],[29.139524459838867,47.26897048950195],[29.199012756347656,47.07159423828125],[29.355844497680664,47.005828857421875],[29.340612411499023,46.87434005737305],[29.497230529785156,46.808616638183594],[29.481975555419922,46.677207946777344],[28.88568115234375,46.480194091796875],[28.440406799316406,46.1520881652832],[28.50797462463379,46.02093505859375],[28.330547332763672,45.889827728271484],[28.309614181518555,45.693260192871094],[28.146530151367188,45.693260192871094],[28.11903953552246,45.431331634521484],[27.861310958862305,45.300437927246094],[27.847858428955078,45.169586181640625],[27.99687957763672,45.03877639770508],[27.969886779785156,44.77729415893555],[27.801036834716797,44.71194839477539],[27.787734985351562,44.58129119873047],[27.943035125732422,44.5159797668457],[27.828874588012695,44.18956756591797],[27.492671966552734,44.05907440185547],[26.281423568725586,44.05907440185547],[25.84855079650879,43.73301696777344],[25.434297561645508,43.6026611328125],[24.881397247314453,43.73301696777344],[24.15087890625,43.6678352355957],[23.601760864257812,43.86341094970703],[22.951791763305664,43.79821014404297],[22.894636154174805,44.12431716918945],[22.50443458557129,44.32010269165039],[22.518192291259766,44.5159797668457],[22.68478775024414,44.58129119873047],[22.531999588012695,44.71194839477539],[22.55048179626465,44.973392486572266],[22.631669998168945,44.973392486572266],[22.73638343811035,45.300437927246094],[22.669118881225586,45.496795654296875],[22.357093811035156,45.693260192871094],[22.452545166015625,45.889827728271484],[22.370906829833984,45.889827728271484],[22.38015365600586,46.02093505859375],[21.563112258911133,46.02093505859375],[21.489965438842773,46.1520881652832],[20.827774047851562,46.02093505859375],[20.672266006469727,46.1520881652832],[19.936336517333984,46.1520881652832],[19.836498260498047,45.82429504394531],[20.07762336730957,45.75876998901367],[19.9814510345459,45.496795654296875],[20.292184829711914,45.23500442504883],[20.019073486328125,44.71194839477539],[19.22174644470215,44.973392486572266],[18.890594482421875,44.842647552490234],[18.57839012145996,45.10417556762695],[17.76310920715332,45.03877639770508],[17.120859146118164,45.23500442504883],[16.4703311920166,45.23500442504883],[16.219921112060547,45.03877639770508],[15.982434272766113,45.23500442504883],[15.819802284240723,45.23500442504883],[15.803844451904297,44.71194839477539],[16.04285430908203,44.58129119873047],[16.270606994628906,44.12431716918945],[16.97568702697754,43.53750228881836],[17.05619239807129,43.53750228881836],[17.053739547729492,43.472347259521484],[17.36538314819336,43.211830139160156],[17.362831115722656,43.146724700927734],[17.443153381347656,43.146724700927734],[17.440576553344727,43.08163070678711],[17.520870208740234,43.08163070678711],[17.518268585205078,43.016544342041016],[17.518270340175995,43.016544342041016],[18.080114364624023,43.016544342041016],[18.306493759155273,42.691246032714844],[18.71311378479004,42.82133865356445],[18.85202980041504,42.36617660522461],[18.8489990234375,42.30118942260742],[19.54244041442871,41.781593322753906],[19.450061798095703,41.521995544433594],[19.529659271240234,41.521995544433594],[19.443790435791016,41.39224624633789],[19.523332595825195,41.39224624633789],[19.437559127807617,41.26253128051758],[19.498455047607422,40.873565673828125],[19.254547119140625,40.74397277832031],[19.2486515045166,40.614410400390625],[19.48629379272461,40.614410400390625],[19.47136878967285,40.29063034057617],[19.62952995300293,40.29063034057617],[20.009418487548828,39.9670295715332],[19.918411254882812,39.70827102661133],[20.15495491027832,39.70827102661133],[20.29724884033203,39.38497543334961],[20.91095733642578,39.06184005737305],[20.74135398864746,38.80344009399414],[20.973709106445312,38.738853454589844],[21.19325065612793,38.416015625],[21.741735458374023,38.416015625],[22.13351058959961,38.416015625],[22.603641510009766,38.416015625],[22.988061904907227,38.28691864013672],[23.026295891480647,38.024626437000684],[23.044498443603516,37.89975357055664],[23.04452365996771,37.89975357055664],[23.20083236694336,37.89975357055664],[23.208162307739258,38.028785705566406],[23.44280242919922,38.028785705566406],[23.9786319732666,37.835243225097656],[24.002099990844727,38.22237777709961],[24.158668518066406,38.22237777709961],[24.178871154785156,38.54513168334961],[24.030162811279297,38.67427444458008],[23.563383102416992,38.738853454589844],[23.626148223876953,38.48057174682617],[23.312631607055664,38.48057174682617],[23.16720199584961,38.67427444458008],[22.935583114624023,38.738853454589844],[23.025423049926758,38.93262481689453],[23.331829071044922,38.80344009399414],[23.492761611938477,38.8680305480957],[22.95830535888672,39.1264533996582],[22.797286987304688,39.06184005737305],[22.816326141357422,39.38497543334961],[23.135168075561523,39.449623107910156],[22.610868453979492,39.90232849121094],[22.701663970947266,40.0964469909668],[22.543659210205078,40.0964469909668],[22.55951499938965,40.355369567871094],[22.654850006103516,40.614410400390625],[22.89249038696289,40.614410400390625],[22.884185791015625,40.4848747253418],[23.267255783081055,40.29063034057617],[23.73737335205078,40.225894927978516],[23.83857536315918,40.54964065551758],[23.684629440307617,40.614410400390625],[23.698017120361328,40.80876541137695],[24.010608673095703,40.74397277832031],[24.34656524658203,41.00318908691406],[25.849451065063477,40.93837356567383],[26.082168579101562,40.873565673828125],[26.140260696411133,40.614410400390625],[26.62644386291504,40.74397277832031],[26.921367645263672,40.4848747253418],[27.017187118530273,40.6791877746582],[27.527481079101562,41.06801223754883],[29.115554809570312,41.06801223754883],[29.10276222229004,40.93837356567383],[29.24864959716797,40.80876541137695],[29.493009567260742,40.873565673828125],[29.3944091796875,40.6791877746582],[28.91274642944336,40.614410400390625],[28.900379180908203,40.4848747253418],[29.046321868896484,40.355369567871094],[27.938817977905273,40.355369567871094],[27.950454711914062,40.4848747253418],[27.792133331298828,40.4848747253418],[27.695789337158203,40.29063034057617],[27.537628173828125,40.29063034057617],[27.46982192993164,40.42012023925781],[26.673099517822266,40.355369567871094],[26.683887481689453,40.4848747253418],[26.604726791381836,40.4848747253418],[26.2723331451416,40.29063034057617],[26.24650001525879,39.9670295715332],[26.16754913330078,39.9670295715332],[26.132457733154297,39.51427459716797],[26.84657859802246,39.57893371582031],[26.742225646972656,39.25570297241211],[26.894468307495117,39.19107437133789],[26.879291534423828,38.997230529785156],[26.95786476135254,38.997230529785156],[26.849470138549805,38.60969924926758],[27.079774856567383,38.54513168334961],[27.06496238708496,38.351463317871094],[26.594974517822266,38.351463317871094],[26.535762786865234,38.60969924926758],[26.38368797302246,38.67427444458008],[26.42890739440918,38.22237777709961],[26.820327758789062,38.22237777709961],[26.888994216918945,38.09331130981445],[27.27528190612793,38.028785705566406],[27.177743911743164,37.7707405090332],[27.2558650970459,37.7707405090332],[27.16343116760254,37.5772590637207],[27.309988021850586,37.44829177856445],[27.22254180908203,37.3193473815918],[27.53919219970703,37.38381576538086],[27.597978591918945,37.12596130371094],[28.065349578857422,37.12596130371094],[28.138330459594727,37.06150817871094],[28.03143882751465,36.67487716674805],[28.186922073364258,36.67487716674805],[28.357105255126953,36.8681755065918],[28.590524673461914,36.8681755065918],[28.736103057861328,36.73930740356445],[29.124916076660156,36.73930740356445],[29.239721298217773,36.2239875793457],[29.938032150268555,36.2239875793457],[30.02613639831543,36.3527946472168],[30.49193572998047,36.3527946472168],[30.619068145751953,36.932613372802734],[31.08603858947754,36.932613372802734],[32.06806182861328,36.61045455932617],[32.498512268066406,36.2239875793457],[32.558349609375,36.03080368041992],[32.713401794433594,36.03080368041992],[33.2744140625,36.2239875793457],[33.97906494140625,36.28839111328125],[34.2507209777832,36.67487716674805],[34.581634521484375,36.8681755065918],[34.892860412597656,36.8681755065918],[34.95038986206055,36.67487716674805],[35.11265563964844,36.73930740356445],[35.487709045410156,36.61045455932617],[35.833587646484375,36.932613372802734],[36.144901275634766,36.932613372802734],[36.28622817993164,36.80373764038086],[36.26490020751953,36.61045455932617],[35.84174346923828,36.28839111328125],[35.990074157714844,36.2239875793457],[35.84488296508789,35.58015823364258],[35.99294662475586,35.51579284667969],[35.88248825073242,35.194007873535156],[35.959747314453125,35.194007873535156],[35.92698669433594,34.87228775024414],[36.0682373046875,34.743614196777344],[36.048770904541016,34.55062484741211],[35.79212951660156,34.2933349609375],[35.64447784423828,34.3576545715332],[35.68381118774414,33.971771240234375],[35.4470100402832,33.90746307373047],[35.49934768676758,33.65024948120117],[35.34577560424805,33.65024948120117],[35.39840316772461,33.393062591552734],[35.21538543701172,33.07160949707031],[35.05632781982422,33.00732421875],[35.021759033203125,32.62162780761719],[34.76983642578125,32.36451721191406],[34.81304168701172,31.978878021240234],[34.57329559326172,31.8503360748291],[34.6388053894043,31.7217960357666],[34.546607971191406,31.528987884521484],[34.30759811401367,31.40045166015625],[34.2972412109375,31.271915435791016],[33.98260498046875,31.143381118774414],[32.8316764831543,31.014846801757812],[32.76515197753906,31.143381118774414],[32.53215408325195,31.079113006591797],[32.38941192626953,31.20764923095703],[32.23719787597656,31.20764923095703],[32.303932189941406,31.079113006591797],[31.999635696411133,31.079113006591797],[31.93739891052246,31.271915435791016],[31.780553817749023,31.20764923095703],[31.875221252441406,31.464719772338867],[31.265825271606445,31.464719772338867],[31.117990493774414,31.528987884521484],[31.203296661376953,31.65752601623535],[30.974620819091797,31.65752601623535],[30.965608596801758,31.528987884521484],[30.80877685546875,31.464719772338867],[30.351730346679688,31.464719772338867],[30.271244049072266,31.40045166015625],[30.33879280090332,31.271915435791016],[29.882049560546875,31.271915435791016],[29.8017635345459,31.20764923095703],[29.86956024169922,31.079113006591797],[29.633193969726562,30.950578689575195],[29.485143661499023,31.014846801757812],[29.3970890045166,30.822044372558594],[28.865032196044922,30.822044372558594],[28.496395111083984,31.014846801757812],[27.514896392822266,31.143381118774414],[27.297456741333008,31.336183547973633],[26.847702026367188,31.464719772338867],[25.248035430908203,31.464719772338867],[25.102048873901367,31.593257904052734],[25.11168098449707,31.78606605529785],[24.892484664916992,31.978878021240234],[24.129365921020508,31.978878021240234],[23.680339813232422,32.171695709228516],[23.29851722717285,32.171695709228516],[23.077939987182617,32.36451721191406],[23.089431762695312,32.62162780761719],[21.87872886657715,32.94303894042969],[21.41167449951172,32.75019073486328],[21.108016967773438,32.81447219848633],[20.87124252319336,32.62162780761719],[20.644094467163086,32.685909271240234],[20.71593475341797,32.557350158691406],[20.562992095947266,32.557350158691406],[20.481992721557617,32.428794860839844],[20.33134651184082,32.493072509765625],[20.246112823486328,32.23596954345703],[20.016965866088867,32.23596954345703],[20.089075088500977,32.107421875],[19.996076583862305,31.593257904052734],[20.214296340942383,31.271915435791016],[20.13410186767578,31.143381118774414],[20.202085494995117,30.886310577392578],[19.968164443969727,30.69350814819336],[19.964311599731445,30.564971923828125],[19.655010223388672,30.372163772583008],[18.968589782714844,30.243623733520508],[18.896053314208984,30.372163772583008],[18.592470169067383,30.372163772583008],[18.222288131713867,30.757776260375977],[17.846824645996094,30.950578689575195],[16.8635196685791,31.20764923095703],[16.178552627563477,31.20764923095703],[15.64897632598877,31.40045166015625],[15.575982093811035,31.593257904052734],[15.424593925476074,31.65752601623535],[15.282304763793945,32.30024337768555],[15.055076599121094,32.428794860839844],[14.749334335327148,32.428794860839844],[14.674704551696777,32.557350158691406],[14.444439888000488,32.493072509765625],[14.065231323242188,32.75019073486328],[13.759129524230957,32.75019073486328],[13.760527610778809,32.878753662109375],[13.453653335571289,32.81447219848633],[13.301749229431152,32.94303894042969],[12.841785430908203,32.878753662109375],[12.840824127197266,32.75019073486328],[12.534722328186035,32.75019073486328],[12.612099647521973,32.878753662109375],[12.228955268859863,32.81447219848633],[11.464441299438477,33.20018768310547],[11.157825469970703,33.20018768310547],[11.081541061401367,33.5859489440918],[10.697741508483887,33.52165222167969],[10.544031143188477,33.71455001831055],[10.23681354522705,33.71455001831055],[10.005777359008789,33.90746307373047],[10.081672668457031,34.22901916503906],[10.004497528076172,34.2933349609375],[10.543014526367188,34.55062484741211],[10.851213455200195,34.80794906616211],[10.85119342803955,34.93662643432617],[11.082771301269531,35.00096893310547],[11.005731582641602,35.38706970214844],[11.083049774169922,35.38706970214844],[11.08318042755127,35.58015823364258],[10.928420066833496,35.58015823364258],[10.850979804992676,35.77327346801758],[10.69615650177002,35.708900451660156],[10.463515281677246,35.902034759521484],[10.540250778198242,36.3527946472168],[10.462488174438477,36.417205810546875],[11.006199836730957,36.80373764038086],[11.006271362304688,36.9970588684082],[10.850569725036621,36.9970588684082],[10.539600372314453,36.73930740356445],[10.228352546691895,36.80373764038086],[10.305440902709961,37.06150817871094],[10.227567672729492,37.06150817871094],[10.226980209350586,37.254878997802734],[9.993423461914062,37.1904182434082],[9.603086471557617,37.3193473815918],[9.05947494506836,37.06150817871094],[8.903155326843262,37.12596130371094],[8.516410827636719,36.8681755065918],[7.738344192504883,36.8681755065918],[7.502017498016357,37.06150817871094],[7.346271514892578,37.06150817871094],[7.193697929382324,36.8681755065918],[6.804664611816406,36.8681755065918],[6.333924293518066,37.06150817871094],[6.103042125701904,36.932613372802734],[6.105763912200928,36.80373764038086],[5.639055728912354,36.80373764038086],[5.56428337097168,36.67487716674805],[5.097836971282959,36.67487716674805],[4.859498500823975,36.8681755065918],[4.468640327453613,36.932613372802734],[3.850007295608521,36.80373764038086],[3.458978891372681,36.8681755065918],[3.229894161224365,36.73930740356445],[2.841080188751221,36.73930740356445],[2.690169095993042,36.61045455932617],[2.376901149749756,36.67487716674805],[1.529616475105286,36.48161697387695],[1.216211557388306,36.5460319519043],[0.913757801055908,36.3527946472168],[0.678023815155029,36.417205810546875],[0.683685302734375,36.28839111328125],[0.376142233610153,36.2239875793457],[0.083524890244007,35.837650299072266],[-0.533090353012085,35.77327346801758],[-0.530006587505341,35.708900451660156],[-0.446486860513687,35.58015823364258],[-0.672443270683289,35.45143127441406],[-0.907609820365906,35.51579284667969],[-0.913937389850616,35.644527435302734],[-0.991338431835175,35.644527435302734],[-1.223541498184204,35.644527435302734],[-1.136477708816528,35.45143127441406],[-1.358735799789429,35.258358001708984],[-2.044016122817993,35.065311431884766],[-2.121232748031616,35.065311431884766],[-2.114432096481323,34.93662643432617],[-1.715473294258118,34.679283142089844],[-1.578816890716553,33.45735549926758],[-1.502088189125061,33.45735549926758],[-0.683780312538147,34.03607940673828],[-0.689594328403473,34.164703369140625],[-0.53571629524231,34.164703369140625],[-0.467391967773438,34.3576545715332],[0.302583903074265,34.3576545715332],[0.451262414455414,34.48630142211914],[0.684976637363434,34.42197799682617],[1.293753147125244,34.614952087402344],[1.527384757995605,34.55062484741211],[1.751503825187683,34.743614196777344],[1.905736327171326,34.743614196777344],[1.910364866256714,34.614952087402344],[2.449900150299072,34.614952087402344],[2.920501947402954,34.3576545715332],[3.455702066421509,34.48630142211914],[3.842682838439941,34.42197799682617],[4.453888416290283,34.614952087402344],[5.1490478515625,34.55062484741211],[5.377389430999756,34.679283142089844],[6.14835262298584,34.679283142089844],[6.459011077880859,34.55062484741211],[6.920335292816162,34.614952087402344],[7.153473854064941,34.48630142211914],[7.614861011505127,34.55062484741211],[8.001612663269043,34.42197799682617],[8.0807523727417,34.22901916503906],[8.310981750488281,34.2933349609375],[8.927783012390137,34.164703369140625],[8.928751945495605,34.03607940673828],[9.082552909851074,34.03607940673828],[9.083436965942383,33.90746307373047],[9.237561225891113,33.84315490722656],[9.315913200378418,33.5859489440918],[9.623573303222656,33.45735549926758],[9.547471046447754,33.32876968383789],[9.62503719329834,33.13589859008789],[10.08484935760498,33.13589859008789],[10.008606910705566,33.00732421875],[10.391599655151367,33.00732421875],[11.157184600830078,32.685909271240234],[11.309853553771973,32.493072509765625],[11.462910652160645,32.557350158691406],[11.539045333862305,32.428794860839844],[11.768352508544922,32.428794860839844],[11.767910957336426,32.30024337768555],[13.0667085647583,32.30024337768555],[13.06567096710205,32.171695709228516],[13.60022258758545,32.171695709228516],[14.284331321716309,31.91460609436035],[14.586112022399902,31.65752601623535],[14.584433555603027,31.528987884521484],[15.187263488769531,31.079113006591797],[15.184454917907715,30.886310577392578],[15.489551544189453,30.950578689575195],[16.701202392578125,30.69350814819336],[17.905044555664062,30.179353713989258],[18.676642358097887,30],[18.78617006560051,30],[20.95157814025879,30.564971923828125],[21.938846588134766,30.564971923828125],[22.76673698425293,30.372163772583008],[22.76180076599121,30.243623733520508],[22.91602325439453,30.307893753051758],[23.4851892093249,30],[37.27537322849525,30],[37.159767150878906,30.050809860229492],[37.307640075683594,30.886310577392578],[37.3951301574707,31.014846801757812],[37.547245025634766,31.014846801757812],[37.48277282714844,31.143381118774414],[37.83492660522461,31.65752601623535],[38.06972885131836,31.7217960357666],[38.01194763183594,31.91460609436035],[38.26596450805664,32.171695709228516],[38.28504943847656,32.36451721191406],[38.64313507080078,32.878753662109375],[38.893001556396484,33.07160949707031],[38.91337203979492,33.26447677612305],[39.24782180786133,33.52165222167969],[39.40131759643555,33.52165222167969],[39.415401458740234,33.65024948120117],[39.806495666503906,33.71455001831055],[39.904991149902344,33.90746307373047],[40.92682647705078,34.10039138793945],[41.580623626708984,33.77885055541992],[42.064544677734375,33.32876968383789],[42.578269958496094,33.13589859008789],[42.708534240722656,32.94303894042969],[43.152584075927734,32.81447219848633],[44.459014892578125,31.593257904052734],[44.44402313232422,31.464719772338867],[44.657562255859375,31.336183547973633],[44.63529586791992,31.143381118774414],[44.79490280151367,31.20764923095703],[45,31.01566162459522],[45,36.72846503940319],[44.85211181640625,36.8681755065918],[44.773807525634766,37.38381576538086],[44.627601623535156,37.44829177856445],[44.58888626098633,37.706241607666016],[44.30603790283203,37.89975357055664],[44.45452117919922,38.351463317871094],[44.30800247192383,38.416015625],[44.31191635131836,38.93262481689453],[44.165225982666016,38.997230529785156],[44.071044921875,39.38497543334961],[44.396663665771484,39.449623107910156],[44.51885986328125,39.70827102661133],[44.766448974609375,39.77294921875],[44.416175842285156,40.031734466552734],[43.86334228515625,40.031734466552734],[43.648197174072266,40.16116714477539],[43.63535690307617,40.54964065551758],[43.77094650268555,40.873565673828125],[43.55564880371094,41.00318908691406],[43.57847213745117,41.132843017578125],[43.19264602661133,41.19768524169922],[42.86325454711914,41.586883544921875],[42.783626556396484,41.586883544921875],[42.704002380371094,41.586883544921875],[42.62437438964844,41.586883544921875],[42.442626953125,41.45711898803711],[41.57828140258789,41.521995544433594]]],[[[2.610407114028931,34.42197799682617],[2.608296155929565,34.48630142211914],[2.531259059906006,34.48630142211914],[2.533390045166016,34.42197799682617],[2.610407114028931,34.42197799682617]]],[[[24.149879455566406,35.38706970214844],[24.156919479370117,35.51579284667969],[23.615402221679688,35.51579284667969],[23.679210662841797,35.258358001708984],[24.44841766357422,35.194007873535156],[24.52567481994629,35.194007873535156],[24.7574462890625,35.194007873535156],[24.823745727539062,35.00096893310547],[26.140073776245117,35.065311431884766],[26.22533416748047,35.194007873535156],[25.680648803710938,35.12965774536133],[25.69233512878418,35.32271194458008],[24.30097007751465,35.32271194458008],[24.149879455566406,35.38706970214844]]],[[[25.339021682739258,37.12596130371094],[25.330806732177734,36.9970588684082],[25.56435775756836,36.9970588684082],[25.57270622253418,37.12596130371094],[25.416915893554688,37.12596130371094],[25.339021682739258,37.12596130371094]]],[[[24.28331756591797,37.706241607666016],[24.201318740844727,37.641746520996094],[24.27158546447754,37.51277160644531],[24.43158721923828,37.5772590637207],[24.36141586303711,37.706241607666016],[24.28331756591797,37.706241607666016]]],[[[26.079580307006836,37.706241607666016],[25.988245010375977,37.51277160644531],[26.304851531982422,37.5772590637207],[26.313875198364258,37.706241607666016],[26.157678604125977,37.706241607666016],[26.079580307006836,37.706241607666016]]],[[[24.694225311279297,38.028785705566406],[24.681930541992188,37.835243225097656],[24.830005645751953,37.706241607666016],[25.068470001220703,37.7707405090332],[24.772438049316406,38.028785705566406],[24.694225311279297,38.028785705566406]]],[[[25.89913558959961,38.48057174682617],[25.876405715942383,38.157840728759766],[26.111188888549805,38.157840728759766],[26.217344284057617,38.54513168334961],[25.99143409729004,38.67427444458008],[25.912982940673828,38.67427444458008],[25.820756912231445,38.48057174682617],[25.89913558959961,38.48057174682617]]],[[[23.563383102416992,38.738853454589844],[23.56732749938965,38.80344009399414],[23.488826751708984,38.80344009399414],[23.484909057617188,38.738853454589844],[23.563383102416992,38.738853454589844]]],[[[24.364974975585938,38.997230529785156],[24.35651969909668,38.8680305480957],[24.662033081054688,38.738853454589844],[24.674930572509766,38.93262481689453],[24.443546295166016,38.997230529785156],[24.364974975585938,38.997230529785156]]],[[[26.09356689453125,38.997230529785156],[26.24588966369629,38.93262481689453],[26.643573760986328,38.997230529785156],[26.511207580566406,39.320335388183594],[26.122615814208984,39.38497543334961],[26.043895721435547,39.38497543334961],[25.793418884277344,39.19107437133789],[26.103172302246094,39.1264533996582],[26.09356689453125,38.997230529785156]]],[[[20.151897430419922,39.64360046386719],[20.073074340820312,39.64360046386719],[20.070056915283203,39.57893371582031],[20.148855209350586,39.57893371582031],[20.151897430419922,39.64360046386719]]],[[[25.066978454589844,40.031734466552734],[24.973936080932617,39.8376350402832],[25.447328567504883,39.8376350402832],[25.46186065673828,40.031734466552734],[25.145954132080078,40.031734466552734],[25.066978454589844,40.031734466552734]]],[[[25.718765258789062,40.29063034057617],[25.703752517700195,40.0964469909668],[26.024850845336914,40.16116714477539],[26.03508949279785,40.29063034057617],[25.7978458404541,40.29063034057617],[25.718765258789062,40.29063034057617]]],[[[24.490964889526367,40.80876541137695],[24.551259994506836,40.54964065551758],[24.793624877929688,40.614410400390625],[24.808143615722656,40.80876541137695],[24.57025909423828,40.80876541137695],[24.490964889526367,40.80876541137695]]],[[[34.08732223510742,35.00096893310547],[33.95713424682617,35.258358001708984],[34.5294189453125,35.58015823364258],[34.542076110839844,35.708900451660156],[34.38723373413086,35.708900451660156],[34.309810638427734,35.708900451660156],[33.73737716674805,35.38706970214844],[32.886871337890625,35.38706970214844],[32.875247955322266,35.258358001708984],[32.55473709106445,35.12965774536133],[32.24578857421875,35.12965774536133],[32.229042053222656,34.93662643432617],[32.36665725708008,34.743614196777344],[33.04356002807617,34.55062484741211],[33.1320686340332,34.679283142089844],[33.523399353027344,34.743614196777344],[33.69539260864258,34.93662643432617],[34.08732223510742,35.00096893310547]]],[[[27.692523956298828,36.28839111328125],[27.742563247680664,35.902034759521484],[28.139331817626953,36.03080368041992],[28.250165939331055,36.48161697387695],[28.09481430053711,36.48161697387695],[28.01713752746582,36.48161697387695],[27.692523956298828,36.28839111328125]]],[[[27.116777420043945,36.932613372802734],[27.038949966430664,36.932613372802734],[26.865324020385742,36.67487716674805],[27.18541717529297,36.80373764038086],[27.116777420043945,36.932613372802734]]],[[[41.11582565307617,43.016544342041016],[41.173343658447266,42.88639831542969],[41.307026735772595,42.88639831542969],[41.3337516784668,42.88639831542969],[41.29936450048055,42.918907386349574],[41.19608688354492,43.016544342041016],[41.11582565307617,43.016544342041016]]],[[[41.11582565307617,43.016544342041016],[41.11996139210751,43.04019971560883],[41.12720489501953,43.08163070678711],[41.046913146972656,43.08163070678711],[40.966617584228516,43.08163070678711],[40.96352661185964,43.06386178139703],[40.95529556274414,43.016544342041016],[41.035560607910156,43.016544342041016],[41.11582565307617,43.016544342041016]]],[[[33.55644607543945,44.71194839477539],[33.54755401611328,44.64661407470703],[33.46652603149414,44.64661407470703],[33.52096176147461,44.45067596435547],[33.92564392089844,44.45067596435547],[34.376285552978516,44.77729415893555],[34.95339584350586,44.842647552490234],[35.387939453125,45.03877639770508],[35.39760208129883,45.10417556762695],[34.56639862060547,44.973392486572266],[34.55707931518555,44.908016204833984],[34.3947639465332,44.908016204833984],[34.03373718261719,44.64661407470703],[33.55644607543945,44.71194839477539]]],[[[36.2602653503418,45.431331634521484],[36.250205993652344,45.36587905883789],[36.23013687133789,45.23500442504883],[36.3826904296875,45.169586181640625],[36.42308807373047,45.431331634521484],[36.2602653503418,45.431331634521484]]]]},"properties":{"Name":"Ottoman Empire","FromYear":1700,"ToYear":1705,"Area":3438225.6251770626,"Type":"POLITY","Wikipedia":"Ottoman Empire","Wikidata":"Q12560","SeshatID":"tr_ottoman_emp_3","Components":"","MemberOf":""}},
{"type":"Feature","geometry":{"type":"MultiPolygon","coordinates":[[[[7.049864292144775,51.580322265625],[7.056454181671143,51.31283950805664],[7.228870391845703,51.17921447753906],[7.482563495635986,51.17921447753906],[7.564342498779297,51.31283950805664],[7.562949180603027,51.37968063354492],[7.39061164855957,51.51342010498047],[7.644935131072998,51.51342010498047],[7.557370185852051,51.64724349975586],[7.049864292144775,51.580322265625]]],[[[10.442594528198242,51.64724349975586],[10.44254207611084,51.580322265625],[10.442449569702148,51.44654083251953],[10.781378746032715,51.44654083251953],[10.697173118591309,51.64724349975586],[10.442594528198242,51.64724349975586]]],[[[6.448332786560059,51.84812545776367],[6.363344669342041,51.84812545776367],[6.278356552124023,51.84812545776367],[6.276310443878174,51.91512680053711],[6.191279411315918,51.91512680053711],[6.106247901916504,51.91512680053711],[6.021216869354248,51.91512680053711],[6.023392200469971,51.84812545776367],[5.938404083251953,51.84812545776367],[5.940618991851807,51.78114318847656],[6.116877555847168,51.580322265625],[6.625779151916504,51.580322265625],[6.631358623504639,51.37968063354492],[6.883697509765625,51.44654083251953],[6.878493785858154,51.64724349975586],[6.448332786560059,51.84812545776367]]],[[[13.93283748626709,52.0491943359375],[14.269256591796875,51.91512680053711],[14.190190315246582,52.11625671386719],[13.93470573425293,52.11625671386719],[13.93283748626709,52.0491943359375]]],[[[7.975754737854004,51.98215103149414],[8.402093887329102,51.91512680053711],[8.400161743164062,52.0491943359375],[8.91016674041748,52.11625671386719],[8.821284294128418,52.4518928527832],[8.906665802001953,52.4518928527832],[8.90596866607666,52.51908493041992],[8.136035919189453,52.586299896240234],[8.227821350097656,52.18334197998047],[7.973388195037842,52.11625671386719],[7.975754737854004,51.98215103149414]]],[[[7.541964530944824,52.38472366333008],[7.547579765319824,52.11625671386719],[7.801794052124023,52.18334197998047],[7.800522327423096,52.250450134277344],[7.710002422332764,52.51908493041992],[7.281329154968262,52.586299896240234],[7.285952568054199,52.38472366333008],[7.541964530944824,52.38472366333008]]],[[[15.646231651306152,52.31757736206055],[15.48926830291748,52.653533935546875],[16.097135543823242,52.85536575317383],[16.02382469177246,53.124786376953125],[16.109657287597656,53.124786376953125],[16.119178771972656,53.32708740234375],[16.294410705566406,53.39456558227539],[16.301027297973633,53.52959060668945],[16.476667404174805,53.597137451171875],[16.400707244873047,53.799922943115234],[16.65959930419922,53.799922943115234],[16.821292877197266,53.597137451171875],[16.90744972229004,53.597137451171875],[17.16972541809082,53.664710998535156],[17.09869956970215,53.93522644042969],[17.279340744018555,54.07062530517578],[17.62116241455078,54.00291442871094],[17.641929626464844,54.341712951660156],[17.910659790039062,54.47740173339844],[18.024137496948242,54.88506317138672],[17.93706703186035,54.88506317138672],[16.619972229003906,54.681121826171875],[15.991765975952148,54.27390670776367],[15.036103248596191,54.20612335205078],[14.50934886932373,54.00291442871094],[14.499796867370605,53.732303619384766],[14.413546562194824,53.732303619384766],[14.327296257019043,53.732303619384766],[14.232200622558594,53.462066650390625],[13.89604663848877,53.732303619384766],[13.635400772094727,53.664710998535156],[13.196187019348145,53.32708740234375],[12.16561222076416,53.39456558227539],[11.910387992858887,53.597137451171875],[11.738075256347656,53.597137451171875],[11.563496589660645,53.39456558227539],[11.392121315002441,53.462066650390625],[11.306057929992676,53.462066650390625],[11.132387161254883,53.25962829589844],[11.38951587677002,53.192195892333984],[11.388239860534668,53.057395935058594],[10.787421226501465,52.99003219604492],[10.955827713012695,52.4518928527832],[10.870445251464844,52.4518928527832],[10.869808197021484,52.31757736206055],[10.528498649597168,52.250450134277344],[10.528238296508789,52.11625671386719],[10.868002891540527,51.91512680053711],[10.782730102539062,51.84812545776367],[10.86689281463623,51.64724349975586],[11.377108573913574,51.78114318847656],[11.28977108001709,51.44654083251953],[11.288854598999023,51.31283950805664],[11.541653633117676,51.17921447753906],[11.7120943069458,51.31283950805664],[11.459787368774414,51.51342010498047],[11.460908889770508,51.64724349975586],[11.885207176208496,51.64724349975586],[12.14254093170166,51.84812545776367],[12.143472671508789,51.91512680053711],[12.228504180908203,51.91512680053711],[12.23147201538086,52.11625671386719],[12.657279968261719,52.11625671386719],[12.569785118103027,51.98215103149414],[12.9087553024292,51.91512680053711],[13.423735618591309,52.11625671386719],[13.764382362365723,52.11625671386719],[13.938469886779785,52.250450134277344],[14.36260986328125,52.18334197998047],[14.439318656921387,51.91512680053711],[14.779444694519043,51.91512680053711],[14.954254150390625,52.0491943359375],[15.131959915161133,52.250450134277344],[15.470279693603516,52.18334197998047],[15.646231651306152,52.31757736206055]]],[[[19.819725036621094,54.47740173339844],[19.808900833129883,54.341712951660156],[20.14447593688965,54.20612335205078],[20.49656105041504,54.27390670776367],[20.75055503845215,54.20612335205078],[20.825302124023438,54.07062530517578],[20.273035049438477,53.664710998535156],[20.100629806518555,53.664710998535156],[19.8579044342041,53.86756134033203],[19.873947143554688,54.07062530517578],[19.45181655883789,54.20612335205078],[19.268539428710938,54.07062530517578],[19.253494262695312,53.86756134033203],[18.979990005493164,53.664710998535156],[18.80758285522461,53.664710998535156],[18.7028751373291,53.39456558227539],[19.214111328125,53.32708740234375],[19.309919357299805,53.462066650390625],[19.740234375,53.462066650390625],[19.72993278503418,53.32708740234375],[19.972116470336914,53.124786376953125],[20.395845413208008,53.057395935058594],[20.66997718811035,53.25962829589844],[20.927749633789062,53.25962829589844],[21.28936767578125,53.462066650390625],[21.80574607849121,53.462066650390625],[22.249135971069336,53.597137451171875],[22.335290908813477,53.597137451171875],[22.42144775390625,53.597137451171875],[22.428112030029297,53.664710998535156],[22.548198699951172,54.00291442871094],[22.461759567260742,54.00291442871094],[22.482206344604492,54.20612335205078],[22.66232681274414,54.27390670776367],[22.69742774963379,54.613189697265625],[22.704511642456055,54.681121826171875],[22.812959671020508,54.88506317138672],[22.573020935058594,55.089229583740234],[22.398584365844727,55.089229583740234],[22.412668228149414,55.225467681884766],[21.640066146850586,55.36180877685547],[21.235198974609375,55.70311737060547],[21.248220443725586,55.83982467651367],[20.991283416748047,55.90821838378906],[20.98489761352539,55.83982467651367],[20.96585464477539,55.63479995727539],[21.202974319458008,55.36180877685547],[20.990678787231445,54.95309066772461],[20.72932243347168,54.95309066772461],[20.654220581054688,55.089229583740234],[19.950855255126953,55.021148681640625],[19.83608627319336,54.681121826171875],[20.004362106323242,54.613189697265625],[19.82516098022461,54.545284271240234],[19.819725036621094,54.47740173339844]]]]},"properties":{"Name":"Brandenburg-Prussia","FromYear":1700,"ToYear":1717,"Area":124775.19559737657,"Type":"POLITY","Wikipedia":"Brandenburg-Prussia","Wikidata":"Q157367","SeshatID":"de_hohenzollern_2","Components":"","MemberOf":""}},
{"type":"Feature","geometry":{"type":"MultiPolygon","coordinates":[[[[7.709810256958008,48.323814392089844],[7.626908302307129,48.323814392089844],[7.552440643310547,47.92780685424805],[7.635128974914551,47.92780685424805],[7.636491298675537,47.86185836791992],[7.888208866119385,47.664100646972656],[7.560789108276367,47.53233337402344],[7.72967529296875,47.33478927612305],[8.059174537658691,47.33478927612305],[8.138138771057129,47.53233337402344],[8.054483413696289,47.598209381103516],[8.218400955200195,47.664100646972656],[8.127795219421387,48.1257438659668],[8.210589408874512,48.1257438659668],[8.208345413208008,48.257774353027344],[7.959747314453125,48.257774353027344],[7.796617031097412,48.1257438659668],[7.792711734771729,48.323814392089844],[7.709810256958008,48.323814392089844]]],[[[9.043119430541992,47.730003356933594],[9.290210723876953,47.79592514038086],[9.288235664367676,47.993770599365234],[9.122788429260254,47.993770599365234],[9.124246597290039,47.86185836791992],[9.041593551635742,47.86185836791992],[8.957342147827148,47.993770599365234],[8.87795352935791,47.730003356933594],[8.96053695678711,47.730003356933594],[9.043119430541992,47.730003356933594]]],[[[8.710076332092285,47.92780685424805],[8.709171295166016,47.993770599365234],[8.626447677612305,47.993770599365234],[8.628328323364258,47.86185836791992],[8.793634414672852,47.86185836791992],[8.710076332092285,47.92780685424805]]],[[[8.210589408874512,48.1257438659668],[8.211709976196289,48.059749603271484],[8.21282958984375,47.993770599365234],[8.295553207397461,47.993770599365234],[8.378276824951172,47.993770599365234],[8.461000442504883,47.993770599365234],[8.45998764038086,48.059749603271484],[8.377227783203125,48.059749603271484],[8.376178741455078,48.1257438659668],[8.293384552001953,48.1257438659668],[8.210589408874512,48.1257438659668]]],[[[8.539809226989746,48.257774353027344],[8.706449508666992,48.191749572753906],[8.7875337600708,48.323814392089844],[8.538827896118164,48.323814392089844],[8.539809226989746,48.257774353027344]]],[[[8.872109413146973,48.191749572753906],[8.954939842224121,48.191749572753906],[9.03777027130127,48.191749572753906],[9.037004470825195,48.257774353027344],[8.95413875579834,48.257774353027344],[8.953337669372559,48.323814392089844],[8.87043571472168,48.323814392089844],[8.871273040771484,48.257774353027344],[8.872109413146973,48.191749572753906]]],[[[8.290122985839844,48.323814392089844],[8.454909324645996,48.38986587524414],[8.206095695495605,48.38986587524414],[8.291211128234863,48.257774353027344],[8.290122985839844,48.323814392089844]]],[[[8.451854705810547,48.5881233215332],[8.285761833190918,48.5881233215332],[8.370917320251465,48.455936431884766],[8.452873229980469,48.52202224731445],[8.451854705810547,48.5881233215332]]],[[[7.788793087005615,48.52202224731445],[7.871802806854248,48.52202224731445],[7.954813003540039,48.52202224731445],[7.953576564788818,48.5881233215332],[7.870530128479004,48.5881233215332],[7.787483692169189,48.5881233215332],[7.788793087005615,48.52202224731445]]],[[[8.701903343200684,48.52202224731445],[8.6170015335083,48.654239654541016],[8.53490161895752,48.5881233215332],[8.61889362335205,48.52202224731445],[8.701903343200684,48.52202224731445]]],[[[9.371582984924316,47.92780685424805],[9.537511825561523,47.86185836791992],[9.536406517028809,47.993770599365234],[9.45427131652832,47.92780685424805],[9.371582984924316,47.92780685424805]]],[[[10.528592109680176,48.257774353027344],[10.197128295898438,48.257774353027344],[10.115167617797852,48.059749603271484],[10.363642692565918,47.993770599365234],[10.52871322631836,48.191749572753906],[10.528592109680176,48.257774353027344]]],[[[24.90500259399414,47.79592514038086],[24.586227416992188,47.92780685424805],[24.686708450317383,48.1257438659668],[24.367206573486328,48.257774353027344],[24.378963470458984,48.38986587524414],[24.052976608276367,48.455936431884766],[23.666343688964844,48.786521911621094],[22.928722381591797,48.91886520385742],[22.77837371826172,49.11750411987305],[22.5230712890625,49.051273345947266],[21.79827117919922,49.38258361816406],[20.71288299560547,49.38258361816406],[20.703824996948242,49.2500114440918],[20.453577041625977,49.2500114440918],[20.44919204711914,49.18375015258789],[20.365812301635742,49.18375015258789],[20.361482620239258,49.11750411987305],[20.278141021728516,49.11750411987305],[20.282434463500977,49.18375015258789],[20.286745071411133,49.2500114440918],[20.370161056518555,49.2500114440918],[20.453577041625977,49.2500114440918],[20.545900344848633,49.38258361816406],[20.21193504333496,49.38258361816406],[19.865541458129883,49.18375015258789],[19.472537994384766,49.58156967163086],[18.87979507446289,49.44889450073242],[18.887298583984375,49.58156967163086],[19.23756217956543,49.84712600708008],[19.077926635742188,49.98000717163086],[19.18613052368164,50.37908172607422],[19.022031784057617,50.445655822753906],[19.030193328857422,50.578861236572266],[18.86180305480957,50.578861236572266],[18.70132827758789,50.71213912963867],[18.709320068359375,50.84549331665039],[18.049345016479492,51.112430572509766],[17.972288131713867,51.24601745605469],[17.549257278442383,51.24601745605469],[17.31973648071289,51.71418380737305],[16.980127334594727,51.71418380737305],[16.718996047973633,51.580322265625],[16.55561637878418,51.71418380737305],[16.131103515625,51.71418380737305],[16.136985778808594,51.84812545776367],[15.80826187133789,52.11625671386719],[15.813953399658203,52.250450134277344],[15.646231651306152,52.31757736206055],[15.470279693603516,52.18334197998047],[15.131959915161133,52.250450134277344],[14.954254150390625,52.0491943359375],[15.027374267578125,51.71418380737305],[14.857569694519043,51.71418380737305],[14.853023529052734,51.580322265625],[15.272184371948242,51.44654083251953],[15.173232078552246,51.04566955566406],[15.088750839233398,51.04566955566406],[14.999794006347656,50.912200927734375],[14.577799797058105,50.912200927734375],[14.497381210327148,51.04566955566406],[14.328418731689453,51.04566955566406],[14.153997421264648,50.84549331665039],[13.391927719116211,50.71213912963867],[12.796454429626465,50.37908172607422],[12.376081466674805,50.37908172607422],[12.290331840515137,50.2459831237793],[12.12234115600586,50.2459831237793],[12.12159538269043,50.17946243286133],[12.370920181274414,49.98000717163086],[12.36764907836914,49.71431350708008],[12.534139633178711,49.64793395996094],[12.532414436340332,49.51522445678711],[13.112967491149902,49.2500114440918],[13.358475685119629,48.98506164550781],[13.441741943359375,48.98506164550781],[13.525009155273438,48.98506164550781],[13.52376937866211,48.91886520385742],[13.606999397277832,48.91886520385742],[14.100465774536133,48.654239654541016],[13.847192764282227,48.455936431884766],[13.177251815795898,48.059749603271484],[13.175244331359863,47.92780685424805],[13.418926239013672,47.664100646972656],[13.41247844696045,47.26897048950195],[13.659500122070312,47.26897048950195],[13.738253593444824,47.07159423828125],[13.079431533813477,47.005828857421875],[12.834451675415039,47.13737487792969],[12.752180099487305,47.13737487792969],[12.175729751586914,47.07159423828125],[12.177369117736816,47.26897048950195],[12.508110046386719,47.4006233215332],[12.510897636413574,47.664100646972656],[11.602551460266113,47.598209381103516],[11.189559936523438,47.4006233215332],[10.61239242553711,47.598209381103516],[10.447366714477539,47.598209381103516],[10.36567211151123,47.33478927612305],[10.118547439575195,47.33478927612305],[9.952665328979492,47.53233337402344],[9.622751235961914,47.53233337402344],[9.62326717376709,47.46647262573242],[9.623783111572266,47.4006233215332],[9.56887574261621,47.4006233215332],[9.541373252868652,47.4006233215332],[9.541648767995238,47.36766082548732],[9.541923522949219,47.33478927612305],[9.542471885681152,47.26897048950195],[9.54301929473877,47.20316696166992],[9.625325202941895,47.20316696166992],[9.625838279724121,47.13737487792969],[9.9564208984375,46.87434005737305],[10.202829360961914,46.87434005737305],[10.284491539001465,47.005828857421875],[10.44906997680664,46.94007873535156],[10.532551765441895,46.283294677734375],[10.45177173614502,45.82429504394531],[10.778217315673828,45.693260192871094],[11.022930145263672,45.75876998901367],[11.350288391113281,46.08650588989258],[11.677236557006836,46.08650588989258],[11.841521263122559,46.21768569946289],[11.843135833740234,46.480194091796875],[12.09045124053955,46.677207946777344],[13.564879417419434,46.54585266113281],[13.562676429748535,46.414546966552734],[13.397838592529297,46.348915100097656],[13.47651481628418,46.1520881652832],[13.31197738647461,46.08650588989258],[13.307992935180664,45.82429504394531],[13.389599800109863,45.82429504394531],[13.714865684509277,45.75876998901367],[13.711389541625977,45.56227111816406],[13.710229873657227,45.496795654296875],[14.117451667785645,45.496795654296875],[13.786900520324707,45.23500442504883],[14.026969909667969,45.03877639770508],[14.108189582824707,45.03877639770508],[14.189410209655762,45.03877639770508],[14.196189880371094,45.36587905883789],[14.603090286254883,45.36587905883789],[14.59854507446289,45.169586181640625],[14.705873954494141,45.12597788336516],[14.759533882141113,45.10417556762695],[14.757952549930629,45.03877822926232],[14.757952513026673,45.03877670306789],[14.75637149810791,44.973392486572266],[14.91874885559082,44.973392486572266],[14.908865928649902,44.58129119873047],[15.028629145527555,44.5159797668457],[15.06858201388312,44.49419194994971],[15.148378372192383,44.45067596435547],[15.146636962890625,44.38538360595703],[15.864686012268066,44.05907440185547],[16.270606994628906,44.12431716918945],[16.04285430908203,44.58129119873047],[15.803844451904297,44.71194839477539],[15.819802284240723,45.23500442504883],[15.982434272766113,45.23500442504883],[16.219921112060547,45.03877639770508],[16.4703311920166,45.23500442504883],[17.120859146118164,45.23500442504883],[17.76310920715332,45.03877639770508],[18.57839012145996,45.10417556762695],[18.890594482421875,44.842647552490234],[19.22174644470215,44.973392486572266],[20.019073486328125,44.71194839477539],[20.292184829711914,45.23500442504883],[19.9814510345459,45.496795654296875],[20.07762336730957,45.75876998901367],[19.836498260498047,45.82429504394531],[19.936336517333984,46.1520881652832],[20.672266006469727,46.1520881652832],[20.827774047851562,46.02093505859375],[21.489965438842773,46.1520881652832],[21.563112258911133,46.02093505859375],[22.38015365600586,46.02093505859375],[22.370906829833984,45.889827728271484],[22.452545166015625,45.889827728271484],[22.357093811035156,45.693260192871094],[22.669118881225586,45.496795654296875],[22.73638343811035,45.300437927246094],[23.138248443603516,45.23500442504883],[23.47352409362793,45.36587905883789],[23.483562469482422,45.496795654296875],[24.13511848449707,45.496795654296875],[24.634754180908203,45.62776184082031],[25.042299270629883,45.62776184082031],[25.34526824951172,45.36587905883789],[25.438228607177734,45.496795654296875],[25.84545135498047,45.496795654296875],[25.93889808654785,45.62776184082031],[26.10191535949707,45.62776184082031],[26.44038200378418,45.75876998901367],[26.477930068969727,46.1520881652832],[25.942142486572266,46.54585266113281],[25.966814041137695,46.808616638183594],[25.72661018371582,46.87434005737305],[25.668907165527344,47.13737487792969],[25.016605377197266,47.20316696166992],[25.03432846069336,47.4006233215332],[24.881271362304688,47.53233337402344],[24.90500259399414,47.79592514038086]]],[[[10.03139591217041,48.257774353027344],[9.947421073913574,48.455936431884766],[9.615525245666504,48.455936431884766],[9.532551765441895,48.455936431884766],[9.449578285217285,48.455936431884766],[9.451920509338379,48.191749572753906],[9.782355308532715,48.323814392089844],[10.03139591217041,48.257774353027344]]],[[[9.202042579650879,48.323814392089844],[9.202736854553223,48.257774353027344],[9.368468284606934,48.257774353027344],[9.36660385131836,48.455936431884766],[9.202042579650879,48.323814392089844]]],[[[10.279540061950684,48.38986587524414],[10.196602821350098,48.38986587524414],[10.196342468261719,48.455936431884766],[10.11336898803711,48.455936431884766],[10.113664627075195,48.38986587524414],[10.113962173461914,48.323814392089844],[10.196864128112793,48.323814392089844],[10.279766082763672,48.323814392089844],[10.279540061950684,48.38986587524414]]]]},"properties":{"Name":"Habsburg Monarchy","FromYear":1700,"ToYear":1701,"Area":527200.7213018625,"Type":"POLITY","Wikipedia":"Habsburg monarchy","Wikidata":"Q66504140","SeshatID":"at_habsburg_2","Components":"","MemberOf":"(Habsburg Monarchy)"}},
{"type":"Feature","geometry":{"type":"MultiPolygon","coordinates":[[[[20.453577041625977,49.2500114440918],[20.370161056518555,49.2500114440918],[20.286745071411133,49.2500114440918],[20.282434463500977,49.18375015258789],[20.278141021728516,49.11750411987305],[20.361482620239258,49.11750411987305],[20.365812301635742,49.18375015258789],[20.44919204711914,49.18375015258789],[20.453577041625977,49.2500114440918]]],[[[11.28977108001709,51.44654083251953],[10.95084285736084,51.44654083251953],[11.034910202026367,51.31283950805664],[10.273077964782715,51.31283950805664],[10.104059219360352,51.17921447753906],[10.357771873474121,51.112430572509766],[10.526949882507324,51.24601745605469],[11.203798294067383,51.24601745605469],[11.287090301513672,51.04566955566406],[11.877744674682617,50.97892379760742],[11.879911422729492,51.17921447753906],[12.050686836242676,51.31283950805664],[12.471861839294434,51.17921447753906],[12.552227973937988,50.912200927734375],[12.806585311889648,50.97892379760742],[12.803128242492676,50.77880859375],[12.718811988830566,50.77880859375],[12.717718124389648,50.71213912963867],[12.800868034362793,50.64549255371094],[12.632396697998047,50.64549255371094],[12.552227973937988,50.912200927734375],[12.21550464630127,50.97892379760742],[11.791977882385254,50.84549331665039],[11.790678977966309,50.71213912963867],[11.95923137664795,50.71213912963867],[12.045051574707031,50.84549331665039],[12.212909698486328,50.77880859375],[12.21121883392334,50.64549255371094],[11.957799911499023,50.578861236572266],[11.955025672912598,50.312522888183594],[12.12234115600586,50.2459831237793],[12.290331840515137,50.2459831237793],[12.376081466674805,50.37908172607422],[12.796454429626465,50.37908172607422],[13.391927719116211,50.71213912963867],[14.153997421264648,50.84549331665039],[14.328418731689453,51.04566955566406],[14.497381210327148,51.04566955566406],[14.577799797058105,50.912200927734375],[14.999794006347656,50.912200927734375],[15.088750839233398,51.04566955566406],[15.173232078552246,51.04566955566406],[15.272184371948242,51.44654083251953],[14.853023529052734,51.580322265625],[14.857569694519043,51.71418380737305],[15.027374267578125,51.71418380737305],[14.954254150390625,52.0491943359375],[14.779444694519043,51.91512680053711],[14.439318656921387,51.91512680053711],[14.36260986328125,52.18334197998047],[13.938469886779785,52.250450134277344],[13.764382362365723,52.11625671386719],[13.423735618591309,52.11625671386719],[12.9087553024292,51.91512680053711],[12.569785118103027,51.98215103149414],[12.657279968261719,52.11625671386719],[12.23147201538086,52.11625671386719],[12.228504180908203,51.91512680053711],[12.397505760192871,51.84812545776367],[12.308514595031738,51.580322265625],[11.969246864318848,51.580322265625],[12.051520347595215,51.37968063354492],[11.7120943069458,51.31283950805664],[11.541653633117676,51.17921447753906],[11.288854598999023,51.31283950805664],[11.28977108001709,51.44654083251953]],[[13.93283748626709,52.0491943359375],[13.93470573425293,52.11625671386719],[14.190190315246582,52.11625671386719],[14.269256591796875,51.91512680053711],[13.93283748626709,52.0491943359375]]],[[[27.088560104370117,57.35087585449219],[27.078128814697266,57.28189468383789],[26.989246368408203,57.28189468383789],[26.780851364135742,57.07511901855469],[26.730379104614258,56.731075286865234],[26.533695220947266,56.59365463256836],[26.091957092285156,56.59365463256836],[25.445964813232422,56.387733459472656],[25.287723541259766,56.524986267089844],[24.85509490966797,56.59365463256836],[24.616254806518555,56.799827575683594],[23.891557693481445,56.662349700927734],[23.73118782043457,56.799827575683594],[23.465667724609375,56.799827575683594],[23.490005493164062,57.00625228881836],[23.57867431640625,57.00625228881836],[23.58688735961914,57.07511901855469],[23.40944480895996,57.07511901855469],[22.51758575439453,57.8345832824707],[21.602821350097656,57.62710189819336],[21.307584762573242,57.35087585449219],[21.280134201049805,57.07511901855469],[21.000686645507812,56.937416076660156],[20.8409423828125,56.182064056396484],[20.9976863861084,55.97663879394531],[20.991283416748047,55.90821838378906],[21.248220443725586,55.83982467651367],[21.235198974609375,55.70311737060547],[21.640066146850586,55.36180877685547],[22.412668228149414,55.225467681884766],[22.398584365844727,55.089229583740234],[22.573020935058594,55.089229583740234],[22.812959671020508,54.88506317138672],[22.704511642456055,54.681121826171875],[22.69742774963379,54.613189697265625],[22.66232681274414,54.27390670776367],[22.482206344604492,54.20612335205078],[22.461759567260742,54.00291442871094],[22.548198699951172,54.00291442871094],[22.428112030029297,53.664710998535156],[22.42144775390625,53.597137451171875],[22.335290908813477,53.597137451171875],[22.249135971069336,53.597137451171875],[21.80574607849121,53.462066650390625],[21.28936767578125,53.462066650390625],[20.927749633789062,53.25962829589844],[20.66997718811035,53.25962829589844],[20.395845413208008,53.057395935058594],[19.972116470336914,53.124786376953125],[19.72993278503418,53.32708740234375],[19.740234375,53.462066650390625],[19.309919357299805,53.462066650390625],[19.214111328125,53.32708740234375],[18.7028751373291,53.39456558227539],[18.80758285522461,53.664710998535156],[18.979990005493164,53.664710998535156],[19.253494262695312,53.86756134033203],[19.268539428710938,54.07062530517578],[19.45181655883789,54.20612335205078],[19.873947143554688,54.07062530517578],[19.8579044342041,53.86756134033203],[20.100629806518555,53.664710998535156],[20.273035049438477,53.664710998535156],[20.825302124023438,54.07062530517578],[20.75055503845215,54.20612335205078],[20.49656105041504,54.27390670776367],[20.14447593688965,54.20612335205078],[19.808900833129883,54.341712951660156],[19.819725036621094,54.47740173339844],[19.732948303222656,54.47740173339844],[19.559396743774414,54.47740173339844],[19.462186813354492,54.341712951660156],[18.686851501464844,54.4095458984375],[18.44533348083496,54.681121826171875],[18.459484100341797,54.88506317138672],[18.1112060546875,54.88506317138672],[18.024137496948242,54.88506317138672],[17.910659790039062,54.47740173339844],[17.641929626464844,54.341712951660156],[17.62116241455078,54.00291442871094],[17.279340744018555,54.07062530517578],[17.09869956970215,53.93522644042969],[17.16972541809082,53.664710998535156],[16.90744972229004,53.597137451171875],[16.821292877197266,53.597137451171875],[16.65959930419922,53.799922943115234],[16.400707244873047,53.799922943115234],[16.476667404174805,53.597137451171875],[16.301027297973633,53.52959060668945],[16.294410705566406,53.39456558227539],[16.119178771972656,53.32708740234375],[16.109657287597656,53.124786376953125],[16.02382469177246,53.124786376953125],[16.097135543823242,52.85536575317383],[15.48926830291748,52.653533935546875],[15.646231651306152,52.31757736206055],[15.813953399658203,52.250450134277344],[15.80826187133789,52.11625671386719],[16.136985778808594,51.84812545776367],[16.131103515625,51.71418380737305],[16.55561637878418,51.71418380737305],[16.718996047973633,51.580322265625],[16.980127334594727,51.71418380737305],[17.31973648071289,51.71418380737305],[17.549257278442383,51.24601745605469],[17.972288131713867,51.24601745605469],[18.049345016479492,51.112430572509766],[18.709320068359375,50.84549331665039],[18.70132827758789,50.71213912963867],[18.86180305480957,50.578861236572266],[19.030193328857422,50.578861236572266],[19.022031784057617,50.445655822753906],[19.18613052368164,50.37908172607422],[19.077926635742188,49.98000717163086],[19.23756217956543,49.84712600708008],[18.887298583984375,49.58156967163086],[18.87979507446289,49.44889450073242],[19.472537994384766,49.58156967163086],[19.865541458129883,49.18375015258789],[20.21193504333496,49.38258361816406],[20.545900344848633,49.38258361816406],[20.453577041625977,49.2500114440918],[20.703824996948242,49.2500114440918],[20.71288299560547,49.38258361816406],[21.79827117919922,49.38258361816406],[22.5230712890625,49.051273345947266],[22.77837371826172,49.11750411987305],[22.928722381591797,48.91886520385742],[23.666343688964844,48.786521911621094],[24.052976608276367,48.455936431884766],[24.378963470458984,48.38986587524414],[24.367206573486328,48.257774353027344],[24.686708450317383,48.1257438659668],[24.586227416992188,47.92780685424805],[24.90500259399414,47.79592514038086],[24.987621307373047,47.79592514038086],[25.01179313659668,48.059749603271484],[25.54009246826172,48.38986587524414],[25.559406280517578,48.5881233215332],[25.246307373046875,48.786521911621094],[25.342382431030273,48.91886520385742],[25.50884246826172,48.91886520385742],[25.981304168701172,48.654239654541016],[27.39371109008789,48.654239654541016],[27.537879943847656,48.455936431884766],[28.4200382232666,48.191749572753906],[28.570432662963867,48.059749603271484],[28.555265426635742,47.92780685424805],[29.028188705444336,47.730003356933594],[28.915130615234375,47.46647262573242],[29.139524459838867,47.26897048950195],[29.507915496826172,47.598209381103516],[29.53160858154297,47.79592514038086],[30.300031661987305,47.993770599365234],[30.325132369995117,48.191749572753906],[30.573623657226562,48.191749572753906],[30.725797653198242,48.72037124633789],[31.399850845336914,48.786521911621094],[31.575368881225586,48.852684020996094],[31.686492919921875,49.051273345947266],[32.70582962036133,49.18375015258789],[32.81914520263672,49.38258361816406],[32.328025817871094,49.44889450073242],[31.791717529296875,49.78071212768555],[31.22476577758789,49.91355895996094],[31.337629318237305,50.11296081542969],[31.021230697631836,50.2459831237793],[30.022506713867188,50.312522888183594],[30.209285736083984,50.445655822753906],[30.266342163085938,50.84549331665039],[30.35070037841797,50.84549331665039],[30.513946533203125,51.37968063354492],[30.598634719848633,51.37968063354492],[30.52397918701172,51.44654083251953],[30.58497428894043,51.84812545776367],[30.871335983276367,52.0491943359375],[31.659305572509766,52.18334197998047],[31.502992630004883,52.78806686401367],[31.279556274414062,52.99003219604492],[31.313270568847656,53.192195892333984],[32.16032028198242,53.124786376953125],[32.62548828125,53.32708740234375],[32.60007095336914,53.664710998535156],[32.51387023925781,53.664710998535156],[32.57514953613281,54.00291442871094],[32.36496353149414,54.27390670776367],[31.943944931030273,54.341712951660156],[31.56151008605957,54.138362884521484],[31.088844299316406,54.4095458984375],[31.112323760986328,54.545284271240234],[31.384735107421875,54.613189697265625],[31.40871810913086,54.74907684326172],[31.321746826171875,54.74907684326172],[31.294845581054688,55.089229583740234],[31.13242530822754,55.15733337402344],[31.180835723876953,55.430015563964844],[30.842947006225586,55.498252868652344],[30.87911033630371,55.70311737060547],[31.417572021484375,55.77145767211914],[31.342262268066406,55.83982467651367],[31.442842483520508,56.387733459472656],[29.996335983276367,56.182064056396484],[29.843679428100586,56.319149017333984],[29.87904167175293,56.524986267089844],[29.43756866455078,56.524986267089844],[29.414487838745117,56.387733459472656],[29.13858413696289,56.319149017333984],[29.09576988220215,56.59365463256836],[28.28973960876465,56.524986267089844],[28.31157684326172,56.662349700927734],[28.48837661743164,56.662349700927734],[28.477760314941406,57.14401626586914],[28.12265968322754,57.14401626586914],[28.100709915161133,57.00625228881836],[27.72464370727539,56.86860656738281],[27.678783416748047,57.14401626586914],[27.767559051513672,57.14401626586914],[27.800064086914062,57.35087585449219],[27.298233032226562,57.55800247192383],[27.209131240844727,57.55800247192383],[27.198556900024414,57.488929748535156],[27.109508514404297,57.488929748535156],[27.09902000427246,57.41988754272461],[27.088560104370117,57.35087585449219]]]]},"properties":{"Name":"Polish-Lithuanian Commonwealth","FromYear":1700,"ToYear":1701,"Area":791369.5249839753,"Type":"POLITY","Wikipedia":"Polish-Lithuanian Commonwealth","Wikidata":"Q172107","SeshatID":"pl_poland_lithuania_commonwealth","Components":"","MemberOf":""}},
{"type":"Feature","geometry":{"type":"MultiPolygon","coordinates":[[[[4.799726963043213,44.12431716918945],[4.99188536214119,44.17651569530577],[5.039933204650879,44.18956756591797],[5.012281908400454,44.21131287729043],[4.973548851088087,44.241773018617515],[4.95694637298584,44.25482940673828],[4.876103401184082,44.25482940673828],[4.8542766863815885,44.21753186502837],[4.799726963043213,44.12431716918945]]],[[[5.722792148590088,50.71213912963867],[5.807068347930908,50.71213912963867],[5.891344547271729,50.71213912963867],[5.889138698577881,50.77880859375],[5.973455429077148,50.77880859375],[5.966943264007568,50.97892379760742],[5.711322784423828,51.04566955566406],[5.722792148590088,50.71213912963867]]],[[[5.365976333618164,51.24601745605469],[5.784458637237549,51.37968063354492],[5.8624267578125,51.580322265625],[5.777609825134277,51.580322265625],[5.770728588104248,51.78114318847656],[5.940618991851807,51.78114318847656],[5.938404083251953,51.84812545776367],[6.023392200469971,51.84812545776367],[6.278356552124023,51.84812545776367],[6.363344669342041,51.84812545776367],[6.448332786560059,51.84812545776367],[6.533320903778076,51.84812545776367],[6.701467514038086,51.91512680053711],[6.612682342529297,52.0491943359375],[6.697800159454346,52.0491943359375],[6.948029518127441,52.250450134277344],[6.944602489471436,52.38472366333008],[6.68488883972168,52.51908493041992],[6.68117618560791,52.653533935546875],[7.021557331085205,52.720787048339844],[7.179872989654541,53.25962829589844],[7.093948841094971,53.25962829589844],[6.742867469787598,53.52959060668945],[5.542333602905273,53.39456558227539],[5.20894193649292,53.124786376953125],[5.385728359222412,52.99003219604492],[5.390830039978027,52.85536575317383],[5.136557102203369,52.78806686401367],[5.056382656097412,52.653533935546875],[4.785540580749512,52.99003219604492],[4.862768650054932,53.192195892333984],[4.691011905670166,53.192195892333984],[4.608114719390869,53.124786376953125],[4.702715873718262,52.92268753051758],[4.534325122833252,52.85536575317383],[4.463808536529541,52.51908493041992],[4.21693229675293,52.31757736206055],[4.223166942596436,52.18334197998047],[3.974021434783936,52.0491943359375],[3.980464458465576,51.91512680053711],[3.810401916503906,51.91512680053711],[3.81699013710022,51.78114318847656],[3.647099733352661,51.78114318847656],[3.738690614700317,51.64724349975586],[3.399252653121948,51.64724349975586],[3.40621018409729,51.51342010498047],[3.74860668182373,51.44654083251953],[3.494410037994385,51.44654083251953],[3.409677743911743,51.44654083251953],[3.504641532897949,51.24601745605469],[4.01227855682373,51.24601745605469],[4.341732025146484,51.44654083251953],[5.019589424133301,51.44654083251953],[5.365976333618164,51.24601745605469]]]]},"properties":{"Name":"(Dutch Republic)","FromYear":1700,"ToYear":1701,"Area":337230.41821746,"Type":"POLITY","Wikipedia":"Dutch Republic","Wikidata":"Q170072","SeshatID":"nl_dutch_emp_1","Components":"Dutch Ceylon;Dutch Republic;Dutch Cape Coast","MemberOf":""}},
{"type":"Feature","geometry":{"type":"Polygon","coordinates":[[[6.01627254486084,49.44889450073242],[5.85359001159668,49.316287994384766],[5.596318244934082,49.51522445678711],[4.830895900726318,49.84712600708008],[4.822853088378906,50.04647445678711],[4.738976001739502,50.04647445678711],[4.736247062683105,50.11296081542969],[4.652331352233887,50.11296081542969],[4.490188121795654,49.98000717163086],[4.154837608337402,49.98000717163086],[4.133730411529541,50.445655822753906],[4.04653787612915,50.51224899291992],[3.794073104858398,50.51224899291992],[3.612581014633179,50.77880859375],[3.022362232208252,50.77880859375],[3.011542558670044,50.97892379760742],[2.59697437286377,50.84549331665039],[2.493265151977539,51.17921447753906],[2.408700704574585,51.17921447753906],[1.656218767166138,51.04566955566406],[1.424705147743225,50.71213912963867],[1.454967975616455,50.2459831237793],[1.052847385406494,49.98000717163086],[0.224112883210182,49.84712600708008],[-0.012448177672923,49.64793395996094],[0.007001183927059,49.38258361816406],[-1.250783205032349,49.44889450073242],[-1.361783027648926,49.78071212768555],[-2.031550645828247,49.78071212768555],[-1.913302421569824,49.38258361816406],[-1.651668906211853,49.2500114440918],[-1.635041356086731,49.051273345947266],[-1.718345284461975,49.051273345947266],[-1.602181315422058,48.654239654541016],[-2.521934509277344,48.72037124633789],[-2.759404182434082,48.5881233215332],[-3.122164011001587,48.91886520385742],[-3.455082654953003,48.91886520385742],[-3.85184383392334,48.72037124633789],[-4.599917888641357,48.72037124633789],[-4.911745548248291,48.52202224731445],[-4.891265392303467,48.323814392089844],[-4.642560005187988,48.323814392089844],[-4.546383857727051,48.191749572753906],[-4.705362796783447,48.1257438659668],[-4.692053318023682,47.993770599365234],[-4.424368858337402,47.79592514038086],[-3.934937715530396,47.86185836791992],[-3.757235288619995,47.730003356933594],[-3.344320774078369,47.730003356933594],[-3.155531167984009,47.46647262573242],[-2.837259292602539,47.598209381103516],[-2.825755596160889,47.46647262573242],[-2.578423976898193,47.46647262573242],[-2.561590671539307,47.26897048950195],[-2.232228517532349,47.26897048950195],[-2.139080047607422,47.13737487792969],[-2.194406032562256,46.808616638183594],[-2.024919986724854,46.74290466308594],[-2.014399528503418,46.61152267456055],[-1.666043281555176,46.348915100097656],[-1.251809358596802,46.283294677734375],[-1.222735166549683,45.889827728271484],[-1.141096234321594,45.889827728271484],[-1.213142395019531,45.75876998901367],[-1.045281529426575,45.693260192871094],[-1.031213998794556,45.496795654296875],[-1.189373373985291,45.431331634521484],[-1.170574903488159,45.169586181640625],[-1.251859068870544,45.169586181640625],[-1.205376982688904,44.5159797668457],[-1.286344885826111,44.5159797668457],[-1.267958283424377,44.25482940673828],[-1.348801136016846,44.25482940673828],[-1.321390628814697,43.86341094970703],[-1.402047991752625,43.86341094970703],[-1.459883332252502,43.53750228881836],[-1.692170143127441,43.407203674316406],[-1.687574744224548,43.342071533203125],[-1.441840410232544,43.276947021484375],[-1.428432941436768,43.08163070678711],[-1.026964664459229,43.08163070678711],[-0.528801321983337,42.82133865356445],[-0.208102732896805,42.82133865356445],[0.040142297744751,42.691246032714844],[1.074691534042358,42.82133865356445],[1.485537886619568,42.62621307373047],[1.565624117851257,42.62621307373047],[1.645710229873657,42.62621307373047],[1.725796341896057,42.62621307373047],[1.72901451587677,42.56119155883789],[1.80907130241394,42.56119155883789],[2.458339214324951,42.36617660522461],[3.092691898345947,42.496177673339844],[3.089980125427246,42.56119155883789],[3.009923458099365,42.56119155883789],[2.984907388687134,43.146724700927734],[3.850892543792725,43.6026611328125],[4.173032760620117,43.6026611328125],[4.177847862243652,43.472347259521484],[4.577967166900635,43.53750228881836],[5.386905193328857,43.407203674316406],[5.390771865844727,43.276947021484375],[5.631923198699951,43.276947021484375],[5.796233177185059,43.146724700927734],[6.517646789550781,43.211830139160156],[6.593565464019775,43.407203674316406],[6.832098007202148,43.53750228881836],[6.91260290145874,43.53750228881836],[6.829278945922852,43.6678352355957],[6.668147563934326,43.6678352355957],[6.74289083480835,43.92862319946289],[6.416947841644287,44.05907440185547],[6.413734436035156,44.18956756591797],[6.814867973327637,44.32010269165039],[6.565949440002441,44.58129119873047],[6.640680313110352,44.842647552490234],[6.228048801422119,45.10417556762695],[5.901144027709961,45.169586181640625],[5.812080860137939,45.431331634521484],[5.48224401473999,45.56227111816406],[5.634932518005371,45.889827728271484],[6.033519744873047,46.21768569946289],[6.103800296783447,46.61152267456055],[6.506691455841064,46.87434005737305],[6.504899501800537,46.94007873535156],[6.587069988250732,46.94007873535156],[6.585307121276855,47.005828857421875],[6.667511463165283,47.005828857421875],[6.665778160095215,47.07159423828125],[6.748015880584717,47.07159423828125],[6.830254077911377,47.07159423828125],[6.828584671020508,47.13737487792969],[6.989914417266846,47.26897048950195],[6.985063552856445,47.46647262573242],[6.816785335540771,47.598209381103516],[6.980180740356445,47.664100646972656],[6.981812000274658,47.598209381103516],[6.983439445495605,47.53233337402344],[7.39728307723999,47.46647262573242],[7.559404373168945,47.598209381103516],[7.558016777038574,47.664100646972656],[7.556626796722412,47.730003356933594],[7.555233955383301,47.79592514038086],[7.55383825302124,47.86185836791992],[7.552440643310547,47.92780685424805],[7.626908302307129,48.323814392089844],[7.709810256958008,48.323814392089844],[7.708469390869141,48.38986587524414],[7.707126617431641,48.455936431884766],[7.705782890319824,48.52202224731445],[7.788793087005615,48.52202224731445],[7.787483692169189,48.5881233215332],[7.870530128479004,48.5881233215332],[7.867981433868408,48.72037124633789],[8.115007400512695,48.852684020996094],[8.112674713134766,48.98506164550781],[7.528380393981934,49.051273345947266],[7.529807567596436,48.98506164550781],[7.36456081694231,48.9282823868225],[7.33715364535665,48.91886520385742],[7.199438921175841,48.871546028635606],[7.144544131328063,48.852684020996094],[6.951990127563477,48.786521911621094],[6.868834018707275,48.786521911621094],[6.617537975311279,48.852684020996094],[6.613873958587646,48.98506164550781],[7.031854577004194,48.91886536320888],[7.031855583190918,48.91886520385742],[7.03020715713501,48.98506164550781],[7.028557300567627,49.051273345947266],[6.945253372192383,49.051273345947266],[6.861949920654297,49.051273345947266],[6.860223770141602,49.11750411987305],[6.776882648468018,49.11750411987305],[6.775116920471191,49.18375015258789],[6.691738605499268,49.18375015258789],[6.360177040100098,49.11750411987305],[6.266860485076904,49.44889450073242],[6.18333101272583,49.44889450073242],[6.099801540374756,49.44889450073242],[6.01627254486084,49.44889450073242]]]},"properties":{"Name":"(Kingdom of France)","FromYear":1700,"ToYear":1701,"Area":680775.8624414958,"Type":"POLITY","Wikipedia":"Kingdom of France","Wikidata":"Q207162","SeshatID":"fr_bourbon_k_2","Components":"New France;French India;Kingdom of France","MemberOf":""}},
{"type":"Feature","geometry":{"type":"MultiPolygon","coordinates":[[[[7.709810256958008,48.323814392089844],[7.626908302307129,48.323814392089844],[7.552440643310547,47.92780685424805],[7.635128974914551,47.92780685424805],[7.636491298675537,47.86185836791992],[7.888208866119385,47.664100646972656],[7.560789108276367,47.53233337402344],[7.72967529296875,47.33478927612305],[8.059174537658691,47.33478927612305],[8.138138771057129,47.53233337402344],[8.054483413696289,47.598209381103516],[8.218400955200195,47.664100646972656],[8.127795219421387,48.1257438659668],[8.210589408874512,48.1257438659668],[8.208345413208008,48.257774353027344],[7.959747314453125,48.257774353027344],[7.796617031097412,48.1257438659668],[7.792711734771729,48.323814392089844],[7.709810256958008,48.323814392089844]]],[[[9.043119430541992,47.730003356933594],[9.290210723876953,47.79592514038086],[9.288235664367676,47.993770599365234],[9.122788429260254,47.993770599365234],[9.124246597290039,47.86185836791992],[9.041593551635742,47.86185836791992],[8.957342147827148,47.993770599365234],[8.87795352935791,47.730003356933594],[8.96053695678711,47.730003356933594],[9.043119430541992,47.730003356933594]]],[[[8.710076332092285,47.92780685424805],[8.709171295166016,47.993770599365234],[8.626447677612305,47.993770599365234],[8.628328323364258,47.86185836791992],[8.793634414672852,47.86185836791992],[8.710076332092285,47.92780685424805]]],[[[8.210589408874512,48.1257438659668],[8.211709976196289,48.059749603271484],[8.21282958984375,47.993770599365234],[8.295553207397461,47.993770599365234],[8.378276824951172,47.993770599365234],[8.461000442504883,47.993770599365234],[8.45998764038086,48.059749603271484],[8.377227783203125,48.059749603271484],[8.376178741455078,48.1257438659668],[8.293384552001953,48.1257438659668],[8.210589408874512,48.1257438659668]]],[[[8.539809226989746,48.257774353027344],[8.706449508666992,48.191749572753906],[8.7875337600708,48.323814392089844],[8.538827896118164,48.323814392089844],[8.539809226989746,48.257774353027344]]],[[[8.872109413146973,48.191749572753906],[8.954939842224121,48.191749572753906],[9.03777027130127,48.191749572753906],[9.037004470825195,48.257774353027344],[8.95413875579834,48.257774353027344],[8.953337669372559,48.323814392089844],[8.87043571472168,48.323814392089844],[8.871273040771484,48.257774353027344],[8.872109413146973,48.191749572753906]]],[[[8.290122985839844,48.323814392089844],[8.454909324645996,48.38986587524414],[8.206095695495605,48.38986587524414],[8.291211128234863,48.257774353027344],[8.290122985839844,48.323814392089844]]],[[[8.451854705810547,48.5881233215332],[8.285761833190918,48.5881233215332],[8.370917320251465,48.455936431884766],[8.452873229980469,48.52202224731445],[8.451854705810547,48.5881233215332]]],[[[7.788793087005615,48.52202224731445],[7.871802806854248,48.52202224731445],[7.954813003540039,48.52202224731445],[7.953576564788818,48.5881233215332],[7.870530128479004,48.5881233215332],[7.787483692169189,48.5881233215332],[7.788793087005615,48.52202224731445]]],[[[8.701903343200684,48.52202224731445],[8.6170015335083,48.654239654541016],[8.53490161895752,48.5881233215332],[8.61889362335205,48.52202224731445],[8.701903343200684,48.52202224731445]]],[[[9.371582984924316,47.92780685424805],[9.537511825561523,47.86185836791992],[9.536406517028809,47.993770599365234],[9.45427131652832,47.92780685424805],[9.371582984924316,47.92780685424805]]],[[[10.528592109680176,48.257774353027344],[10.197128295898438,48.257774353027344],[10.115167617797852,48.059749603271484],[10.363642692565918,47.993770599365234],[10.52871322631836,48.191749572753906],[10.528592109680176,48.257774353027344]]],[[[24.90500259399414,47.79592514038086],[24.586227416992188,47.92780685424805],[24.686708450317383,48.1257438659668],[24.367206573486328,48.257774353027344],[24.378963470458984,48.38986587524414],[24.052976608276367,48.455936431884766],[23.666343688964844,48.786521911621094],[22.928722381591797,48.91886520385742],[22.77837371826172,49.11750411987305],[22.5230712890625,49.051273345947266],[21.79827117919922,49.38258361816406],[20.71288299560547,49.38258361816406],[20.703824996948242,49.2500114440918],[20.453577041625977,49.2500114440918],[20.44919204711914,49.18375015258789],[20.365812301635742,49.18375015258789],[20.361482620239258,49.11750411987305],[20.278141021728516,49.11750411987305],[20.282434463500977,49.18375015258789],[20.286745071411133,49.2500114440918],[20.370161056518555,49.2500114440918],[20.453577041625977,49.2500114440918],[20.545900344848633,49.38258361816406],[20.21193504333496,49.38258361816406],[19.865541458129883,49.18375015258789],[19.472537994384766,49.58156967163086],[18.87979507446289,49.44889450073242],[18.887298583984375,49.58156967163086],[19.23756217956543,49.84712600708008],[19.077926635742188,49.98000717163086],[19.18613052368164,50.37908172607422],[19.022031784057617,50.445655822753906],[19.030193328857422,50.578861236572266],[18.86180305480957,50.578861236572266],[18.70132827758789,50.71213912963867],[18.709320068359375,50.84549331665039],[18.049345016479492,51.112430572509766],[17.972288131713867,51.24601745605469],[17.549257278442383,51.24601745605469],[17.31973648071289,51.71418380737305],[16.980127334594727,51.71418380737305],[16.718996047973633,51.580322265625],[16.55561637878418,51.71418380737305],[16.131103515625,51.71418380737305],[16.136985778808594,51.84812545776367],[15.80826187133789,52.11625671386719],[15.813953399658203,52.250450134277344],[15.646231651306152,52.31757736206055],[15.470279693603516,52.18334197998047],[15.131959915161133,52.250450134277344],[14.954254150390625,52.0491943359375],[15.027374267578125,51.71418380737305],[14.857569694519043,51.71418380737305],[14.853023529052734,51.580322265625],[15.272184371948242,51.44654083251953],[15.173232078552246,51.04566955566406],[15.088750839233398,51.04566955566406],[14.999794006347656,50.912200927734375],[14.577799797058105,50.912200927734375],[14.497381210327148,51.04566955566406],[14.328418731689453,51.04566955566406],[14.153997421264648,50.84549331665039],[13.391927719116211,50.71213912963867],[12.796454429626465,50.37908172607422],[12.376081466674805,50.37908172607422],[12.290331840515137,50.2459831237793],[12.12234115600586,50.2459831237793],[12.12159538269043,50.17946243286133],[12.370920181274414,49.98000717163086],[12.36764907836914,49.71431350708008],[12.534139633178711,49.64793395996094],[12.532414436340332,49.51522445678711],[13.112967491149902,49.2500114440918],[13.358475685119629,48.98506164550781],[13.441741943359375,48.98506164550781],[13.525009155273438,48.98506164550781],[13.52376937866211,48.91886520385742],[13.606999397277832,48.91886520385742],[14.100465774536133,48.654239654541016],[13.847192764282227,48.455936431884766],[13.177251815795898,48.059749603271484],[13.175244331359863,47.92780685424805],[13.418926239013672,47.664100646972656],[13.41247844696045,47.26897048950195],[13.659500122070312,47.26897048950195],[13.738253593444824,47.07159423828125],[13.079431533813477,47.005828857421875],[12.834451675415039,47.13737487792969],[12.752180099487305,47.13737487792969],[12.175729751586914,47.07159423828125],[12.177369117736816,47.26897048950195],[12.508110046386719,47.4006233215332],[12.510897636413574,47.664100646972656],[11.602551460266113,47.598209381103516],[11.189559936523438,47.4006233215332],[10.61239242553711,47.598209381103516],[10.447366714477539,47.598209381103516],[10.36567211151123,47.33478927612305],[10.118547439575195,47.33478927612305],[9.952665328979492,47.53233337402344],[9.622751235961914,47.53233337402344],[9.62326717376709,47.46647262573242],[9.623783111572266,47.4006233215332],[9.56887574261621,47.4006233215332],[9.541373252868652,47.4006233215332],[9.541648767995238,47.36766082548732],[9.541923522949219,47.33478927612305],[9.542471885681152,47.26897048950195],[9.54301929473877,47.20316696166992],[9.625325202941895,47.20316696166992],[9.625838279724121,47.13737487792969],[9.9564208984375,46.87434005737305],[10.202829360961914,46.87434005737305],[10.284491539001465,47.005828857421875],[10.44906997680664,46.94007873535156],[10.532551765441895,46.283294677734375],[10.45177173614502,45.82429504394531],[10.778217315673828,45.693260192871094],[11.022930145263672,45.75876998901367],[11.350288391113281,46.08650588989258],[11.677236557006836,46.08650588989258],[11.841521263122559,46.21768569946289],[11.843135833740234,46.480194091796875],[12.09045124053955,46.677207946777344],[13.564879417419434,46.54585266113281],[13.562676429748535,46.414546966552734],[13.397838592529297,46.348915100097656],[13.47651481628418,46.1520881652832],[13.31197738647461,46.08650588989258],[13.307992935180664,45.82429504394531],[13.389599800109863,45.82429504394531],[13.714865684509277,45.75876998901367],[13.711389541625977,45.56227111816406],[13.710229873657227,45.496795654296875],[14.117451667785645,45.496795654296875],[13.786900520324707,45.23500442504883],[14.026969909667969,45.03877639770508],[14.108189582824707,45.03877639770508],[14.189410209655762,45.03877639770508],[14.196189880371094,45.36587905883789],[14.603090286254883,45.36587905883789],[14.59854507446289,45.169586181640625],[14.705873954494141,45.12597788336516],[14.759533882141113,45.10417556762695],[14.757952549930629,45.03877822926232],[14.757952513026673,45.03877670306789],[14.75637149810791,44.973392486572266],[14.91874885559082,44.973392486572266],[14.908865928649902,44.58129119873047],[15.028629145527555,44.5159797668457],[15.06858201388312,44.49419194994971],[15.148378372192383,44.45067596435547],[15.146636962890625,44.38538360595703],[15.864686012268066,44.05907440185547],[16.270606994628906,44.12431716918945],[16.04285430908203,44.58129119873047],[15.803844451904297,44.71194839477539],[15.819802284240723,45.23500442504883],[15.982434272766113,45.23500442504883],[16.219921112060547,45.03877639770508],[16.4703311920166,45.23500442504883],[17.120859146118164,45.23500442504883],[17.76310920715332,45.03877639770508],[18.57839012145996,45.10417556762695],[18.890594482421875,44.842647552490234],[19.22174644470215,44.973392486572266],[20.019073486328125,44.71194839477539],[20.292184829711914,45.23500442504883],[19.9814510345459,45.496795654296875],[20.07762336730957,45.75876998901367],[19.836498260498047,45.82429504394531],[19.936336517333984,46.1520881652832],[20.672266006469727,46.1520881652832],[20.827774047851562,46.02093505859375],[21.489965438842773,46.1520881652832],[21.563112258911133,46.02093505859375],[22.38015365600586,46.02093505859375],[22.370906829833984,45.889827728271484],[22.452545166015625,45.889827728271484],[22.357093811035156,45.693260192871094],[22.669118881225586,45.496795654296875],[22.73638343811035,45.300437927246094],[23.138248443603516,45.23500442504883],[23.47352409362793,45.36587905883789],[23.483562469482422,45.496795654296875],[24.13511848449707,45.496795654296875],[24.634754180908203,45.62776184082031],[25.042299270629883,45.62776184082031],[25.34526824951172,45.36587905883789],[25.438228607177734,45.496795654296875],[25.84545135498047,45.496795654296875],[25.93889808654785,45.62776184082031],[26.10191535949707,45.62776184082031],[26.44038200378418,45.75876998901367],[26.477930068969727,46.1520881652832],[25.942142486572266,46.54585266113281],[25.966814041137695,46.808616638183594],[25.72661018371582,46.87434005737305],[25.668907165527344,47.13737487792969],[25.016605377197266,47.20316696166992],[25.03432846069336,47.4006233215332],[24.881271362304688,47.53233337402344],[24.90500259399414,47.79592514038086]]],[[[10.03139591217041,48.257774353027344],[9.947421073913574,48.455936431884766],[9.615525245666504,48.455936431884766],[9.532551765441895,48.455936431884766],[9.449578285217285,48.455936431884766],[9.451920509338379,48.191749572753906],[9.782355308532715,48.323814392089844],[10.03139591217041,48.257774353027344]]],[[[9.202042579650879,48.323814392089844],[9.202736854553223,48.257774353027344],[9.368468284606934,48.257774353027344],[9.36660385131836,48.455936431884766],[9.202042579650879,48.323814392089844]]],[[[10.279540061950684,48.38986587524414],[10.196602821350098,48.38986587524414],[10.196342468261719,48.455936431884766],[10.11336898803711,48.455936431884766],[10.113664627075195,48.38986587524414],[10.113962173461914,48.323814392089844],[10.196864128112793,48.323814392089844],[10.279766082763672,48.323814392089844],[10.279540061950684,48.38986587524414]]]]},"properties":{"Name":"(Habsburg Monarchy)","FromYear":1700,"ToYear":1701,"Area":527200.7213018625,"Type":"POLITY","Wikipedia":"Habsburg monarchy","Wikidata":"Q66504140","SeshatID":"at_habsburg_2","Components":"Habsburg Monarchy","MemberOf":""}},
{"type":"Feature","geometry":{"type":"MultiPolygon","coordinates":[[[[-2.8270103931427,35.258358001708984],[-2.830641508102417,35.32271194458008],[-2.837937116622925,35.45143127441406],[-2.992615222930908,35.45143127441406],[-2.981565713882446,35.258358001708984],[-2.8270103931427,35.258358001708984]]],[[[-0.530006587505341,35.708900451660156],[-0.607428431510925,35.708900451660156],[-0.684850215911865,35.708900451660156],[-0.76227205991745,35.708900451660156],[-0.83969384431839,35.708900451660156],[-0.917115688323975,35.708900451660156],[-0.913937389850616,35.644527435302734],[-0.907609820365906,35.51579284667969],[-0.672443270683289,35.45143127441406],[-0.446486860513687,35.58015823364258],[-0.530006587505341,35.708900451660156]]],[[[-5.485002994537354,35.708900451660156],[-5.451572655644581,35.723202586161776],[-5.334535121917725,35.77327346801758],[-5.338923931121826,35.837650299072266],[-5.571314811706543,35.837650299072266],[-5.498279298868719,35.728704485602684],[-5.485002994537354,35.708900451660156]]],[[[1.183109045028687,39.06184005737305],[1.273545265197754,38.80344009399414],[1.430543661117554,38.80344009399414],[1.657540321350098,38.997230529785156],[1.651834011077881,39.1264533996582],[1.337347388267517,39.1264533996582],[1.258725643157959,39.1264533996582],[1.183109045028687,39.06184005737305]]],[[[2.82365870475769,39.320335388183594],[3.295835733413696,39.320335388183594],[3.515789270401001,39.77294921875],[3.197866439819336,39.8376350402832],[3.19298791885376,39.9670295715332],[2.956136703491211,39.9670295715332],[2.877186298370361,39.9670295715332],[2.338095426559448,39.64360046386719],[2.346148252487183,39.449623107910156],[2.658556938171387,39.51427459716797],[2.82365870475769,39.320335388183594]]],[[[13.792884826660156,41.19768524169922],[13.791753768920898,41.132843017578125],[13.950616836547852,41.132843017578125],[14.104567527770996,40.873565673828125],[14.421854972839355,40.873565673828125],[14.417906761169434,40.6791877746582],[14.893351554870605,40.6791877746582],[15.041359901428223,40.225894927978516],[15.199469566345215,40.225894927978516],[15.431868553161621,40.031734466552734],[15.747773170471191,40.031734466552734],[15.665508270263672,39.90232849121094],[15.898874282836914,39.77294921875],[16.265209197998047,38.738853454589844],[15.949724197387695,38.67427444458008],[15.862062454223633,38.28691864013672],[14.763398170471191,38.157840728759766],[14.604636192321777,38.028785705566406],[13.665236473083496,37.96426773071289],[13.354706764221191,38.157840728759766],[13.119925498962402,38.157840728759766],[13.040358543395996,38.028785705566406],[12.649824142456055,38.09331130981445],[12.49189567565918,37.89975357055664],[12.490468978881836,37.706241607666016],[13.192005157470703,37.5772590637207],[13.578389167785645,37.254878997802734],[14.27791690826416,37.12596130371094],[14.661029815673828,36.73930740356445],[15.049844741821289,36.73930740356445],[15.213889122009277,37.1904182434082],[15.059245109558105,37.254878997802734],[15.066489219665527,37.641746520996094],[15.389483451843262,38.157840728759766],[15.62426471710205,38.157840728759766],[15.698192596435547,37.96426773071289],[15.932764053344727,37.96426773071289],[16.491945266723633,38.416015625],[16.502395629882812,38.80344009399414],[17.138301849365234,39.06184005737305],[17.069679260253906,39.38497543334961],[16.916194915771484,39.51427459716797],[16.44725799560547,39.64360046386719],[16.45665168762207,39.9670295715332],[16.697484970092773,40.0964469909668],[16.624452590942383,40.29063034057617],[16.861696243286133,40.29063034057617],[16.945016860961914,40.42012023925781],[16.867990493774414,40.4848747253418],[17.02848243713379,40.54964065551758],[17.345230102539062,40.54964065551758],[17.41753578186035,40.355369567871094],[17.813072204589844,40.355369567871094],[18.11216926574707,39.90232849121094],[18.34894371032715,39.90232849121094],[18.356534957885742,40.0964469909668],[18.435537338256836,40.0964469909668],[18.364234924316406,40.29063034057617],[17.981229782104492,40.614410400390625],[17.510658264160156,40.74397277832031],[17.436086654663086,40.873565673828125],[16.732860565185547,41.19768524169922],[15.943941116333008,41.39224624633789],[15.87384033203125,41.71668243408203],[16.114879608154297,41.781593322753906],[16.11888313293457,41.911441802978516],[15.720044136047363,41.911441802978516],[15.640276908874512,41.911441802978516],[15.241438865661621,41.911441802978516],[15.165011405944824,42.041324615478516],[14.9239501953125,41.97637939453125],[14.765887260437012,42.041324615478516],[14.768959999084473,42.17123794555664],[14.607714653015137,42.10627746582031],[14.530768394470215,42.236209869384766],[14.370945930480957,42.236209869384766],[13.901384353637695,42.75628662109375],[13.98537540435791,42.95146560668945],[13.90514087677002,42.95146560668945],[13.583069801330566,42.88639831542969],[13.339327812194824,42.691246032714844],[13.098980903625488,42.691246032714844],[12.856051445007324,42.496177673339844],[13.00974178314209,42.041324615478516],[13.328027725219727,41.97637939453125],[13.40574836730957,41.84651184082031],[13.804443359375,41.84651184082031],[13.96146297454834,41.71668243408203],[14.03740406036377,41.521995544433594],[13.792884826660156,41.19768524169922]]],[[[-1.687574744224548,43.342071533203125],[-1.767988562583923,43.342071533203125],[-3.295851230621338,43.342071533203125],[-3.467212915420532,43.472347259521484],[-4.990375518798828,43.407203674316406],[-5.565621852874756,43.53750228881836],[-5.646126270294189,43.53750228881836],[-7.175715446472168,43.53750228881836],[-7.343485832214355,43.6026611328125],[-7.276463031768799,43.73301696777344],[-8.243616104125977,43.73301696777344],[-8.39044189453125,43.6026611328125],[-8.369025230407715,43.407203674316406],[-8.851689338684082,43.407203674316406],[-9.30460262298584,43.146724700927734],[-9.078654289245605,42.56119155883789],[-8.65738296508789,42.36617660522461],[-8.956093788146973,42.17123794555664],[-8.935100555419922,41.97637939453125],[-8.928141593933105,41.911441802978516],[-8.469955444335938,42.10627746582031],[-8.150541305541992,42.10627746582031],[-8.137139320373535,41.97637939453125],[-8.216935157775879,41.97637939453125],[-8.11717414855957,41.781593322753906],[-6.700808048248291,41.97637939453125],[-6.516909122467041,41.71668243408203],[-6.271912097930908,41.65177917480469],[-6.254164218902588,41.45711898803711],[-6.927728176116943,41.00318908691406],[-6.868430137634277,40.355369567871094],[-7.014894485473633,40.225894927978516],[-7.00321626663208,40.0964469909668],[-6.839452266693115,40.031734466552734],[-6.895466804504395,39.77294921875],[-7.435848712921143,39.64360046386719],[-7.418391227722168,39.449623107910156],[-7.255166053771973,39.38497543334961],[-6.985427379608154,38.997230529785156],[-7.120340347290039,38.738853454589844],[-7.271727085113525,38.67427444458008],[-7.244168281555176,38.351463317871094],[-6.998411178588867,38.22237777709961],[-6.987714290618896,38.09331130981445],[-7.14418888092041,38.09331130981445],[-7.27909517288208,37.835243225097656],[-7.502705097198486,37.706241607666016],[-7.387404441833496,37.254878997802734],[-7.309464931488037,37.254878997802734],[-6.84182596206665,37.254878997802734],[-6.587993621826172,36.9970588684082],[-6.432291984558105,36.9970588684082],[-6.063849925994873,36.2239875793457],[-5.831079006195068,36.2239875793457],[-5.662277221679688,36.03080368041992],[-5.287947177886963,36.2239875793457],[-5.22819709777832,36.48161697387695],[-4.688807487487793,36.5460319519043],[-4.468626022338867,36.73930740356445],[-2.680080890655518,36.73930740356445],[-2.532132625579834,36.8681755065918],[-2.061630010604858,36.80373764038086],[-1.857354998588562,37.3193473815918],[-1.623468399047852,37.3193473815918],[-1.708719491958618,37.44829177856445],[-0.704753637313843,37.641746520996094],[-0.803495347499847,38.028785705566406],[-0.660861134529114,38.28691864013672],[0.099359586834908,38.738853454589844],[-0.313707679510117,39.1264533996582],[-0.345421016216278,39.70827102661133],[-0.201878547668457,39.9670295715332],[0.182543575763702,40.16116714477539],[0.247769102454185,40.42012023925781],[0.474957317113876,40.614410400390625],[0.709256291389465,40.6791877746582],[0.695793092250824,40.93837356567383],[1.238392949104309,41.19768524169922],[2.106574535369873,41.32738494873047],[2.333626985549927,41.586883544921875],[2.885612010955811,41.71668243408203],[3.116764783859253,41.911441802978516],[3.178062200546265,42.36617660522461],[3.095396280288696,42.43117141723633],[3.092691898345947,42.496177673339844],[2.458339214324951,42.36617660522461],[1.80907130241394,42.56119155883789],[1.575427651405334,42.43117141723633],[1.485537886619568,42.62621307373047],[1.074691534042358,42.82133865356445],[0.040142297744751,42.691246032714844],[-0.208102732896805,42.82133865356445],[-0.528801321983337,42.82133865356445],[-1.026964664459229,43.08163070678711],[-1.428432941436768,43.08163070678711],[-1.441840410232544,43.276947021484375],[-1.687574744224548,43.342071533203125]]],[[[3.820104122161865,40.0964469909668],[3.741101741790771,40.0964469909668],[3.826826572418213,39.90232849121094],[4.302449703216553,39.8376350402832],[4.215116024017334,40.0964469909668],[3.820104122161865,40.0964469909668]]],[[[9.74737548828125,39.64360046386719],[9.665326118469238,40.29063034057617],[9.823226928710938,40.355369567871094],[9.821690559387207,40.74397277832031],[9.50210952758789,41.19768524169922],[9.10431957244873,41.26253128051758],[9.024832725524902,41.26253128051758],[8.552037239074707,40.873565673828125],[8.154606819152832,40.93837356567383],[8.159523010253906,40.54964065551758],[8.318660736083984,40.4848747253418],[8.32094955444336,40.29063034057617],[8.400031089782715,40.29063034057617],[8.324762344360352,39.9670295715332],[8.48337459564209,39.90232849121094],[8.40887451171875,39.51427459716797],[8.330102920532227,39.51427459716797],[8.333152770996094,39.25570297241211],[8.411824226379395,39.25570297241211],[8.336196899414062,38.997230529785156],[8.730334281921387,38.8680305480957],[8.96590518951416,38.8680305480957],[9.120378494262695,39.19107437133789],[9.592622756958008,39.1264533996582],[9.668553352355957,39.64360046386719],[9.74737548828125,39.64360046386719]]],[[[11.336134910583496,42.62621307373047],[11.1757173538208,42.56119155883789],[11.1754732131958,42.496177673339844],[11.335225105285645,42.43117141723633],[11.336134910583496,42.62621307373047]]],[[[10.214488983154297,42.88639831542969],[10.134284973144531,42.88639831542969],[10.21481990814209,42.691246032714844],[10.455166816711426,42.691246032714844],[10.45510196685791,42.88639831542969],[10.214488983154297,42.88639831542969]]],[[[10.615615844726562,43.08163070678711],[10.615581512451172,43.016544342041016],[10.695845603942871,43.016544342041016],[10.695780754089355,42.95146560668945],[10.776015281677246,42.95146560668945],[10.85624885559082,42.95146560668945],[10.856123924255371,42.88639831542969],[10.936327934265137,42.88639831542969],[10.856496810913086,43.08163070678711],[10.615615844726562,43.08163070678711]]],[[[9.401886940002441,44.45067596435547],[9.317276000976562,44.908016204833984],[9.23611831665039,44.908016204833984],[9.31507682800293,45.169586181640625],[9.965350151062012,45.169586181640625],[10.128390312194824,45.03877639770508],[10.453271865844727,45.03877639770508],[10.453055381774902,45.169586181640625],[9.883387565612793,45.300437927246094],[9.71903133392334,45.56227111816406],[9.55607795715332,45.56227111816406],[9.474601745605469,45.56227111816406],[9.310473442077637,45.693260192871094],[9.308683395385742,45.889827728271484],[9.470881462097168,46.02093505859375],[9.387435913085938,46.21768569946289],[9.223830223083496,46.21768569946289],[8.90048885345459,45.889827728271484],[8.652090072631836,46.1520881652832],[8.488550186157227,46.1520881652832],[8.485703468322754,46.348915100097656],[8.320942878723145,46.414546966552734],[7.919662952423096,45.95537567138672],[8.005810737609863,45.693260192871094],[8.330994606018066,45.75876998901367],[8.578357696533203,45.56227111816406],[8.581818580627441,45.300437927246094],[8.337774276733398,45.300437927246094],[8.340606689453125,45.10417556762695],[8.503981590270996,45.03877639770508],[8.58520221710205,45.03877639770508],[8.69400927988269,44.995186942270045],[8.748412132263184,44.973392486572266],[8.798440859649178,44.855721998942954],[8.83178073386231,44.77730466831827],[8.831785202026367,44.77729415893555],[8.832504272460938,44.71194839477539],[9.401886940002441,44.45067596435547]]],[[[5.596318244934082,49.51522445678711],[5.928430557250977,49.58156967163086],[6.01627254486084,49.44889450073242],[6.099801540374756,49.44889450073242],[6.18333101272583,49.44889450073242],[6.266860485076904,49.44889450073242],[6.264857769012451,49.51522445678711],[6.348425388336182,49.51522445678711],[6.346458435058594,49.58156967163086],[6.340545177459717,49.78071212768555],[6.586127281188965,49.98000717163086],[6.582399845123291,50.11296081542969],[6.07469654083252,50.2459831237793],[6.402873992919922,50.51224899291992],[6.068368434906006,50.445655822753906],[5.973455429077148,50.77880859375],[5.889138698577881,50.77880859375],[5.891344547271729,50.71213912963867],[5.807068347930908,50.71213912963867],[5.722792148590088,50.71213912963867],[5.902330875396729,50.37908172607422],[5.479565620422363,50.445655822753906],[4.822853088378906,50.04647445678711],[4.830895900726318,49.84712600708008],[5.596318244934082,49.51522445678711]]],[[[2.493265151977539,51.17921447753906],[2.59697437286377,50.84549331665039],[3.011542558670044,50.97892379760742],[3.022362232208252,50.77880859375],[3.612581014633179,50.77880859375],[3.794073104858398,50.51224899291992],[4.04653787612915,50.51224899291992],[4.133730411529541,50.445655822753906],[4.154837608337402,49.98000717163086],[4.490188121795654,49.98000717163086],[4.652331352233887,50.11296081542969],[4.646780490875244,50.2459831237793],[4.809360027313232,50.37908172607422],[5.058992385864258,50.445655822753906],[5.048582077026367,50.71213912963867],[5.217134952545166,50.71213912963867],[5.206983089447021,50.97892379760742],[5.291423320770264,50.97892379760742],[5.365976333618164,51.24601745605469],[5.019589424133301,51.44654083251953],[4.341732025146484,51.44654083251953],[4.01227855682373,51.24601745605469],[3.504641532897949,51.24601745605469],[3.409677743911743,51.44654083251953],[3.324945688247681,51.44654083251953],[2.73940634727478,51.31283950805664],[2.577829360961914,51.17921447753906],[2.493265151977539,51.17921447753906]]]]},"properties":{"Name":"(Spanish Empire)","FromYear":1700,"ToYear":1701,"Area":7563420.462550272,"Type":"POLITY","Wikipedia":"Spanish Empire","Wikidata":"Q80702","SeshatID":"es_spanish_emp_1","Components":"Kingdom of Spain;Spanish Empire","MemberOf":""}},
{"type":"Feature","geometry":{"type":"MultiPolygon","coordinates":[[[[1.183109045028687,39.06184005737305],[1.273545265197754,38.80344009399414],[1.430543661117554,38.80344009399414],[1.657540321350098,38.997230529785156],[1.651834011077881,39.1264533996582],[1.337347388267517,39.1264533996582],[1.258725643157959,39.1264533996582],[1.183109045028687,39.06184005737305]]],[[[2.82365870475769,39.320335388183594],[3.295835733413696,39.320335388183594],[3.515789270401001,39.77294921875],[3.197866439819336,39.8376350402832],[3.19298791885376,39.9670295715332],[2.956136703491211,39.9670295715332],[2.877186298370361,39.9670295715332],[2.338095426559448,39.64360046386719],[2.346148252487183,39.449623107910156],[2.658556938171387,39.51427459716797],[2.82365870475769,39.320335388183594]]],[[[-1.687574744224548,43.342071533203125],[-1.767988562583923,43.342071533203125],[-3.295851230621338,43.342071533203125],[-3.467212915420532,43.472347259521484],[-4.990375518798828,43.407203674316406],[-5.565621852874756,43.53750228881836],[-5.646126270294189,43.53750228881836],[-7.175715446472168,43.53750228881836],[-7.343485832214355,43.6026611328125],[-7.276463031768799,43.73301696777344],[-8.243616104125977,43.73301696777344],[-8.39044189453125,43.6026611328125],[-8.369025230407715,43.407203674316406],[-8.851689338684082,43.407203674316406],[-9.30460262298584,43.146724700927734],[-9.078654289245605,42.56119155883789],[-8.65738296508789,42.36617660522461],[-8.956093788146973,42.17123794555664],[-8.935100555419922,41.97637939453125],[-8.928141593933105,41.911441802978516],[-8.469955444335938,42.10627746582031],[-8.150541305541992,42.10627746582031],[-8.137139320373535,41.97637939453125],[-8.216935157775879,41.97637939453125],[-8.11717414855957,41.781593322753906],[-6.700808048248291,41.97637939453125],[-6.516909122467041,41.71668243408203],[-6.271912097930908,41.65177917480469],[-6.254164218902588,41.45711898803711],[-6.927728176116943,41.00318908691406],[-6.868430137634277,40.355369567871094],[-7.014894485473633,40.225894927978516],[-7.00321626663208,40.0964469909668],[-6.839452266693115,40.031734466552734],[-6.895466804504395,39.77294921875],[-7.435848712921143,39.64360046386719],[-7.418391227722168,39.449623107910156],[-7.255166053771973,39.38497543334961],[-6.985427379608154,38.997230529785156],[-7.120340347290039,38.738853454589844],[-7.271727085113525,38.67427444458008],[-7.244168281555176,38.351463317871094],[-6.998411178588867,38.22237777709961],[-6.987714290618896,38.09331130981445],[-7.14418888092041,38.09331130981445],[-7.27909517288208,37.835243225097656],[-7.502705097198486,37.706241607666016],[-7.387404441833496,37.254878997802734],[-7.309464931488037,37.254878997802734],[-6.84182596206665,37.254878997802734],[-6.587993621826172,36.9970588684082],[-6.432291984558105,36.9970588684082],[-6.063849925994873,36.2239875793457],[-5.831079006195068,36.2239875793457],[-5.662277221679688,36.03080368041992],[-5.287947177886963,36.2239875793457],[-5.22819709777832,36.48161697387695],[-4.688807487487793,36.5460319519043],[-4.468626022338867,36.73930740356445],[-2.680080890655518,36.73930740356445],[-2.532132625579834,36.8681755065918],[-2.061630010604858,36.80373764038086],[-1.857354998588562,37.3193473815918],[-1.623468399047852,37.3193473815918],[-1.708719491958618,37.44829177856445],[-0.704753637313843,37.641746520996094],[-0.803495347499847,38.028785705566406],[-0.660861134529114,38.28691864013672],[0.099359586834908,38.738853454589844],[-0.313707679510117,39.1264533996582],[-0.345421016216278,39.70827102661133],[-0.201878547668457,39.9670295715332],[0.182543575763702,40.16116714477539],[0.247769102454185,40.42012023925781],[0.474957317113876,40.614410400390625],[0.709256291389465,40.6791877746582],[0.695793092250824,40.93837356567383],[1.238392949104309,41.19768524169922],[2.106574535369873,41.32738494873047],[2.333626985549927,41.586883544921875],[2.885612010955811,41.71668243408203],[3.116764783859253,41.911441802978516],[3.178062200546265,42.36617660522461],[3.095396280288696,42.43117141723633],[3.092691898345947,42.496177673339844],[2.458339214324951,42.36617660522461],[1.80907130241394,42.56119155883789],[1.575427651405334,42.43117141723633],[1.485537886619568,42.62621307373047],[1.074691534042358,42.82133865356445],[0.040142297744751,42.691246032714844],[-0.208102732896805,42.82133865356445],[-0.528801321983337,42.82133865356445],[-1.026964664459229,43.08163070678711],[-1.428432941436768,43.08163070678711],[-1.441840410232544,43.276947021484375],[-1.687574744224548,43.342071533203125]]],[[[3.820104122161865,40.0964469909668],[3.741101741790771,40.0964469909668],[3.826826572418213,39.90232849121094],[4.302449703216553,39.8376350402832],[4.215116024017334,40.0964469909668],[3.820104122161865,40.0964469909668]]],[[[6.01627254486084,49.44889450073242],[6.099801540374756,49.44889450073242],[6.18333101272583,49.44889450073242],[6.266860485076904,49.44889450073242],[6.264857769012451,49.51522445678711],[6.348425388336182,49.51522445678711],[6.346458435058594,49.58156967163086],[6.340545177459717,49.78071212768555],[6.586127281188965,49.98000717163086],[6.582399845123291,50.11296081542969],[6.07469654083252,50.2459831237793],[6.402873992919922,50.51224899291992],[6.068368434906006,50.445655822753906],[5.973455429077148,50.77880859375],[5.889138698577881,50.77880859375],[5.891344547271729,50.71213912963867],[5.807068347930908,50.71213912963867],[5.722792148590088,50.71213912963867],[5.902330875396729,50.37908172607422],[5.479565620422363,50.445655822753906],[4.822853088378906,50.04647445678711],[4.830895900726318,49.84712600708008],[5.596318244934082,49.51522445678711],[5.928430557250977,49.58156967163086],[6.01627254486084,49.44889450073242]]],[[[2.493265151977539,51.17921447753906],[2.59697437286377,50.84549331665039],[3.011542558670044,50.97892379760742],[3.022362232208252,50.77880859375],[3.612581014633179,50.77880859375],[3.794073104858398,50.51224899291992],[4.04653787612915,50.51224899291992],[4.133730411529541,50.445655822753906],[4.154837608337402,49.98000717163086],[4.490188121795654,49.98000717163086],[4.652331352233887,50.11296081542969],[4.646780490875244,50.2459831237793],[4.809360027313232,50.37908172607422],[5.058992385864258,50.445655822753906],[5.048582077026367,50.71213912963867],[5.217134952545166,50.71213912963867],[5.206983089447021,50.97892379760742],[5.291423320770264,50.97892379760742],[5.365976333618164,51.24601745605469],[5.019589424133301,51.44654083251953],[4.341732025146484,51.44654083251953],[4.01227855682373,51.24601745605469],[3.504641532897949,51.24601745605469],[3.409677743911743,51.44654083251953],[3.324945688247681,51.44654083251953],[2.73940634727478,51.31283950805664],[2.577829360961914,51.17921447753906],[2.493265151977539,51.17921447753906]]],[[[13.792884826660156,41.19768524169922],[13.791753768920898,41.132843017578125],[13.950616836547852,41.132843017578125],[14.104567527770996,40.873565673828125],[14.421854972839355,40.873565673828125],[14.417906761169434,40.6791877746582],[14.893351554870605,40.6791877746582],[15.041359901428223,40.225894927978516],[15.199469566345215,40.225894927978516],[15.431868553161621,40.031734466552734],[15.747773170471191,40.031734466552734],[15.665508270263672,39.90232849121094],[15.898874282836914,39.77294921875],[16.265209197998047,38.738853454589844],[15.949724197387695,38.67427444458008],[15.862062454223633,38.28691864013672],[14.763398170471191,38.157840728759766],[14.604636192321777,38.028785705566406],[13.665236473083496,37.96426773071289],[13.354706764221191,38.157840728759766],[13.119925498962402,38.157840728759766],[13.040358543395996,38.028785705566406],[12.649824142456055,38.09331130981445],[12.49189567565918,37.89975357055664],[12.490468978881836,37.706241607666016],[13.192005157470703,37.5772590637207],[13.578389167785645,37.254878997802734],[14.27791690826416,37.12596130371094],[14.661029815673828,36.73930740356445],[15.049844741821289,36.73930740356445],[15.213889122009277,37.1904182434082],[15.059245109558105,37.254878997802734],[15.066489219665527,37.641746520996094],[15.389483451843262,38.157840728759766],[15.62426471710205,38.157840728759766],[15.698192596435547,37.96426773071289],[15.932764053344727,37.96426773071289],[16.491945266723633,38.416015625],[16.502395629882812,38.80344009399414],[17.138301849365234,39.06184005737305],[17.069679260253906,39.38497543334961],[16.916194915771484,39.51427459716797],[16.44725799560547,39.64360046386719],[16.45665168762207,39.9670295715332],[16.697484970092773,40.0964469909668],[16.624452590942383,40.29063034057617],[16.861696243286133,40.29063034057617],[16.945016860961914,40.42012023925781],[16.867990493774414,40.4848747253418],[17.02848243713379,40.54964065551758],[17.345230102539062,40.54964065551758],[17.41753578186035,40.355369567871094],[17.813072204589844,40.355369567871094],[18.11216926574707,39.90232849121094],[18.34894371032715,39.90232849121094],[18.356534957885742,40.0964469909668],[18.435537338256836,40.0964469909668],[18.364234924316406,40.29063034057617],[17.981229782104492,40.614410400390625],[17.510658264160156,40.74397277832031],[17.436086654663086,40.873565673828125],[16.732860565185547,41.19768524169922],[15.943941116333008,41.39224624633789],[15.87384033203125,41.71668243408203],[16.114879608154297,41.781593322753906],[16.11888313293457,41.911441802978516],[15.720044136047363,41.911441802978516],[15.640276908874512,41.911441802978516],[15.241438865661621,41.911441802978516],[15.165011405944824,42.041324615478516],[14.9239501953125,41.97637939453125],[14.765887260437012,42.041324615478516],[14.768959999084473,42.17123794555664],[14.607714653015137,42.10627746582031],[14.530768394470215,42.236209869384766],[14.370945930480957,42.236209869384766],[13.901384353637695,42.75628662109375],[13.98537540435791,42.95146560668945],[13.90514087677002,42.95146560668945],[13.583069801330566,42.88639831542969],[13.339327812194824,42.691246032714844],[13.098980903625488,42.691246032714844],[12.856051445007324,42.496177673339844],[13.00974178314209,42.041324615478516],[13.328027725219727,41.97637939453125],[13.40574836730957,41.84651184082031],[13.804443359375,41.84651184082031],[13.96146297454834,41.71668243408203],[14.03740406036377,41.521995544433594],[13.792884826660156,41.19768524169922]]],[[[9.74737548828125,39.64360046386719],[9.665326118469238,40.29063034057617],[9.823226928710938,40.355369567871094],[9.821690559387207,40.74397277832031],[9.50210952758789,41.19768524169922],[9.10431957244873,41.26253128051758],[9.024832725524902,41.26253128051758],[8.552037239074707,40.873565673828125],[8.154606819152832,40.93837356567383],[8.159523010253906,40.54964065551758],[8.318660736083984,40.4848747253418],[8.32094955444336,40.29063034057617],[8.400031089782715,40.29063034057617],[8.324762344360352,39.9670295715332],[8.48337459564209,39.90232849121094],[8.40887451171875,39.51427459716797],[8.330102920532227,39.51427459716797],[8.333152770996094,39.25570297241211],[8.411824226379395,39.25570297241211],[8.336196899414062,38.997230529785156],[8.730334281921387,38.8680305480957],[8.96590518951416,38.8680305480957],[9.120378494262695,39.19107437133789],[9.592622756958008,39.1264533996582],[9.668553352355957,39.64360046386719],[9.74737548828125,39.64360046386719]]],[[[11.336134910583496,42.62621307373047],[11.1757173538208,42.56119155883789],[11.1754732131958,42.496177673339844],[11.335225105285645,42.43117141723633],[11.336134910583496,42.62621307373047]]],[[[10.214488983154297,42.88639831542969],[10.134284973144531,42.88639831542969],[10.21481990814209,42.691246032714844],[10.455166816711426,42.691246032714844],[10.45510196685791,42.88639831542969],[10.214488983154297,42.88639831542969]]],[[[10.615615844726562,43.08163070678711],[10.615581512451172,43.016544342041016],[10.695845603942871,43.016544342041016],[10.695780754089355,42.95146560668945],[10.776015281677246,42.95146560668945],[10.85624885559082,42.95146560668945],[10.856123924255371,42.88639831542969],[10.936327934265137,42.88639831542969],[10.856496810913086,43.08163070678711],[10.615615844726562,43.08163070678711]]],[[[10.453055381774902,45.169586181640625],[9.883387565612793,45.300437927246094],[9.71903133392334,45.56227111816406],[9.55607795715332,45.56227111816406],[9.474601745605469,45.56227111816406],[9.310473442077637,45.693260192871094],[9.308683395385742,45.889827728271484],[9.470881462097168,46.02093505859375],[9.387435913085938,46.21768569946289],[9.223830223083496,46.21768569946289],[8.90048885345459,45.889827728271484],[8.652090072631836,46.1520881652832],[8.488550186157227,46.1520881652832],[8.485703468322754,46.348915100097656],[8.320942878723145,46.414546966552734],[7.919662952423096,45.95537567138672],[8.005810737609863,45.693260192871094],[8.330994606018066,45.75876998901367],[8.578357696533203,45.56227111816406],[8.581818580627441,45.300437927246094],[8.337774276733398,45.300437927246094],[8.340606689453125,45.10417556762695],[8.503981590270996,45.03877639770508],[8.58520221710205,45.03877639770508],[8.69400927988269,44.995186942270045],[8.748412132263184,44.973392486572266],[8.798440859649178,44.855721998942954],[8.83178073386231,44.77730466831827],[8.831785202026367,44.77729415893555],[8.832504272460938,44.71194839477539],[9.401886940002441,44.45067596435547],[9.317276000976562,44.908016204833984],[9.23611831665039,44.908016204833984],[9.31507682800293,45.169586181640625],[9.965350151062012,45.169586181640625],[10.128390312194824,45.03877639770508],[10.453271865844727,45.03877639770508],[10.453055381774902,45.169586181640625]]]]},"properties":{"Name":"Kingdom of Spain","FromYear":1700,"ToYear":1701,"Area":657503.617616287,"Type":"POLITY","Wikipedia":"Spain","Wikidata":"Q29","SeshatID":"es_spanish_emp_1","Components":"","MemberOf":"(Spanish Empire)"}},
{"type":"Feature","geometry":{"type":"MultiPolygon","coordinates":[[[[4.799726963043213,44.12431716918945],[4.99188536214119,44.17651569530577],[5.039933204650879,44.18956756591797],[5.012281908400454,44.21131287729043],[4.973548851088087,44.241773018617515],[4.95694637298584,44.25482940673828],[4.876103401184082,44.25482940673828],[4.8542766863815885,44.21753186502837],[4.799726963043213,44.12431716918945]]],[[[5.722792148590088,50.71213912963867],[5.807068347930908,50.71213912963867],[5.891344547271729,50.71213912963867],[5.889138698577881,50.77880859375],[5.973455429077148,50.77880859375],[5.966943264007568,50.97892379760742],[5.711322784423828,51.04566955566406],[5.722792148590088,50.71213912963867]]],[[[5.365976333618164,51.24601745605469],[5.784458637237549,51.37968063354492],[5.8624267578125,51.580322265625],[5.777609825134277,51.580322265625],[5.770728588104248,51.78114318847656],[5.940618991851807,51.78114318847656],[5.938404083251953,51.84812545776367],[6.023392200469971,51.84812545776367],[6.278356552124023,51.84812545776367],[6.363344669342041,51.84812545776367],[6.448332786560059,51.84812545776367],[6.533320903778076,51.84812545776367],[6.701467514038086,51.91512680053711],[6.612682342529297,52.0491943359375],[6.697800159454346,52.0491943359375],[6.948029518127441,52.250450134277344],[6.944602489471436,52.38472366333008],[6.68488883972168,52.51908493041992],[6.68117618560791,52.653533935546875],[7.021557331085205,52.720787048339844],[7.179872989654541,53.25962829589844],[7.093948841094971,53.25962829589844],[6.742867469787598,53.52959060668945],[5.542333602905273,53.39456558227539],[5.20894193649292,53.124786376953125],[5.385728359222412,52.99003219604492],[5.390830039978027,52.85536575317383],[5.136557102203369,52.78806686401367],[5.056382656097412,52.653533935546875],[4.785540580749512,52.99003219604492],[4.862768650054932,53.192195892333984],[4.691011905670166,53.192195892333984],[4.608114719390869,53.124786376953125],[4.702715873718262,52.92268753051758],[4.534325122833252,52.85536575317383],[4.463808536529541,52.51908493041992],[4.21693229675293,52.31757736206055],[4.223166942596436,52.18334197998047],[3.974021434783936,52.0491943359375],[3.980464458465576,51.91512680053711],[3.810401916503906,51.91512680053711],[3.81699013710022,51.78114318847656],[3.647099733352661,51.78114318847656],[3.738690614700317,51.64724349975586],[3.399252653121948,51.64724349975586],[3.40621018409729,51.51342010498047],[3.74860668182373,51.44654083251953],[3.494410037994385,51.44654083251953],[3.409677743911743,51.44654083251953],[3.504641532897949,51.24601745605469],[4.01227855682373,51.24601745605469],[4.341732025146484,51.44654083251953],[5.019589424133301,51.44654083251953],[5.365976333618164,51.24601745605469]]]]},"properties":{"Name":"Dutch Republic","FromYear":1700,"ToYear":1701,"Area":263166.73464036215,"Type":"POLITY","Wikipedia":"Dutch Republic","Wikidata":"Q170072","SeshatID":"nl_dutch_emp_1","Components":"","MemberOf":"(Dutch Republic)"}},
{"type":"Feature","geometry":{"type":"MultiPolygon","coordinates":[[[[8.35147476196289,44.32010269165039],[8.349712371826172,44.45067596435547],[8.590126037597656,44.64661407470703],[8.589317321777344,44.71194839477539],[8.508255004882812,44.71194839477539],[8.346131324768066,44.71194839477539],[8.105920791625977,44.5159797668457],[8.030961036682129,44.12431716918945],[8.03194522857666,44.05907440185547],[8.11364459991455,43.99384307861328],[8.191595077514648,44.18956756591797],[8.352349281311035,44.25482940673828],[8.35147476196289,44.32010269165039]]],[[[8.58520221710205,45.03877639770508],[8.53749662797865,44.96030657830313],[8.505706787109375,44.908016204833984],[8.667963962763062,44.908016204833984],[8.749176979064941,44.908016204833984],[8.69400927988269,44.995186942270045],[8.666422843933105,45.03877639770508],[8.58520221710205,45.03877639770508]]],[[[6.506691455841064,46.87434005737305],[7.080090999603271,46.94007873535156],[6.828584671020508,47.13737487792969],[6.830254077911377,47.07159423828125],[6.748015880584717,47.07159423828125],[6.665778160095215,47.07159423828125],[6.667511463165283,47.005828857421875],[6.585307121276855,47.005828857421875],[6.587069988250732,46.94007873535156],[6.504899501800537,46.94007873535156],[6.506691455841064,46.87434005737305]]],[[[6.983439445495605,47.53233337402344],[6.981812000274658,47.598209381103516],[6.980180740356445,47.664100646972656],[6.816785335540771,47.598209381103516],[6.985063552856445,47.46647262573242],[6.983439445495605,47.53233337402344]]],[[[7.552440643310547,47.92780685424805],[7.55383825302124,47.86185836791992],[7.555233955383301,47.79592514038086],[7.556626796722412,47.730003356933594],[7.558016777038574,47.664100646972656],[7.559404373168945,47.598209381103516],[7.560789108276367,47.53233337402344],[7.888208866119385,47.664100646972656],[7.636491298675537,47.86185836791992],[7.635128974914551,47.92780685424805],[7.552440643310547,47.92780685424805]]],[[[7.196740627288818,48.98506164550781],[7.113473892211914,48.98506164550781],[7.03020715713501,48.98506164550781],[7.031854577004194,48.91886536320888],[7.033501625061035,48.852684020996094],[7.144544131328063,48.852684020996094],[7.199887275695801,48.852684020996094],[7.199438921175841,48.871546028635606],[7.196740627288818,48.98506164550781]]],[[[8.376045227050781,53.732303619384766],[8.721826553344727,53.664710998535156],[8.805828094482422,53.86756134033203],[8.719483375549316,53.86756134033203],[8.459527015686035,53.93522644042969],[8.375076293945312,53.799922943115234],[8.376045227050781,53.732303619384766]]],[[[8.710071563720703,54.681121826171875],[8.710860252380371,54.613189697265625],[8.797733306884766,54.613189697265625],[8.799209594726562,54.47740173339844],[8.62565803527832,54.47740173339844],[8.54152774810791,54.27390670776367],[8.802155494689941,54.20612335205078],[8.80289077758789,54.138362884521484],[9.061311721801758,54.27390670776367],[9.40783405303955,54.27390670776367],[9.579891204833984,54.545284271240234],[9.405844688415527,54.613189697265625],[9.492021560668945,54.74907684326172],[9.404654502868652,54.817054748535156],[9.231603622436523,54.681121826171875],[8.710071563720703,54.681121826171875]]],[[[9.970182418823242,43.99384307861328],[10.050901412963867,43.99384307861328],[10.05069351196289,44.05907440185547],[10.13144302368164,44.05907440185547],[10.131620407104492,43.99384307861328],[10.212339401245117,43.99384307861328],[10.212483406066895,43.92862319946289],[10.454547882080078,43.92862319946289],[10.615897178649902,43.79821014404297],[10.696569442749023,43.86341094970703],[10.696612358093262,43.92862319946289],[10.777300834655762,43.92862319946289],[10.858479499816895,44.25482940673828],[10.858658790588379,44.38538360595703],[11.020617485046387,44.45067596435547],[11.102242469787598,44.71194839477539],[11.345945358276367,44.842647552490234],[11.34644889831543,44.973392486572266],[10.61540412902832,45.431331634521484],[10.452703475952148,45.36587905883789],[10.453055381774902,45.169586181640625],[10.453271865844727,45.03877639770508],[10.128390312194824,45.03877639770508],[9.965350151062012,45.169586181640625],[9.31507682800293,45.169586181640625],[9.23611831665039,44.908016204833984],[9.317276000976562,44.908016204833984],[9.401886940002441,44.45067596435547],[9.888364791870117,44.25482940673828],[9.969700813293457,44.12431716918945],[9.969943046569824,44.05907440185547],[9.970182418823242,43.99384307861328]]],[[[9.542471885681152,47.26897048950195],[9.46013069152832,47.26897048950195],[9.46129322052002,47.13737487792969],[9.54356575012207,47.13737487792969],[9.625838279724121,47.13737487792969],[9.54301929473877,47.20316696166992],[9.542471885681152,47.26897048950195]]],[[[12.510897636413574,47.664100646972656],[12.508110046386719,47.4006233215332],[12.177369117736816,47.26897048950195],[12.175729751586914,47.07159423828125],[12.752180099487305,47.13737487792969],[12.834451675415039,47.13737487792969],[13.079431533813477,47.005828857421875],[13.738253593444824,47.07159423828125],[13.659500122070312,47.26897048950195],[13.41247844696045,47.26897048950195],[13.418926239013672,47.664100646972656],[13.175244331359863,47.92780685424805],[13.177251815795898,48.059749603271484],[12.928975105285645,48.059749603271484],[12.924517631530762,47.730003356933594],[13.088733673095703,47.664100646972656],[13.004368782043457,47.53233337402344],[12.510897636413574,47.664100646972656]]],[[[13.358475685119629,48.98506164550781],[13.356151580810547,48.852684020996094],[13.189766883850098,48.852684020996094],[13.26854419708252,48.5881233215332],[13.76682186126709,48.5881233215332],[13.847192764282227,48.455936431884766],[14.100465774536133,48.654239654541016],[13.606999397277832,48.91886520385742],[13.52376937866211,48.91886520385742],[13.525009155273438,48.98506164550781],[13.441741943359375,48.98506164550781],[13.358475685119629,48.98506164550781]]],[[[12.552227973937988,50.912200927734375],[12.632396697998047,50.64549255371094],[12.800868034362793,50.64549255371094],[12.717718124389648,50.71213912963867],[12.718811988830566,50.77880859375],[12.803128242492676,50.77880859375],[12.806585311889648,50.97892379760742],[12.552227973937988,50.912200927734375]]],[[[7.528380393981934,49.051273345947266],[8.112674713134766,48.98506164550781],[8.115007400512695,48.852684020996094],[7.867981433868408,48.72037124633789],[7.870530128479004,48.5881233215332],[7.953576564788818,48.5881233215332],[7.954813003540039,48.52202224731445],[7.871802806854248,48.52202224731445],[7.788793087005615,48.52202224731445],[7.705782890319824,48.52202224731445],[7.707126617431641,48.455936431884766],[7.708469390869141,48.38986587524414],[7.709810256958008,48.323814392089844],[7.792711734771729,48.323814392089844],[7.796617031097412,48.1257438659668],[7.959747314453125,48.257774353027344],[8.208345413208008,48.257774353027344],[8.210589408874512,48.1257438659668],[8.293384552001953,48.1257438659668],[8.376178741455078,48.1257438659668],[8.377227783203125,48.059749603271484],[8.45998764038086,48.059749603271484],[8.461000442504883,47.993770599365234],[8.378276824951172,47.993770599365234],[8.295553207397461,47.993770599365234],[8.21282958984375,47.993770599365234],[8.211709976196289,48.059749603271484],[8.210589408874512,48.1257438659668],[8.127795219421387,48.1257438659668],[8.218400955200195,47.664100646972656],[8.467049598693848,47.598209381103516],[8.547621726989746,47.730003356933594],[8.87795352935791,47.730003356933594],[8.957342147827148,47.993770599365234],[9.041593551635742,47.86185836791992],[9.124246597290039,47.86185836791992],[9.122788429260254,47.993770599365234],[9.288235664367676,47.993770599365234],[9.290210723876953,47.79592514038086],[9.043119430541992,47.730003356933594],[9.622751235961914,47.53233337402344],[9.952665328979492,47.53233337402344],[10.118547439575195,47.33478927612305],[10.36567211151123,47.33478927612305],[10.447366714477539,47.598209381103516],[10.61239242553711,47.598209381103516],[10.694778442382812,47.730003356933594],[10.44686222076416,47.79592514038086],[10.52871322631836,48.191749572753906],[10.363642692565918,47.993770599365234],[10.115167617797852,48.059749603271484],[10.197128295898438,48.257774353027344],[10.528592109680176,48.257774353027344],[10.444967269897461,48.5881233215332],[10.2784423828125,48.72037124633789],[10.278019905090332,48.852684020996094],[10.02780818939209,48.98506164550781],[10.027185440063477,49.11750411987305],[10.360239028930664,49.2500114440918],[10.61073112487793,48.91886520385742],[10.943561553955078,48.852684020996094],[11.027008056640625,48.98506164550781],[10.860533714294434,49.051273345947266],[11.277301788330078,49.11750411987305],[11.277814865112305,49.2500114440918],[11.027566909790039,49.2500114440918],[11.028035163879395,49.44889450073242],[11.278903007507324,49.51522445678711],[11.19636058807373,49.78071212768555],[11.699701309204102,49.91355895996094],[11.869729042053223,50.17946243286133],[12.12159538269043,50.17946243286133],[12.12234115600586,50.2459831237793],[11.955025672912598,50.312522888183594],[11.957799911499023,50.578861236572266],[12.21121883392334,50.64549255371094],[12.212909698486328,50.77880859375],[12.045051574707031,50.84549331665039],[11.95923137664795,50.71213912963867],[11.790678977966309,50.71213912963867],[11.791977882385254,50.84549331665039],[12.21550464630127,50.97892379760742],[12.552227973937988,50.912200927734375],[12.471861839294434,51.17921447753906],[12.050686836242676,51.31283950805664],[11.879911422729492,51.17921447753906],[11.877744674682617,50.97892379760742],[11.287090301513672,51.04566955566406],[11.203798294067383,51.24601745605469],[10.526949882507324,51.24601745605469],[10.357771873474121,51.112430572509766],[10.104059219360352,51.17921447753906],[10.273077964782715,51.31283950805664],[11.034910202026367,51.31283950805664],[10.95084285736084,51.44654083251953],[11.28977108001709,51.44654083251953],[11.377108573913574,51.78114318847656],[10.86689281463623,51.64724349975586],[10.782730102539062,51.84812545776367],[10.868002891540527,51.91512680053711],[10.528238296508789,52.11625671386719],[10.528498649597168,52.250450134277344],[10.869808197021484,52.31757736206055],[10.870445251464844,52.4518928527832],[10.955827713012695,52.4518928527832],[10.787421226501465,52.99003219604492],[11.388239860534668,53.057395935058594],[11.38951587677002,53.192195892333984],[11.132387161254883,53.25962829589844],[11.306057929992676,53.462066650390625],[11.392121315002441,53.462066650390625],[11.563496589660645,53.39456558227539],[11.738075256347656,53.597137451171875],[11.910387992858887,53.597137451171875],[12.16561222076416,53.39456558227539],[13.196187019348145,53.32708740234375],[13.635400772094727,53.664710998535156],[13.552903175354004,53.799922943115234],[13.380309104919434,53.799922943115234],[13.29058837890625,53.664710998535156],[13.118182182312012,53.664710998535156],[12.442490577697754,54.4095458984375],[12.35576343536377,54.4095458984375],[11.398930549621582,54.138362884521484],[11.444970238105016,53.95027359010248],[11.481772422790527,53.799922943115234],[11.395475387573242,53.799922943115234],[11.222881317138672,53.799922943115234],[11.311097145080566,54.00291442871094],[10.879310607910156,54.07062530517578],[10.966257095336914,54.138362884521484],[10.966720581054688,54.20612335205078],[10.793925285339355,54.27390670776367],[10.793188095092773,54.138362884521484],[10.446371078491211,53.86756134033203],[9.841959953308105,53.86756134033203],[9.756482124328613,53.597137451171875],[9.49801254272461,53.597137451171875],[9.327064514160156,53.39456558227539],[9.32797908782959,53.25962829589844],[9.50056266784668,53.124786376953125],[9.329821586608887,52.99003219604492],[8.817584991455078,52.78806686401367],[8.728852272033691,53.057395935058594],[8.643065452575684,53.057395935058594],[8.64223861694336,53.124786376953125],[8.556406021118164,53.124786376953125],[8.470573425292969,53.124786376953125],[8.47332763671875,52.92268753051758],[8.132742881774902,52.78806686401367],[7.870984554290771,53.057395935058594],[7.612249374389648,53.124786376953125],[7.609494209289551,53.25962829589844],[7.780054569244385,53.32708740234375],[7.776182174682617,53.52959060668945],[7.862291812896729,53.52959060668945],[8.033356666564941,53.597137451171875],[7.944795608520508,53.732303619384766],[7.082295417785645,53.732303619384766],[6.913325786590576,53.597137451171875],[6.918599128723145,53.39456558227539],[7.178262233734131,53.32708740234375],[7.179872989654541,53.25962829589844],[7.021557331085205,52.720787048339844],[6.68117618560791,52.653533935546875],[6.68488883972168,52.51908493041992],[6.944602489471436,52.38472366333008],[6.948029518127441,52.250450134277344],[6.697800159454346,52.0491943359375],[6.699635028839111,51.98215103149414],[6.701467514038086,51.91512680053711],[6.616436004638672,51.91512680053711],[6.531404495239258,51.91512680053711],[6.533320903778076,51.84812545776367],[6.448332786560059,51.84812545776367],[6.878493785858154,51.64724349975586],[6.883697509765625,51.44654083251953],[6.631358623504639,51.37968063354492],[6.625779151916504,51.580322265625],[6.116877555847168,51.580322265625],[5.940618991851807,51.78114318847656],[5.770728588104248,51.78114318847656],[5.777609825134277,51.580322265625],[5.8624267578125,51.580322265625],[5.784458637237549,51.37968063354492],[5.365976333618164,51.24601745605469],[5.291423320770264,50.97892379760742],[5.206983089447021,50.97892379760742],[5.217134952545166,50.71213912963867],[5.048582077026367,50.71213912963867],[5.058992385864258,50.445655822753906],[4.809360027313232,50.37908172607422],[4.646780490875244,50.2459831237793],[4.652331352233887,50.11296081542969],[4.736247062683105,50.11296081542969],[4.738976001739502,50.04647445678711],[4.822853088378906,50.04647445678711],[5.479565620422363,50.445655822753906],[5.902330875396729,50.37908172607422],[5.722792148590088,50.71213912963867],[5.711322784423828,51.04566955566406],[5.966943264007568,50.97892379760742],[5.973455429077148,50.77880859375],[6.068368434906006,50.445655822753906],[6.402873992919922,50.51224899291992],[6.07469654083252,50.2459831237793],[6.582399845123291,50.11296081542969],[6.586127281188965,49.98000717163086],[6.340545177459717,49.78071212768555],[6.346458435058594,49.58156967163086],[7.013640880584717,49.64793395996094],[7.103775024414062,49.38258361816406],[6.851565837860107,49.44889450073242],[6.855033874511719,49.316287994384766],[6.688126564025879,49.316287994384766],[6.691738605499268,49.18375015258789],[6.775116920471191,49.18375015258789],[6.776882648468018,49.11750411987305],[6.860223770141602,49.11750411987305],[7.108631134033203,49.18375015258789],[7.528380393981934,49.051273345947266]],[[10.442594528198242,51.64724349975586],[10.697173118591309,51.64724349975586],[10.781378746032715,51.44654083251953],[10.442449569702148,51.44654083251953],[10.44254207611084,51.580322265625],[10.442594528198242,51.64724349975586]],[[10.279540061950684,48.38986587524414],[10.279766082763672,48.323814392089844],[10.196864128112793,48.323814392089844],[10.113962173461914,48.323814392089844],[10.113664627075195,48.38986587524414],[10.11336898803711,48.455936431884766],[10.196342468261719,48.455936431884766],[10.196602821350098,48.38986587524414],[10.279540061950684,48.38986587524414]],[[10.03139591217041,48.257774353027344],[9.782355308532715,48.323814392089844],[9.451920509338379,48.191749572753906],[9.449578285217285,48.455936431884766],[9.532551765441895,48.455936431884766],[9.615525245666504,48.455936431884766],[9.947421073913574,48.455936431884766],[10.03139591217041,48.257774353027344]],[[9.371582984924316,47.92780685424805],[9.45427131652832,47.92780685424805],[9.536406517028809,47.993770599365234],[9.537511825561523,47.86185836791992],[9.371582984924316,47.92780685424805]],[[9.202042579650879,48.323814392089844],[9.36660385131836,48.455936431884766],[9.368468284606934,48.257774353027344],[9.202736854553223,48.257774353027344],[9.202042579650879,48.323814392089844]],[[8.539809226989746,48.257774353027344],[8.538827896118164,48.323814392089844],[8.7875337600708,48.323814392089844],[8.706449508666992,48.191749572753906],[8.539809226989746,48.257774353027344]],[[8.872109413146973,48.191749572753906],[8.871273040771484,48.257774353027344],[8.87043571472168,48.323814392089844],[8.953337669372559,48.323814392089844],[8.95413875579834,48.257774353027344],[9.037004470825195,48.257774353027344],[9.03777027130127,48.191749572753906],[8.954939842224121,48.191749572753906],[8.872109413146973,48.191749572753906]],[[7.975754737854004,51.98215103149414],[7.973388195037842,52.11625671386719],[8.227821350097656,52.18334197998047],[8.136035919189453,52.586299896240234],[8.90596866607666,52.51908493041992],[8.906665802001953,52.4518928527832],[8.821284294128418,52.4518928527832],[8.91016674041748,52.11625671386719],[8.400161743164062,52.0491943359375],[8.402093887329102,51.91512680053711],[7.975754737854004,51.98215103149414]],[[8.710076332092285,47.92780685424805],[8.793634414672852,47.86185836791992],[8.628328323364258,47.86185836791992],[8.626447677612305,47.993770599365234],[8.709171295166016,47.993770599365234],[8.710076332092285,47.92780685424805]],[[8.701903343200684,48.52202224731445],[8.61889362335205,48.52202224731445],[8.53490161895752,48.5881233215332],[8.6170015335083,48.654239654541016],[8.701903343200684,48.52202224731445]],[[8.290122985839844,48.323814392089844],[8.291211128234863,48.257774353027344],[8.206095695495605,48.38986587524414],[8.454909324645996,48.38986587524414],[8.290122985839844,48.323814392089844]],[[8.451854705810547,48.5881233215332],[8.452873229980469,48.52202224731445],[8.370917320251465,48.455936431884766],[8.285761833190918,48.5881233215332],[8.451854705810547,48.5881233215332]],[[7.541964530944824,52.38472366333008],[7.285952568054199,52.38472366333008],[7.281329154968262,52.586299896240234],[7.710002422332764,52.51908493041992],[7.800522327423096,52.250450134277344],[7.801794052124023,52.18334197998047],[7.547579765319824,52.11625671386719],[7.541964530944824,52.38472366333008]],[[7.049864292144775,51.580322265625],[7.557370185852051,51.64724349975586],[7.644935131072998,51.51342010498047],[7.39061164855957,51.51342010498047],[7.562949180603027,51.37968063354492],[7.564342498779297,51.31283950805664],[7.482563495635986,51.17921447753906],[7.228870391845703,51.17921447753906],[7.056454181671143,51.31283950805664],[7.049864292144775,51.580322265625]]],[[[11.7120943069458,51.31283950805664],[12.051520347595215,51.37968063354492],[11.969246864318848,51.580322265625],[12.308514595031738,51.580322265625],[12.397505760192871,51.84812545776367],[12.228504180908203,51.91512680053711],[12.143472671508789,51.91512680053711],[12.14254093170166,51.84812545776367],[11.885207176208496,51.64724349975586],[11.460908889770508,51.64724349975586],[11.459787368774414,51.51342010498047],[11.7120943069458,51.31283950805664]]],[[[9.9271879196167,54.545284271240234],[9.927509307861328,54.341712951660156],[9.754772186279297,54.138362884521484],[10.1008939743042,54.20612335205078],[10.187621116638184,54.47740173339844],[10.187661170959473,54.545284271240234],[10.100836753845215,54.545284271240234],[10.014012336730957,54.545284271240234],[9.9271879196167,54.545284271240234]]],[[[9.750177383422852,55.70311737060547],[9.574832916259766,55.70311737060547],[9.486467361450195,55.83982467651367],[8.785029411315918,55.77145767211914],[8.701329231262207,55.430015563964844],[8.52729320526123,55.36180877685547],[8.528193473815918,55.29362487792969],[8.529091835021973,55.225467681884766],[8.441773414611816,55.225467681884766],[8.442720413208008,55.15733337402344],[8.443666458129883,55.089229583740234],[8.530884742736816,55.089229583740234],[8.531778335571289,55.021148681640625],[8.532670974731445,54.95309066772461],[8.533562660217285,54.88506317138672],[8.70611572265625,55.021148681640625],[9.054789543151855,55.021148681640625],[9.312715530395508,55.56651306152344],[9.750565528869629,55.56651306152344],[9.750370979309082,55.63479995727539],[9.750177383422852,55.70311737060547]]]]},"properties":{"Name":"(Holy Roman Empire)","FromYear":1700,"ToYear":1701,"Area":238714.96055424964,"Type":"POLITY","Wikipedia":"Holy Roman Empire","Wikidata":"Q12548","SeshatID":"de_empire_minor_2","Components":"Holy Roman Empire Minor States","MemberOf":""}}
]}