{"type":"FeatureCollection", "features": [
{"type":"Feature","geometry":{"type":"Polygon","coordinates":[[[22.61738281250001,58.621240234374994],[22.546972656250006,58.627392578125],[22.474414062500017,58.604882812499994],[22.328125,58.580859375],[22.2666015625,58.507958984374994],[22.20556640625,58.521386718749994],[22.168554687500006,58.5158203125],[22.081347656250017,58.478125],[22.001855468750023,58.51025390625],[21.924414062500006,58.5142578125],[21.8623046875,58.49716796875],[21.98408203125001,58.386669921875],[21.96503906250001,58.348828125],[21.924414062500006,58.315869140625],[21.891015625000023,58.304589843749994],[21.8544921875,58.301660156249994],[21.882128906250017,58.262353515624994],[22.034570312500023,58.21337890625],[22.104394531250023,58.1716796875],[22.18769531250001,58.154345703125],[22.152929687500006,58.11533203125],[21.98554687500001,57.995166015624996],[21.97802734375,57.96328125],[21.996875000000017,57.93134765625],[22.076269531250006,57.93603515625],[22.152441406250006,57.966796875],[22.227343750000017,58.051806640625],[22.269335937500017,58.1607421875],[22.371679687500006,58.217138671875],[22.498437500000023,58.236230468749994],[22.730273437500017,58.2306640625],[22.75703125000001,58.260888671874994],[22.885156250000023,58.311279296875],[22.979882812500023,58.3638671875],[23.035449218750017,58.372314453125],[23.082617187500006,58.398486328125],[23.12714843750001,58.435986328125],[23.3232421875,58.450830078124994],[23.292871093750023,58.48349609375],[22.964257812500023,58.605712890625],[22.820117187500017,58.621533203125],[22.753808593750023,58.6046875],[22.688378906250023,58.597021484375],[22.61738281250001,58.621240234374994]]]},"properties":{"source_attribution":"Natural Earth public domain land data, https://www.naturalearthdata.com/. Changes made: clipped to Europe + Mediterranean display bounds and converted to GeoJSON."}},
{"type":"Feature","geometry":{"type":"Polygon","coordinates":[[[23.85224609375001,35.535449218749996],[23.793359375000023,35.556201171874996],[23.770800781250017,35.634228515625],[23.736914062500006,35.655517578125],[23.71503906250001,35.604736328125],[23.715429687500006,35.550146484375],[23.672656250000017,35.513916015625],[23.626562500000006,35.53037109375],[23.608691406250017,35.566259765625],[23.56982421875,35.534765625],[23.54755859375001,35.415576171874996],[23.561621093750006,35.295166015625],[23.5927734375,35.257226562499994],[23.638085937500023,35.235156249999996],[23.703906250000017,35.23349609375],[23.883593750000017,35.24609375],[23.99433593750001,35.221923828125],[24.463671875000017,35.1603515625],[24.583398437500023,35.11533203125],[24.708886718750023,35.0890625],[24.735156250000017,35.05830078125],[24.743945312500017,35.01435546875],[24.745214843750006,34.950634765625],[24.7998046875,34.934472656249994],[25.20576171875001,34.959277343749996],[25.610937500000006,35.00732421875],[25.829687500000006,35.025195312499996],[26.046679687500017,35.01416015625],[26.165625000000006,35.018603515624996],[26.24433593750001,35.044677734375],[26.25556640625001,35.095166015625],[26.280859375000006,35.159228515624996],[26.298632812500017,35.268603515624996],[26.320214843750023,35.31513671875],[26.285546875000023,35.309765625],[26.167871093750023,35.215087890625],[26.02802734375001,35.215283203125],[25.893359375000017,35.17919921875],[25.83710937500001,35.132568359375],[25.791308593750017,35.122851562499996],[25.745019531250023,35.142724609374994],[25.735156250000017,35.184033203125],[25.755859375,35.3263671875],[25.73017578125001,35.348583984375],[25.569628906250017,35.328076171875],[25.475683593750006,35.306201171874996],[25.296777343750023,35.33935546875],[25.104296875000017,35.346923828125],[25.00312500000001,35.40986328125],[24.721289062500006,35.4248046875],[24.626953125,35.409912109375],[24.534570312500023,35.380761718749994],[24.444921875000006,35.366015624999996],[24.35400390625,35.35947265625],[24.312890625000023,35.363818359374996],[24.27490234375,35.385986328125],[24.257714843750023,35.423144531249996],[24.25537109375,35.468603515625],[24.178515625000017,35.459521484374996],[24.123144531250006,35.483642578125],[24.108984375000006,35.49580078125],[24.1240234375,35.51083984375],[24.19775390625,35.537451171875],[24.166015625,35.59521484375],[24.093359375000006,35.59384765625],[24.03437500000001,35.535400390625],[24.013281250000006,35.529443359374994],[23.92060546875001,35.528173828125],[23.85224609375001,35.535449218749996]]]},"properties":{"source_attribution":"Natural Earth public domain land data, https://www.naturalearthdata.com/. Changes made: clipped to Europe + Mediterranean display bounds and converted to GeoJSON."}},
{"type":"Feature","geometry":{"type":"Polygon","coordinates":[[[23.415429687500023,38.958642578124994],[23.31269531250001,39.034912109375],[23.258203125000023,39.03134765625],[23.145800781250017,39.002685546875],[22.986328125,38.915917968749994],[22.87031250000001,38.870507812499994],[22.88134765625,38.84765625],[22.93574218750001,38.839648437499996],[23.029101562500017,38.873388671875],[23.143945312500023,38.84482421875],[23.25214843750001,38.801220703125],[23.364062500000017,38.735009765624994],[23.465234375000023,38.655859375],[23.505273437500023,38.612939453124994],[23.553320312500006,38.581982421875],[23.61738281250001,38.552539062499996],[23.650781250000023,38.44306640625],[23.7587890625,38.401220703125],[23.88623046875,38.400732421875],[24.040136718750006,38.389990234375],[24.041894531250023,38.37412109375],[24.063574218750006,38.337207031249996],[24.102832031250017,38.316845703125],[24.144140625000006,38.243066406249994],[24.189062500000006,38.204296875],[24.19257812500001,38.151660156249996],[24.212011718750006,38.117529296875],[24.317773437500023,38.060351562499996],[24.359472656250006,38.0185546875],[24.41650390625,38.016552734375],[24.44580078125,38.00498046875],[24.47265625,37.980517578124996],[24.502343750000023,37.969921875],[24.536523437500023,37.979736328125],[24.578515625000023,38.020166015624994],[24.58837890625,38.123974609375],[24.563281250000017,38.147509765624996],[24.463964843750006,38.1451171875],[24.359667968750017,38.162499999999994],[24.275781250000023,38.220019531249996],[24.220117187500023,38.338623046875],[24.1875,38.463427734374996],[24.211035156250006,38.504248046875],[24.19970703125,38.541015625],[24.154687500000023,38.588281249999994],[24.127539062500006,38.648486328124996],[24.099023437500023,38.67099609375],[23.878222656250017,38.686572265624996],[23.6884765625,38.764697265624996],[23.63623046875,38.77021484375],[23.525000000000006,38.8134765625],[23.471972656250017,38.85009765625],[23.415429687500023,38.958642578124994]]]},"properties":{"source_attribution":"Natural Earth public domain land data, https://www.naturalearthdata.com/. Changes made: clipped to Europe + Mediterranean display bounds and converted to GeoJSON."}},
{"type":"Feature","geometry":{"type":"Polygon","coordinates":[[[34.46318359375002,35.593505859375],[34.55605468750002,35.662060546875],[34.4111328125,35.629296874999994],[34.27236328125002,35.569970703124994],[34.192480468750006,35.545703124999996],[34.0634765625,35.473974609375],[33.60761718750001,35.354150390624994],[33.45878906250002,35.335888671875],[33.30781250000001,35.34150390625],[33.12343750000002,35.358203124999996],[32.94160156250001,35.390429687499996],[32.926367187500006,35.278076171875],[32.8798828125,35.180566406249994],[32.77236328125002,35.159570312499994],[32.71269531250002,35.171044921874994],[32.65234375,35.182666015624996],[32.55595703125002,35.15576171875],[32.47500000000002,35.089990234374994],[32.39091796875002,35.0498046875],[32.30097656250001,35.082958984375],[32.31718750000002,34.9533203125],[32.41376953125001,34.77802734375],[32.44902343750002,34.729443359375],[32.50556640625001,34.70625],[32.692968750000006,34.649365234375],[32.750097656250006,34.647802734375],[32.8671875,34.6611328125],[32.91425781250001,34.635498046875],[32.94179687500002,34.57587890625],[33.007910156250006,34.569580078125],[33.02392578125,34.599999999999994],[33.02490234375,34.6369140625],[33.06230468750002,34.6748046875],[33.11552734375002,34.695556640625],[33.17607421875002,34.698046874999996],[33.29658203125001,34.717724609375],[33.41494140625002,34.750878906249994],[33.51445312500002,34.806445312499996],[33.69941406250001,34.969873046874994],[33.75898437500001,34.9732421875],[33.82246093750001,34.96591796875],[33.9365234375,34.971484374999996],[34.05019531250002,34.98837890625],[34.02363281250001,35.045556640624994],[34.004492187500006,35.065234374999996],[33.931250000000006,35.140380859375],[33.90791015625001,35.202392578125],[33.941992187500006,35.292041015624996],[34.46318359375002,35.593505859375]]]},"properties":{"source_attribution":"Natural Earth public domain land data, https://www.naturalearthdata.com/. Changes made: clipped to Europe + Mediterranean display bounds and converted to GeoJSON."}},
{"type":"Feature","geometry":{"type":"Polygon","coordinates":[[[19.076464843750017,57.8359375],[18.956445312500023,57.9],[18.90058593750001,57.915478515625],[18.841113281250017,57.900195312499996],[18.80517578125,57.833154296875],[18.72187500000001,57.863720703125],[18.537402343750017,57.83056640625],[18.405175781250023,57.7568359375],[18.283203125,57.655126953125],[18.204882812500017,57.610888671874996],[18.136523437500017,57.556640625],[18.12890625,57.449169921875],[18.151953125000006,57.3390625],[18.105078125000006,57.271875],[18.163964843750023,57.211718749999996],[18.209570312500006,57.13330078125],[18.28535156250001,57.083203125],[18.20654296875,57.01015625],[18.146386718750023,56.9205078125],[18.248925781250023,56.93154296875],[18.340234375000023,56.97822265625],[18.38720703125,57.087646484375],[18.477343750000017,57.163037109375],[18.538476562500023,57.196923828125],[18.69990234375001,57.242724609374996],[18.74287109375001,57.323535156249996],[18.78486328125001,57.361083984375],[18.843652343750023,57.386474609375],[18.90791015625001,57.39833984375],[18.790917968750023,57.48310546875],[18.813867187500023,57.706201171875],[18.87812500000001,57.7296875],[18.945117187500017,57.7416015625],[18.993750000000006,57.812109375],[19.076464843750017,57.8359375]]]},"properties":{"source_attribution":"Natural Earth public domain land data, https://www.naturalearthdata.com/. Changes made: clipped to Europe + Mediterranean display bounds and converted to GeoJSON."}},
{"type":"Feature","geometry":{"type":"Polygon","coordinates":[[[12.568750000000023,55.78505859375],[12.524804687500023,55.91845703125],[12.54296875,55.958984375],[12.6083984375,56.033007812499996],[12.578710937500006,56.0640625],[12.525781250000023,56.0833984375],[12.42822265625,56.105859375],[12.3232421875,56.122119140624996],[12.218945312500011,56.11865234375],[12.039648437500006,56.0521484375],[11.866406250000011,55.9681640625],[11.912792968750011,55.937304687499996],[11.9345703125,55.8958984375],[11.922070312500011,55.828076171875],[11.885351562500006,55.807958984375],[11.858300781250023,55.771875],[11.819726562500023,55.69765625],[11.783593750000023,55.70166015625],[11.69091796875,55.72900390625],[11.682226562500006,55.8294921875],[11.695898437500006,55.90791015625],[11.627734375000017,55.956884765625],[11.474707031250006,55.94345703125],[11.459570312500006,55.9072265625],[11.463671875000017,55.879296875],[11.322265625,55.7525390625],[11.275488281250006,55.736474609375],[11.224414062500017,55.731201171875],[11.049609375000017,55.740234375],[10.978906250000023,55.721533203125],[11.0087890625,55.64443359375],[11.0703125,55.629296875],[11.120996093750023,55.600732421875],[11.119531250000023,55.566064453125],[11.128027343750006,55.534765625],[11.189746093750017,55.465624999999996],[11.170703125000017,55.32861328125],[11.286328125000011,55.204443359375],[11.310253906250011,55.1978515625],[11.406835937500006,55.21474609375],[11.475878906250017,55.2115234375],[11.65380859375,55.1869140625],[11.69677734375,55.095996093749996],[11.70361328125,55.03916015625],[11.739843750000006,54.972460937499996],[11.740917968750011,54.915332031249996],[11.8623046875,54.772607421875],[12.050390625000006,54.81533203125],[12.06884765625,54.909033203125],[12.073046875000017,54.9767578125],[12.065527343750006,55.069921875],[12.089941406250006,55.188134765625],[12.322460937500011,55.237109374999996],[12.4130859375,55.286181640624996],[12.385156250000023,55.38564453125],[12.275390625,55.4142578125],[12.215039062500011,55.46650390625],[12.243457031250017,55.537890624999996],[12.320605468750017,55.587841796875],[12.407128906250023,55.616259765624996],[12.507031250000011,55.63662109375],[12.545214843750017,55.655810546874996],[12.571191406250023,55.6849609375],[12.568750000000023,55.78505859375]]]},"properties":{"source_attribution":"Natural Earth public domain land data, https://www.naturalearthdata.com/. Changes made: clipped to Europe + Mediterranean display bounds and converted to GeoJSON."}},
{"type":"Feature","geometry":{"type":"Polygon","coordinates":[[[10.645117187500006,55.609814453125],[10.622753906250011,55.612841796874996],[10.505078125000011,55.558056640625],[10.424023437500011,55.560351562499996],[10.353613281250006,55.598974609375],[10.2861328125,55.61083984375],[9.994238281250006,55.535302734375],[9.860644531250017,55.515478515625],[9.858984375000006,55.357226562499996],[9.930078125000023,55.22890625],[9.967382812500006,55.20546875],[9.98876953125,55.16318359375],[10.254589843750011,55.087890625],[10.442773437500023,55.048779296875],[10.623828125000017,55.05244140625],[10.785253906250006,55.1333984375],[10.808398437500017,55.20302734375],[10.785351562500011,55.269775390625],[10.819238281250023,55.321875],[10.738085937500017,55.446337890624996],[10.686816406250017,55.5576171875],[10.645117187500006,55.609814453125]]]},"properties":{"source_attribution":"Natural Earth public domain land data, https://www.naturalearthdata.com/. Changes made: clipped to Europe + Mediterranean display bounds and converted to GeoJSON."}},
{"type":"Feature","geometry":{"type":"Polygon","coordinates":[[[3.145312500000017,39.790087890624996],[3.15869140625,39.836572265624994],[3.19091796875,39.861376953124996],[3.1986328125000227,39.88984375],[3.1669921875,39.90771484375],[3.1644531250000227,39.924218749999994],[3.197558593750017,39.961083984374994],[3.15869140625,39.970507812499996],[2.90478515625,39.90830078125],[2.784960937500017,39.854833984375],[2.3712890625000114,39.613085937499996],[2.3700195312500227,39.572070312499996],[2.394335937500017,39.540380859375],[2.458789062500017,39.53046875],[2.49951171875,39.477880859375],[2.5758789062500114,39.530664062499994],[2.634082031250017,39.556201171874996],[2.7005859375000227,39.542138671874994],[2.7459960937500227,39.51025390625],[2.769824218750017,39.41025390625],[2.7998046875,39.385058593749996],[2.9000976562500114,39.368359375],[3.0728515625000057,39.30126953125],[3.154589843750017,39.333251953125],[3.2447265625000057,39.386621093749994],[3.29296875,39.47705078125],[3.3487304687500057,39.5556640625],[3.4146484375000057,39.6271484375],[3.4618164062500227,39.69775390625],[3.4489257812500114,39.76123046875],[3.3958984375000227,39.777294921875],[3.3421875000000227,39.78671875],[3.2411132812500227,39.756689453125],[3.145312500000017,39.790087890624996]]]},"properties":{"source_attribution":"Natural Earth public domain land data, https://www.naturalearthdata.com/. Changes made: clipped to Europe + Mediterranean display bounds and converted to GeoJSON."}},
{"type":"Feature","geometry":{"type":"Polygon","coordinates":[[[9.632031250000011,40.88203125],[9.574023437500017,40.91474609375],[9.5537109375,40.93212890625],[9.589746093750023,40.992480468749996],[9.621191406250006,41.0048828125],[9.615332031250006,41.01728515625],[9.57568359375,41.030517578125],[9.538769531250011,41.053662109375],[9.500195312500011,41.106347656249994],[9.455175781250006,41.150146484375],[9.350781250000011,41.1958984375],[9.283007812500017,41.20166015625],[9.228417968750023,41.257080078125],[9.18212890625,41.2421875],[9.1630859375,41.18515625],[9.107226562500017,41.142919921875],[8.998144531250006,41.1103515625],[8.821191406250023,40.94990234375],[8.698925781250011,40.895263671875],[8.571875000000006,40.8501953125],[8.468457031250011,40.834326171875],[8.36328125,40.846337890624994],[8.310156250000006,40.85751953125],[8.245214843750006,40.907031249999996],[8.224218750000006,40.913330078125],[8.203808593750011,40.870703125],[8.180859375000011,40.771044921874996],[8.18994140625,40.651611328125],[8.230273437500017,40.60595703125],[8.295507812500006,40.558642578124996],[8.353222656250011,40.500537109374996],[8.385351562500006,40.442675781249996],[8.4091796875,40.352343749999996],[8.471289062500006,40.29267578125],[8.470800781250006,40.130712890625],[8.455078125,40.077587890625],[8.408593750000023,40.037646484374996],[8.399316406250023,39.978173828124994],[8.407812500000006,39.917236328125],[8.495898437500017,39.8974609375],[8.547753906250023,39.839208984375],[8.538671875000006,39.769677734374994],[8.54052734375,39.731591796874994],[8.5107421875,39.7216796875],[8.471093750000023,39.748095703124996],[8.451171875,39.7216796875],[8.461035156250006,39.647705078125],[8.447070312500017,39.562792968749996],[8.418652343750011,39.523046875],[8.399121093750011,39.481591796874994],[8.410742187500006,39.291796874999996],[8.418164062500011,39.205712890624994],[8.486230468750023,39.110498046874994],[8.553320312500006,39.030322265624996],[8.595410156250011,38.964306640625],[8.648535156250006,38.926562499999996],[8.718554687500017,38.926708984375],[8.801171875000023,38.90966796875],[8.88134765625,38.912890624999996],[8.966601562500017,38.963720703125],[9.022656250000011,39.043261718749996],[9.056347656250011,39.239160156249994],[9.101757812500011,39.211279296875],[9.149316406250023,39.19697265625],[9.206933593750023,39.213818359375],[9.26416015625,39.216796875],[9.388085937500023,39.167529296874996],[9.486328125,39.139550781249994],[9.5625,39.166015625],[9.583593750000006,39.253564453124994],[9.616992187500017,39.354394531249994],[9.68603515625,39.924365234374996],[9.706738281250011,40.017041015625],[9.700781250000006,40.091796875],[9.659472656250017,40.159228515624996],[9.642968750000023,40.268408203125],[9.754199218750017,40.400292968749994],[9.782812500000006,40.44150390625],[9.805273437500006,40.499560546874996],[9.794335937500023,40.556201171874996],[9.682031250000023,40.818115234375],[9.632031250000011,40.88203125]]]},"properties":{"source_attribution":"Natural Earth public domain land data, https://www.naturalearthdata.com/. Changes made: clipped to Europe + Mediterranean display bounds and converted to GeoJSON."}},
{"type":"Feature","geometry":{"type":"Polygon","coordinates":[[[9.480371093750023,42.805419921875],[9.478613281250006,42.860498046874994],[9.460839843750023,42.945214843749994],[9.463281250000023,42.981005859374996],[9.415234375000011,43.021484375],[9.363183593750023,43.017382812499996],[9.330957031250023,42.943798828125],[9.323046875000017,42.8140625],[9.33837890625,42.766894531249996],[9.313378906250023,42.713183593749996],[9.287695312500006,42.694628906249996],[9.253515625000006,42.712451171874996],[9.198046875000017,42.72919921875],[9.137890625000011,42.73291015625],[9.08837890625,42.704980468749994],[9.043652343750011,42.661669921874996],[8.994921875000017,42.645312499999996],[8.814843750000023,42.60791015625],[8.713085937500011,42.549755859375],[8.640039062500023,42.426562499999996],[8.587500000000006,42.385302734374996],[8.565625000000011,42.357714843749996],[8.592382812500006,42.3447265625],[8.625878906250023,42.343408203124994],[8.675488281250011,42.284033203125],[8.60791015625,42.258447265624994],[8.566210937500017,42.218798828124996],[8.587792968750023,42.16083984375],[8.6416015625,42.118212890624996],[8.700976562500017,42.095605468749994],[8.702539062500023,42.043115234374994],[8.653417968750006,41.995556640625],[8.615136718750023,41.959130859374994],[8.621875000000017,41.930712890624996],[8.673632812500017,41.92236328125],[8.740429687500011,41.925146484375],[8.758691406250023,41.870410156249996],[8.718652343750023,41.804003906249996],[8.717968750000011,41.76142578125],[8.77099609375,41.737109374999996],[8.886816406250006,41.70068359375],[8.879003906250006,41.6685546875],[8.829785156250011,41.627685546875],[8.807519531250023,41.58837890625],[8.842089843750017,41.558886718749996],[8.89501953125,41.516162109374996],[9.003027343750006,41.4765625],[9.186132812500006,41.384912109374994],[9.25341796875,41.46005859375],[9.330859375000017,41.6271484375],[9.374218750000011,41.67880859375],[9.394824218750017,41.731201171875],[9.40087890625,41.926220703125],[9.428417968750011,41.972412109375],[9.550683593750023,42.129736328125],[9.556445312500017,42.160937499999996],[9.526171875000017,42.552636718749994],[9.509375000000006,42.585595703124994],[9.473242187500006,42.615576171875],[9.454199218750006,42.658593749999994],[9.480371093750023,42.805419921875]]]},"properties":{"source_attribution":"Natural Earth public domain land data, https://www.naturalearthdata.com/. Changes made: clipped to Europe + Mediterranean display bounds and converted to GeoJSON."}},
{"type":"Feature","geometry":{"type":"Polygon","coordinates":[[[15.576562500000023,38.2203125],[15.634667968750023,38.267578125],[15.568359375,38.2958984375],[15.498730468750011,38.290869140625],[15.340722656250023,38.217333984374996],[15.279589843750017,38.230371093749994],[15.224023437500023,38.21103515625],[15.176074218750017,38.16806640625],[15.118750000000006,38.152734374999994],[14.98193359375,38.167578125],[14.845898437500011,38.171679687499996],[14.789648437500006,38.1669921875],[14.737207031250023,38.150781249999994],[14.63671875,38.08505859375],[14.505957031250006,38.0455078125],[14.416210937500011,38.042578125],[14.287695312500006,38.016845703125],[14.050000000000011,38.04052734375],[13.936621093750006,38.024169921875],[13.788867187500017,37.981201171875],[13.73486328125,37.984033203124994],[13.681542968750023,38.000732421875],[13.491308593750006,38.103125],[13.433496093750023,38.110253906249994],[13.383496093750011,38.126806640625],[13.351660156250006,38.180517578125],[13.291113281250006,38.191455078124996],[13.159960937500017,38.190332031249994],[13.056835937500011,38.130908203124996],[13.049023437500011,38.08408203125],[12.955468750000023,38.041308593749996],[12.902734375000023,38.03486328125],[12.850683593750006,38.063720703125],[12.734375,38.183056640625],[12.702343750000011,38.14169921875],[12.664355468750017,38.10791015625],[12.601660156250006,38.0849609375],[12.547656250000017,38.0529296875],[12.48681640625,37.938720703125],[12.435546875,37.819775390625],[12.454394531250017,37.773779296875],[12.526757812500023,37.66953125],[12.640234375000006,37.5943359375],[12.699023437500017,37.571826171874996],[12.75732421875,37.5673828125],[12.871191406250006,37.5751953125],[12.924121093750017,37.5705078125],[13.040332031250017,37.50654296875],[13.169921875,37.479296874999996],[13.221093750000023,37.451806640624994],[13.264941406250017,37.4103515625],[13.360937500000006,37.34873046875],[13.587109375000011,37.254150390625],[13.800585937500017,37.135888671874994],[13.905468750000011,37.100634765624996],[14.024316406250023,37.10712890625],[14.142968750000023,37.103662109374994],[14.259082031250017,37.046435546874996],[14.367285156250006,36.9728515625],[14.501855468750023,36.798681640625],[14.555468750000017,36.776757812499994],[14.614355468750006,36.7666015625],[14.775976562500006,36.710400390625],[14.8896484375,36.723535156249994],[15.00244140625,36.693896484374996],[15.112597656250017,36.687841796875],[15.116308593750006,36.736474609374994],[15.104296875000017,36.78525390625],[15.115820312500006,36.839257812499994],[15.142382812500017,36.8916015625],[15.185156250000006,36.934814453125],[15.294531250000006,37.01328125],[15.295703125000017,37.05517578125],[15.288671875000006,37.096923828125],[15.236035156250011,37.138720703124996],[15.174121093750017,37.2091796875],[15.230273437500017,37.2443359375],[15.193652343750017,37.282861328124994],[15.14599609375,37.308007812499994],[15.116992187500017,37.334716796875],[15.105664062500011,37.37548828125],[15.099511718750023,37.45859375],[15.131054687500011,37.531884765624994],[15.164843750000017,37.58955078125],[15.189843750000023,37.650732421875],[15.206835937500017,37.720556640625],[15.234472656250006,37.784814453124994],[15.475683593750006,38.062939453125],[15.508886718750006,38.106640625],[15.576562500000023,38.2203125]]]},"properties":{"source_attribution":"Natural Earth public domain land data, https://www.naturalearthdata.com/. Changes made: clipped to Europe + Mediterranean display bounds and converted to GeoJSON."}},
{"type":"Feature","geometry":{"type":"Polygon","coordinates":[[[-3.1096679687499886,58.515478515625],[-3.0569824218749773,58.588769531249994],[-3.0461914062499886,58.61552734375],[-3.0530761718749773,58.634814453125],[-3.2591308593749773,58.65],[-3.453564453124983,58.61689453125],[-3.661816406249983,58.606298828125],[-3.8595214843749943,58.577099609375],[-4.188623046874994,58.5572265625],[-4.433251953124994,58.512841796874994],[-4.491894531249983,58.56845703125],[-4.534960937499989,58.561572265625],[-4.67822265625,58.513574218749994],[-4.715429687499977,58.510009765625],[-4.765771484374994,58.55419921875],[-4.809619140624989,58.572900390624994],[-4.924658203124977,58.58837890625],[-4.975634765624989,58.580322265625],[-5.016748046874994,58.566552734374994],[-5.066503906249977,58.52021484375],[-5.076025390624977,58.4892578125],[-5.078710937499977,58.419287109375],[-5.090136718749989,58.384521484375],[-5.080615234374989,58.345166015625],[-5.031835937499977,58.298291015625],[-5.00830078125,58.262646484375],[-5.059960937499994,58.250146484374994],[-5.26953125,58.251416015625],[-5.338281249999994,58.238720703125],[-5.35595703125,58.2119140625],[-5.346874999999983,58.176660156249994],[-5.351367187499989,58.143701171874994],[-5.413183593749977,58.069726562499994],[-5.393749999999983,58.043603515624994],[-5.176904296874994,57.906396484375],[-5.1572265625,57.88134765625],[-5.289794921875,57.904589843749996],[-5.319189453124977,57.903613281249996],[-5.349023437499994,57.878076171875],[-5.608349609374983,57.88134765625],[-5.665478515624983,57.823535156249996],[-5.694726562499994,57.77822265625],[-5.744921874999989,57.668310546875],[-5.742382812499983,57.64365234375],[-5.714941406249977,57.60107421875],[-5.678759765624989,57.5716796875],[-5.581787109375,57.54677734375],[-5.688623046874994,57.52353515625],[-5.756738281249994,57.49921875],[-5.801953124999983,57.468017578125],[-5.818066406249983,57.436083984374996],[-5.794921875,57.37880859375],[-5.656347656249977,57.33408203125],[-5.631249999999994,57.2939453125],[-5.561914062499994,57.232714843749996],[-5.59130859375,57.102343749999996],[-5.736279296874983,56.96064453125],[-5.850390624999989,56.918408203125],[-5.861425781249977,56.902685546875],[-5.730615234374994,56.853076171874996],[-5.877636718749983,56.779638671875],[-6.034716796874989,56.763916015625],[-6.132763671874983,56.718017578125],[-6.133691406249994,56.706689453125],[-6.057714843749977,56.692138671875],[-5.968896484374994,56.689892578125],[-5.936767578125,56.605712890625],[-5.864843749999977,56.561865234375],[-5.772802734374977,56.541015625],[-5.652441406249977,56.531982421875],[-5.564208984375,56.565722656249996],[-5.217578124999989,56.751025390624996],[-5.188378906249994,56.758056640625],[-5.242578124999994,56.686865234375],[-5.312695312499983,56.618798828125],[-5.329443359374977,56.555908203125],[-5.391943359374977,56.514794921875],[-5.433398437499989,56.422314453125],[-5.487890624999977,56.350048828125],[-5.534960937499989,56.250830078125],[-5.555273437499977,56.1349609375],[-5.609570312499983,56.0552734375],[-5.622851562499989,55.813134765625],[-5.602392578124977,55.79697265625],[-5.573876953124994,55.79169921875],[-5.506933593749977,55.80771484375],[-5.504492187499977,55.802392578125],[-5.605029296874989,55.720751953124996],[-5.650634765625,55.674121093749996],[-5.681347656249983,55.623974609375],[-5.752099609374994,55.44345703125],[-5.767871093749989,55.394970703125],[-5.768212890624994,55.362646484375],[-5.730664062499983,55.334130859375],[-5.646533203124989,55.32685546875],[-5.618457031249989,55.3314453125],[-5.588769531249994,55.351416015625],[-5.556445312499989,55.389599609375],[-5.385839843749977,55.7701171875],[-5.372900390624977,55.827685546874996],[-5.418310546874977,55.95205078125],[-5.418896484374983,55.975244140625],[-5.410449218749989,55.995361328125],[-5.383447265624994,56.01923828125],[-5.282324218749977,56.08994140625],[-5.084326171874977,56.1974609375],[-4.996972656249994,56.233349609375],[-5.176416015624994,56.116992187499996],[-5.222949218749989,56.0658203125],[-5.247314453125,56.000390625],[-5.24560546875,55.929248046874996],[-5.228222656249983,55.886328125],[-5.214599609375,55.8888671875],[-5.195849609374989,55.928662109375],[-5.134667968749994,55.93349609375],[-5.114990234375,55.944628906249996],[-5.092822265624989,55.9873046875],[-4.970361328124994,56.007861328124996],[-4.927099609374977,56.028076171875],[-4.856249999999989,56.114697265625],[-4.819140624999989,56.15048828125],[-4.80029296875,56.158349609375],[-4.841015624999983,56.080859374999996],[-4.844091796874977,56.051171875],[-4.670947265624989,55.9673828125],[-4.584082031249977,55.938671875],[-4.806835937499983,55.94013671875],[-4.826074218749994,55.929541015625],[-4.871679687499977,55.87392578125],[-4.8896484375,55.781201171875],[-4.891845703125,55.69912109375],[-4.724169921874989,55.598291015625],[-4.684374999999989,55.55390625],[-4.6767578125,55.501318359375],[-4.721142578124983,55.42099609375],[-4.784814453124994,55.359423828124996],[-4.965185546874977,55.149462890624996],[-5.055859374999983,54.988134765625],[-5.11669921875,55.012255859374996],[-5.172705078124977,54.985888671874996],[-5.170117187499983,54.917919921875],[-5.135498046875,54.85751953125],[-5.032324218749977,54.761376953125],[-4.911230468749977,54.689453125],[-4.889501953124977,54.772265624999996],[-4.851708984374994,54.82529296875],[-4.818066406249983,54.846142578125],[-4.647558593749977,54.789013671875],[-4.517480468749994,54.758349609374996],[-4.409912109375,54.787060546875],[-4.303662109374983,54.835693359375],[-4.25341796875,54.84677734375],[-4.208398437499994,54.837158203125],[-4.174023437499983,54.801074218749996],[-4.132958984374994,54.779248046875],[-4.075781249999977,54.78720703125],[-3.9579101562499943,54.78095703125],[-3.8985839843749943,54.805078125],[-3.8416015624999886,54.8427734375],[-3.7832519531249886,54.869921874999996],[-3.71923828125,54.876123046875],[-3.6583007812499773,54.892871093749996],[-3.5504394531249943,54.947412109375],[-3.43408203125,54.96376953125],[-3.0810546875,54.961962890624996],[-3.0362304687499773,54.953076171875],[-3.2679199218749773,54.906591796875],[-3.464599609375,54.773095703125],[-3.592041015625,54.56435546875],[-3.5693847656249886,54.467578124999996],[-3.4102539062499773,54.305615234375],[-3.321533203125,54.2291015625],[-3.165966796874983,54.1279296875],[-3.1096679687499886,54.126318359375],[-3.0547363281249886,54.15341796875],[-2.9935058593749773,54.1705078125],[-2.8675781249999943,54.17724609375],[-2.8464843749999886,54.135302734374996],[-2.8624023437499773,54.04384765625],[-2.899853515624983,53.960693359375],[-3.0267578124999943,53.905908203125],[-3.045361328124983,53.84384765625],[-3.0317871093749886,53.773583984375],[-2.984326171874983,53.746728515625],[-2.9250976562499886,53.732763671875],[-2.9957031249999773,53.662548828125],[-3.0594726562499943,53.586230468749996],[-3.0645996093749943,53.512841796875],[-2.969970703125,53.389208984374996],[-2.9130859375,53.350244140625],[-2.845410156249983,53.33193359375],[-2.7937499999999886,53.330712890625],[-2.74951171875,53.310205078125],[-2.8641601562499943,53.292578125],[-2.9185546874999773,53.30537109375],[-3.0647460937499886,53.42685546875],[-3.1655761718749886,53.394677734375],[-3.0975585937499943,53.260302734374996],[-3.326171875,53.34716796875],[-3.427734375,53.340673828125],[-3.5295898437499886,53.310546875],[-3.6458984374999943,53.297900390624996],[-3.7642089843749886,53.3076171875],[-3.809277343749983,53.302685546875],[-4.111035156249983,53.2189453125],[-4.2685546875,53.14453125],[-4.328417968749989,53.105126953125],[-4.362207031249994,53.0560546875],[-4.405078124999989,53.013818359375],[-4.525683593749989,52.958203125],[-4.638330078124994,52.89111328125],[-4.681445312499989,52.844140625],[-4.683056640624983,52.80615234375],[-4.583691406249983,52.81494140625],[-4.471826171874994,52.862451171875],[-4.3564453125,52.897412109375],[-4.229150390624994,52.912841796875],[-4.101464843749994,52.915478515625],[-4.11474609375,52.866162109375],[-4.117529296874977,52.82001953125],[-4.067431640624989,52.7607421875],[-4.039257812499983,52.704052734375],[-4.070703124999994,52.658837890625],[-4.078906249999989,52.607861328125],[-4.048437499999977,52.5576171875],[-3.9803222656249773,52.541748046875],[-4.050537109375,52.475146484374996],[-4.099755859374994,52.393115234374996],[-4.149365234374983,52.32626953125],[-4.217724609374983,52.27744140625],[-4.383154296874977,52.197314453124996],[-4.561132812499977,52.15087890625],[-4.878515624999977,52.041845703125],[-5.088085937499983,51.995898437499996],[-5.183349609375,51.949658203125],[-5.262304687499977,51.880175781249996],[-5.200585937499994,51.861376953124996],[-5.167236328125,51.808056640625],[-5.168359374999994,51.74072265625],[-5.124755859375,51.705859374999996],[-4.902294921874983,51.626269531249996],[-4.717626953124977,51.68369140625],[-4.600781249999983,51.737646484375],[-4.531494140625,51.748046875],[-4.386279296874989,51.741064453125],[-4.32763671875,51.700244140624996],[-4.276171874999989,51.68251953125],[-4.091015624999983,51.659912109375],[-4.173681640624977,51.62734375],[-4.234570312499983,51.569091796875],[-4.115283203124989,51.56640625],[-3.9983398437499886,51.58212890625],[-3.9436523437499886,51.597509765625],[-3.8907714843749943,51.591650390625],[-3.7626953125,51.539941406249994],[-3.5623535156249773,51.413818359375],[-3.2931152343749943,51.390429687499996],[-3.2587890625,51.398486328124996],[-3.0803710937499886,51.49580078125],[-2.978515625,51.538867187499996],[-2.742138671874983,51.581103515624996],[-2.667675781249983,51.622998046875],[-2.5393554687499886,51.69521484375],[-2.433056640624983,51.74072265625],[-2.590283203124983,51.60859375],[-2.687207031249983,51.537255859374994],[-2.7908203124999886,51.4748046875],[-2.8812499999999943,51.405664062499994],[-3.0420410156249886,51.248583984374996],[-3.135986328125,51.205029296875],[-3.2557617187499943,51.194140624999996],[-3.3750976562499773,51.19697265625],[-3.60791015625,51.228564453124996],[-3.8423339843749886,51.230908203125],[-4.158398437499983,51.201318359374994],[-4.188183593749983,51.188525390624996],[-4.296484374999977,51.027148437499996],[-4.523095703124994,50.977441406249994],[-4.546093749999983,50.900683593749996],[-4.559960937499994,50.820947265624994],[-4.582910156249994,50.7763671875],[-4.861279296874983,50.58203125],[-4.8935546875,50.53369140625],[-4.956396484374977,50.52314453125],[-5.004443359374989,50.495263671874994],[-5.04345703125,50.451513671875],[-5.141796874999983,50.37373046875],[-5.34228515625,50.246142578124996],[-5.570654296874977,50.19697265625],[-5.65625,50.131884765624996],[-5.655175781249994,50.07724609375],[-5.622119140624989,50.050683593749994],[-5.551220703124983,50.083398437499994],[-5.433984374999994,50.104443359375],[-5.322851562499977,50.082958984375],[-5.225244140624994,50.021386718749994],[-5.118505859374977,50.038330078125],[-5.048632812499989,50.134375],[-5.009521484375,50.1607421875],[-4.8173828125,50.25595703125],[-4.727978515624983,50.290478515625],[-4.506689453124977,50.341357421874996],[-4.379492187499977,50.358203124999996],[-4.296972656249977,50.35908203125],[-4.21728515625,50.378173828125],[-4.194580078125,50.393310546875],[-4.172558593749983,50.3908203125],[-4.103417968749994,50.348535156249994],[-3.9001953124999886,50.285937499999996],[-3.7933593749999943,50.229248046875],[-3.6797851562499773,50.23994140625],[-3.5843749999999943,50.321826171874996],[-3.52587890625,50.428173828125],[-3.4854492187499773,50.54794921875],[-3.4045898437499886,50.632421875],[-2.9994140624999943,50.716601562499996],[-2.90087890625,50.722412109375],[-2.7769531249999773,50.70556640625],[-2.6588378906249943,50.669726562499996],[-2.5477539062499943,50.61630859375],[-2.4334472656249773,50.59921875],[-2.3946777343749943,50.630908203124996],[-2.3501464843749886,50.63740234375],[-2.035839843749983,50.603076171874996],[-1.9979003906249773,50.6080078125],[-1.9620605468749943,50.627783203125],[-2.0062499999999943,50.673242187499994],[-2.0310546874999886,50.725390624999996],[-1.8660156249999886,50.715234374999994],[-1.6878906249999943,50.735156249999996],[-1.600830078125,50.732861328125],[-1.5167480468749943,50.747460937499994],[-1.33447265625,50.82080078125],[-1.416455078124983,50.896874999999994],[-1.2850585937499943,50.857324218749994],[-1.1328613281249886,50.844580078125],[-1.0005859374999773,50.815625],[-0.8713867187499886,50.772802734375],[-0.7852539062499773,50.765429687499996],[-0.45078124999997726,50.81015625],[-0.20390624999998863,50.814355468749994],[0.205078125,50.763037109375],[0.29970703125002274,50.7759765625],[0.41474609375001137,50.819189453125],[0.5323242187500057,50.853417968749994],[0.684375000000017,50.885546874999996],[0.7723632812500227,50.933984374999994],[0.9601562500000114,50.92587890625],[0.9786132812500057,50.9716796875],[1.04443359375,51.047265624999994],[1.365527343750017,51.15546875],[1.3975585937500057,51.182031249999994],[1.4156250000000057,51.310839843749996],[1.4149414062500227,51.36328125],[1.3734375000000227,51.37470703125],[1.257128906250017,51.37509765625],[1.014941406250017,51.359716796875],[0.8893554687500114,51.359521484374994],[0.6865234375,51.386572265625],[0.6455078125,51.404687499999994],[0.6002929687500114,51.46796875],[0.5283203125,51.48447265625],[0.42451171875001137,51.465624999999996],[0.5072265625000227,51.50107421875],[0.5934570312500114,51.519482421875],[0.697558593750017,51.523046875],[0.7992187500000227,51.537890624999996],[0.890917968750017,51.571435546874994],[0.9274414062500114,51.646630859375],[0.8980468750000057,51.689404296875],[0.752246093750017,51.72958984375],[0.955078125,51.8078125],[1.1011718750000057,51.785449218749996],[1.1884765625,51.803369140625],[1.2744140625,51.845361328125],[1.2738281250000227,51.902099609375],[1.227832031250017,51.94912109375],[1.232421875,51.971240234374996],[1.2759765625000057,51.97353515625],[1.3167968750000227,51.95693359375],[1.4134765625000227,51.994775390625],[1.5589843750000227,52.086865234375],[1.5914062500000057,52.119775390625],[1.6146484375000227,52.16181640625],[1.6473632812500227,52.278515625],[1.7003906250000114,52.368896484375],[1.74658203125,52.468994140625],[1.7433593750000114,52.578515625],[1.716113281250017,52.67724609375],[1.65673828125,52.753710937499996],[1.382128906250017,52.893505859375],[1.271289062500017,52.924560546875],[1.0555664062500227,52.958984375],[0.948535156250017,52.953369140625],[0.8267578125000057,52.97109375],[0.7044921875000227,52.97724609375],[0.5587890625000114,52.966943359375],[0.5155273437500227,52.93837890625],[0.431640625,52.858154296875],[0.3819335937500057,52.8251953125],[0.3301757812500057,52.81162109375],[0.27978515625,52.80869140625],[0.0458984375,52.905615234375],[0.12441406250002274,52.97158203125],[0.20820312500001137,53.030029296875],[0.29804687500001137,53.081103515624996],[0.35576171875001705,53.159960937499996],[0.27099609375,53.335498046874996],[0.12832031250002274,53.46826171875],[-0.293701171875,53.692333984375],[-0.48505859374998295,53.694384765624996],[-0.659912109375,53.7240234375],[-0.5676757812499886,53.725390624999996],[-0.46137695312498295,53.716162109375],[-0.27001953125,53.736767578125],[-0.173828125,53.68544921875],[-0.07373046875,53.64365234375],[-0.019433593749994316,53.63720703125],[0.03608398437501137,53.64052734375],[0.07670898437501705,53.629443359374996],[0.11533203125000568,53.60927734375],[0.010546875000017053,53.742822265625],[-0.10825195312497726,53.865185546875],[-0.16874999999998863,53.941650390625],[-0.20556640625,54.021728515625],[-0.15629882812498863,54.080615234374996],[-0.08437499999999432,54.11806640625],[-0.23286132812498295,54.19013671875],[-0.370361328125,54.27919921875],[-0.5181152343749886,54.3951171875],[-0.67138671875,54.50390625],[-0.7593261718749886,54.54140625],[-1.1543945312499773,54.6544921875],[-1.232421875,54.7037109375],[-1.291748046875,54.773876953125],[-1.4226562499999886,55.026416015624996],[-1.5225585937499773,55.259521484375],[-1.6101562499999886,55.498095703124996],[-1.6553710937499773,55.570361328124996],[-1.728759765625,55.6185546875],[-1.830273437499983,55.671728515625],[-2.016845703125,55.807958984375],[-2.1470703124999773,55.902978515625],[-2.599316406249983,56.027294921875],[-2.836865234374983,56.02626953125],[-3.015087890624983,55.95859375],[-3.0487304687499943,55.951953124999996],[-3.6078124999999943,56.016015625],[-3.7041503906249886,56.0431640625],[-3.7890625,56.09521484375],[-3.6951171874999886,56.063330078125],[-3.480419921874983,56.0328125],[-3.362255859374983,56.027636718749996],[-3.267773437499983,56.045068359375],[-3.17822265625,56.080126953124996],[-2.9797851562499886,56.194091796875],[-2.767578125,56.2021484375],[-2.674267578124983,56.25341796875],[-2.6527343749999943,56.31826171875],[-2.8851562499999943,56.397509765624996],[-3.0870117187499773,56.3890625],[-3.197998046875,56.366064453125],[-3.3099609374999943,56.3634765625],[-3.2144531249999773,56.383935546875],[-3.1235839843749886,56.42529296875],[-3.0474121093749886,56.449365234375],[-2.7751953124999886,56.482958984374996],[-2.6809570312499886,56.514404296875],[-2.5926757812499943,56.561572265624996],[-2.5009765625,56.636572265625],[-2.4266601562499943,56.730712890625],[-2.26025390625,56.863330078124996],[-2.089550781249983,57.1025390625],[-2.0623535156249773,57.153466796875],[-2.0455078124999773,57.208544921874996],[-2.0203124999999886,57.25888671875],[-1.9344726562499943,57.352197265625],[-1.834716796875,57.419970703124996],[-1.7806640624999943,57.4740234375],[-1.7779296874999773,57.49375],[-1.867382812499983,57.612353515624996],[-1.9615234374999773,57.67666015625],[-2.0740722656249773,57.702392578125],[-2.244140625,57.680859375],[-2.8562988281249773,57.69228515625],[-2.9466796874999943,57.689257812499996],[-3.0360351562499943,57.672314453125],[-3.083935546874983,57.673486328125],[-3.2945312499999773,57.71015625],[-3.402783203124983,57.708251953125],[-3.6282226562499886,57.662255859375],[-3.8681640625,57.600341796875],[-3.988476562499983,57.58125],[-4.134521484375,57.577734375],[-4.078417968749989,57.677050781249996],[-3.887939453125,57.786914062499996],[-3.857128906249983,57.8185546875],[-3.9068359374999773,57.839648437499996],[-4.035595703124983,57.852001953125],[-4.019628906249977,57.9142578125],[-3.9900390624999886,57.959033203124996],[-3.7749999999999773,58.052099609375],[-3.4109863281249773,58.239648437499994],[-3.212353515624983,58.321240234375],[-3.1367675781249886,58.378320312499994],[-3.1128906249999773,58.40888671875],[-3.1011230468749886,58.43369140625],[-3.1096679687499886,58.515478515625]]]},"properties":{"source_attribution":"Natural Earth public domain land data, https://www.naturalearthdata.com/. Changes made: clipped to Europe + Mediterranean display bounds and converted to GeoJSON."}},
{"type":"Feature","geometry":{"type":"Polygon","coordinates":[[[-7.178613281249994,55.056884765625],[-7.218652343749994,55.0919921875],[-7.1728515625,55.137011718749996],[-7.056396484375,55.1783203125],[-6.961669921875,55.237890625],[-7.060253906249983,55.267626953124996],[-7.155322265624989,55.30517578125],[-7.246679687499977,55.35302734375],[-7.308789062499983,55.3658203125],[-7.365966796875,55.360205078125],[-7.3017578125,55.298779296875],[-7.458300781249989,55.281787109374996],[-7.517871093749989,55.24794921875],[-7.531445312499983,55.19384765625],[-7.501953125,55.1447265625],[-7.483935546874989,55.090283203125],[-7.478417968749994,55.04697265625],[-7.584374999999994,54.993994140625],[-7.658740234374989,54.970947265625],[-7.58984375,55.025048828125],[-7.63427734375,55.054980468749996],[-7.585693359375,55.084228515625],[-7.556640625,55.122216796875],[-7.570019531249983,55.17138671875],[-7.613378906249977,55.199658203125],[-7.629785156249994,55.243994140625],[-7.667089843749977,55.256494140625],[-7.762548828124977,55.248339843749996],[-7.750537109374989,55.185791015625],[-7.803173828124983,55.200048828125],[-7.958593749999977,55.19189453125],[-8.006103515625,55.1953125],[-8.1376953125,55.159912109375],[-8.274609374999983,55.146289062499996],[-8.3046875,55.108203124999996],[-8.325781249999977,55.056445312499996],[-8.393261718749983,55.02041015625],[-8.411718749999977,54.965087890625],[-8.377294921874977,54.889453124999996],[-8.470996093749989,54.83154296875],[-8.527685546874977,54.80947265625],[-8.538281249999983,54.782958984375],[-8.650292968749994,54.760888671875],[-8.715185546874977,54.73203125],[-8.763916015625,54.681201171874996],[-8.45654296875,54.60927734375],[-8.133447265624994,54.6408203125],[-8.192968749999977,54.580126953124996],[-8.230371093749994,54.507275390625],[-8.286523437499994,54.48486328125],[-8.415234374999983,54.461083984375],[-8.470996093749989,54.441943359374996],[-8.554443359375,54.403564453125],[-8.623144531249977,54.346875],[-8.568457031249977,54.30361328125],[-8.545556640624994,54.2412109375],[-8.588037109374994,54.231103515625],[-8.746777343749983,54.263476562499996],[-9.00244140625,54.28798828125],[-9.034277343749977,54.281787109374996],[-9.102099609374989,54.225537109375],[-9.145898437499994,54.209619140625],[-9.315527343749977,54.298632812499996],[-9.562304687499989,54.308544921875],[-9.717138671874977,54.300439453125],[-9.824560546874977,54.268896484375],[-9.935937499999994,54.268115234374996],[-9.995947265624977,54.276025390625],[-10.056396484375,54.2578125],[-10.089697265624977,54.2158203125],[-10.092675781249994,54.15576171875],[-9.977099609374989,54.187109375],[-9.943603515625,54.1416015625],[-9.934472656249994,54.075244140624996],[-9.8564453125,54.095361328125],[-9.848486328124977,54.048291015625],[-9.856347656249994,54.004296875],[-9.896240234375,53.93759765625],[-9.9140625,53.863720703125],[-9.747509765624983,53.891015625],[-9.578857421875,53.879833984375],[-9.590527343749983,53.841162109375],[-9.578222656249977,53.805419921875],[-9.745068359374983,53.781494140625],[-9.901611328125,53.727197265625],[-9.912304687499983,53.695117187499996],[-9.909716796874989,53.6576171875],[-9.855859374999994,53.633105468749996],[-9.720654296874983,53.6044921875],[-9.878271484374977,53.5904296875],[-10.001367187499994,53.56142578125],[-10.061718749999983,53.567822265625],[-10.116992187499989,53.54853515625],[-10.106249999999989,53.509326171874996],[-10.054394531249983,53.478320312499996],[-10.093994140625,53.445605468749996],[-10.091259765624983,53.412841796875],[-10.00390625,53.397021484374996],[-9.899023437499977,53.407275390624996],[-9.79541015625,53.394970703125],[-9.875781249999989,53.342724609375],[-9.825390624999983,53.320361328124996],[-9.774072265624994,53.31884765625],[-9.700585937499994,53.33447265625],[-9.6259765625,53.33447265625],[-9.601757812499983,53.323046874999996],[-9.581738281249983,53.27197265625],[-9.55517578125,53.25205078125],[-9.514208984374989,53.238232421875],[-9.470751953124989,53.23486328125],[-9.140332031249983,53.25048828125],[-9.033544921874977,53.2357421875],[-8.930126953124983,53.207080078124996],[-8.997167968749977,53.162060546875],[-9.027441406249977,53.153173828125],[-9.061132812499977,53.153076171875],[-9.137597656249994,53.129248046875],[-9.241894531249983,53.124853515625],[-9.299218749999994,53.09755859375],[-9.461962890624989,52.947265625],[-9.415722656249983,52.928759765624996],[-9.393652343749977,52.896240234375],[-9.464892578124989,52.823193359375],[-9.514990234374977,52.78115234375],[-9.739599609374977,52.648193359375],[-9.916601562499977,52.5697265625],[-9.764355468749983,52.57998046875],[-9.619531249999994,52.62275390625],[-9.591357421874989,52.64365234375],[-9.56103515625,52.653955078125],[-9.463476562499977,52.626904296875],[-9.394238281249983,52.61708984375],[-9.175390624999977,52.634912109375],[-9.097900390625,52.668261718749996],[-8.990283203124989,52.755419921874996],[-8.923291015624983,52.7123046875],[-8.783447265625,52.679638671875],[-9.05615234375,52.621142578124996],[-9.331249999999983,52.578759765625],[-9.586328124999994,52.5591796875],[-9.632226562499994,52.546923828124996],[-9.761132812499994,52.466357421874996],[-9.838476562499977,52.442675781249996],[-9.906054687499989,52.4037109375],[-9.853222656249983,52.37548828125],[-9.841064453125,52.291455078125],[-9.772119140624994,52.25009765625],[-9.937304687499989,52.237646484375],[-9.993115234374983,52.259326171874996],[-10.061767578125,52.275927734374996],[-10.132080078125,52.282080078125],[-10.2109375,52.2716796875],[-10.356689453125,52.20693359375],[-10.382617187499989,52.169091796875],[-10.390234374999977,52.134912109375],[-10.24951171875,52.125732421875],[-9.955810546875,52.136669921875],[-9.90966796875,52.12294921875],[-9.946044921875,52.079833984375],[-10.044042968749977,52.044580078125],[-10.145849609374977,52.02001953125],[-10.231591796874994,51.97451171875],[-10.378710937499989,51.86875],[-10.341064453125,51.79892578125],[-10.241748046874989,51.812451171875],[-10.211718749999989,51.78359375],[-10.084228515625,51.77099609375],[-9.598828124999983,51.8744140625],[-9.74951171875,51.824267578124996],[-9.802880859374994,51.780126953125],[-9.849707031249977,51.76611328125],[-9.926416015624994,51.730712890625],[-10.069433593749977,51.655566406249996],[-10.120751953124994,51.60068359375],[-10.009912109374994,51.611132812499996],[-9.899023437499977,51.6470703125],[-9.579833984375,51.689257812499996],[-9.52490234375,51.681103515625],[-9.542382812499994,51.664453125],[-9.710351562499994,51.6037109375],[-9.835351562499994,51.483349609375],[-9.7373046875,51.47373046875],[-9.534863281249983,51.52216796875],[-9.462890625,51.529052734375],[-9.390576171874983,51.519287109375],[-9.323876953124994,51.497216796874994],[-9.296484374999977,51.4982421875],[-8.813427734374983,51.584912109375],[-8.734472656249977,51.636181640625],[-8.588281249999994,51.6513671875],[-8.477832031249989,51.70703125],[-8.407812499999977,51.712060546875],[-8.34912109375,51.739306640624996],[-8.335595703124994,51.79296875],[-8.347363281249983,51.847705078124996],[-8.371630859374989,51.876269531249996],[-8.4091796875,51.88876953125],[-8.290234374999983,51.890673828124996],[-8.254296874999994,51.8783203125],[-8.222460937499989,51.85400390625],[-8.14501953125,51.813525390624996],[-8.057812499999983,51.8255859375],[-7.952490234374977,51.865771484374996],[-7.872167968749977,51.935302734375],[-7.837988281249977,51.947998046875],[-7.66455078125,51.979736328125],[-7.624902343749994,51.993115234375],[-7.58984375,52.0185546875],[-7.563183593749983,52.06162109375],[-7.527294921874983,52.098876953125],[-7.440869140624983,52.122705078125],[-7.216210937499994,52.144970703125],[-7.081787109375,52.139306640625],[-7.003271484374977,52.16591796875],[-6.965771484374983,52.24951171875],[-6.914648437499977,52.1685546875],[-6.890234374999977,52.159228515624996],[-6.859716796874977,52.178564453125],[-6.7822265625,52.210498046874996],[-6.697314453124989,52.213525390625],[-6.561083984374989,52.188818359375],[-6.437939453124983,52.202685546874996],[-6.324999999999989,52.2466796875],[-6.463183593749989,52.345361328125],[-6.399951171874989,52.366943359375],[-6.345410156249983,52.402001953125],[-6.217236328124983,52.543115234375],[-6.19921875,52.6634765625],[-6.169335937499994,52.738134765625],[-6.130664062499989,52.807275390625],[-6.071484374999983,52.865625],[-6.027392578124989,52.927099609375],[-6.045019531249977,53.091162109375],[-6.072265625,53.166308593749996],[-6.134716796874983,53.301220703125],[-6.151660156249989,53.36640625],[-6.129101562499983,53.390869140625],[-6.138769531249977,53.460302734375],[-6.130957031249977,53.49892578125],[-6.141845703125,53.5775390625],[-6.194873046874989,53.640869140625],[-6.22900390625,53.745703125],[-6.270117187499977,53.840234375],[-6.321582031249989,53.882177734375],[-6.347607421874983,53.94130859375],[-6.345166015624983,53.98720703125],[-6.3076171875,54.011035156249996],[-6.230664062499983,54.00361328125],[-6.156933593749983,54.017236328125],[-6.175732421874983,54.053515624999996],[-6.218017578125,54.088720703125],[-6.119531249999994,54.058886718749996],[-6.01904296875,54.05126953125],[-5.937744140625,54.0890625],[-5.876074218749977,54.156054687499996],[-5.854638671874994,54.200976562499996],[-5.826171875,54.23583984375],[-5.708056640624989,54.245849609375],[-5.606787109374977,54.27255859375],[-5.557812499999983,54.37099609375],[-5.631884765624989,54.37265625],[-5.655957031249983,54.38173828125],[-5.646093749999977,54.477880859375],[-5.671093749999983,54.549755859375],[-5.615966796875,54.53671875],[-5.568554687499983,54.51259765625],[-5.52587890625,54.460205078125],[-5.48388671875,54.441650390625],[-5.470410156249983,54.5001953125],[-5.490185546874983,54.554052734375],[-5.527929687499977,54.61962890625],[-5.58251953125,54.663427734375],[-5.738623046874977,54.673046875],[-5.803466796875,54.663037109375],[-5.878613281249983,54.64130859375],[-5.879101562499983,54.684374999999996],[-5.765185546874989,54.724658203124996],[-5.710742187499989,54.757080078125],[-5.716845703124989,54.81748046875],[-5.869189453124989,54.9162109375],[-5.985742187499994,55.0296875],[-6.035791015624994,55.14453125],[-6.129150390625,55.2173828125],[-6.234228515624977,55.216845703124996],[-6.375292968749989,55.241796875],[-6.475048828124983,55.241015624999996],[-6.698828124999977,55.19345703125],[-6.824853515624994,55.1806640625],[-6.888964843749989,55.188916015625],[-6.947167968749994,55.18251953125],[-7.03076171875,55.080615234374996],[-7.100634765624989,55.048291015625],[-7.178613281249994,55.056884765625]]]},"properties":{"source_attribution":"Natural Earth public domain land data, https://www.naturalearthdata.com/. Changes made: clipped to Europe + Mediterranean display bounds and converted to GeoJSON."}},
{"type":"Feature","geometry":{"type":"Polygon","coordinates":[[[14.3134765625,36.027587890625],[14.320898437500006,36.03623046875],[14.3037109375,36.062304687499996],[14.263281250000006,36.07578125],[14.180371093750011,36.060400390625],[14.194238281250023,36.042236328125],[14.253613281250011,36.012158203125],[14.3134765625,36.027587890625]]]},"properties":{"source_attribution":"Natural Earth public domain land data, https://www.naturalearthdata.com/. Changes made: clipped to Europe + Mediterranean display bounds and converted to GeoJSON."}},
{"type":"Feature","geometry":{"type":"Polygon","coordinates":[[[13.938281250000017,40.705615234374996],[13.960839843750023,40.718164062499994],[13.962109375000011,40.739404296874994],[13.871191406250006,40.76181640625],[13.853515625,40.724072265625],[13.86767578125,40.708740234375],[13.893652343750006,40.69697265625],[13.938281250000017,40.705615234374996]]]},"properties":{"source_attribution":"Natural Earth public domain land data, https://www.naturalearthdata.com/. Changes made: clipped to Europe + Mediterranean display bounds and converted to GeoJSON."}},
{"type":"Feature","geometry":{"type":"Polygon","coordinates":[[[12.05126953125,36.75703125],[12.048046875000011,36.7763671875],[12.024218750000017,36.820947265624994],[11.948046875000017,36.843066406249996],[11.936425781250023,36.82861328125],[11.940625000000011,36.78037109375],[12.003320312500023,36.745996093749994],[12.05126953125,36.75703125]]]},"properties":{"source_attribution":"Natural Earth public domain land data, https://www.naturalearthdata.com/. Changes made: clipped to Europe + Mediterranean display bounds and converted to GeoJSON."}},
{"type":"Feature","geometry":{"type":"Polygon","coordinates":[[[6.333398437500023,53.5107421875],[6.290917968750023,53.514990234375],[6.167675781250011,53.49375],[6.159277343750006,53.483935546874996],[6.193261718750023,53.476806640625],[6.333398437500023,53.5107421875]]]},"properties":{"source_attribution":"Natural Earth public domain land data, https://www.naturalearthdata.com/. Changes made: clipped to Europe + Mediterranean display bounds and converted to GeoJSON."}},
{"type":"Feature","geometry":{"type":"Polygon","coordinates":[[[5.929296875000006,53.458837890625],[5.92822265625,53.464990234375],[5.876269531250017,53.47509765625],[5.708105468750006,53.473388671875],[5.654296875,53.46650390625],[5.665332031250017,53.454882812499996],[5.732031250000006,53.442626953125],[5.929296875000006,53.458837890625]]]},"properties":{"source_attribution":"Natural Earth public domain land data, https://www.naturalearthdata.com/. Changes made: clipped to Europe + Mediterranean display bounds and converted to GeoJSON."}},
{"type":"Feature","geometry":{"type":"Polygon","coordinates":[[[5.108593750000011,53.3080078125],[5.027050781250011,53.310205078125],[4.907910156250011,53.246240234375],[4.923730468750023,53.2345703125],[5.108593750000011,53.3080078125]]]},"properties":{"source_attribution":"Natural Earth public domain land data, https://www.naturalearthdata.com/. Changes made: clipped to Europe + Mediterranean display bounds and converted to GeoJSON."}},
{"type":"Feature","geometry":{"type":"Polygon","coordinates":[[[5.325781250000006,53.3857421875],[5.582617187500006,53.4380859375],[5.557421875000017,53.4435546875],[5.415136718750006,53.431445312499996],[5.190234375000017,53.391796875],[5.232617187500011,53.377783203125],[5.325781250000006,53.3857421875]]]},"properties":{"source_attribution":"Natural Earth public domain land data, https://www.naturalearthdata.com/. Changes made: clipped to Europe + Mediterranean display bounds and converted to GeoJSON."}},
{"type":"Feature","geometry":{"type":"Polygon","coordinates":[[[16.650683593750017,42.99658203125],[16.666308593750017,42.959912109375],[16.696386718750006,42.93369140625],[16.738867187500006,42.912744140624994],[16.850683593750006,42.8955078125],[16.9775390625,42.927783203124996],[17.08935546875,42.914892578125],[17.188281250000017,42.917041015624996],[17.169824218750023,42.9326171875],[17.093652343750023,42.96435546875],[16.971093750000023,42.981494140624996],[16.835546875000006,42.968652343749994],[16.650683593750017,42.99658203125]]]},"properties":{"source_attribution":"Natural Earth public domain land data, https://www.naturalearthdata.com/. Changes made: clipped to Europe + Mediterranean display bounds and converted to GeoJSON."}},
{"type":"Feature","geometry":{"type":"Polygon","coordinates":[[[17.19404296875001,43.125781249999996],[17.061132812500006,43.143896484375],[16.697265625,43.174951171874994],[16.65595703125001,43.213769531249994],[16.521386718750023,43.229248046875],[16.37646484375,43.213769531249994],[16.405859375000006,43.19736328125],[16.5498046875,43.143896484375],[16.67919921875,43.12314453125],[17.124121093750006,43.1154296875],[17.19404296875001,43.125781249999996]]]},"properties":{"source_attribution":"Natural Earth public domain land data, https://www.naturalearthdata.com/. Changes made: clipped to Europe + Mediterranean display bounds and converted to GeoJSON."}},
{"type":"Feature","geometry":{"type":"Polygon","coordinates":[[[16.785253906250006,43.270654296874994],[16.873632812500006,43.29794921875],[16.89130859375001,43.3146484375],[16.834375000000023,43.350830078125],[16.6015625,43.381884765624996],[16.44892578125001,43.387060546875],[16.428125000000023,43.343408203124994],[16.423144531250017,43.317236328125],[16.490332031250006,43.286181640624996],[16.62744140625,43.26806640625],[16.785253906250006,43.270654296874994]]]},"properties":{"source_attribution":"Natural Earth public domain land data, https://www.naturalearthdata.com/. Changes made: clipped to Europe + Mediterranean display bounds and converted to GeoJSON."}},
{"type":"Feature","geometry":{"type":"Polygon","coordinates":[[[-2.5123046874999773,49.494531249999994],[-2.5208984374999943,49.506298828125],[-2.542187499999983,49.506591796875],[-2.6461425781249943,49.468212890625],[-2.6390136718749773,49.450927734375],[-2.54736328125,49.4287109375],[-2.5123046874999773,49.494531249999994]]]},"properties":{"source_attribution":"Natural Earth public domain land data, https://www.naturalearthdata.com/. Changes made: clipped to Europe + Mediterranean display bounds and converted to GeoJSON."}},
{"type":"Feature","geometry":{"type":"Polygon","coordinates":[[[-2.0186523437499773,49.231249999999996],[-2.082226562499983,49.25537109375],[-2.2205078124999886,49.266357421875],[-2.23583984375,49.1763671875],[-2.1656738281249943,49.187402343749994],[-2.091015624999983,49.187402343749994],[-2.0537597656249886,49.169824218749994],[-2.0099121093749943,49.180810546874994],[-2.0186523437499773,49.231249999999996]]]},"properties":{"source_attribution":"Natural Earth public domain land data, https://www.naturalearthdata.com/. Changes made: clipped to Europe + Mediterranean display bounds and converted to GeoJSON."}},
{"type":"Feature","geometry":{"type":"Polygon","coordinates":[[[18.41621093750001,59.0291015625],[18.48554687500001,59.10458984375],[18.464941406250006,59.107861328125],[18.397558593750006,59.089111328125],[18.377246093750017,59.06904296875],[18.349902343750017,59.022607421874994],[18.371875000000017,59.019580078125],[18.41621093750001,59.0291015625]]]},"properties":{"source_attribution":"Natural Earth public domain land data, https://www.naturalearthdata.com/. Changes made: clipped to Europe + Mediterranean display bounds and converted to GeoJSON."}},
{"type":"Feature","geometry":{"type":"Polygon","coordinates":[[[18.59541015625001,59.470361328124994],[18.623828125000017,59.4921875],[18.69794921875001,59.524609375],[18.69843750000001,59.534619140625],[18.620898437500017,59.547802734375],[18.572363281250006,59.525830078125],[18.55517578125,59.485791015625],[18.54511718750001,59.47783203125],[18.5703125,59.437255859375],[18.59541015625001,59.470361328124994]]]},"properties":{"source_attribution":"Natural Earth public domain land data, https://www.naturalearthdata.com/. Changes made: clipped to Europe + Mediterranean display bounds and converted to GeoJSON."}},
{"type":"Feature","geometry":{"type":"Polygon","coordinates":[[[32.01220703125,46.203906249999996],[31.638476562500017,46.27255859375],[31.584863281250023,46.303173828125],[31.5087890625,46.37314453125],[31.528710937500023,46.306591796875],[31.563867187500023,46.257763671875],[31.7001953125,46.2140625],[32.009375000000006,46.167822265625],[32.15009765625001,46.154687499999994],[32.01220703125,46.203906249999996]]]},"properties":{"source_attribution":"Natural Earth public domain land data, https://www.naturalearthdata.com/. Changes made: clipped to Europe + Mediterranean display bounds and converted to GeoJSON."}},
{"type":"Feature","geometry":{"type":"Polygon","coordinates":[[[22.923730468750023,58.826904296875],[23.008691406250023,58.833935546875],[22.98164062500001,58.919824218749994],[22.90986328125001,58.9912109375],[22.725488281250023,59.015087890625],[22.712207031250017,59.031982421875],[22.702246093750006,59.0744140625],[22.6494140625,59.087109375],[22.587207031250017,59.081201171874994],[22.50458984375001,59.02646484375],[22.46259765625001,58.97431640625],[22.056250000000006,58.943603515625],[22.161914062500017,58.898486328125],[22.307421875000017,58.895458984375],[22.411035156250023,58.86337890625],[22.478906250000023,58.753808593749994],[22.47265625,58.712060546874994],[22.54218750000001,58.689990234375],[22.661425781250017,58.7091796875],[22.76728515625001,58.8208984375],[22.792871093750023,58.797216796875],[22.841699218750023,58.77744140625],[22.923730468750023,58.826904296875]]]},"properties":{"source_attribution":"Natural Earth public domain land data, https://www.naturalearthdata.com/. Changes made: clipped to Europe + Mediterranean display bounds and converted to GeoJSON."}},
{"type":"Feature","geometry":{"type":"Polygon","coordinates":[[[23.343554687500017,58.550341796875],[23.3564453125,58.575537109375],[23.332812500000017,58.648583984374994],[23.165429687500023,58.678124999999994],[23.10908203125001,58.659228515625],[23.0634765625,58.611083984375],[23.260351562500006,58.539990234375],[23.343554687500017,58.550341796875]]]},"properties":{"source_attribution":"Natural Earth public domain land data, https://www.naturalearthdata.com/. Changes made: clipped to Europe + Mediterranean display bounds and converted to GeoJSON."}},
{"type":"Feature","geometry":{"type":"Polygon","coordinates":[[[27.8427734375,35.929296875],[27.96552734375001,36.047509765624994],[28.087792968750023,36.065332031249994],[28.067675781250017,36.129687499999996],[28.14404296875,36.209863281249994],[28.230078125000006,36.370263671874994],[28.231835937500023,36.433642578124996],[28.171484375000006,36.426220703125],[27.914453125000023,36.3453125],[27.815234375000017,36.276953125],[27.7744140625,36.213769531249994],[27.71630859375,36.17158203125],[27.718652343750023,36.14111328125],[27.75732421875,36.069189453125],[27.71552734375001,35.957324218749996],[27.745703125000006,35.911035156249994],[27.770605468750006,35.90830078125],[27.8427734375,35.929296875]]]},"properties":{"source_attribution":"Natural Earth public domain land data, https://www.naturalearthdata.com/. Changes made: clipped to Europe + Mediterranean display bounds and converted to GeoJSON."}},
{"type":"Feature","geometry":{"type":"Polygon","coordinates":[[[27.176074218750017,35.465283203125],[27.23359375000001,35.478564453124996],[27.208886718750023,35.558935546875],[27.1572265625,35.6294921875],[27.20703125,35.714453125],[27.22314453125,35.820458984374994],[27.158007812500017,35.788671875],[27.156054687500017,35.72626953125],[27.070703125000023,35.59775390625],[27.115820312500006,35.511132812499994],[27.09912109375,35.456445312499994],[27.13789062500001,35.409082031249994],[27.176074218750017,35.465283203125]]]},"properties":{"source_attribution":"Natural Earth public domain land data, https://www.naturalearthdata.com/. Changes made: clipped to Europe + Mediterranean display bounds and converted to GeoJSON."}},
{"type":"Feature","geometry":{"type":"Polygon","coordinates":[[[27.860156250000017,36.55390625],[27.869042968750023,36.582666015624994],[27.86982421875001,36.622509765625],[27.86250000000001,36.641162109374996],[27.836816406250023,36.63486328125],[27.785742187500006,36.60751953125],[27.7880859375,36.58369140625],[27.838281250000023,36.537988281249994],[27.860156250000017,36.55390625]]]},"properties":{"source_attribution":"Natural Earth public domain land data, https://www.naturalearthdata.com/. Changes made: clipped to Europe + Mediterranean display bounds and converted to GeoJSON."}},
{"type":"Feature","geometry":{"type":"Polygon","coordinates":[[[27.01972656250001,36.959033203124996],[27.034570312500023,36.975976562499994],[27.040136718750006,37.0015625],[27.016015625000023,37.009667968749994],[26.966601562500017,37.052099609375],[26.888671875,37.087255859375],[26.93769531250001,37.024609375],[26.919921875,36.945214843749994],[27.01972656250001,36.959033203124996]]]},"properties":{"source_attribution":"Natural Earth public domain land data, https://www.naturalearthdata.com/. Changes made: clipped to Europe + Mediterranean display bounds and converted to GeoJSON."}},
{"type":"Feature","geometry":{"type":"Polygon","coordinates":[[[26.949609375000023,36.727099609374996],[27.033593750000023,36.770751953125],[27.150976562500006,36.777587890625],[27.193164062500017,36.809130859374996],[27.352148437500006,36.868896484375],[27.265625,36.905126953125],[27.214941406250006,36.8986328125],[27.061132812500006,36.840380859374996],[26.95556640625,36.774218749999996],[26.918359375000023,36.725927734375],[26.949609375000023,36.727099609374996]]]},"properties":{"source_attribution":"Natural Earth public domain land data, https://www.naturalearthdata.com/. Changes made: clipped to Europe + Mediterranean display bounds and converted to GeoJSON."}},
{"type":"Feature","geometry":{"type":"Polygon","coordinates":[[[25.5458984375,36.967578124999996],[25.584277343750017,37.039306640625],[25.587890625,37.1525390625],[25.564355468750023,37.185107421874996],[25.525292968750023,37.19638671875],[25.361914062500006,37.07041015625],[25.395898437500023,36.984375],[25.45673828125001,36.9296875],[25.5458984375,36.967578124999996]]]},"properties":{"source_attribution":"Natural Earth public domain land data, https://www.naturalearthdata.com/. Changes made: clipped to Europe + Mediterranean display bounds and converted to GeoJSON."}},
{"type":"Feature","geometry":{"type":"Polygon","coordinates":[[[25.278906250000006,37.068408203124996],[25.271484375,37.0841796875],[25.275292968750023,37.137841796874994],[25.23505859375001,37.14853515625],[25.146484375,37.107421875],[25.10546875,37.034960937499996],[25.13330078125,36.999658203124994],[25.19941406250001,36.99130859375],[25.278906250000006,37.068408203124996]]]},"properties":{"source_attribution":"Natural Earth public domain land data, https://www.naturalearthdata.com/. Changes made: clipped to Europe + Mediterranean display bounds and converted to GeoJSON."}},
{"type":"Feature","geometry":{"type":"Polygon","coordinates":[[[25.482421875,36.392626953124996],[25.467382812500006,36.43505859375],[25.408984375000017,36.47373046875],[25.396875000000023,36.46533203125],[25.414648437500006,36.442285156249994],[25.412890625000017,36.4048828125],[25.39716796875001,36.378955078124996],[25.370507812500023,36.358935546874996],[25.435937500000023,36.340087890625],[25.482421875,36.392626953124996]]]},"properties":{"source_attribution":"Natural Earth public domain land data, https://www.naturalearthdata.com/. Changes made: clipped to Europe + Mediterranean display bounds and converted to GeoJSON."}},
{"type":"Feature","geometry":{"type":"Polygon","coordinates":[[[25.381738281250023,36.6740234375],[25.40693359375001,36.717333984374996],[25.2958984375,36.78916015625],[25.25996093750001,36.758447265624994],[25.288671875000006,36.721533203125],[25.364355468750006,36.658349609374994],[25.381738281250023,36.6740234375]]]},"properties":{"source_attribution":"Natural Earth public domain land data, https://www.naturalearthdata.com/. Changes made: clipped to Europe + Mediterranean display bounds and converted to GeoJSON."}},
{"type":"Feature","geometry":{"type":"Polygon","coordinates":[[[26.82441406250001,37.811425781249994],[26.74335937500001,37.809765625],[26.638671875,37.780859375],[26.5810546875,37.72373046875],[26.612890625000006,37.710498046874996],[26.720507812500017,37.705468749999994],[26.78828125000001,37.656982421875],[26.84492187500001,37.6447265625],[26.978125000000006,37.700488281249996],[27.055078125000023,37.709277343749996],[27.039648437500006,37.77001953125],[26.981542968750006,37.781982421875],[26.947363281250006,37.778466796874994],[26.82441406250001,37.811425781249994]]]},"properties":{"source_attribution":"Natural Earth public domain land data, https://www.naturalearthdata.com/. Changes made: clipped to Europe + Mediterranean display bounds and converted to GeoJSON."}},
{"type":"Feature","geometry":{"type":"Polygon","coordinates":[[[26.029296875,37.52939453125],[26.204882812500017,37.568505859374994],[26.296875,37.619580078125],[26.351367187500017,37.67431640625],[26.325585937500023,37.673046875],[26.211523437500006,37.63828125],[26.086328125000023,37.634912109374994],[25.99677734375001,37.565576171874994],[25.982421875,37.5255859375],[26.029296875,37.52939453125]]]},"properties":{"source_attribution":"Natural Earth public domain land data, https://www.naturalearthdata.com/. Changes made: clipped to Europe + Mediterranean display bounds and converted to GeoJSON."}},
{"type":"Feature","geometry":{"type":"Polygon","coordinates":[[[25.859375,36.790429687499994],[25.984667968750017,36.879687499999996],[26.064453125,36.902734374999994],[26.00068359375001,36.937402343749994],[25.941992187500006,36.886572265625],[25.852441406250023,36.847558593749994],[25.834375000000023,36.825390625],[25.796777343750023,36.807031249999994],[25.7431640625,36.78974609375],[25.771093750000006,36.7822265625],[25.859375,36.790429687499994]]]},"properties":{"source_attribution":"Natural Earth public domain land data, https://www.naturalearthdata.com/. Changes made: clipped to Europe + Mediterranean display bounds and converted to GeoJSON."}},
{"type":"Feature","geometry":{"type":"Polygon","coordinates":[[[26.46064453125001,36.585400390625],[26.421289062500023,36.62421875],[26.370019531250023,36.638574218749994],[26.384179687500023,36.607861328125],[26.337011718750006,36.58056640625],[26.269824218750017,36.59541015625],[26.27001953125,36.546923828124996],[26.331445312500023,36.511376953124994],[26.381640625000017,36.5615234375],[26.46064453125001,36.585400390625]]]},"properties":{"source_attribution":"Natural Earth public domain land data, https://www.naturalearthdata.com/. Changes made: clipped to Europe + Mediterranean display bounds and converted to GeoJSON."}},
{"type":"Feature","geometry":{"type":"Polygon","coordinates":[[[24.35595703125,37.57685546875],[24.400781250000023,37.6490234375],[24.37910156250001,37.68271484375],[24.320410156250006,37.677734375],[24.277441406250006,37.601123046874996],[24.288964843750023,37.528271484375],[24.35595703125,37.57685546875]]]},"properties":{"source_attribution":"Natural Earth public domain land data, https://www.naturalearthdata.com/. Changes made: clipped to Europe + Mediterranean display bounds and converted to GeoJSON."}},
{"type":"Feature","geometry":{"type":"Polygon","coordinates":[[[24.43574218750001,37.34443359375],[24.4814453125,37.408007812499996],[24.448535156250017,37.449560546875],[24.431250000000006,37.4751953125],[24.394824218750017,37.450390625],[24.369726562500006,37.41962890625],[24.397753906250017,37.383447265624994],[24.37890625,37.314111328124994],[24.43574218750001,37.34443359375]]]},"properties":{"source_attribution":"Natural Earth public domain land data, https://www.naturalearthdata.com/. Changes made: clipped to Europe + Mediterranean display bounds and converted to GeoJSON."}},
{"type":"Feature","geometry":{"type":"Polygon","coordinates":[[[24.535742187500006,36.76376953125],[24.460351562500023,36.747460937499994],[24.4501953125,36.728955078125],[24.425195312500023,36.712939453124996],[24.357421875,36.744287109374994],[24.34492187500001,36.722998046875],[24.325976562500017,36.655615234375],[24.530664062500023,36.683984374999994],[24.537500000000023,36.705029296875],[24.535742187500006,36.76376953125]]]},"properties":{"source_attribution":"Natural Earth public domain land data, https://www.naturalearthdata.com/. Changes made: clipped to Europe + Mediterranean display bounds and converted to GeoJSON."}},
{"type":"Feature","geometry":{"type":"Polygon","coordinates":[[[24.94287109375,37.493505859375],[24.906542968750017,37.50888671875],[24.895312500000017,37.446337890624996],[24.89619140625001,37.406591796875],[24.911523437500023,37.390576171875],[24.937890625000023,37.389697265624996],[24.94287109375,37.493505859375]]]},"properties":{"source_attribution":"Natural Earth public domain land data, https://www.naturalearthdata.com/. Changes made: clipped to Europe + Mediterranean display bounds and converted to GeoJSON."}},
{"type":"Feature","geometry":{"type":"Polygon","coordinates":[[[24.99169921875,37.759619140625],[24.98046875,37.796923828124996],[24.94843750000001,37.857666015625],[24.956347656250017,37.90478515625],[24.855078125000006,37.913671875],[24.790429687500023,37.990136718749994],[24.76337890625001,37.9875],[24.7001953125,37.961669921875],[24.71435546875,37.898876953125],[24.766503906250023,37.870703125],[24.79853515625001,37.824023437499996],[24.884082031250017,37.7705078125],[24.962207031250017,37.6923828125],[24.99169921875,37.759619140625]]]},"properties":{"source_attribution":"Natural Earth public domain land data, https://www.naturalearthdata.com/. Changes made: clipped to Europe + Mediterranean display bounds and converted to GeoJSON."}},
{"type":"Feature","geometry":{"type":"Polygon","coordinates":[[[25.255859375,37.599609375],[25.225390625000017,37.630664062499996],[25.091796875,37.647998046874996],[25.039355468750017,37.6806640625],[24.996484375000023,37.676904296874994],[25.01630859375001,37.645947265625],[25.05195312500001,37.614453125],[25.156347656250006,37.545068359374994],[25.21875,37.535107421875],[25.255859375,37.599609375]]]},"properties":{"source_attribution":"Natural Earth public domain land data, https://www.naturalearthdata.com/. Changes made: clipped to Europe + Mediterranean display bounds and converted to GeoJSON."}},
{"type":"Feature","geometry":{"type":"Polygon","coordinates":[[[24.72089843750001,36.921435546874996],[24.76318359375,36.94921875],[24.716113281250017,37.023828124999994],[24.681445312500017,37.021630859374994],[24.670996093750006,36.998583984374996],[24.67646484375001,36.959277343749996],[24.70263671875,36.91708984375],[24.72089843750001,36.921435546874996]]]},"properties":{"source_attribution":"Natural Earth public domain land data, https://www.naturalearthdata.com/. Changes made: clipped to Europe + Mediterranean display bounds and converted to GeoJSON."}},
{"type":"Feature","geometry":{"type":"Polygon","coordinates":[[[26.094042968750017,38.218066406249996],[26.103125000000006,38.234179687499996],[26.110742187500023,38.279638671875],[26.157031250000017,38.3029296875],[26.14960937500001,38.46845703125],[26.141210937500006,38.486181640625],[26.16035156250001,38.54072265625],[26.110449218750006,38.54462890625],[26.012500000000017,38.601708984374994],[25.846093750000023,38.574023437499996],[25.85126953125001,38.5083984375],[25.9599609375,38.416015625],[25.99140625000001,38.353515625],[25.95263671875,38.302636718749994],[25.874316406250017,38.26962890625],[25.891894531250017,38.243310546874994],[25.99853515625,38.161523437499994],[26.094042968750017,38.218066406249996]]]},"properties":{"source_attribution":"Natural Earth public domain land data, https://www.naturalearthdata.com/. Changes made: clipped to Europe + Mediterranean display bounds and converted to GeoJSON."}},
{"type":"Feature","geometry":{"type":"Polygon","coordinates":[[[26.41015625,39.329443359375],[26.347753906250006,39.3830078125],[26.165429687500023,39.37353515625],[26.164843750000017,39.331982421875],[26.08837890625,39.304296875],[26.026464843750006,39.284619140625],[25.909570312500023,39.287548828125],[25.844140625000023,39.200048828125],[25.85546875,39.178662109375],[25.90625,39.138964843749996],[26.072363281250006,39.095605468749994],[26.17597656250001,39.194287109375],[26.27314453125001,39.197558593749996],[26.2451171875,39.164111328124996],[26.10791015625,39.0810546875],[26.16083984375001,39.02587890625],[26.39013671875,38.973925781249996],[26.46875,38.972802734374994],[26.547167968750017,38.994140625],[26.50312500000001,39.0314453125],[26.488671875000023,39.0748046875],[26.531542968750017,39.064355468749994],[26.583984375,39.0314453125],[26.595605468750023,39.048828125],[26.578222656250006,39.109521484374994],[26.531054687500017,39.171777343749994],[26.39277343750001,39.2701171875],[26.41015625,39.329443359375]]]},"properties":{"source_attribution":"Natural Earth public domain land data, https://www.naturalearthdata.com/. Changes made: clipped to Europe + Mediterranean display bounds and converted to GeoJSON."}},
{"type":"Feature","geometry":{"type":"Polygon","coordinates":[[[23.77978515625,39.114404296874994],[23.59394531250001,39.20859375],[23.666113281250006,39.095361328124994],[23.735156250000017,39.08056640625],[23.77978515625,39.114404296874994]]]},"properties":{"source_attribution":"Natural Earth public domain land data, https://www.naturalearthdata.com/. Changes made: clipped to Europe + Mediterranean display bounds and converted to GeoJSON."}},
{"type":"Feature","geometry":{"type":"Polygon","coordinates":[[[23.887988281250017,39.15830078125],[23.939746093750017,39.200537109375],[23.97089843750001,39.267724609374994],[23.888085937500023,39.226367187499996],[23.841210937500023,39.14658203125],[23.887988281250017,39.15830078125]]]},"properties":{"source_attribution":"Natural Earth public domain land data, https://www.naturalearthdata.com/. Changes made: clipped to Europe + Mediterranean display bounds and converted to GeoJSON."}},
{"type":"Feature","geometry":{"type":"Polygon","coordinates":[[[24.674707031250023,38.809228515624994],[24.58125000000001,38.878857421875],[24.564062500000006,38.942236328125],[24.485644531250017,38.980273437499996],[24.473437500000017,38.961669921875],[24.461035156250006,38.888623046875],[24.56640625,38.832373046875],[24.564550781250006,38.81943359375],[24.541015625,38.788671875],[24.56904296875001,38.784814453124994],[24.674707031250023,38.809228515624994]]]},"properties":{"source_attribution":"Natural Earth public domain land data, https://www.naturalearthdata.com/. Changes made: clipped to Europe + Mediterranean display bounds and converted to GeoJSON."}},
{"type":"Feature","geometry":{"type":"Polygon","coordinates":[[[25.68574218750001,40.426562499999996],[25.66425781250001,40.4638671875],[25.624316406250017,40.491992187499996],[25.56855468750001,40.515869140625],[25.448046875000017,40.482812499999994],[25.572656250000023,40.400439453124996],[25.68574218750001,40.426562499999996]]]},"properties":{"source_attribution":"Natural Earth public domain land data, https://www.naturalearthdata.com/. Changes made: clipped to Europe + Mediterranean display bounds and converted to GeoJSON."}},
{"type":"Feature","geometry":{"type":"Polygon","coordinates":[[[25.43769531250001,39.983300781249994],[25.449121093750023,40.034814453124994],[25.373632812500006,40.015527343749994],[25.348046875000023,39.984765624999994],[25.285742187500006,39.956298828125],[25.234179687500017,40.005419921874996],[25.058007812500023,39.999658203124994],[25.052343750000006,39.976367187499996],[25.065234375000017,39.90986328125],[25.06220703125001,39.852392578125],[25.12646484375,39.825830078124994],[25.185156250000006,39.829931640625],[25.203222656250006,39.849414062499996],[25.22382812500001,39.892578125],[25.249414062500023,39.894140625],[25.251757812500017,39.854394531249994],[25.26337890625001,39.82294921875],[25.298730468750023,39.806103515625],[25.357031250000006,39.80810546875],[25.3720703125,39.89130859375],[25.39990234375,39.949560546875],[25.43769531250001,39.983300781249994]]]},"properties":{"source_attribution":"Natural Earth public domain land data, https://www.naturalearthdata.com/. Changes made: clipped to Europe + Mediterranean display bounds and converted to GeoJSON."}},
{"type":"Feature","geometry":{"type":"Polygon","coordinates":[[[24.774218750000017,40.615185546875],[24.768652343750006,40.65888671875],[24.78632812500001,40.703857421875],[24.77363281250001,40.730273437499996],[24.719140625000023,40.786279296874994],[24.623339843750017,40.792919921875],[24.585546875000006,40.76875],[24.516699218750006,40.68720703125],[24.515527343750023,40.647021484374996],[24.645898437500023,40.579443359375],[24.774218750000017,40.615185546875]]]},"properties":{"source_attribution":"Natural Earth public domain land data, https://www.naturalearthdata.com/. Changes made: clipped to Europe + Mediterranean display bounds and converted to GeoJSON."}},
{"type":"Feature","geometry":{"type":"Polygon","coordinates":[[[25.970019531250017,40.136328125],[25.97705078125,40.17783203125],[25.918359375000023,40.23798828125],[25.874804687500017,40.233691406249996],[25.74091796875001,40.1962890625],[25.6689453125,40.135888671874994],[25.740234375,40.10546875],[25.970019531250017,40.136328125]]]},"properties":{"source_attribution":"Natural Earth public domain land data, https://www.naturalearthdata.com/. Changes made: clipped to Europe + Mediterranean display bounds and converted to GeoJSON."}},
{"type":"Feature","geometry":{"type":"Polygon","coordinates":[[[11.278027343750011,34.753808593749994],[11.281054687500017,34.802197265625],[11.2548828125,34.8203125],[11.153027343750011,34.744580078125],[11.123632812500006,34.681689453124996],[11.278027343750011,34.753808593749994]]]},"properties":{"source_attribution":"Natural Earth public domain land data, https://www.naturalearthdata.com/. Changes made: clipped to Europe + Mediterranean display bounds and converted to GeoJSON."}},
{"type":"Feature","geometry":{"type":"Polygon","coordinates":[[[10.957617187500006,33.722070312499994],[10.993066406250023,33.745947265625],[11.03759765625,33.785058593749994],[11.033593750000023,33.805029296875],[11.017871093750017,33.82333984375],[10.921972656250006,33.893115234374996],[10.745214843750006,33.888671875],[10.73388671875,33.855615234374994],[10.722070312500023,33.738916015624994],[10.757031250000011,33.71748046875],[10.784765625000006,33.717675781249994],[10.857421875,33.687158203124994],[10.883007812500011,33.690185546875],[10.931347656250011,33.717431640624994],[10.957617187500006,33.722070312499994]]]},"properties":{"source_attribution":"Natural Earth public domain land data, https://www.naturalearthdata.com/. Changes made: clipped to Europe + Mediterranean display bounds and converted to GeoJSON."}},
{"type":"Feature","geometry":{"type":"Polygon","coordinates":[[[-4.412060546874983,54.185351562499996],[-4.392285156249983,54.225390624999996],[-4.337988281249977,54.269091796874996],[-4.377197265625,54.392578125],[-4.395556640624989,54.4029296875],[-4.424707031249994,54.407177734375],[-4.508642578124977,54.376708984375],[-4.614843749999977,54.266943359375],[-4.69873046875,54.224902343749996],[-4.745556640624983,54.118798828125],[-4.785351562499983,54.073046874999996],[-4.765771484374994,54.06943359375],[-4.696093749999989,54.0814453125],[-4.6142578125,54.05869140625],[-4.412060546874983,54.185351562499996]]]},"properties":{"source_attribution":"Natural Earth public domain land data, https://www.naturalearthdata.com/. Changes made: clipped to Europe + Mediterranean display bounds and converted to GeoJSON."}},
{"type":"Feature","geometry":{"type":"Polygon","coordinates":[[[-6.607617187499983,56.585009765624996],[-6.530078124999989,56.626611328125],[-6.483691406249989,56.665771484375],[-6.506054687499983,56.67236328125],[-6.569921874999977,56.66123046875],[-6.668554687499977,56.593603515625],[-6.664453124999994,56.579443359375],[-6.607617187499983,56.585009765624996]]]},"properties":{"source_attribution":"Natural Earth public domain land data, https://www.naturalearthdata.com/. Changes made: clipped to Europe + Mediterranean display bounds and converted to GeoJSON."}},
{"type":"Feature","geometry":{"type":"Polygon","coordinates":[[[-5.105419921874983,55.448828125],[-5.0947265625,55.4943359375],[-5.10498046875,55.573974609375],[-5.160400390625,55.666796874999996],[-5.185449218749994,55.690966796874996],[-5.251611328124994,55.716943359375],[-5.318115234375,55.7091796875],[-5.345703125,55.690722656249996],[-5.370800781249983,55.666943359375],[-5.392675781249977,55.618359375],[-5.331494140624983,55.4810546875],[-5.277050781249983,55.45673828125],[-5.231494140624989,55.448095703125],[-5.105419921874983,55.448828125]]]},"properties":{"source_attribution":"Natural Earth public domain land data, https://www.naturalearthdata.com/. Changes made: clipped to Europe + Mediterranean display bounds and converted to GeoJSON."}},
{"type":"Feature","geometry":{"type":"Polygon","coordinates":[[[-5.777880859374989,56.3443359375],[-5.760839843749977,56.490673828125],[-5.836035156249977,56.52255859375],[-5.946679687499994,56.534521484375],[-6.029589843749989,56.609814453125],[-6.102734374999983,56.645654296875],[-6.138281249999977,56.649853515625],[-6.182080078124983,56.64296875],[-6.286328124999983,56.611865234374996],[-6.306249999999977,56.598779296875],[-6.319677734374977,56.56943359375],[-6.310644531249977,56.5521484375],[-6.138867187499983,56.490625],[-6.184863281249989,56.356884765625],[-6.298486328124994,56.339160156249996],[-6.325830078124994,56.320947265625],[-6.313427734374983,56.29365234375],[-6.176171874999994,56.288720703125],[-5.777880859374989,56.3443359375]]]},"properties":{"source_attribution":"Natural Earth public domain land data, https://www.naturalearthdata.com/. Changes made: clipped to Europe + Mediterranean display bounds and converted to GeoJSON."}},
{"type":"Feature","geometry":{"type":"Polygon","coordinates":[[[-6.12890625,55.93056640625],[-6.215673828124977,55.904589843749996],[-6.311279296875,55.856494140624996],[-6.344140624999994,55.87373046875],[-6.374951171874983,55.871337890625],[-6.413183593749977,55.854638671875],[-6.445263671874983,55.832373046875],[-6.462841796874983,55.808251953125],[-6.466455078124994,55.768994140625],[-6.495654296874989,55.711572265625],[-6.491357421874994,55.697314453124996],[-6.451953124999989,55.704248046875],[-6.333886718749994,55.774365234375],[-6.3017578125,55.780615234375],[-6.286425781249989,55.772509765624996],[-6.302050781249989,55.728369140625],[-6.27001953125,55.6703125],[-6.307226562499977,55.619140625],[-6.305078124999994,55.60693359375],[-6.253173828125,55.607226562499996],[-6.08837890625,55.657519531249996],[-6.055322265624994,55.6953125],[-6.0576171875,55.722509765625],[-6.092822265624989,55.8021484375],[-6.12890625,55.93056640625]]]},"properties":{"source_attribution":"Natural Earth public domain land data, https://www.naturalearthdata.com/. Changes made: clipped to Europe + Mediterranean display bounds and converted to GeoJSON."}},
{"type":"Feature","geometry":{"type":"Polygon","coordinates":[[[-5.970068359374977,55.81455078125],[-5.797216796874977,56.005615234375],[-5.725146484374989,56.1185546875],[-5.762255859374989,56.1203125],[-5.799609374999989,56.1087890625],[-5.939062499999977,56.045263671875],[-5.97265625,56.004443359374996],[-5.970312499999977,55.9921875],[-5.911767578124994,55.974755859375],[-6.041308593749989,55.925634765625],[-6.071972656249983,55.893115234374996],[-6.070703124999994,55.84765625],[-6.060351562499989,55.822900390625],[-6.041552734374989,55.806787109375],[-5.990917968749983,55.80380859375],[-5.970068359374977,55.81455078125]]]},"properties":{"source_attribution":"Natural Earth public domain land data, https://www.naturalearthdata.com/. Changes made: clipped to Europe + Mediterranean display bounds and converted to GeoJSON."}},
{"type":"Feature","geometry":{"type":"Polygon","coordinates":[[[-1.0425292968749886,60.5138671875],[-1.0342285156249886,60.530175781249994],[-1.035107421874983,60.592919921874994],[-1.049023437499983,60.646923828125],[-1.0450195312499773,60.655517578125],[-1.0003417968749773,60.6580078125],[-0.991650390624983,60.68603515625],[-1.005615234375,60.71650390625],[-1.0933105468749886,60.72021484375],[-1.16552734375,60.603906249999994],[-1.06787109375,60.502294921875],[-1.0425292968749886,60.5138671875]]]},"properties":{"source_attribution":"Natural Earth public domain land data, https://www.naturalearthdata.com/. Changes made: clipped to Europe + Mediterranean display bounds and converted to GeoJSON."}},
{"type":"Feature","geometry":{"type":"Polygon","coordinates":[[[-1.30810546875,60.537499999999994],[-1.301708984374983,60.607666015625],[-1.363964843749983,60.6095703125],[-1.4142089843749943,60.59873046875],[-1.4981445312499773,60.529833984375],[-1.5526367187499943,60.517431640625],[-1.57177734375,60.49443359375],[-1.548828125,60.481298828125],[-1.4495605468749773,60.4685546875],[-1.3746093749999773,60.332910156249994],[-1.4944335937499886,60.29248046875],[-1.57666015625,60.298388671875],[-1.663769531249983,60.28251953125],[-1.6600585937499943,60.262255859375],[-1.641357421875,60.236767578125],[-1.613037109375,60.2291015625],[-1.5166015625,60.231005859375],[-1.4991210937499773,60.22177734375],[-1.4968749999999886,60.193994140624994],[-1.4814941406249886,60.173388671875],[-1.4090332031249773,60.189501953125],[-1.3228027343749886,60.188378906249994],[-1.2909179687499943,60.153466796874994],[-1.2761718749999886,60.114648437499994],[-1.299511718749983,60.03984375],[-1.3558593749999943,59.9111328125],[-1.2994628906249943,59.878662109375],[-1.2837890624999773,59.8869140625],[-1.245312499999983,59.971240234375],[-1.1993164062499773,60.006591796875],[-1.1792480468749886,60.113916015624994],[-1.165722656249983,60.124267578125],[-1.152783203124983,60.17734375],[-1.1336914062499943,60.206982421875],[-1.065673828125,60.381591796875],[-1.052441406249983,60.444482421874994],[-1.1179687499999886,60.417626953124994],[-1.1577636718749886,60.417724609375],[-1.2357421874999943,60.485302734375],[-1.2874023437499886,60.467041015625],[-1.30810546875,60.537499999999994]]]},"properties":{"source_attribution":"Natural Earth public domain land data, https://www.naturalearthdata.com/. Changes made: clipped to Europe + Mediterranean display bounds and converted to GeoJSON."}},
{"type":"Feature","geometry":{"type":"Polygon","coordinates":[[[-0.7742675781249773,60.811962890625],[-0.8018066406249886,60.83125],[-0.823437499999983,60.831884765625],[-0.864941406249983,60.805810546874994],[-0.8914062499999886,60.81591796875],[-0.9158203124999886,60.810449218749994],[-0.9275390624999886,60.79716796875],[-0.9380859374999773,60.745654296875],[-0.9222656249999943,60.697265625],[-0.909130859374983,60.68701171875],[-0.8254882812499886,60.683935546875],[-0.826171875,60.716162109375],[-0.7743164062499943,60.80048828125],[-0.7742675781249773,60.811962890625]]]},"properties":{"source_attribution":"Natural Earth public domain land data, https://www.naturalearthdata.com/. Changes made: clipped to Europe + Mediterranean display bounds and converted to GeoJSON."}},
{"type":"Feature","geometry":{"type":"Polygon","coordinates":[[[-3.1649414062499943,58.794189453125],[-3.1585449218749773,58.801220703125],[-3.211621093749983,58.81357421875],[-3.222119140624983,58.82587890625],[-3.2276367187499773,58.857177734375],[-3.271923828124983,58.9052734375],[-3.357421875,58.918994140625],[-3.394726562499983,58.909619140625],[-3.400830078124983,58.881787109375],[-3.3671875,58.839746093749994],[-3.27880859375,58.78193359375],[-3.222119140624983,58.78095703125],[-3.1649414062499943,58.794189453125]]]},"properties":{"source_attribution":"Natural Earth public domain land data, https://www.naturalearthdata.com/. Changes made: clipped to Europe + Mediterranean display bounds and converted to GeoJSON."}},
{"type":"Feature","geometry":{"type":"Polygon","coordinates":[[[-4.19677734375,53.321435546875],[-4.315087890624994,53.417236328125],[-4.461718749999989,53.419287109375],[-4.56787109375,53.386474609375],[-4.55322265625,53.26044921875],[-4.471972656249989,53.1763671875],[-4.418847656249994,53.178027343749996],[-4.373046875,53.1341796875],[-4.278613281249989,53.172412109374996],[-4.200390624999983,53.218066406249996],[-4.084277343749989,53.264306640625],[-4.049365234374989,53.30576171875],[-4.154882812499977,53.30283203125],[-4.19677734375,53.321435546875]]]},"properties":{"source_attribution":"Natural Earth public domain land data, https://www.naturalearthdata.com/. Changes made: clipped to Europe + Mediterranean display bounds and converted to GeoJSON."}},
{"type":"Feature","geometry":{"type":"Polygon","coordinates":[[[-2.5488769531249886,59.231347656249994],[-2.4298339843749943,59.271044921875],[-2.406982421875,59.29755859375],[-2.53564453125,59.304150390625],[-2.6036132812499773,59.289306640625],[-2.662060546874983,59.23017578125],[-2.5488769531249886,59.231347656249994]]]},"properties":{"source_attribution":"Natural Earth public domain land data, https://www.naturalearthdata.com/. Changes made: clipped to Europe + Mediterranean display bounds and converted to GeoJSON."}},
{"type":"Feature","geometry":{"type":"Polygon","coordinates":[[[-2.929394531249983,58.741601562499994],[-2.9130859375,58.799609375],[-2.896435546874983,58.827587890625],[-2.9412109374999886,58.835693359375],[-3.0354492187499886,58.822656249999994],[-2.9753906249999886,58.75693359375],[-2.93896484375,58.738623046875],[-2.929394531249983,58.741601562499994]]]},"properties":{"source_attribution":"Natural Earth public domain land data, https://www.naturalearthdata.com/. Changes made: clipped to Europe + Mediterranean display bounds and converted to GeoJSON."}},
{"type":"Feature","geometry":{"type":"Polygon","coordinates":[[[-3.0574218749999886,59.029638671875],[-3.02001953125,59.057666015625],[-3.019238281249983,59.076025390625],[-3.0511230468749773,59.099023437499994],[-3.156494140625,59.136328125],[-3.2485839843749886,59.143945312499994],[-3.3103515624999886,59.130810546875],[-3.3468261718749943,59.064990234375],[-3.353710937499983,59.01875],[-3.3470703124999943,58.986718749999994],[-3.3316406249999773,58.971240234375],[-3.3043457031249943,58.967431640624994],[-3.242138671874983,58.99970703125],[-3.2328124999999943,58.989648437499994],[-3.232617187499983,58.955517578125],[-3.223339843749983,58.93876953125],[-3.2007812499999773,58.92529296875],[-3.1666015624999773,58.919091796874994],[-2.994824218749983,58.939355468749994],[-2.86376953125,58.890527343749994],[-2.8262207031249886,58.89326171875],[-2.7930175781249886,58.90693359375],[-2.762451171875,58.955810546875],[-2.8179199218749886,58.981884765625],[-2.8845703124999886,58.984521484374994],[-2.9946777343749886,59.00556640625],[-3.0707031249999943,59.00498046875],[-3.0574218749999886,59.029638671875]]]},"properties":{"source_attribution":"Natural Earth public domain land data, https://www.naturalearthdata.com/. Changes made: clipped to Europe + Mediterranean display bounds and converted to GeoJSON."}},
{"type":"Feature","geometry":{"type":"Polygon","coordinates":[[[-2.7293945312499943,59.186767578125],[-2.719921874999983,59.219482421875],[-2.730664062499983,59.2267578125],[-2.8150390624999773,59.2408203125],[-2.8616210937499886,59.288330078125],[-2.975537109374983,59.347119140625],[-3.042236328125,59.333837890625],[-3.0520507812499886,59.323876953124994],[-3.0134765624999886,59.291455078125],[-2.9637695312499943,59.274365234375],[-2.8614257812499773,59.246826171875],[-2.8518554687499886,59.182470703125],[-2.8152343749999886,59.1619140625],[-2.7293945312499943,59.186767578125]]]},"properties":{"source_attribution":"Natural Earth public domain land data, https://www.naturalearthdata.com/. Changes made: clipped to Europe + Mediterranean display bounds and converted to GeoJSON."}},
{"type":"Feature","geometry":{"type":"Polygon","coordinates":[[[-6.198681640624983,58.36328125],[-6.194238281249994,58.435107421875],[-6.219433593749983,58.488720703125],[-6.237451171874994,58.502832031249994],[-6.297167968749989,58.48662109375],[-6.544189453125,58.383154296875],[-6.742285156249977,58.321630859375],[-6.776464843749977,58.301513671875],[-6.787744140624994,58.28388671875],[-6.724707031249977,58.19755859375],[-6.726464843749994,58.189404296875],[-6.812304687499989,58.19609375],[-6.88623046875,58.182568359375],[-6.949560546874977,58.217675781249994],[-7.012060546874977,58.2287109375],[-7.028417968749977,58.222314453124994],[-7.044921875,58.201562499999994],[-7.085253906249989,58.182177734375],[-7.095605468749994,58.13828125],[-7.088476562499977,58.095361328124994],[-7.076904296875,58.079003906249994],[-7.038232421874994,58.072314453125],[-7.016894531249989,58.05478515625],[-6.985302734374983,58.05048828125],[-7.051904296874994,58.017968749999994],[-7.057080078124983,58.003173828125],[-7.002539062499977,57.974902343749996],[-6.864160156249994,57.932861328125],[-6.856835937499994,57.92353515625],[-6.944140624999989,57.89365234375],[-6.955957031249994,57.864892578125],[-7.083447265624983,57.813769531249996],[-7.01318359375,57.761767578124996],[-6.983105468749983,57.75],[-6.956933593749994,57.750048828124996],[-6.910351562499983,57.773388671875],[-6.853759765625,57.826513671875],[-6.796582031249983,57.8275390625],[-6.683300781249983,57.91103515625],[-6.578125,57.941357421875],[-6.425195312499994,58.0212890625],[-6.402441406249977,58.041357421875],[-6.403369140624989,58.07587890625],[-6.4365234375,58.09189453125],[-6.554589843749994,58.09287109375],[-6.419287109374977,58.140966796875],[-6.375585937499977,58.1845703125],[-6.325830078124994,58.188867187499994],[-6.198681640624983,58.36328125]]]},"properties":{"source_attribution":"Natural Earth public domain land data, https://www.naturalearthdata.com/. Changes made: clipped to Europe + Mediterranean display bounds and converted to GeoJSON."}},
{"type":"Feature","geometry":{"type":"Polygon","coordinates":[[[-6.279052734375,56.964697265625],[-6.260546874999989,56.98525390625],[-6.261279296874989,57.009521484375],[-6.278222656249994,57.031396484375],[-6.322363281249977,57.050537109375],[-6.4326171875,57.017919921875],[-6.383398437499977,56.9708984375],[-6.346240234374989,56.954296875],[-6.308740234374994,56.951806640625],[-6.279052734375,56.964697265625]]]},"properties":{"source_attribution":"Natural Earth public domain land data, https://www.naturalearthdata.com/. Changes made: clipped to Europe + Mediterranean display bounds and converted to GeoJSON."}},
{"type":"Feature","geometry":{"type":"Polygon","coordinates":[[[-6.144726562499983,57.50498046875],[-6.166064453124989,57.585302734375],[-6.246923828124977,57.651220703125],[-6.305957031249989,57.67197265625],[-6.357666015625,57.666796874999996],[-6.378515624999977,57.603320312499996],[-6.616796874999977,57.5626953125],[-6.615283203124989,57.552734375],[-6.58349609375,57.520654296875],[-6.5830078125,57.507128906249996],[-6.605859374999994,57.490673828125],[-6.643457031249994,57.4826171875],[-6.704199218749977,57.495751953125],[-6.752734374999989,57.458935546875],[-6.761132812499994,57.4423828125],[-6.741308593749977,57.412451171875],[-6.675439453124994,57.362890625],[-6.442431640624989,57.327490234375],[-6.362402343749977,57.2375],[-6.322705078124983,57.202490234375],[-6.26611328125,57.184326171875],[-6.162744140624994,57.18212890625],[-6.034374999999983,57.201220703124996],[-6.014746093749977,57.051953125],[-5.9873046875,57.04443359375],[-5.949072265624977,57.045166015625],[-5.913769531249983,57.062646484375],[-5.79541015625,57.146533203124996],[-5.696191406249994,57.1984375],[-5.668652343749983,57.226904296875],[-5.672460937499977,57.252685546875],[-5.706005859374983,57.2689453125],[-5.880273437499994,57.263232421874996],[-6.067626953125,57.283544921875],[-6.093408203124994,57.301708984375],[-6.135546874999989,57.314257812499996],[-6.140820312499983,57.353662109375],[-6.163769531249983,57.408837890625],[-6.146142578124994,57.460791015625],[-6.144726562499983,57.50498046875]]]},"properties":{"source_attribution":"Natural Earth public domain land data, https://www.naturalearthdata.com/. Changes made: clipped to Europe + Mediterranean display bounds and converted to GeoJSON."}},
{"type":"Feature","geometry":{"type":"Polygon","coordinates":[[[-7.20556640625,57.682958984375],[-7.271191406249983,57.657470703125],[-7.324853515624994,57.663134765624996],[-7.391894531249989,57.64521484375],[-7.440039062499977,57.656396484375],[-7.470312499999977,57.6525390625],[-7.499414062499994,57.636328125],[-7.515625,57.615869140625],[-7.514746093749977,57.601953125],[-7.320556640625,57.533740234374996],[-7.1826171875,57.53330078125],[-7.0927734375,57.62666015625],[-7.20556640625,57.682958984375]]]},"properties":{"source_attribution":"Natural Earth public domain land data, https://www.naturalearthdata.com/. Changes made: clipped to Europe + Mediterranean display bounds and converted to GeoJSON."}},
{"type":"Feature","geometry":{"type":"Polygon","coordinates":[[[-7.249853515624977,57.11533203125],[-7.24755859375,57.1263671875],[-7.267138671874989,57.37177734375],[-7.29638671875,57.38369140625],[-7.410546874999994,57.381103515625],[-7.407031249999989,57.298486328125],[-7.42236328125,57.229345703125],[-7.415917968749994,57.192138671875],[-7.381494140624994,57.130664062499996],[-7.347412109375,57.11513671875],[-7.292041015624989,57.109765625],[-7.249853515624977,57.11533203125]]]},"properties":{"source_attribution":"Natural Earth public domain land data, https://www.naturalearthdata.com/. Changes made: clipped to Europe + Mediterranean display bounds and converted to GeoJSON."}},
{"type":"Feature","geometry":{"type":"Polygon","coordinates":[[[-9.948144531249994,53.913378906249996],[-9.956152343749977,53.987353515624996],[-9.996337890625,54.003369140625],[-10.139843749999983,54.0052734375],[-10.18115234375,54.0169921875],[-10.265820312499983,53.977734375],[-10.062304687499989,53.959765624999996],[-10.026513671874994,53.9203125],[-9.952539062499994,53.884619140625],[-9.948144531249994,53.913378906249996]]]},"properties":{"source_attribution":"Natural Earth public domain land data, https://www.naturalearthdata.com/. Changes made: clipped to Europe + Mediterranean display bounds and converted to GeoJSON."}},
{"type":"Feature","geometry":{"type":"Polygon","coordinates":[[[-7.416894531249994,56.9654296875],[-7.39892578125,56.983349609375],[-7.406689453124983,57.000292968749996],[-7.455468749999994,57.0189453125],[-7.52294921875,57.006787109375],[-7.54296875,56.97236328125],[-7.537402343749989,56.959716796875],[-7.504785156249994,56.95166015625],[-7.416894531249994,56.9654296875]]]},"properties":{"source_attribution":"Natural Earth public domain land data, https://www.naturalearthdata.com/. Changes made: clipped to Europe + Mediterranean display bounds and converted to GeoJSON."}},
{"type":"Feature","geometry":{"type":"Polygon","coordinates":[[[21.994238281250006,60.336669921875],[21.979785156250017,60.355224609375],[21.907812500000006,60.3931640625],[21.950292968750006,60.401708984375],[21.906835937500006,60.4384765625],[21.827246093750006,60.469921875],[21.8193359375,60.452294921874994],[21.845996093750017,60.412451171875],[21.8056640625,60.401220703125],[21.818652343750017,60.3818359375],[21.921484375000006,60.332275390625],[21.994238281250006,60.336669921875]]]},"properties":{"source_attribution":"Natural Earth public domain land data, https://www.naturalearthdata.com/. Changes made: clipped to Europe + Mediterranean display bounds and converted to GeoJSON."}},
{"type":"Feature","geometry":{"type":"Polygon","coordinates":[[[19.66230468750001,60.187158203124994],[19.628808593750023,60.24609375],[19.551367187500006,60.24384765625],[19.51904296875,60.1845703125],[19.536523437500023,60.144970703125],[19.579882812500017,60.13505859375],[19.59980468750001,60.1626953125],[19.629199218750017,60.170361328125],[19.66748046875,60.16474609375],[19.66230468750001,60.187158203124994]]]},"properties":{"source_attribution":"Natural Earth public domain land data, https://www.naturalearthdata.com/. Changes made: clipped to Europe + Mediterranean display bounds and converted to GeoJSON."}},
{"type":"Feature","geometry":{"type":"Polygon","coordinates":[[[19.989550781250017,60.351171875],[19.94453125000001,60.35751953125],[19.888281250000006,60.405810546875],[19.823046875000017,60.390185546875],[19.78779296875001,60.354052734375],[19.812304687500017,60.331591796875],[19.85468750000001,60.318505859374994],[19.87158203125,60.301611328125],[19.8671875,60.268115234375],[19.84765625,60.220556640625],[19.785253906250006,60.21337890625],[19.77900390625001,60.285546874999994],[19.73652343750001,60.282373046874994],[19.686914062500023,60.267626953125],[19.672265625000023,60.2330078125],[19.745996093750023,60.098974609375],[19.7998046875,60.08173828125],[20.033984375000017,60.0935546875],[20.032324218750006,60.152490234374994],[20.042578125000006,60.1806640625],[20.0732421875,60.19345703125],[20.12548828125,60.20087890625],[20.155078125000017,60.192285156249994],[20.194726562500023,60.1935546875],[20.258886718750006,60.261279296875],[20.239550781250017,60.2830078125],[20.18408203125,60.29375],[20.167871093750023,60.314697265625],[20.08740234375,60.353417968749994],[20.03388671875001,60.359326171875],[20.02021484375001,60.35087890625],[19.989550781250017,60.351171875]]]},"properties":{"source_attribution":"Natural Earth public domain land data, https://www.naturalearthdata.com/. Changes made: clipped to Europe + Mediterranean display bounds and converted to GeoJSON."}},
{"type":"Feature","geometry":{"type":"Polygon","coordinates":[[[19.156347656250006,57.922607421875],[19.331445312500023,57.962890625],[19.281152343750023,57.9775390625],[19.134863281250006,57.98134765625],[19.03925781250001,57.91103515625],[19.086523437500006,57.864990234375],[19.13837890625001,57.86025390625],[19.156347656250006,57.922607421875]]]},"properties":{"source_attribution":"Natural Earth public domain land data, https://www.naturalearthdata.com/. Changes made: clipped to Europe + Mediterranean display bounds and converted to GeoJSON."}},
{"type":"Feature","geometry":{"type":"Polygon","coordinates":[[[16.52851562500001,56.29052734375],[16.77802734375001,56.805224609374996],[16.838281250000023,56.84052734375],[16.883691406250023,56.985205078125],[17.053515625000017,57.2080078125],[17.058203125000006,57.229248046875],[17.050390625000006,57.28046875],[17.11767578125,57.31982421875],[17.089257812500023,57.332275390625],[17.025390625,57.345068359375],[16.995996093750023,57.3177734375],[16.9609375,57.2501953125],[16.90156250000001,57.174609374999996],[16.864648437500023,57.090673828125],[16.72773437500001,56.902001953125],[16.63037109375,56.87685546875],[16.41230468750001,56.568994140625],[16.394140625000006,56.483642578125],[16.401269531250023,56.310888671875],[16.431640625,56.24375],[16.477148437500006,56.240185546875],[16.52851562500001,56.29052734375]]]},"properties":{"source_attribution":"Natural Earth public domain land data, https://www.naturalearthdata.com/. Changes made: clipped to Europe + Mediterranean display bounds and converted to GeoJSON."}},
{"type":"Feature","geometry":{"type":"Polygon","coordinates":[[[15.087695312500017,55.021875],[15.137109375000023,55.087158203125],[15.132617187500017,55.14453125],[14.765332031250011,55.296728515625],[14.713671875000017,55.238037109375],[14.684179687500006,55.10224609375],[14.885546875000017,55.032958984375],[15.05078125,55.004931640624996],[15.087695312500017,55.021875]]]},"properties":{"source_attribution":"Natural Earth public domain land data, https://www.naturalearthdata.com/. Changes made: clipped to Europe + Mediterranean display bounds and converted to GeoJSON."}},
{"type":"Feature","geometry":{"type":"Polygon","coordinates":[[[13.709179687500011,54.38271484375],[13.601855468750017,54.425146484375],[13.580468750000023,54.46396484375],[13.603320312500017,54.48818359375],[13.670703125000017,54.535449218749996],[13.657617187500023,54.5595703125],[13.636035156250017,54.577001953125],[13.4912109375,54.615380859375],[13.450097656250023,54.649609375],[13.422753906250023,54.69931640625],[13.336816406250023,54.697119140625],[13.239941406250011,54.638427734375],[13.2314453125,54.582763671875],[13.176660156250023,54.544238281249996],[13.181250000000006,54.508984375],[13.156347656250006,54.396923828125],[13.162109375,54.364550781249996],[13.190039062500006,54.325634765625],[13.364355468750006,54.245849609375],[13.41455078125,54.249560546874996],[13.482031250000006,54.33740234375],[13.594921875000011,54.338183593749996],[13.707324218750017,54.28115234375],[13.734179687500017,54.3154296875],[13.709179687500011,54.38271484375]]]},"properties":{"source_attribution":"Natural Earth public domain land data, https://www.naturalearthdata.com/. Changes made: clipped to Europe + Mediterranean display bounds and converted to GeoJSON."}},
{"type":"Feature","geometry":{"type":"Polygon","coordinates":[[[12.549218750000023,54.965771484375],[12.513281250000006,54.997314453125],[12.469531250000017,55.01748046875],[12.417187500000011,55.031201171875],[12.31005859375,55.04091796875],[12.274023437500006,55.064111328125],[12.2587890625,55.02109375],[12.219921875000011,54.993603515625],[12.161718750000006,54.9748046875],[12.143652343750006,54.95869140625],[12.118847656250011,54.914404296875],[12.184472656250023,54.89248046875],[12.357519531250006,54.96181640625],[12.511035156250017,54.95087890625],[12.549218750000023,54.965771484375]]]},"properties":{"source_attribution":"Natural Earth public domain land data, https://www.naturalearthdata.com/. Changes made: clipped to Europe + Mediterranean display bounds and converted to GeoJSON."}},
{"type":"Feature","geometry":{"type":"Polygon","coordinates":[[[12.665722656250011,55.596533203125],[12.6484375,55.646777343749996],[12.620019531250023,55.679345703125],[12.599218750000006,55.680224609374996],[12.569921875000006,55.65009765625],[12.520312500000017,55.614599609375],[12.550878906250006,55.55625],[12.571582031250017,55.554003906249996],[12.665722656250011,55.596533203125]]]},"properties":{"source_attribution":"Natural Earth public domain land data, https://www.naturalearthdata.com/. Changes made: clipped to Europe + Mediterranean display bounds and converted to GeoJSON."}},
{"type":"Feature","geometry":{"type":"Polygon","coordinates":[[[11.361425781250006,54.891650390624996],[11.258496093750011,54.951806640625],[11.05859375,54.940576171875],[11.041699218750011,54.893359374999996],[11.035546875000023,54.773095703125],[11.457421875000023,54.628857421875],[11.5859375,54.662451171875],[11.680371093750011,54.6537109375],[11.765917968750017,54.679443359375],[11.758984375000011,54.76767578125],[11.739550781250017,54.807421874999996],[11.658105468750023,54.833154296875],[11.538378906250017,54.82958984375],[11.361425781250006,54.891650390624996]]]},"properties":{"source_attribution":"Natural Earth public domain land data, https://www.naturalearthdata.com/. Changes made: clipped to Europe + Mediterranean display bounds and converted to GeoJSON."}},
{"type":"Feature","geometry":{"type":"Polygon","coordinates":[[[10.484375,54.84755859375],[10.5048828125,54.860546875],[10.413671875000006,54.896826171875],[10.346972656250017,54.90595703125],[10.265527343750023,54.948828125],[10.199902343750011,54.962744140625],[10.215625000000017,54.940966796874996],[10.340527343750011,54.858935546874996],[10.417285156250017,54.837158203125],[10.484375,54.84755859375]]]},"properties":{"source_attribution":"Natural Earth public domain land data, https://www.naturalearthdata.com/. Changes made: clipped to Europe + Mediterranean display bounds and converted to GeoJSON."}},
{"type":"Feature","geometry":{"type":"Polygon","coordinates":[[[10.061230468750011,54.886376953125],[10.057714843750006,54.90791015625],[9.998828125000017,54.986474609375],[9.830371093750017,55.058251953125],[9.78125,55.06904296875],[9.771191406250011,55.059912109375],[9.806250000000006,54.906005859375],[9.903906250000006,54.896630859375],[9.957128906250006,54.8724609375],[10.061230468750011,54.886376953125]]]},"properties":{"source_attribution":"Natural Earth public domain land data, https://www.naturalearthdata.com/. Changes made: clipped to Europe + Mediterranean display bounds and converted to GeoJSON."}},
{"type":"Feature","geometry":{"type":"Polygon","coordinates":[[[10.734082031250011,54.750732421875],[10.765234375000006,54.799658203125],[10.920800781250023,55.062109375],[10.951074218750023,55.156201171875],[10.925000000000011,55.157861328125],[10.856738281250017,55.052197265625],[10.73828125,54.96201171875],[10.692480468750006,54.903271484375],[10.621679687500006,54.851416015625],[10.629492187500006,54.82607421875],[10.689746093750017,54.745068359375],[10.734082031250011,54.750732421875]]]},"properties":{"source_attribution":"Natural Earth public domain land data, https://www.naturalearthdata.com/. Changes made: clipped to Europe + Mediterranean display bounds and converted to GeoJSON."}},
{"type":"Feature","geometry":{"type":"Polygon","coordinates":[[[10.607324218750023,55.783056640625],[10.627343750000023,55.83388671875],[10.661718750000006,55.877587890625],[10.636328125000006,55.91416015625],[10.547167968750017,55.991943359375],[10.51611328125,55.958544921874996],[10.544335937500023,55.906591796875],[10.520312500000017,55.848486328125],[10.526953125000006,55.7837890625],[10.59033203125,55.765087890625],[10.607324218750023,55.783056640625]]]},"properties":{"source_attribution":"Natural Earth public domain land data, https://www.naturalearthdata.com/. Changes made: clipped to Europe + Mediterranean display bounds and converted to GeoJSON."}},
{"type":"Feature","geometry":{"type":"Polygon","coordinates":[[[11.282812500000006,54.41796875],[11.2802734375,54.43837890625],[11.233593750000011,54.501269531249996],[11.0849609375,54.5333984375],[11.04345703125,54.515478515625],[11.01171875,54.466162109375],[11.070703125000023,54.456005859375],[11.129296875000023,54.416015625],[11.282812500000006,54.41796875]]]},"properties":{"source_attribution":"Natural Earth public domain land data, https://www.naturalearthdata.com/. Changes made: clipped to Europe + Mediterranean display bounds and converted to GeoJSON."}},
{"type":"Feature","geometry":{"type":"Polygon","coordinates":[[[11.052148437500023,57.2525390625],[11.076855468750011,57.276904296874996],[11.174511718750011,57.322900390625],[11.085742187500017,57.329931640625],[10.9345703125,57.30859375],[10.873828125000017,57.262255859374996],[11.011425781250011,57.2291015625],[11.052148437500023,57.2525390625]]]},"properties":{"source_attribution":"Natural Earth public domain land data, https://www.naturalearthdata.com/. Changes made: clipped to Europe + Mediterranean display bounds and converted to GeoJSON."}},
{"type":"Feature","geometry":{"type":"Polygon","coordinates":[[[8.307714843750006,54.786962890625],[8.347363281250011,54.847607421875],[8.6005859375,54.865380859375],[8.629589843750011,54.891748046875],[8.3798828125,54.899853515625],[8.371191406250006,54.92939453125],[8.390429687500017,54.986279296875],[8.404101562500017,55.01474609375],[8.451464843750017,55.05537109375],[8.405175781250023,55.058740234375],[8.295703125000017,54.90830078125],[8.28466796875,54.76708984375],[8.307714843750006,54.786962890625]]]},"properties":{"source_attribution":"Natural Earth public domain land data, https://www.naturalearthdata.com/. Changes made: clipped to Europe + Mediterranean display bounds and converted to GeoJSON."}},
{"type":"Feature","geometry":{"type":"Polygon","coordinates":[[[-1.1783203124999773,45.904052734375],[-1.2850585937499943,46.002685546875],[-1.388671875,46.050390625],[-1.388867187499983,46.032958984375],[-1.3687011718749886,45.967675781249994],[-1.2802734375,45.897119140624994],[-1.213574218749983,45.8166015625],[-1.1783203124999773,45.904052734375]]]},"properties":{"source_attribution":"Natural Earth public domain land data, https://www.naturalearthdata.com/. Changes made: clipped to Europe + Mediterranean display bounds and converted to GeoJSON."}},
{"type":"Feature","geometry":{"type":"Polygon","coordinates":[[[-1.0655761718749943,50.690234374999996],[-1.144238281249983,50.734716796875],[-1.3127929687499886,50.773486328124996],[-1.3858398437499773,50.733544921874994],[-1.5156738281249886,50.7033203125],[-1.563427734374983,50.66611328125],[-1.515332031249983,50.669775390625],[-1.3062988281249943,50.588525390624994],[-1.25146484375,50.588818359375],[-1.1960937499999886,50.59921875],[-1.1758300781249886,50.615234375],[-1.149365234374983,50.655712890625],[-1.0655761718749943,50.690234374999996]]]},"properties":{"source_attribution":"Natural Earth public domain land data, https://www.naturalearthdata.com/. Changes made: clipped to Europe + Mediterranean display bounds and converted to GeoJSON."}},
{"type":"Feature","geometry":{"type":"Polygon","coordinates":[[[4.886132812500023,53.070703125],[4.886425781250011,53.18330078125],[4.739843750000006,53.09130859375],[4.709179687500011,53.03603515625],[4.726757812500011,53.01962890625],[4.787109375,52.999804687499996],[4.886132812500023,53.070703125]]]},"properties":{"source_attribution":"Natural Earth public domain land data, https://www.naturalearthdata.com/. Changes made: clipped to Europe + Mediterranean display bounds and converted to GeoJSON."}},
{"type":"Feature","geometry":{"type":"Polygon","coordinates":[[[10.395117187500006,42.858154296875],[10.358984375000006,42.822314453124996],[10.285742187500006,42.828076171875],[10.248242187500011,42.815771484375],[10.127539062500006,42.810302734375],[10.109765625000023,42.785058593749994],[10.131250000000023,42.742041015625],[10.208984375,42.7369140625],[10.335644531250011,42.761132812499994],[10.419335937500023,42.713183593749996],[10.409960937500017,42.77099609375],[10.432226562500006,42.79658203125],[10.428320312500006,42.819189453125],[10.395117187500006,42.858154296875]]]},"properties":{"source_attribution":"Natural Earth public domain land data, https://www.naturalearthdata.com/. Changes made: clipped to Europe + Mediterranean display bounds and converted to GeoJSON."}},
{"type":"Feature","geometry":{"type":"Polygon","coordinates":[[[8.478906250000023,39.067529296874994],[8.440625000000011,39.090624999999996],[8.366796875000006,39.11591796875],[8.358593750000011,39.098779296874994],[8.360937500000006,39.038671875],[8.421484375000006,38.968652343749994],[8.478906250000023,39.067529296874994]]]},"properties":{"source_attribution":"Natural Earth public domain land data, https://www.naturalearthdata.com/. Changes made: clipped to Europe + Mediterranean display bounds and converted to GeoJSON."}},
{"type":"Feature","geometry":{"type":"Polygon","coordinates":[[[8.286035156250023,41.039843749999996],[8.318945312500006,41.062744140625],[8.34375,41.101611328124996],[8.320214843750023,41.121874999999996],[8.267382812500017,41.09912109375],[8.224023437500023,41.031298828124996],[8.205664062500006,40.997460937499994],[8.252734375000017,40.994140625],[8.286035156250023,41.039843749999996]]]},"properties":{"source_attribution":"Natural Earth public domain land data, https://www.naturalearthdata.com/. Changes made: clipped to Europe + Mediterranean display bounds and converted to GeoJSON."}},
{"type":"Feature","geometry":{"type":"Polygon","coordinates":[[[4.293652343750011,39.841845703124996],[4.322070312500017,39.897509765624996],[4.315136718750011,39.917236328125],[4.225781250000011,40.032373046874994],[4.059179687500006,40.075097656249994],[3.8534179687500227,40.063037109374996],[3.8454101562500114,40.036474609375],[3.8426757812500227,39.976367187499996],[3.8671875,39.958740234375],[3.9676757812500227,39.945849609374996],[4.275292968750023,39.8302734375],[4.293652343750011,39.841845703124996]]]},"properties":{"source_attribution":"Natural Earth public domain land data, https://www.naturalearthdata.com/. Changes made: clipped to Europe + Mediterranean display bounds and converted to GeoJSON."}},
{"type":"Feature","geometry":{"type":"Polygon","coordinates":[[[1.5939453125000114,38.6720703125],[1.5926757812500227,38.701464843749996],[1.496875000000017,38.7119140625],[1.436328125000017,38.768212890624994],[1.4171875000000114,38.739648437499994],[1.4019531250000057,38.71142578125],[1.40576171875,38.67099609375],[1.5049804687500057,38.67099609375],[1.5711914062500227,38.658837890624994],[1.5939453125000114,38.6720703125]]]},"properties":{"source_attribution":"Natural Earth public domain land data, https://www.naturalearthdata.com/. Changes made: clipped to Europe + Mediterranean display bounds and converted to GeoJSON."}},
{"type":"Feature","geometry":{"type":"Polygon","coordinates":[[[1.4452148437500227,38.918701171875],[1.4945312500000227,38.932519531249994],[1.6236328125000057,39.038818359375],[1.6131835937500227,39.08740234375],[1.564453125,39.121044921875],[1.3486328125,39.080810546875],[1.302539062500017,39.031152343749994],[1.2998046875,38.981738281249996],[1.2562500000000227,38.973388671875],[1.2233398437500114,38.903857421874996],[1.2569335937500057,38.87900390625],[1.408984375000017,38.857275390625],[1.4452148437500227,38.918701171875]]]},"properties":{"source_attribution":"Natural Earth public domain land data, https://www.naturalearthdata.com/. Changes made: clipped to Europe + Mediterranean display bounds and converted to GeoJSON."}},
{"type":"Feature","geometry":{"type":"Polygon","coordinates":[[[14.566210937500017,35.852734375],[14.537011718750023,35.886279296874996],[14.448339843750006,35.957421874999994],[14.351269531250011,35.978417968749994],[14.352343750000017,35.872265625],[14.436425781250023,35.821679687499994],[14.53271484375,35.820214843749994],[14.566210937500017,35.852734375]]]},"properties":{"source_attribution":"Natural Earth public domain land data, https://www.naturalearthdata.com/. Changes made: clipped to Europe + Mediterranean display bounds and converted to GeoJSON."}},
{"type":"Feature","geometry":{"type":"Polygon","coordinates":[[[15.231054687500006,44.062304687499996],[15.065820312500023,44.157666015625],[15.074609375000023,44.137841796874994],[15.121875000000017,44.093310546874996],[15.246679687500006,44.02705078125],[15.231054687500006,44.062304687499996]]]},"properties":{"source_attribution":"Natural Earth public domain land data, https://www.naturalearthdata.com/. Changes made: clipped to Europe + Mediterranean display bounds and converted to GeoJSON."}},
{"type":"Feature","geometry":{"type":"Polygon","coordinates":[[[14.810253906250011,44.97705078125],[14.739160156250023,45.065478515624996],[14.701171875,45.0900390625],[14.629980468750006,45.178027343749996],[14.571093750000017,45.224755859374994],[14.524609375000011,45.146826171875],[14.437890625000023,45.0986328125],[14.450390625000011,45.07919921875],[14.51171875,45.035400390625],[14.612988281250011,45.025439453124996],[14.628320312500023,44.993945312499996],[14.68701171875,44.955615234374996],[14.810253906250011,44.97705078125]]]},"properties":{"source_attribution":"Natural Earth public domain land data, https://www.naturalearthdata.com/. Changes made: clipped to Europe + Mediterranean display bounds and converted to GeoJSON."}},
{"type":"Feature","geometry":{"type":"Polygon","coordinates":[[[14.831445312500023,44.758935546874994],[14.763769531250006,44.82138671875],[14.754199218750017,44.84482421875],[14.690527343750006,44.84814453125],[14.672460937500006,44.824365234374994],[14.660351562500011,44.7998046875],[14.67822265625,44.769873046875],[14.762500000000017,44.754638671875],[14.856640625000011,44.71484375],[14.831445312500023,44.758935546874994]]]},"properties":{"source_attribution":"Natural Earth public domain land data, https://www.naturalearthdata.com/. Changes made: clipped to Europe + Mediterranean display bounds and converted to GeoJSON."}},
{"type":"Feature","geometry":{"type":"Polygon","coordinates":[[[15.1884765625,44.335742187499996],[15.213574218750011,44.347558593749994],[15.239941406250011,44.3501953125],[15.112988281250011,44.4357421875],[15.006445312500006,44.534228515624996],[14.898046875000006,44.61083984375],[14.855371093750023,44.61826171875],[14.803808593750006,44.648681640625],[14.741894531250011,44.69736328125],[14.760449218750011,44.66474609375],[14.884667968750023,44.544726562499996],[14.912792968750011,44.48583984375],[14.99609375,44.434326171875],[15.03857421875,44.393017578125],[15.097949218750017,44.358154296875],[15.16259765625,44.3091796875],[15.1884765625,44.335742187499996]]]},"properties":{"source_attribution":"Natural Earth public domain land data, https://www.naturalearthdata.com/. Changes made: clipped to Europe + Mediterranean display bounds and converted to GeoJSON."}},
{"type":"Feature","geometry":{"type":"Polygon","coordinates":[[[15.188769531250017,43.92236328125],[14.952539062500023,44.1171875],[14.865039062500017,44.16796875],[14.891308593750011,44.125537109374996],[15.135839843750006,43.907275390624996],[15.149804687500023,43.91181640625],[15.20166015625,43.897753906249996],[15.203027343750023,43.90771484375],[15.188769531250017,43.92236328125]]]},"properties":{"source_attribution":"Natural Earth public domain land data, https://www.naturalearthdata.com/. Changes made: clipped to Europe + Mediterranean display bounds and converted to GeoJSON."}},
{"type":"Feature","geometry":{"type":"Polygon","coordinates":[[[15.371386718750017,43.973828125],[15.27001953125,44.0107421875],[15.30859375,43.960791015625],[15.374218750000011,43.914794921875],[15.437207031250011,43.89951171875],[15.371386718750017,43.973828125]]]},"properties":{"source_attribution":"Natural Earth public domain land data, https://www.naturalearthdata.com/. Changes made: clipped to Europe + Mediterranean display bounds and converted to GeoJSON."}},
{"type":"Feature","geometry":{"type":"Polygon","coordinates":[[[14.488085937500017,44.660058593749994],[14.482519531250006,44.693359375],[14.467578125000017,44.725341796875],[14.452539062500023,44.869189453124996],[14.467382812500006,44.97021484375],[14.393750000000011,45.03125],[14.369140625,45.080957031249994],[14.358203125000017,45.167431640625],[14.331250000000011,45.164990234375],[14.285839843750011,45.14462890625],[14.340039062500011,45.019970703125],[14.342187500000023,44.979931640625],[14.302539062500017,44.9404296875],[14.312402343750023,44.900390625],[14.388867187500011,44.75830078125],[14.419531250000006,44.670312499999994],[14.480371093750023,44.621240234374994],[14.488085937500017,44.660058593749994]]]},"properties":{"source_attribution":"Natural Earth public domain land data, https://www.naturalearthdata.com/. Changes made: clipped to Europe + Mediterranean display bounds and converted to GeoJSON."}},
{"type":"Feature","geometry":{"type":"Polygon","coordinates":[[[17.607812500000023,42.76904296875],[17.431933593750017,42.800390625],[17.389550781250023,42.798632812499996],[17.344140625000023,42.790380859375],[17.744238281250006,42.700341796874994],[17.607812500000023,42.76904296875]]]},"properties":{"source_attribution":"Natural Earth public domain land data, https://www.naturalearthdata.com/. Changes made: clipped to Europe + Mediterranean display bounds and converted to GeoJSON."}},
{"type":"Feature","geometry":{"type":"Polygon","coordinates":[[[20.6123046875,38.383349609374996],[20.56318359375001,38.474951171875],[20.55029296875,38.45654296875],[20.54833984375,38.39453125],[20.519628906250006,38.332324218749996],[20.4814453125,38.318212890625],[20.43505859375,38.356201171875],[20.40869140625,38.336767578125],[20.35224609375001,38.221728515624996],[20.3525390625,38.1798828125],[20.391015625000023,38.188427734375],[20.4521484375,38.234179687499996],[20.47333984375001,38.218798828124996],[20.49873046875001,38.184374999999996],[20.495507812500023,38.16416015625],[20.523535156250006,38.106640625],[20.568945312500006,38.09765625],[20.60615234375001,38.1197265625],[20.761328125000006,38.070556640625],[20.78076171875,38.088818359375],[20.788867187500017,38.14208984375],[20.695214843750023,38.24619140625],[20.62470703125001,38.267871093749996],[20.6123046875,38.383349609374996]]]},"properties":{"source_attribution":"Natural Earth public domain land data, https://www.naturalearthdata.com/. Changes made: clipped to Europe + Mediterranean display bounds and converted to GeoJSON."}},
{"type":"Feature","geometry":{"type":"Polygon","coordinates":[[[20.888476562500017,37.80537109375],[20.83984375,37.840722656249994],[20.758691406250023,37.852978515625],[20.691503906250006,37.929541015625],[20.619531250000023,37.855029296874996],[20.635058593750017,37.823144531249994],[20.70380859375001,37.743457031249996],[20.81855468750001,37.66474609375],[20.909082031250023,37.73212890625],[20.993945312500017,37.7080078125],[20.888476562500017,37.80537109375]]]},"properties":{"source_attribution":"Natural Earth public domain land data, https://www.naturalearthdata.com/. Changes made: clipped to Europe + Mediterranean display bounds and converted to GeoJSON."}},
{"type":"Feature","geometry":{"type":"Polygon","coordinates":[[[20.68671875000001,38.608691406249996],[20.71484375,38.638330078124994],[20.719628906250023,38.799169921875],[20.694140625000017,38.84423828125],[20.634667968750023,38.817578125],[20.59248046875001,38.760156249999994],[20.557910156250017,38.661865234375],[20.5546875,38.582568359374996],[20.583984375,38.601708984374994],[20.614355468750006,38.606249999999996],[20.647851562500023,38.600976562499994],[20.68671875000001,38.608691406249996]]]},"properties":{"source_attribution":"Natural Earth public domain land data, https://www.naturalearthdata.com/. Changes made: clipped to Europe + Mediterranean display bounds and converted to GeoJSON."}},
{"type":"Feature","geometry":{"type":"Polygon","coordinates":[[[20.758691406250023,38.329443359375],[20.739160156250023,38.365771484374996],[20.71162109375001,38.3986328125],[20.701074218750023,38.425927734374994],[20.701269531250006,38.451416015625],[20.6748046875,38.476318359375],[20.649707031250017,38.483984375],[20.623632812500006,38.480322265625],[20.646386718750023,38.414306640625],[20.709277343750017,38.318603515625],[20.758691406250023,38.329443359375]]]},"properties":{"source_attribution":"Natural Earth public domain land data, https://www.naturalearthdata.com/. Changes made: clipped to Europe + Mediterranean display bounds and converted to GeoJSON."}},
{"type":"Feature","geometry":{"type":"Polygon","coordinates":[[[20.077929687500017,39.43271484375],[20.027734375000023,39.44208984375],[19.95527343750001,39.47041015625],[19.927343750000006,39.505908203124996],[19.903125000000017,39.599999999999994],[19.904101562500017,39.619482421875],[19.8466796875,39.668115234374994],[19.862207031250023,39.692626953125],[19.936816406250017,39.746728515624994],[19.926074218750017,39.773730468749996],[19.891699218750006,39.797265624999994],[19.83857421875001,39.820117187499996],[19.707324218750017,39.798095703125],[19.646484375,39.76708984375],[19.64892578125,39.726171875],[19.808886718750017,39.585302734375],[19.88398437500001,39.4615234375],[19.975000000000023,39.411425781249996],[20.099609375,39.376611328124994],[20.077929687500017,39.43271484375]]]},"properties":{"source_attribution":"Natural Earth public domain land data, https://www.naturalearthdata.com/. Changes made: clipped to Europe + Mediterranean display bounds and converted to GeoJSON."}},
{"type":"Feature","geometry":{"type":"Polygon","coordinates":[[[23.55097656250001,37.92587890625],[23.53486328125001,37.97021484375],[23.515527343750023,37.98603515625],[23.483691406250017,37.991113281249994],[23.462207031250017,37.980371093749994],[23.439062500000006,37.940673828125],[23.419335937500023,37.93125],[23.43525390625001,37.911474609375],[23.466796875,37.902392578124996],[23.51142578125001,37.901171874999996],[23.55097656250001,37.92587890625]]]},"properties":{"source_attribution":"Natural Earth public domain land data, https://www.naturalearthdata.com/. Changes made: clipped to Europe + Mediterranean display bounds and converted to GeoJSON."}},
{"type":"Feature","geometry":{"type":"Polygon","coordinates":[[[23.053808593750006,36.189794921875],[23.097070312500023,36.24658203125],[22.997851562500017,36.328125],[22.950488281250017,36.383935546874994],[22.9326171875,36.36875],[22.905664062500023,36.3203125],[22.91083984375001,36.220996093749996],[22.939453125,36.176220703125],[23.04218750000001,36.146386718749994],[23.053808593750006,36.189794921875]]]},"properties":{"source_attribution":"Natural Earth public domain land data, https://www.naturalearthdata.com/. Changes made: clipped to Europe + Mediterranean display bounds and converted to GeoJSON."}},
{"type":"Feature","geometry":{"type":"Polygon","coordinates":[[[3.9491210937500227,51.739453125],[3.7890625,51.746435546875],[3.698535156250017,51.7296875],[3.699023437500017,51.709912109375],[3.7318359375000227,51.67822265625],[3.8190429687500114,51.693994140625],[3.950976562500017,51.62705078125],[4.075097656250023,51.648779296875],[4.067578125000011,51.66748046875],[4.046777343750023,51.684912109375],[3.9491210937500227,51.739453125]]]},"properties":{"source_attribution":"Natural Earth public domain land data, https://www.naturalearthdata.com/. Changes made: clipped to Europe + Mediterranean display bounds and converted to GeoJSON."}},
{"type":"Feature","geometry":{"type":"Polygon","coordinates":[[[8.587890625,54.712695312499996],[8.573437500000011,54.74873046875],[8.509960937500011,54.760302734374996],[8.468164062500023,54.757421875],[8.417675781250011,54.738671875],[8.400390625,54.714111328125],[8.453808593750011,54.691064453125],[8.548925781250006,54.68818359375],[8.587890625,54.712695312499996]]]},"properties":{"source_attribution":"Natural Earth public domain land data, https://www.naturalearthdata.com/. Changes made: clipped to Europe + Mediterranean display bounds and converted to GeoJSON."}},
{"type":"Feature","geometry":{"type":"Polygon","coordinates":[[[6.734765625000023,53.58251953125],[6.800878906250006,53.62548828125],[6.754589843750011,53.62548828125],[6.668554687500006,53.6056640625],[6.64208984375,53.57919921875],[6.734765625000023,53.58251953125]]]},"properties":{"source_attribution":"Natural Earth public domain land data, https://www.naturalearthdata.com/. Changes made: clipped to Europe + Mediterranean display bounds and converted to GeoJSON."}},
{"type":"Feature","geometry":{"type":"Polygon","coordinates":[[[22.175097656250017,60.370751953124994],[22.125878906250023,60.355859374999994],[22.108203125000017,60.314892578125],[22.0771484375,60.286328125],[22.140527343750023,60.264892578125],[22.188085937500006,60.236767578125],[22.209375000000023,60.19697265625],[22.25830078125,60.165625],[22.36054687500001,60.165576171875],[22.346289062500006,60.20283203125],[22.305761718750006,60.228564453125],[22.312890625000023,60.269970703125],[22.41552734375,60.303369140624994],[22.35498046875,60.355859374999994],[22.3017578125,60.347558593749994],[22.175097656250017,60.370751953124994]]]},"properties":{"source_attribution":"Natural Earth public domain land data, https://www.naturalearthdata.com/. Changes made: clipped to Europe + Mediterranean display bounds and converted to GeoJSON."}},
{"type":"Feature","geometry":{"type":"Polygon","coordinates":[[[21.45087890625001,60.52958984375],[21.30126953125,60.595556640625],[21.26806640625,60.63828125],[21.224707031250006,60.62060546875],[21.21455078125001,60.603857421875],[21.24433593750001,60.5259765625],[21.30000000000001,60.47978515625],[21.369042968750023,60.488232421875],[21.436914062500023,60.483056640624994],[21.45087890625001,60.52958984375]]]},"properties":{"source_attribution":"Natural Earth public domain land data, https://www.naturalearthdata.com/. Changes made: clipped to Europe + Mediterranean display bounds and converted to GeoJSON."}},
{"type":"Feature","geometry":{"type":"Polygon","coordinates":[[[21.83320312500001,60.140527343749994],[21.864355468750006,60.201806640624994],[21.764257812500006,60.198828125],[21.70478515625001,60.172314453125],[21.69501953125001,60.11435546875],[21.73310546875001,60.10615234375],[21.83320312500001,60.140527343749994]]]},"properties":{"source_attribution":"Natural Earth public domain land data, https://www.naturalearthdata.com/. Changes made: clipped to Europe + Mediterranean display bounds and converted to GeoJSON."}},
{"type":"Feature","geometry":{"type":"Polygon","coordinates":[[[20.611328125,60.040673828124994],[20.569140625000017,60.06962890625],[20.490136718750023,60.07490234375],[20.429589843750023,60.06171875],[20.39794921875,60.040673828124994],[20.411230468750006,60.030126953125],[20.48750000000001,60.032763671875],[20.521777343750017,60.011669921875],[20.603417968750023,60.016943359375],[20.611328125,60.040673828124994]]]},"properties":{"source_attribution":"Natural Earth public domain land data, https://www.naturalearthdata.com/. Changes made: clipped to Europe + Mediterranean display bounds and converted to GeoJSON."}},
{"type":"Feature","geometry":{"type":"Polygon","coordinates":[[[21.628320312500023,60.107812499999994],[21.64814453125001,60.140869140625],[21.634082031250017,60.168994140625],[21.567968750000006,60.172314453125],[21.506738281250023,60.148339843749994],[21.48603515625001,60.126806640625],[21.540625000000006,60.097900390625],[21.628320312500023,60.107812499999994]]]},"properties":{"source_attribution":"Natural Earth public domain land data, https://www.naturalearthdata.com/. Changes made: clipped to Europe + Mediterranean display bounds and converted to GeoJSON."}},
{"type":"Feature","geometry":{"type":"Polygon","coordinates":[[[5.085839843750023,60.307568359375],[5.050195312500023,60.38896484375],[4.990625000000023,60.452050781249994],[4.957226562500011,60.447265625],[4.930078125000023,60.412060546875],[4.950781250000006,60.341162109375],[4.943554687500011,60.272412109375],[4.95556640625,60.243310546874994],[4.996972656250023,60.19775390625],[5.089062500000011,60.18876953125],[5.085839843750023,60.307568359375]]]},"properties":{"source_attribution":"Natural Earth public domain land data, https://www.naturalearthdata.com/. Changes made: clipped to Europe + Mediterranean display bounds and converted to GeoJSON."}},
{"type":"Feature","geometry":{"type":"Polygon","coordinates":[[[25.402734375000023,37.419140625],[25.457421875000023,37.447070312499996],[25.462988281250006,37.471093749999994],[25.34814453125,37.509179687499994],[25.31269531250001,37.489306640624996],[25.30712890625,37.412988281249994],[25.402734375000023,37.419140625]]]},"properties":{"source_attribution":"Natural Earth public domain land data, https://www.naturalearthdata.com/. Changes made: clipped to Europe + Mediterranean display bounds and converted to GeoJSON."}},
{"type":"Feature","geometry":{"type":"Polygon","coordinates":[[[24.523535156250006,37.12509765625],[24.535937500000017,37.16767578125],[24.529101562500017,37.192333984375],[24.483789062500023,37.210205078125],[24.441210937500017,37.186865234375],[24.4248046875,37.131982421874994],[24.48652343750001,37.11005859375],[24.523535156250006,37.12509765625]]]},"properties":{"source_attribution":"Natural Earth public domain land data, https://www.naturalearthdata.com/. Changes made: clipped to Europe + Mediterranean display bounds and converted to GeoJSON."}},
{"type":"Feature","geometry":{"type":"MultiPolygon","coordinates":[[[[17.979785156250017,59.329052734375],[17.964257812500023,59.359375],[18.16357421875,59.43037109375],[18.216894531250006,59.4205078125],[18.276464843750006,59.437646484374994],[18.33808593750001,59.47685546875],[18.402441406250006,59.490380859374994],[18.578125,59.565771484375],[18.639941406250017,59.600927734375],[18.71875,59.657373046874994],[18.895605468750006,59.732958984375],[18.970507812500017,59.757226562499994],[18.99042968750001,59.827783203124994],[18.933203125000006,59.942285156249994],[18.88427734375,59.98017578125],[18.85273437500001,60.02587890625],[18.787011718750023,60.079492187499994],[18.601171875000006,60.11923828125],[18.535449218750017,60.152880859375],[18.557519531250023,60.253564453124994],[18.400000000000006,60.337109375],[18.25048828125,60.3615234375],[18.162500000000023,60.40791015625],[18.011328125000006,60.51142578125],[17.95576171875001,60.589794921875],[17.87158203125,60.580078125],[17.7421875,60.539306640625],[17.6611328125,60.53515625],[17.630761718750023,60.58525390625],[17.593066406250017,60.627685546875],[17.555468750000017,60.642724609374994],[17.45703125,60.641796875],[17.35986328125,60.6408203125],[17.2509765625,60.70078125],[17.26123046875,60.76318359375],[17.278906250000006,60.812158203124994],[17.202929687500017,60.95185546875],[17.212890625,60.98583984375],[17.21049832877545,61],[7.0564316815179575,61],[7.077929687500017,60.96630859375],[7.038671875000006,60.9529296875],[6.980566406250006,60.994140625],[6.979761089306876,61],[5.0145861991626965,61],[5.024609375000011,60.9361328125],[5.0107421875,60.858544921874994],[5.049121093750017,60.70751953125],[5.115820312500006,60.635986328125],[5.244042968750023,60.569580078125],[5.447363281250006,60.617333984374994],[5.58935546875,60.694287109375],[5.648339843750023,60.68798828125],[5.546484375000006,60.624560546875],[5.168164062500011,60.484814453125],[5.137109375000023,60.44560546875],[5.18359375,60.3083984375],[5.285839843750011,60.205712890624994],[5.417382812500023,60.1541015625],[5.573828125000006,60.15849609375],[5.657617187500023,60.1541015625],[5.688574218750006,60.123193359374994],[5.494531250000023,60.0703125],[5.37646484375,60.067236328125],[5.265429687500017,60.086474609375],[5.205664062500006,60.087939453125],[5.174414062500006,60.045703125],[5.219531250000017,59.978759765625],[5.187109375000006,59.907080078125],[5.119238281250006,59.83369140625],[5.104882812500023,59.731689453125],[5.110742187500023,59.667822265625],[5.145800781250017,59.638818359374994],[5.18603515625,59.64228515625],[5.234472656250006,59.691796874999994],[5.263867187500011,59.709765625],[5.353417968750023,59.760107421875],[5.494531250000023,59.825585937499994],[5.557031250000023,59.907763671875],[5.698828125000006,60.010009765625],[5.800878906250006,60.026220703125],[5.876562500000006,60.07001953125],[5.904394531250006,60.150634765625],[5.967382812500006,60.20556640625],[6.101757812500011,60.29013671875],[6.1533203125,60.346240234375],[6.346972656250017,60.419091796874994],[6.806347656250011,60.50078125],[6.995703125000006,60.511962890625],[6.94970703125,60.47822265625],[6.787109375,60.4541015625],[6.719921875000011,60.4181640625],[6.660937500000017,60.367236328125],[6.52685546875,60.1529296875],[6.5263671875,60.213623046875],[6.573632812500023,60.360595703125],[6.51806640625,60.407568359375],[6.348730468750006,60.352978515625],[6.140527343750023,60.23349609375],[6.105175781250011,60.16513671875],[6.11181640625,60.132080078125],[6.069921875000006,60.08349609375],[5.996484375000023,60.031494140625],[5.783593750000023,59.91279296875],[5.73046875,59.8630859375],[5.763476562500017,59.80791015625],[5.833984375,59.794677734375],[5.966699218750023,59.81318359375],[6.059277343750011,59.815576171874994],[6.2119140625,59.831787109375],[6.216601562500017,59.818359375],[5.991015625000017,59.744677734375],[5.867285156250006,59.733984375],[5.772167968750011,59.6609375],[5.579492187500023,59.68662109375],[5.529687500000023,59.7130859375],[5.472460937500017,59.7130859375],[5.403515625000011,59.65576171875],[5.304882812500011,59.642578125],[5.2421875,59.564306640625],[5.18505859375,59.453662109375],[5.131640625000017,59.226464843749994],[5.173242187500023,59.162548828125],[5.3623046875,59.166357421875],[5.467578125000017,59.20380859375],[5.564062500000006,59.2912109375],[5.657324218750006,59.31025390625],[5.717968750000011,59.329833984375],[5.84521484375,59.353466796875],[6.017382812500017,59.414453124999994],[6.158593750000023,59.489648437499994],[6.278515625000011,59.534521484375],[6.403906250000006,59.560986328125],[6.415332031250017,59.547119140625],[6.3056640625,59.50556640625],[6.198925781250011,59.4380859375],[6.050683593750023,59.3681640625],[5.951855468750011,59.299072265625],[5.937304687500017,59.233984375],[5.968554687500017,59.1861328125],[5.94873046875,59.13544921875],[5.88916015625,59.09794921875],[5.88916015625,59.060498046875],[6.016992187500023,58.987695312499994],[6.099414062500017,58.951953125],[6.321093750000017,59.016455078125],[6.36328125,59.000927734375],[6.214160156250017,58.944677734375],[6.137304687500006,58.874658203124994],[6.099023437500023,58.870263671874994],[5.854296875000017,58.95947265625],[5.612207031250023,59.012890625],[5.555566406250023,58.9751953125],[5.5224609375,58.822656249999994],[5.517285156250011,58.726513671875],[5.5859375,58.62041015625],[5.706835937500017,58.5236328125],[5.9765625,58.43232421875],[6.0546875,58.375146484374994],[6.389062500000023,58.267968749999994],[6.491503906250017,58.259423828124994],[6.617578125000023,58.26640625],[6.659863281250011,58.262744140625],[6.6767578125,58.233789062499994],[6.692480468750006,58.224023437499994],[6.605761718750017,58.1763671875],[6.555078125000023,58.123437499999994],[6.590527343750011,58.097314453124994],[6.7314453125,58.068310546875],[6.766796875000011,58.08154296875],[6.771093750000006,58.132226562499994],[6.802832031250006,58.154541015625],[6.877050781250006,58.150732421875],[6.912304687500011,58.14287109375],[6.895312500000017,58.120751953124994],[6.890234375000006,58.102294921875],[6.903417968750006,58.0705078125],[7.0048828125,58.02421875],[7.194140625000017,58.04765625],[7.465917968750006,58.020947265625],[7.875585937500006,58.079980468749994],[8.037402343750017,58.147265625],[8.166113281250006,58.1453125],[8.312207031250011,58.224462890625],[8.521386718750023,58.3005859375],[8.928417968750011,58.569970703124994],[9.178125000000023,58.675],[9.193750000000023,58.711865234375],[9.238671875000023,58.739013671875],[9.322949218750011,58.74755859375],[9.395800781250017,58.8056640625],[9.309960937500023,58.856835937499994],[9.551074218750017,58.933007812499994],[9.618457031250017,58.946044921875],[9.656933593750011,58.97119140625],[9.696093750000017,59.009716796875],[9.627148437500011,59.067919921875],[9.557226562500006,59.112695312499994],[9.635156250000023,59.1177734375],[9.800195312500023,59.02705078125],[9.842578125000017,58.95849609375],[9.959570312500006,58.968212890625],[10.083105468750006,59.02880859375],[10.179394531250011,59.00927734375],[10.205175781250006,59.038671875],[10.2431640625,59.062060546875],[10.431347656250011,59.279638671875],[10.45458984375,59.377490234375],[10.446386718750006,59.443603515625],[10.407128906250023,59.4556640625],[10.398144531250011,59.5193359375],[10.493750000000006,59.54150390625],[10.569531250000011,59.587109375],[10.533886718750011,59.69580078125],[10.595312500000006,59.764550781249994],[10.6044921875,59.680029296875],[10.634375000000006,59.602490234375],[10.631054687500011,59.428173828125],[10.644921875000023,59.389208984375],[10.742578125000023,59.29599609375],[10.83447265625,59.183935546875],[10.945019531250011,59.170849609375],[10.998925781250023,59.164453124999994],[11.0908203125,59.141796875],[11.132128906250017,59.143212890624994],[11.365917968750011,59.104541015625],[11.386425781250011,59.06572265625],[11.388281250000006,59.036523437499994],[11.295312500000023,59.086865234375],[11.19580078125,59.078271484374994],[11.166894531250023,59.045556640624994],[11.147167968750011,58.988623046875],[11.169140625000011,58.922705078125],[11.207910156250023,58.86640625],[11.223828125000011,58.679931640625],[11.271582031250006,58.475634765625],[11.252050781250006,58.424072265625],[11.248242187500011,58.369140625],[11.329980468750023,58.380322265625],[11.431542968750023,58.339990234374994],[11.449316406250006,58.118359375],[11.549023437500011,58.001220703125],[11.703222656250006,57.973193359374996],[11.729101562500006,57.764453124999996],[11.734960937500006,57.71767578125],[11.878710937500017,57.679443359375],[11.885058593750017,57.6126953125],[11.9169921875,57.521923828125],[11.961523437500006,57.426074218749996],[12.05322265625,57.44697265625],[12.15185546875,57.226953125],[12.421484375000006,56.906396484375],[12.572656250000023,56.823291015624996],[12.717578125000017,56.662841796875],[12.793164062500011,56.649169921875],[12.883691406250023,56.617724609374996],[12.919531250000006,56.515576171875],[12.857421875,56.452392578125],[12.773144531250011,56.45576171875],[12.656445312500011,56.440576171875],[12.691113281250011,56.384423828125],[12.7421875,56.346875],[12.801660156250023,56.263916015625],[12.752832031250023,56.242138671875],[12.706347656250017,56.235009765625],[12.507031250000011,56.29296875],[12.47119140625,56.29052734375],[12.52099609375,56.245556640625],[12.592578125000017,56.13759765625],[12.834570312500006,55.8818359375],[12.941992187500006,55.8060546875],[12.973925781250017,55.74814453125],[12.97802734375,55.693798828125],[12.96337890625,55.612597656249996],[12.938769531250017,55.533203125],[12.940625000000011,55.481591796875],[12.885839843750006,55.411376953125],[13.321386718750006,55.34638671875],[13.806347656250011,55.428564453125],[14.079980468750023,55.3921875],[14.173730468750023,55.396630859375],[14.341699218750023,55.527734375],[14.276464843750006,55.636376953125],[14.202929687500017,55.729150390625],[14.215039062500011,55.8326171875],[14.261914062500011,55.887548828125],[14.401953125000006,55.9767578125],[14.473242187500006,56.01435546875],[14.55859375,56.048632812499996],[14.655566406250017,56.019921875],[14.754785156250023,56.033154296875],[14.713964843750006,56.134130859375],[14.782031250000017,56.161914062499996],[15.051171875000023,56.172216796875],[15.326562500000023,56.150830078125],[15.509667968750023,56.1830078125],[15.626562500000006,56.185595703124996],[15.722265625000006,56.164208984375],[15.82666015625,56.124951171875],[15.920312500000023,56.1673828125],[15.996679687500006,56.222607421875],[16.150683593750017,56.500830078125],[16.21650390625001,56.589990234375],[16.348730468750006,56.709277343749996],[16.407812500000006,56.80869140625],[16.45751953125,56.926806640624996],[16.527929687500006,57.068164062499996],[16.50732421875,57.14169921875],[16.4794921875,57.1876953125],[16.475976562500023,57.26513671875],[16.630859375,57.43017578125],[16.652246093750023,57.50068359375],[16.60419921875001,57.568310546875],[16.583789062500017,57.641748046875],[16.586230468750017,57.7609375],[16.55537109375001,57.812255859375],[16.596972656250017,57.912890624999996],[16.694921875000006,57.917529296874996],[16.700097656250023,58.160791015624994],[16.769921875000023,58.214257812499994],[16.716601562500017,58.302880859374994],[16.651953125000006,58.434326171875],[16.824316406250006,58.459619140624994],[16.923828125,58.492578124999994],[16.788476562500023,58.58525390625],[16.683007812500023,58.599658203125],[16.47802734375,58.612890625],[16.39082031250001,58.60185546875],[16.31806640625001,58.628320312499994],[16.214257812500023,58.636669921875],[16.315820312500023,58.663623046875],[16.63935546875001,58.651171875],[16.978125000000006,58.654150390625],[17.102832031250017,58.710839843749994],[17.34765625,58.780517578125],[17.45673828125001,58.8583984375],[17.66962890625001,58.9162109375],[17.765429687500017,58.9650390625],[17.829003906250023,58.95458984375],[17.974609375,59.00263671875],[18.09814453125,59.0623046875],[18.28535156250001,59.109375],[18.32197265625001,59.132226562499994],[18.373046875,59.179736328125],[18.41425781250001,59.29033203125],[18.498632812500006,59.291943359375],[18.617578125000023,59.327050781249994],[18.56025390625001,59.394482421875],[18.508886718750006,59.407958984375],[18.45917968750001,59.396728515625],[18.395800781250017,59.368603515625],[18.336035156250006,59.375341796875],[18.2705078125,59.367138671875],[18.210546875000006,59.331445312499994],[18.132617187500017,59.3162109375],[17.979785156250017,59.329052734375]]],[[[34.866083661967764,29],[46,29],[46,61],[21.366638878725404,61],[21.36054687500001,60.96748046875],[21.37890625,60.850048828125],[21.40400390625001,60.767431640625],[21.411914062500017,60.696826171875],[21.41064453125,60.636962890625],[21.43603515625,60.59638671875],[21.52783203125,60.57041015625],[21.61328125,60.53095703125],[21.727148437500006,60.582910156249994],[21.805273437500006,60.594140624999994],[21.854296875000017,60.505419921875],[21.933984375000023,60.50029296875],[22.257910156250006,60.400927734375],[22.5205078125,60.3765625],[22.560351562500017,60.385009765625],[22.5849609375,60.38056640625],[22.57587890625001,60.35908203125],[22.512304687500006,60.28134765625],[22.516699218750006,60.262744140625],[22.587988281250006,60.2556640625],[22.589941406250006,60.228369140625],[22.564257812500017,60.205517578125],[22.512988281250017,60.19892578125],[22.4697265625,60.201318359374994],[22.442675781250017,60.156884765624994],[22.471093750000023,60.14697265625],[22.438574218750006,60.090283203125],[22.438574218750006,60.072265625],[22.462695312500017,60.029199218749994],[22.64619140625001,60.02802734375],[22.697363281250006,60.03759765625],[22.749804687500017,60.057275390624994],[22.79345703125,60.076806640624994],[22.819140625000017,60.1013671875],[22.84443359375001,60.18662109375],[22.867089843750023,60.2158203125],[22.911718750000006,60.209716796875],[22.994140625,60.098535156249994],[23.080175781250006,60.047265624999994],[23.1484375,60.04130859375],[23.19843750000001,60.021826171875],[23.1884765625,59.972216796875],[23.11572265625,59.9126953125],[23.009765625,59.868798828124994],[22.9638671875,59.8263671875],[23.021289062500017,59.816015625],[23.181445312500017,59.844921875],[23.326757812500006,59.92578125],[23.46357421875001,59.986230468749994],[23.592675781250023,59.968164062499994],[23.721777343750006,59.965673828125],[24.025195312500017,60.009179687499994],[24.342578125000017,60.042333984375],[24.445605468750017,60.0212890625],[24.517968750000023,60.046289062499994],[24.600488281250023,60.1142578125],[24.848730468750006,60.158349609374994],[24.957617187500006,60.157470703125],[25.155859375000006,60.194091796875],[25.267871093750017,60.24833984375],[25.45576171875001,60.26123046875],[25.548242187500023,60.302490234375],[25.65644531250001,60.333203125],[25.715429687500006,60.267431640625],[25.75800781250001,60.267529296875],[25.845800781250006,60.314599609374994],[25.945898437500006,60.34677734375],[26.03583984375001,60.34150390625],[26.04023437500001,60.37158203125],[26.006250000000023,60.42529296875],[25.955957031250023,60.47421875],[26.036035156250023,60.47490234375],[26.204687500000006,60.406591796875],[26.377734375000017,60.424072265625],[26.456445312500023,60.466796875],[26.49580078125001,60.551806640625],[26.5693359375,60.624560546875],[26.6064453125,60.6279296875],[26.60175781250001,60.595605468749994],[26.551171875000023,60.54599609375],[26.51972656250001,60.471582031249994],[26.53466796875,60.412890625],[26.607421875,60.4376953125],[26.721484375000017,60.455078125],[26.951171875,60.471484375],[27.075585937500023,60.525146484375],[27.20527343750001,60.54345703125],[27.24189453125001,60.538671875],[27.46240234375,60.46484375],[27.52509765625001,60.490771484375],[27.669335937500023,60.498974609375],[27.761621093750023,60.532861328124994],[27.797656250000017,60.5361328125],[28.179296875000006,60.57099609375],[28.512792968750006,60.677294921875],[28.57783203125001,60.6525390625],[28.65058593750001,60.610986328124994],[28.64033203125001,60.542871093749994],[28.622460937500023,60.491601562499994],[28.491601562500023,60.54013671875],[28.522265625000017,60.482958984375],[28.643164062500006,60.37529296875],[28.81269531250001,60.33154296875],[29.069140625000017,60.191455078125],[29.370410156250017,60.175927734374994],[29.5693359375,60.20185546875],[29.72119140625,60.1953125],[29.87226562500001,60.120849609375],[29.97675781250001,60.0263671875],[30.059960937500023,60.002587890624994],[30.172656250000017,59.95712890625],[30.156835937500006,59.904296875],[30.12255859375,59.873583984375],[29.669726562500017,59.9556640625],[29.147265625000017,59.999755859375],[29.0791015625,59.960986328125],[29.01337890625001,59.9015625],[28.981542968750006,59.85478515625],[28.947265625,59.828759765624994],[28.86689453125001,59.811914062499994],[28.747656250000006,59.806689453125],[28.603906250000023,59.81806640625],[28.518164062500006,59.849560546875],[28.453906250000017,59.8142578125],[28.423730468750023,59.73408203125],[28.334570312500006,59.692529296874994],[28.212500000000006,59.724658203125],[28.131152343750017,59.786523437499994],[28.058007812500023,59.78154296875],[28.013964843750017,59.724755859374994],[28.046289062500023,59.64716796875],[28.06396484375,59.55400390625],[28.012500000000017,59.484277343749994],[28.001855468750023,59.46982421875],[27.892578125,59.414208984374994],[27.335839843750023,59.45048828125],[26.974707031250006,59.450634765625],[26.85205078125,59.47177734375],[26.625,59.55390625],[26.460839843750023,59.55390625],[25.793750000000017,59.634667968749994],[25.61572265625,59.6275390625],[25.50927734375,59.639013671875],[25.507421875000006,59.597998046875],[25.520898437500023,59.559472656249994],[25.443750000000023,59.521142578124994],[24.877539062500006,59.5220703125],[24.583593750000006,59.4556640625],[24.38037109375,59.47265625],[24.175390625000006,59.375927734375],[24.053613281250023,59.372314453125],[24.083398437500023,59.291894531249994],[23.782519531250017,59.275146484375],[23.640527343750023,59.242333984374994],[23.494433593750017,59.195654296875],[23.516992187500023,59.107568359374994],[23.48017578125001,59.069677734375],[23.4677734375,59.032177734375],[23.515039062500023,58.99921875],[23.489648437500023,58.960498046875],[23.432031250000023,58.920654296875],[23.497167968750006,58.81953125],[23.50361328125001,58.78984375],[23.533593750000023,58.78193359375],[23.680761718750006,58.787158203125],[23.6474609375,58.754150390625],[23.530664062500023,58.716259765625],[23.50927734375,58.658544921875],[23.562792968750017,58.575830078124994],[23.691503906250006,58.505615234375],[23.7060546875,58.433007812499994],[23.767578125,58.36083984375],[24.01093750000001,58.306640625],[24.114843750000006,58.26611328125],[24.235644531250017,58.28955078125],[24.287207031250006,58.328027343749994],[24.3369140625,58.381396484375],[24.392187500000006,58.386083984375],[24.529101562500017,58.354248046875],[24.549707031250023,58.304589843749994],[24.535742187500006,58.2830078125],[24.48750000000001,58.261621093749994],[24.4638671875,58.10595703125],[24.33203125,57.909765625],[24.322558593750017,57.87060546875],[24.301562500000017,57.784130859375],[24.36298828125001,57.645312499999996],[24.403222656250023,57.324999999999996],[24.382617187500017,57.250048828124996],[24.28125,57.172314453125],[24.054296875000006,57.06611328125],[23.93115234375,57.00849609375],[23.647753906250017,56.971044921875],[23.28730468750001,57.08974609375],[23.136816406250006,57.323828125],[23.03779296875001,57.39208984375],[22.64863281250001,57.595361328125],[22.616992187500017,57.651171874999996],[22.554589843750023,57.724267578125],[22.2314453125,57.666796874999996],[21.9423828125,57.5978515625],[21.72871093750001,57.57099609375],[21.45917968750001,57.3224609375],[21.421484375000006,57.23583984375],[21.405078125000017,57.131005859375],[21.35078125000001,57.01767578125],[21.257421875000006,56.932763671875],[21.0712890625,56.82373046875],[21.03144531250001,56.636572265625],[21.014941406250017,56.258935546875],[21.04609375000001,56.070068359375],[21.053808593750006,56.02294921875],[21.061914062500023,55.813427734375],[21.17109375000001,55.617724609374996],[21.237890625000006,55.455029296875],[21.201074218750023,55.343798828124996],[21.236328125,55.27119140625],[21.22285156250001,55.107763671875],[21.188867187500023,54.935205078125],[20.995898437500017,54.902685546875],[20.887500000000017,54.909472656249996],[20.774023437500006,54.947021484375],[20.677734375,54.9556640625],[20.594824218750006,54.982373046875],[20.859375,55.183642578124996],[21.03173828125,55.35048828125],[21.103906250000023,55.487744140625],[21.11572265625,55.568164062499996],[21.114843750000006,55.616503906249996],[21.087890625,55.58310546875],[21.0576171875,55.476806640625],[21.014062500000023,55.401953125],[20.899804687500023,55.286669921874996],[20.845703125,55.23203125],[20.67890625000001,55.10263671875],[20.520312500000017,54.994873046875],[20.39667968750001,54.95126953125],[20.10761718750001,54.956494140625],[19.974511718750023,54.921191406249996],[19.953222656250006,54.83046875],[19.944140625000017,54.75],[19.85888671875,54.633837890624996],[19.75849609375001,54.54482421875],[19.604394531250023,54.4591796875],[19.560156250000006,54.434619140624996],[19.407128906250023,54.386083984375],[18.97626953125001,54.348925781249996],[18.83642578125,54.369580078125],[18.66962890625001,54.430908203125],[18.58710937500001,54.512890625],[18.43623046875001,54.7447265625],[18.501562500000006,54.741503906249996],[18.678320312500006,54.665283203125],[18.799609375000017,54.633349609374996],[18.75927734375,54.6845703125],[18.53515625,54.76943359375],[18.32343750000001,54.838183593749996],[18.08564453125001,54.83583984375],[17.84296875000001,54.816699218749996],[17.26191406250001,54.729541015624996],[17.00703125000001,54.65185546875],[16.88544921875001,54.59638671875],[16.55976562500001,54.55380859375],[16.375585937500006,54.436865234375],[16.292285156250017,54.361621093749996],[16.239355468750006,54.333056640624996],[16.186328125000017,54.290380859375],[16.042773437500017,54.266357421875],[15.900000000000006,54.253955078124996],[15.288378906250017,54.139892578125],[14.715722656250023,54.018310546875],[14.384179687500023,53.92470703125],[14.249316406250017,53.931933593749996],[14.21142578125,53.950341796875],[14.038867187500017,54.0345703125],[13.827734375000006,54.127246093749996],[13.820410156250006,54.092822265624996],[13.8271484375,54.0595703125],[13.872460937500023,54.036279296875],[13.921679687500017,53.996630859374996],[13.902148437500017,53.93896484375],[13.92578125,53.879052734375],[14.04833984375,53.863085937499996],[14.172167968750017,53.874365234375],[14.350878906250017,53.858740234375],[14.558398437500017,53.823193359375],[14.56494140625,53.753515625],[14.552148437500023,53.707324218749996],[14.571582031250017,53.67587890625],[14.58349609375,53.63935546875],[14.487597656250017,53.671875],[14.25,53.731884765625],[14.025000000000006,53.767431640625],[13.950390625000011,53.8013671875],[13.865527343750017,53.853369140625],[13.822265625,54.01904296875],[13.724218750000006,54.15322265625],[13.448046875000017,54.140869140625],[13.1474609375,54.28271484375],[13.028613281250017,54.41103515625],[12.898046875000006,54.422656249999996],[12.779101562500017,54.445703125],[12.575390625000011,54.4673828125],[12.378515625000006,54.347021484375],[12.296289062500023,54.2837890625],[12.168652343750011,54.225878906249996],[12.111328125,54.168310546875],[11.796289062500023,54.145458984375],[11.700585937500023,54.113525390625],[11.461132812500011,53.96474609375],[11.399609375000011,53.944628906249996],[11.104296875000017,54.0091796875],[10.917773437500017,53.9953125],[10.854589843750006,54.009814453124996],[10.810742187500011,54.075146484375],[11.008593750000017,54.18115234375],[11.064355468750023,54.280517578125],[11.013378906250011,54.379150390625],[10.955957031250023,54.37568359375],[10.731542968750006,54.316259765625],[10.360449218750006,54.438330078125],[10.21240234375,54.408935546875],[10.170800781250023,54.4501953125],[10.143457031250023,54.488427734375],[9.86865234375,54.472460937499996],[9.941308593750023,54.5146484375],[10.02880859375,54.581298828125],[10.022167968750011,54.67392578125],[9.953808593750011,54.73828125],[9.892285156250011,54.780615234375],[9.745898437500017,54.807177734374996],[9.705273437500011,54.9283203125],[9.732324218750023,54.968017578125],[9.688183593750011,55.000146484375],[9.645410156250023,55.022802734375],[9.572363281250006,55.04052734375],[9.453710937500006,55.03955078125],[9.504785156250023,55.116259765624996],[9.643261718750011,55.204736328125],[9.670996093750006,55.266406249999996],[9.640234375000006,55.34365234375],[9.625585937500006,55.41357421875],[9.591113281250017,55.493212890624996],[9.661425781250017,55.557470703125],[9.773242187500017,55.608154296875],[9.810351562500017,55.6509765625],[9.899023437500006,55.707568359374996],[9.9990234375,55.735546875],[10.023632812500011,55.76142578125],[9.962011718750006,55.8130859375],[9.903710937500023,55.842822265624996],[10.017382812500017,55.87607421875],[10.107324218750023,55.874462890625],[10.159375000000011,55.853808593749996],[10.183007812500023,55.865185546875],[10.226660156250006,56.00537109375],[10.318750000000023,56.212890625],[10.373730468750011,56.2515625],[10.426953125000011,56.276171874999996],[10.538964843750023,56.200341796875],[10.621191406250006,56.202099609375],[10.75341796875,56.241992187499996],[10.8564453125,56.2955078125],[10.894433593750023,56.359033203125],[10.926171875000023,56.44326171875],[10.8828125,56.49287109375],[10.845898437500011,56.521728515625],[10.490234375,56.5205078125],[10.383593750000017,56.554833984375],[10.28271484375,56.6205078125],[10.296679687500017,56.780908203125],[10.287011718750023,56.82294921875],[10.296093750000011,56.99912109375],[10.338476562500006,57.021337890625],[10.436914062500023,57.172265625],[10.524121093750011,57.243212890624996],[10.517578125,57.379345703125],[10.537109375,57.448535156249996],[10.444628906250017,57.56220703125],[10.460253906250017,57.614550781249996],[10.48095703125,57.648681640625],[10.609960937500006,57.7369140625],[10.533300781250006,57.735400390624996],[10.259082031250017,57.617041015625],[9.962304687500023,57.58095703125],[9.815136718750011,57.47841796875],[9.554296875000006,57.232470703124996],[9.43359375,57.17431640625],[9.298828125,57.146533203124996],[9.036328125000011,57.155419921875],[8.952246093750006,57.1505859375],[8.8115234375,57.11005859375],[8.618554687500023,57.111279296875],[8.427050781250017,56.984423828124996],[8.284082031250023,56.852343749999996],[8.266308593750011,56.81533203125],[8.268261718750011,56.75400390625],[8.3466796875,56.712109375],[8.468359375000006,56.66455078125],[8.603125000000006,56.710400390625],[8.77197265625,56.72529296875],[8.876074218750006,56.887255859374996],[8.992773437500006,57.01611328125],[9.110449218750006,57.04365234375],[9.2548828125,57.01171875],[9.209667968750011,56.808398437499996],[9.196386718750006,56.70166015625],[9.140332031250011,56.750439453125],[9.067089843750011,56.79384765625],[8.994531250000023,56.7748046875],[8.888085937500023,56.73505859375],[8.736132812500017,56.62744140625],[8.718066406250017,56.544287109375],[8.671679687500017,56.495654296874996],[8.607617187500011,56.514501953125],[8.552929687500011,56.560302734375],[8.47314453125,56.5654296875],[8.281445312500011,56.61669921875],[8.231738281250017,56.61806640625],[8.163964843750023,56.606884765625],[8.1298828125,56.32119140625],[8.121484375000023,56.139892578125],[8.202343750000011,55.982373046875],[8.181347656250011,55.901171874999996],[8.132128906250017,55.5998046875],[8.345312500000006,55.510302734374996],[8.615917968750011,55.418212890625],[8.651074218750011,55.328564453125],[8.669824218750023,55.1556640625],[8.572949218750011,55.13427734375],[8.638281250000006,55.045556640625],[8.661425781250017,54.9859375],[8.682324218750011,54.791845703125],[8.789648437500006,54.695947265625],[8.880957031250006,54.5939453125],[8.957226562500011,54.538330078125],[8.951855468750011,54.467578124999996],[8.831152343750006,54.427539062499996],[8.648046875000006,54.39765625],[8.625781250000017,54.353955078125],[8.644921875000023,54.294970703124996],[8.736035156250011,54.295214843749996],[8.780371093750006,54.313037109374996],[8.8515625,54.299560546875],[8.906640625000023,54.260791015624996],[8.903515625000011,54.000292968749996],[8.92041015625,53.96533203125],[8.978125000000006,53.926220703125],[9.069628906250017,53.900927734374996],[9.216406250000006,53.8912109375],[9.31201171875,53.859130859375],[9.631250000000023,53.6001953125],[9.783984375000017,53.554638671875],[9.673144531250017,53.565625],[9.585351562500023,53.60048828125],[9.321972656250011,53.8134765625],[9.20556640625,53.85595703125],[8.897753906250017,53.835693359375],[8.618945312500017,53.875],[8.575585937500023,53.8384765625],[8.528417968750006,53.781103515625],[8.506250000000023,53.670751953125],[8.538476562500023,53.556884765625],[8.495214843750006,53.39423828125],[8.49267578125,53.51435546875],[8.451367187500011,53.551708984375],[8.333886718750023,53.606201171875],[8.301562500000017,53.584130859375],[8.279003906250011,53.511181640625],[8.245214843750006,53.4453125],[8.200781250000006,53.432421874999996],[8.108496093750006,53.46767578125],[8.167089843750006,53.543408203125],[8.00927734375,53.690722656249996],[7.629199218750017,53.697265625],[7.285253906250006,53.68134765625],[7.206445312500023,53.654541015625],[7.107128906250011,53.556982421875],[7.074316406250006,53.47763671875],[7.053320312500006,53.375830078125],[7.152050781250011,53.326953124999996],[7.197265625,53.282275390624996],[7.058007812500023,53.300585937499996],[6.968164062500023,53.327294921875],[6.912402343750017,53.375390625],[6.816210937500017,53.441162109375],[6.563574218750006,53.43427734375],[6.353222656250011,53.415283203125],[6.062207031250011,53.407080078125],[5.87353515625,53.3751953125],[5.532031250000017,53.268701171875],[5.445996093750011,53.2140625],[5.3583984375,53.096484374999996],[5.061230468750011,52.96064453125],[4.887988281250017,52.908349609375],[4.839062500000011,52.928271484374996],[4.768750000000011,52.94130859375],[4.712695312500017,52.872119140624996],[4.678320312500006,52.809765625],[4.562109375000006,52.442578125],[4.482812500000023,52.3091796875],[4.376269531250017,52.196826171874996],[4.208789062500017,52.058984375],[4.131738281250023,52.0119140625],[4.084863281250023,51.994091796875],[4.026074218750011,51.927734375],[3.9789062500000227,51.847802734375],[3.9468750000000057,51.810546875],[4.134570312500017,51.672900390624996],[4.158007812500017,51.633447265625],[4.1826171875,51.610302734375],[4.004785156250023,51.595849609374994],[4.080468750000023,51.551123046875],[4.175488281250011,51.519287109375],[4.239355468750006,51.50390625],[4.274121093750011,51.471630859375],[4.205761718750011,51.456689453124994],[4.141308593750011,51.45576171875],[3.886035156250017,51.57421875],[3.743945312500017,51.596044921875],[3.548632812500017,51.589111328125],[3.4996093750000057,51.57666015625],[3.4489257812500114,51.540771484375],[3.5205078125,51.486181640625],[3.5869140625,51.453906249999996],[3.6935546875000114,51.44990234375],[3.8218750000000057,51.409375],[4.006542968750011,51.443212890625],[4.138867187500011,51.401513671874994],[4.226171875000006,51.386474609375],[4.111523437500011,51.360644531249996],[4.011035156250017,51.395947265625],[3.8833984375000057,51.3544921875],[3.7165039062500114,51.369140625],[3.5894531250000057,51.3994140625],[3.42578125,51.393505859375],[3.35009765625,51.377685546875],[3.2251953125000057,51.351611328124996],[2.9601562500000114,51.265429687499996],[2.52490234375,51.097119140625],[2.4457031250000227,51.06650390625],[1.9125000000000227,50.990624999999994],[1.7676757812500057,50.935693359374994],[1.6722656250000227,50.885009765625],[1.6095703125000114,50.819482421874994],[1.5794921875000227,50.7392578125],[1.551562500000017,50.2939453125],[1.5927734375,50.252197265625],[1.5484375000000057,50.230712890625],[1.5140625000000227,50.205078125],[1.4072265625,50.088525390624994],[1.2455078125000227,49.9982421875],[0.924121093750017,49.910205078124996],[0.6162109375,49.862939453124994],[0.18671875000001137,49.703027343749994],[0.12656250000000568,49.6015625],[0.109375,49.557519531249994],[0.12939453125,49.508447265624994],[0.27763671875001705,49.463281249999994],[0.43925781250001705,49.473193359374996],[0.41689453125002274,49.448388671874994],[0.13613281250002274,49.401513671874994],[-0.011181640624982947,49.330224609374994],[-0.16347656249999432,49.296777343749994],[-0.5208984374999943,49.354541015624996],[-0.7655273437499943,49.359716796875],[-0.9591308593749943,49.3931640625],[-1.1385253906249773,49.387890625],[-1.1949707031249943,49.44482421875],[-1.2322753906249773,49.494873046875],[-1.2649414062499886,49.5982421875],[-1.2586425781249773,49.68017578125],[-1.36572265625,49.707275390625],[-1.5882324218749773,49.66767578125],[-1.7051269531249886,49.680957031249996],[-1.8564453125,49.6837890625],[-1.8753906249999943,49.631396484374996],[-1.870068359374983,49.595117187499994],[-1.813427734374983,49.490136718749994],[-1.6903320312499943,49.31318359375],[-1.5831054687499773,49.202392578125],[-1.5654785156249886,48.805517578125],[-1.48046875,48.697607421875],[-1.37646484375,48.652587890625],[-1.4376464843749943,48.641406249999996],[-1.82470703125,48.630517578124994],[-1.8519531249999943,48.668847656249994],[-1.905712890624983,48.697119140625],[-1.97314453125,48.635107421875],[-2.0037109374999886,48.582080078124996],[-2.0794433593749773,48.64501953125],[-2.4461914062499943,48.648291015625],[-2.692333984374983,48.53681640625],[-2.7928710937499943,48.60107421875],[-3.0032226562499886,48.790673828124994],[-3.2314453125,48.8408203125],[-3.4714843749999886,48.812939453125],[-3.5459960937499773,48.765673828124996],[-3.714794921874983,48.710498046874996],[-3.855664062499983,48.694726562499994],[-4.058886718749989,48.70751953125],[-4.531201171874983,48.619970703125],[-4.720751953124989,48.539892578125],[-4.762499999999989,48.450244140624996],[-4.74853515625,48.410009765625],[-4.719384765624994,48.363134765625],[-4.584716796875,48.35751953125],[-4.524804687499994,48.372314453125],[-4.393164062499977,48.367626953125],[-4.364404296874994,48.356738281249996],[-4.3017578125,48.347070312499994],[-4.241406249999983,48.303662109375],[-4.4033203125,48.29306640625],[-4.497900390624977,48.299267578125],[-4.530664062499994,48.309716796874994],[-4.5771484375,48.2900390625],[-4.544335937499994,48.246972656249994],[-4.51220703125,48.229736328125],[-4.434619140624989,48.21796875],[-4.329443359374977,48.169970703124996],[-4.377832031249994,48.128808593749994],[-4.512402343749983,48.096728515624996],[-4.629199218749989,48.085791015625],[-4.678808593749977,48.039501953125],[-4.427978515625,47.9689453125],[-4.375097656249977,47.87744140625],[-4.312109374999977,47.822900390624994],[-4.226416015624977,47.809619140624996],[-4.070703124999994,47.8478515625],[-3.9009277343749886,47.837548828124994],[-3.5078125,47.753125],[-3.4439453124999773,47.71103515625],[-3.3958984374999943,47.72041015625],[-3.32861328125,47.713330078125],[-3.2646972656249886,47.685107421874996],[-3.2215820312499943,47.694140624999996],[-3.1588378906249943,47.694677734375],[-3.064208984375,47.621337890625],[-2.964062499999983,47.60107421875],[-2.859375,47.614453125],[-2.7872070312499773,47.625537109374996],[-2.733105468749983,47.601806640625],[-2.7967773437499943,47.537255859374994],[-2.7703124999999886,47.5138671875],[-2.6659179687499943,47.526171874999996],[-2.5540527343749773,47.52705078125],[-2.4827148437499886,47.511621093749994],[-2.427685546874983,47.4708984375],[-2.476318359375,47.412939453125],[-2.530029296875,47.381591796875],[-2.503124999999983,47.312060546874996],[-2.4344238281249773,47.290966796875],[-2.35302734375,47.278759765625],[-1.9753906249999886,47.310693359374994],[-1.7425292968749773,47.215966796874994],[-1.8212890625,47.225341796875],[-1.9217285156249773,47.260644531249994],[-2.027587890625,47.273583984374994],[-2.1083007812499943,47.262939453125],[-2.1485839843749943,47.223925781249996],[-2.1970703124999886,47.162939453125],[-2.1435546875,47.126318359375],[-2.0819335937499943,47.111621093749996],[-2.0188964843749773,47.037646484374996],[-2.090283203124983,46.9205078125],[-2.092480468749983,46.865039062499996],[-2.0593749999999886,46.810302734375],[-1.9214355468749886,46.684814453125],[-1.7865234374999943,46.51484375],[-1.3924804687499943,46.35009765625],[-1.3127929687499886,46.326904296875],[-1.2388183593749886,46.324511718749996],[-1.1462890624999886,46.311376953125],[-1.132031249999983,46.252685546875],[-1.1363769531249943,46.204833984375],[-1.1043945312499943,45.925341796874996],[-1.0660156249999773,45.8056640625],[-1.04150390625,45.77265625],[-1.03173828125,45.741064453125],[-1.1143554687499773,45.768505859375],[-1.2099609375,45.770898437499994],[-1.195996093749983,45.714453125],[-1.1699707031249886,45.685937499999994],[-0.8806640624999886,45.53818359375],[-0.790771484375,45.468017578125],[-0.733105468749983,45.384619140625],[-0.64111328125,45.090185546875],[-0.582275390625,45.0513671875],[-0.5484863281249943,45.0005859375],[-0.633984374999983,45.047119140625],[-0.691113281249983,45.09345703125],[-0.7666503906249886,45.314355468749994],[-0.8263183593749943,45.380664062499996],[-0.9417480468749773,45.457080078124996],[-1.081005859374983,45.532421875],[-1.1490722656249943,45.342626953125],[-1.1890624999999773,45.161474609375],[-1.2452148437499773,44.66669921875],[-1.2203124999999773,44.68662109375],[-1.200390624999983,44.726464843749994],[-1.1528808593749886,44.764013671875],[-1.0769531249999886,44.689843749999994],[-1.1708007812499943,44.66181640625],[-1.2455078124999943,44.559863281249996],[-1.3459960937499886,44.02021484375],[-1.48486328125,43.563769531249996],[-1.6314453124999773,43.438037109374996],[-1.7940429687499773,43.40732421875],[-1.8285156249999943,43.400830078125],[-1.9913085937499773,43.345068359375],[-2.1966796874999943,43.321923828124994],[-2.337109374999983,43.328027343749994],[-2.6070800781249943,43.412744140624994],[-2.8750488281249886,43.454443359375],[-2.947705078124983,43.439697265625],[-3.045605468749983,43.37158203125],[-3.4178710937499943,43.451708984374996],[-3.523632812499983,43.511035156249996],[-3.6046386718749943,43.519482421875],[-3.7740234374999773,43.477880859375],[-3.889355468749983,43.499414062499994],[-4.015332031249983,43.4630859375],[-4.312792968749989,43.41474609375],[-4.523046874999977,43.41572265625],[-5.105273437499989,43.501855468749994],[-5.315722656249989,43.553173828125],[-5.665820312499989,43.582470703125],[-5.8466796875,43.645068359374996],[-6.080126953124989,43.594921875],[-6.22412109375,43.603857421875],[-6.475683593749977,43.578906249999996],[-6.617285156249977,43.5923828125],[-6.900683593749989,43.58564453125],[-7.060986328124983,43.553955078125],[-7.261962890625,43.594628906249994],[-7.399316406249994,43.69580078125],[-7.503613281249983,43.73994140625],[-7.594580078124977,43.727343749999996],[-7.698144531249994,43.764550781249994],[-7.852734374999983,43.706982421875],[-8.004687499999989,43.694384765624996],[-8.137158203124983,43.629052734374994],[-8.256738281249994,43.579882812499996],[-8.288867187499989,43.539599609374996],[-8.252294921874977,43.496923828125],[-8.248925781249994,43.439404296875],[-8.35546875,43.396826171875],[-8.421582031249983,43.38583984375],[-8.537060546874983,43.337060546874994],[-8.665624999999977,43.3166015625],[-8.873681640624994,43.334423828125],[-9.024511718749977,43.23896484375],[-9.095556640624977,43.214208984375],[-9.178076171874977,43.1740234375],[-9.235644531249989,43.035791015624994],[-9.235205078124977,42.976904296875],[-9.179443359375,42.910986328125],[-9.127197265625,42.865234375],[-9.041601562499977,42.814013671874996],[-8.927197265624983,42.798583984375],[-8.937207031249983,42.76669921875],[-9.035058593749994,42.662353515625],[-9.033105468749994,42.59384765625],[-8.98779296875,42.58564453125],[-8.8115234375,42.64033203125],[-8.799902343749977,42.599902343749996],[-8.809912109374977,42.562353515625],[-8.812109374999977,42.470068359375],[-8.776171874999989,42.434814453125],[-8.730029296874989,42.41171875],[-8.769384765624977,42.358154296875],[-8.809960937499994,42.33447265625],[-8.815820312499994,42.28525390625],[-8.729199218749983,42.287011718749994],[-8.69091796875,42.274169921875],[-8.7724609375,42.210595703124994],[-8.88720703125,42.105273437499996],[-8.878320312499994,41.946875],[-8.852343749999989,41.926904296874994],[-8.777148437499989,41.941064453124994],[-8.878222656249989,41.832080078124996],[-8.887597656249994,41.764599609375],[-8.846386718749983,41.70517578125],[-8.755419921874989,41.698388671874994],[-8.810839843749989,41.651953125],[-8.8056640625,41.560009765625],[-8.738378906249977,41.28466796875],[-8.674609374999989,41.1544921875],[-8.659814453124994,41.086279296875],[-8.655566406249989,41.0294921875],[-8.673974609374994,40.91650390625],[-8.684619140624989,40.7525390625],[-8.731591796874994,40.650927734374996],[-8.772412109374983,40.6056640625],[-8.872656249999977,40.259082031249996],[-8.886621093749994,40.179443359375],[-8.851318359375,40.151806640625],[-8.837841796874983,40.115673828125],[-9.004052734374994,39.820556640625],[-9.148291015624977,39.542578125],[-9.251416015624983,39.426025390625],[-9.319628906249989,39.39111328125],[-9.374755859375,39.338281249999994],[-9.357226562499989,39.28427734375],[-9.352832031249989,39.24814453125],[-9.414355468749989,39.112109374999996],[-9.431445312499989,38.96044921875],[-9.474755859374994,38.852929687499994],[-9.479736328125,38.798779296875],[-9.47412109375,38.730859374999994],[-9.410205078124989,38.70751953125],[-9.356738281249989,38.697900390624994],[-9.252294921874977,38.712792968749994],[-9.135791015624989,38.7427734375],[-9.091015624999983,38.83466796875],[-8.954296874999983,39.016064453125],[-8.867480468749989,39.065966796874996],[-8.791601562499977,39.078173828124996],[-8.938085937499977,38.998095703124996],[-9.00048828125,38.90302734375],[-8.97705078125,38.8029296875],[-9.021484375,38.746874999999996],[-9.093310546874989,38.696679687499994],[-9.177832031249977,38.687792968749996],[-9.250390624999994,38.65673828125],[-9.203369140625,38.538964843749994],[-9.213281249999994,38.448095703125],[-9.186718749999983,38.43818359375],[-9.095996093749989,38.455224609374994],[-8.914794921875,38.512109374999994],[-8.861621093749989,38.5099609375],[-8.798876953124989,38.5181640625],[-8.733984374999977,38.482421875],[-8.668310546874977,38.42431640625],[-8.881103515625,38.446679687499994],[-8.810937499999994,38.299755859375],[-8.80224609375,38.183837890625],[-8.878955078124989,37.95869140625],[-8.822656249999994,37.871874999999996],[-8.791845703124977,37.732812499999994],[-8.818554687499983,37.592431640624994],[-8.814160156249983,37.430810546874994],[-8.92626953125,37.166064453124996],[-8.997802734375,37.032275390624996],[-8.935351562499989,37.016015624999994],[-8.848437499999989,37.07568359375],[-8.739111328124977,37.074609374999994],[-8.59765625,37.121337890625],[-8.484326171874983,37.100048828125],[-8.136767578124989,37.077050781249994],[-7.939697265625,37.005419921874996],[-7.834130859374994,37.005712890625],[-7.493603515624983,37.168310546875],[-7.406152343749994,37.179443359375],[-7.174951171874994,37.208789062499996],[-6.974658203124989,37.1984375],[-6.929492187499989,37.21494140625],[-6.86376953125,37.27890625],[-6.859375,37.249169921874994],[-6.884619140624977,37.194238281249994],[-6.492431640625,36.954638671874996],[-6.396191406249983,36.831640625],[-6.320947265624994,36.908496093749996],[-6.216796875,36.91357421875],[-6.259423828124994,36.898974609374996],[-6.328320312499983,36.84814453125],[-6.412255859374994,36.728857421875],[-6.384130859374977,36.637011718749996],[-6.268945312499994,36.596728515624996],[-6.257714843749994,36.564843749999994],[-6.265917968749989,36.526513671874994],[-6.226269531249983,36.42646484375],[-6.170458984374989,36.333789062499996],[-6.040673828124994,36.188427734375],[-5.960693359375,36.18173828125],[-5.808398437499989,36.088330078125],[-5.62548828125,36.025927734374996],[-5.55126953125,36.038818359375],[-5.462499999999977,36.073779296874996],[-5.443603515625,36.1505859375],[-5.4072265625,36.15888671875],[-5.381591796875,36.134082031249996],[-5.360937499999977,36.134912109374994],[-5.329687499999977,36.235742187499994],[-5.230517578124989,36.3736328125],[-5.171484374999977,36.423779296875],[-4.935302734375,36.50205078125],[-4.674121093749989,36.5064453125],[-4.502246093749989,36.629150390625],[-4.434863281249989,36.700244140624996],[-4.366845703124994,36.718115234375],[-3.8277832031249943,36.7560546875],[-3.578808593749983,36.73984375],[-3.4312499999999773,36.707910156249994],[-3.2591308593749773,36.755761718749994],[-3.149169921875,36.75849609375],[-2.90185546875,36.7431640625],[-2.787548828124983,36.714746093749994],[-2.670605468749983,36.74755859375],[-2.595703125,36.806494140625],[-2.452832031249983,36.83115234375],[-2.3055664062499943,36.81982421875],[-2.187695312499983,36.745458984375],[-2.111523437499983,36.776660156249996],[-1.9393066406249773,36.945849609374996],[-1.797607421875,37.232861328125],[-1.6409667968749773,37.386962890625],[-1.3275390624999943,37.5611328125],[-0.9380859374999773,37.571337890624996],[-0.8221679687499943,37.58076171875],[-0.7718749999999943,37.596240234374996],[-0.7215820312499943,37.6310546875],[-0.8230957031249773,37.71162109375],[-0.814648437499983,37.769921874999994],[-0.7527343749999886,37.850244140624994],[-0.7415527343749773,37.886132812499994],[-0.6832031249999773,37.992041015625],[-0.6467773437499886,38.15185546875],[-0.5506835937499943,38.203125],[-0.5208007812499886,38.317285156249994],[-0.3812499999999943,38.43564453125],[-0.052734375,38.585693359375],[0.13632812500000568,38.69677734375],[0.20156250000002274,38.759179687499994],[0.15488281250000568,38.824658203125],[-0.03413085937498295,38.8912109375],[-0.1337890625,38.969482421875],[-0.20493164062497726,39.06259765625],[-0.32895507812497726,39.41708984375],[-0.32700195312497726,39.519873046875],[-0.07514648437498295,39.875927734375],[0.043066406250005684,40.013964843749996],[0.15839843750001137,40.106591796874994],[0.36367187500002274,40.31904296875],[0.5960937500000227,40.614501953125],[0.6271484375000114,40.622216796874994],[0.6600585937500227,40.613330078124996],[0.7206054687500227,40.63046875],[0.859179687500017,40.68623046875],[0.89111328125,40.72236328125],[0.7960937500000114,40.80380859375],[0.714648437500017,40.8228515625],[0.81689453125,40.8916015625],[1.0329101562500114,41.062060546874996],[1.205859375000017,41.097558593749994],[1.5666015625000114,41.195605468749996],[2.0826171875000057,41.287402343749996],[2.1456054687500057,41.320751953125],[2.3109375000000227,41.46650390625],[3.0048828125,41.767431640625],[3.1468750000000227,41.86103515625],[3.248046875,41.944238281249994],[3.238085937500017,42.0822265625],[3.224609375,42.111132812499996],[3.1751953125000227,42.135986328125],[3.150390625,42.162451171875],[3.1664062500000227,42.256494140624994],[3.2186523437500227,42.2603515625],[3.3067382812500057,42.288964843749994],[3.287890625000017,42.343701171875],[3.2398437500000057,42.36787109375],[3.21142578125,42.43115234375],[3.1978515625000057,42.461181640625],[3.0909179687500057,42.590869140624996],[3.0430664062500057,42.837890625],[3.0517578125,42.91513671875],[3.162890625000017,43.08076171875],[3.2588867187500057,43.193212890625],[3.7847656250000057,43.46162109375],[3.861621093750017,43.516357421875],[3.9108398437500114,43.5630859375],[4.052636718750023,43.593066406249996],[4.075097656250023,43.581835937499996],[4.113085937500017,43.563037109374996],[4.162792968750011,43.503662109375],[4.224218750000006,43.479638671874994],[4.376171875000011,43.456396484375],[4.409765625000006,43.447216796875],[4.628710937500017,43.387109374999994],[4.712109375000011,43.373291015625],[4.7890625,43.37890625],[4.787207031250006,43.401416015624996],[4.807910156250017,43.405224609375],[4.843554687500017,43.393945312499994],[4.873730468750011,43.41162109375],[4.911914062500017,43.426953125],[4.975976562500023,43.426953125],[5.059765625000011,43.44453125],[5.060839843750017,43.406298828124996],[5.073144531250023,43.366601562499994],[5.120410156250017,43.348974609375],[5.199511718750017,43.352490234375],[5.320214843750023,43.344921875],[5.406542968750017,43.228515625],[5.671582031250011,43.17783203125],[5.809472656250023,43.097900390625],[6.030566406250017,43.100976562499994],[6.115917968750011,43.07236328125],[6.305371093750011,43.138720703124996],[6.494042968750023,43.169287109375],[6.570214843750023,43.199072265625],[6.6572265625,43.261669921875],[6.687402343750023,43.3345703125],[6.716601562500017,43.373583984374996],[6.86474609375,43.438330078125],[7.181445312500017,43.659130859375],[7.261523437500017,43.696093749999996],[7.4931640625,43.767138671874996],[7.733300781250023,43.802587890625],[8.004980468750006,43.876757812499996],[8.081640625000006,43.9189453125],[8.292382812500023,44.136523437499996],[8.551953125000011,44.346142578125],[8.765820312500011,44.422314453125],[8.930371093750011,44.407763671874996],[9.195996093750011,44.322998046875],[9.289355468750017,44.319238281249994],[9.730859375000023,44.101171875],[10.047656250000017,44.019970703125],[10.188085937500006,43.947509765625],[10.245800781250011,43.852099609374996],[10.320507812500011,43.513085937499994],[10.447558593750017,43.37119140625],[10.520800781250017,43.20380859375],[10.532324218750006,43.14013671875],[10.517285156250011,43.06513671875],[10.514843750000011,42.967529296875],[10.590234375000023,42.95361328125],[10.644628906250006,42.957177734374994],[10.708398437500023,42.936328124999996],[10.737109375000017,42.899951171874996],[10.76513671875,42.844677734375],[10.803125000000023,42.804296875],[10.937792968750017,42.738720703125],[11.167773437500017,42.53515625],[11.184765625000011,42.456591796874996],[11.141796875000011,42.444091796875],[11.103222656250011,42.4166015625],[11.141210937500006,42.389892578125],[11.188867187500023,42.393115234374996],[11.249707031250011,42.41572265625],[11.296289062500023,42.423291015625],[11.498437500000023,42.362939453124994],[11.637304687500006,42.287548828125],[11.807031250000023,42.08203125],[12.075292968750006,41.940869140625],[12.205664062500006,41.812646484374994],[12.630859375,41.469677734375],[12.849218750000006,41.408740234374996],[13.024218750000017,41.300927734374994],[13.041015625,41.2662109375],[13.088671875000017,41.24384765625],[13.183398437500017,41.277685546875],[13.246875000000017,41.288867187499996],[13.361914062500006,41.278515625],[13.554785156250006,41.232177734375],[13.669726562500017,41.2544921875],[13.7333984375,41.235644531249996],[13.859765625000023,41.12998046875],[14.047656250000017,40.8703125],[14.044335937500023,40.812255859375],[14.075878906250011,40.7939453125],[14.102343750000017,40.8271484375],[14.147167968750011,40.820703124999994],[14.308886718750017,40.812646484374994],[14.428125000000023,40.759326171874996],[14.460546875000006,40.7287109375],[14.339941406250006,40.598828125],[14.382714843750023,40.599853515625],[14.459375000000023,40.632714843749994],[14.556933593750017,40.626416015625],[14.611230468750023,40.644775390625],[14.765722656250006,40.668408203125],[14.839550781250011,40.62998046875],[14.906933593750011,40.556054687499994],[14.947656250000023,40.4693359375],[14.986132812500017,40.377490234374996],[14.929101562500023,40.3095703125],[14.926953125000011,40.26474609375],[14.950878906250011,40.239013671875],[15.294531250000006,40.07001953125],[15.390917968750017,40.052148437499994],[15.585156250000011,40.05283203125],[15.692773437500023,39.990185546875],[15.763671875,39.870068359375],[15.854394531250023,39.626513671874996],[16.02363281250001,39.35361328125],[16.07148437500001,39.139453124999996],[16.107421875,39.023828124999994],[16.2099609375,38.94111328125],[16.19677734375,38.759228515625],[16.065527343750006,38.73642578125],[15.972363281250011,38.71259765625],[15.926953125000011,38.671728515625],[15.87890625,38.613916015624994],[15.90478515625,38.48349609375],[15.822363281250006,38.302978515625],[15.7001953125,38.2623046875],[15.64306640625,38.175390625],[15.645800781250017,38.034228515624996],[15.724511718750023,37.939111328124994],[16.05683593750001,37.941845703125],[16.109765625000023,38.01865234375],[16.144140625000006,38.086376953125],[16.28242187500001,38.249560546874996],[16.54560546875001,38.409082031249994],[16.57421875,38.493554687499994],[16.558984375000023,38.714794921875],[16.61669921875,38.800146484375],[16.755468750000006,38.889697265624996],[16.951464843750017,38.939794921875],[17.098535156250023,38.919335937499994],[17.174609375000017,38.998095703124996],[17.122949218750023,39.136572265625],[17.114550781250017,39.380615234375],[16.99921875000001,39.481591796874994],[16.824316406250006,39.5783203125],[16.597753906250006,39.638916015625],[16.521875000000023,39.74755859375],[16.52998046875001,39.859667968749996],[16.66962890625001,40.13720703125],[16.807031250000023,40.326464843749996],[16.92822265625,40.458056640624996],[17.03125,40.513476562499996],[17.179980468750017,40.502783203125],[17.21533203125,40.48642578125],[17.249414062500023,40.437890624999994],[17.257714843750023,40.399072265624994],[17.395800781250017,40.340234374999994],[17.476171875000006,40.31494140625],[17.865039062500017,40.280175781249994],[18.077929687500017,39.936962890625],[18.219335937500006,39.8525390625],[18.34375,39.82138671875],[18.393457031250023,39.903613281249996],[18.42255859375001,39.986865234374996],[18.48583984375,40.104833984375],[18.46064453125001,40.221044921875],[18.328222656250006,40.370849609375],[18.0361328125,40.56494140625],[17.954980468750023,40.655175781249994],[17.474218750000006,40.840576171875],[17.275195312500017,40.975439453125],[17.103417968750023,41.062158203124994],[16.551855468750006,41.23203125],[16.012597656250023,41.435400390625],[15.900488281250006,41.512060546875],[15.913769531250011,41.620849609375],[16.03369140625,41.70078125],[16.151269531250023,41.75849609375],[16.18916015625001,41.814013671874996],[16.164648437500006,41.89619140625],[16.0615234375,41.928124999999994],[15.964062500000011,41.939453125],[15.404980468750011,41.913232421874994],[15.168750000000017,41.934033203125],[14.866113281250023,42.052539062499996],[14.540722656250011,42.244287109374994],[14.182714843750006,42.5064453125],[14.010449218750011,42.68955078125],[13.924902343750006,42.8515625],[13.8046875,43.18037109375],[13.693261718750023,43.389892578125],[13.564160156250011,43.5712890625],[13.508203125000023,43.611669921875],[13.295312500000023,43.686083984374996],[12.907031250000017,43.921191406249996],[12.691113281250011,43.9947265625],[12.48681640625,44.134228515625],[12.396289062500017,44.223876953125],[12.304980468750017,44.429443359375],[12.248339843750017,44.722509765625],[12.278906250000006,44.8322265625],[12.319042968750011,44.83310546875],[12.384472656250011,44.79833984375],[12.463574218750011,44.84521484375],[12.497949218750023,44.8994140625],[12.5234375,44.96796875],[12.392480468750023,45.039794921875],[12.286328125000011,45.20771484375],[12.225683593750006,45.241503906249996],[12.248828125000017,45.36884765625],[12.274316406250023,45.446044921875],[12.353808593750017,45.491992187499996],[12.491796875000006,45.546289062499994],[12.5361328125,45.544921875],[12.43212890625,45.467919921874994],[12.49755859375,45.461669921875],[12.611718750000023,45.497216796874994],[12.76123046875,45.544287109375],[12.903027343750011,45.610791015625],[13.0302734375,45.637499999999996],[13.1201171875,45.697900390624994],[13.15673828125,45.74658203125],[13.206347656250017,45.771386718749994],[13.465136718750017,45.7099609375],[13.558203125000006,45.770703125],[13.628320312500023,45.770947265625],[13.783300781250006,45.627246093749996],[13.719824218750006,45.58759765625],[13.637304687500006,45.535937499999996],[13.577929687500017,45.516894531249996],[13.517187500000006,45.481787109375],[13.603320312500017,45.231396484375],[13.613476562500011,45.163427734375],[13.629296875000023,45.108203124999996],[13.742480468750017,44.991503906249996],[13.860742187500023,44.83740234375],[13.899804687500023,44.829345703125],[13.9658203125,44.83564453125],[14.0419921875,44.927197265625],[14.090625000000017,44.997607421874996],[14.236328125,45.15966796875],[14.2685546875,45.282519531249996],[14.312695312500011,45.337792968749994],[14.386132812500023,45.342138671875],[14.550488281250011,45.297705078125],[14.632031250000011,45.222900390625],[14.854589843750006,45.081005859375],[14.906542968750017,44.97138671875],[14.88525390625,44.818261718749994],[14.895214843750011,44.706591796874996],[14.981347656250023,44.602929687499994],[15.269824218750017,44.38349609375],[15.38134765625,44.328271484374994],[15.470996093750017,44.27197265625],[15.369726562500006,44.2892578125],[15.284277343750006,44.288818359375],[15.231347656250023,44.271435546875],[15.184667968750006,44.272900390625],[15.122949218750023,44.256787109375],[15.185839843750017,44.172119140625],[15.499414062500023,43.9087890625],[15.655664062500023,43.811279296875],[15.820605468750017,43.7359375],[15.941503906250006,43.656640624999994],[15.949121093750023,43.606982421874996],[15.942578125000011,43.5689453125],[15.985546875000011,43.519775390625],[16.045996093750006,43.505517578124994],[16.13105468750001,43.506298828125],[16.268945312500023,43.53125],[16.393945312500023,43.543359374999994],[16.60029296875001,43.4640625],[16.903125000000017,43.392431640625],[17.12939453125,43.2111328125],[17.329882812500017,43.114892578124994],[17.53730468750001,42.962255859375],[17.58515625000001,42.938378906249994],[17.667578125000006,42.897119140624994],[17.7236328125,42.85068359375],[17.219824218750006,43.02587890625],[17.12646484375,43.0255859375],[17.04541015625,43.014892578125],[17.258203125000023,42.96845703125],[17.5849609375,42.837158203125],[17.823828125000006,42.797412109374996],[18.16064453125,42.634033203125],[18.3330078125,42.527880859374996],[18.517480468750023,42.432910156249996],[18.553515625000017,42.428515624999996],[18.591601562500017,42.444189453125],[18.645898437500023,42.442724609375],[18.633398437500006,42.423144531249996],[18.619042968750023,42.398388671875],[18.632910156250006,42.378076171874994],[18.89423828125001,42.249462890625],[19.12226562500001,42.060498046875],[19.186425781250023,41.948632812499994],[19.342382812500006,41.869091796875],[19.46826171875,41.85615234375],[19.577539062500023,41.787499999999994],[19.57568359375,41.640429687499996],[19.545800781250023,41.596826171874994],[19.497363281250017,41.5626953125],[19.44062500000001,41.424755859375],[19.453417968750017,41.32099609375],[19.480078125000006,41.236376953124996],[19.4560546875,41.1060546875],[19.461230468750017,40.93330078125],[19.383886718750006,40.79072265625],[19.337500000000006,40.663818359375],[19.344628906250023,40.6220703125],[19.439257812500017,40.470263671874996],[19.45917968750001,40.40537109375],[19.440527343750006,40.37568359375],[19.39453125,40.393701171874994],[19.35859375000001,40.408740234374996],[19.322265625,40.407080078125],[19.360156250000017,40.347705078124996],[19.39814453125001,40.28486328125],[19.48457031250001,40.2099609375],[19.851855468750017,40.0435546875],[19.96484375,39.872265625],[19.99560546875,39.801025390625],[20.001269531250017,39.709423828125],[20.099414062500017,39.641259765624994],[20.19140625,39.545800781249994],[20.30078125,39.327099609375],[20.46826171875,39.255273437499994],[20.571679687500023,39.147705078125],[20.691308593750023,39.06748046875],[20.71337890625,39.03515625],[20.779687500000023,39.008544921875],[20.922753906250023,39.036767578124994],[21.034082031250023,39.026269531249994],[21.06855468750001,39.032275390624996],[21.11835937500001,39.02998046875],[21.14453125,38.97919921875],[21.15234375,38.9220703125],[21.111621093750017,38.896289062499996],[21.07421875,38.885156249999994],[20.893164062500006,38.94111328125],[20.77734375,38.927880859374994],[20.7685546875,38.874414062499994],[20.77685546875,38.807519531249994],[20.87324218750001,38.775732421875],[20.9921875,38.65400390625],[21.05976562500001,38.503271484375],[21.113183593750023,38.384667968749994],[21.1826171875,38.345556640625],[21.303320312500006,38.373925781249994],[21.32978515625001,38.424365234374996],[21.3310546875,38.4873046875],[21.35546875,38.4748046875],[21.39013671875,38.4078125],[21.472558593750023,38.32138671875],[21.567675781250017,38.33359375],[21.65009765625001,38.35400390625],[21.717089843750017,38.355029296874996],[21.8046875,38.366943359375],[21.96533203125,38.412451171875],[22.226855468750017,38.352832031249996],[22.319921875000006,38.356835937499994],[22.38525390625,38.385546874999996],[22.421679687500017,38.438525390624996],[22.583398437500023,38.344921875],[22.75390625,38.289501953125],[22.78369140625,38.26171875],[22.834375000000023,38.234716796875],[22.932519531250023,38.201953124999996],[22.995410156250017,38.21552734375],[23.03437500000001,38.202099609375],[23.093554687500017,38.196435546874994],[23.14892578125,38.176074218749996],[23.183496093750023,38.133691406249994],[23.15253906250001,38.09638671875],[23.1220703125,38.07333984375],[22.95478515625001,38.074609374999994],[22.893164062500006,38.050927734374994],[22.9169921875,38.007470703124994],[22.920312500000023,37.958300781249996],[22.84638671875001,37.967578124999996],[22.799609375000017,37.981201171875],[22.711523437500006,38.046923828124996],[22.55585937500001,38.113232421875],[22.243750000000006,38.188720703125],[21.95332031250001,38.321191406249994],[21.82470703125,38.328125],[21.748437500000023,38.274218749999996],[21.65839843750001,38.175097656249996],[21.548730468750023,38.164599609374996],[21.451171875,38.204736328124994],[21.403710937500023,38.196679687499994],[21.30810546875,38.02744140625],[21.14501953125,37.919287109375],[21.12470703125001,37.8916015625],[21.137988281250017,37.854150390624994],[21.20527343750001,37.828857421875],[21.288476562500023,37.77451171875],[21.32929687500001,37.669335937499994],[21.41621093750001,37.639941406249996],[21.5712890625,37.541015625],[21.67890625000001,37.38720703125],[21.692480468750006,37.30927734375],[21.57880859375001,37.200390625],[21.582910156250023,37.080957031249994],[21.738085937500017,36.863232421875],[21.892382812500017,36.7373046875],[21.93427734375001,36.803662109375],[21.940039062500006,36.891796875],[21.95556640625,36.990087890625],[22.01171875,37.016503906249994],[22.080468750000023,37.028955078124994],[22.1337890625,36.963916015624996],[22.16474609375001,36.90283203125],[22.23115234375001,36.882568359375],[22.3759765625,36.701904296875],[22.381250000000023,36.64619140625],[22.374804687500017,36.513574218749994],[22.427734375,36.47578125],[22.48945312500001,36.446923828124994],[22.489062500000017,36.568164062499996],[22.6083984375,36.779736328125],[22.717187500000023,36.7939453125],[22.779882812500006,36.786181640624996],[22.832324218750017,36.687109375],[22.98291015625,36.528369140624996],[23.060546875,36.486962890624994],[23.106835937500023,36.45185546875],[23.16015625,36.448095703125],[23.111718750000023,36.547607421875],[23.041015625,36.64453125],[23.073535156250017,36.774951171874996],[23.060351562500017,36.853515625],[22.995019531250023,37.015869140625],[22.85107421875,37.290820312499996],[22.765039062500023,37.393310546875],[22.725390625000017,37.542138671874994],[22.775000000000006,37.585107421874994],[22.85107421875,37.5322265625],[22.940527343750006,37.51708984375],[23.01513671875,37.481787109375],[23.096484375000017,37.440576171874994],[23.100000000000023,37.36376953125],[23.161523437500023,37.333837890625],[23.203027343750023,37.348535156249994],[23.252539062500006,37.377294921875],[23.4892578125,37.440185546875],[23.490625000000023,37.4638671875],[23.458105468750006,37.496923828125],[23.408789062500006,37.541552734374996],[23.39619140625001,37.57978515625],[23.347558593750023,37.597558593749994],[23.2626953125,37.59541015625],[23.197558593750017,37.62021484375],[23.14716796875001,37.716259765625],[23.14716796875001,37.795312499999994],[23.08613281250001,37.853125],[23.03632812500001,37.878369140625],[23.047460937500006,37.902636718749996],[23.08740234375,37.912841796875],[23.193652343750017,37.959033203124996],[23.420214843750017,37.992089843749994],[23.501757812500017,38.03486328125],[23.537207031250006,38.032763671874996],[23.580468750000023,38.010546874999996],[23.732812500000023,37.884082031249996],[23.877343750000023,37.777783203125],[23.971582031250023,37.6767578125],[24.01972656250001,37.677734375],[24.05537109375001,37.709619140624994],[24.062304687500017,37.77451171875],[24.061328125000017,37.817919921874996],[24.033007812500017,37.955322265625],[24.024511718750006,38.139794921874994],[24.00537109375,38.226806640625],[23.96699218750001,38.275],[23.836035156250006,38.325488281249996],[23.683984375000023,38.352441406249994],[23.569628906250017,38.489404296874994],[23.368945312500017,38.525537109374994],[23.2529296875,38.66123046875],[23.1376953125,38.66796875],[23.020312500000017,38.74189453125],[22.774023437500006,38.800390625],[22.6875,38.849169921874996],[22.63427734375,38.85068359375],[22.569140625000017,38.867480468749996],[22.596777343750006,38.890576171875],[22.676855468750006,38.89892578125],[22.802636718750023,38.901611328125],[22.930468750000017,38.947705078125],[23.066699218750017,39.037939453125],[22.96552734375001,39.030908203124994],[22.93896484375,39.1115234375],[22.886035156250017,39.169970703124996],[22.838964843750006,39.258593749999996],[22.92138671875,39.30634765625],[22.99287109375001,39.3310546875],[23.161718750000006,39.257763671875],[23.168750000000017,39.21044921875],[23.119433593750017,39.132763671875],[23.154687500000023,39.101464843749994],[23.218359375000006,39.104394531249994],[23.327734375000006,39.17490234375],[23.288476562500023,39.288818359375],[23.2333984375,39.358447265624996],[23.103417968750023,39.492041015625],[22.978808593750017,39.563818359375],[22.919042968750006,39.62890625],[22.835742187500017,39.800585937499996],[22.592187500000023,40.036914062499996],[22.5693359375,40.1193359375],[22.60546875,40.276416015624996],[22.642675781250006,40.366601562499994],[22.624902343750023,40.428613281249994],[22.629492187500006,40.495556640625],[22.74189453125001,40.536474609375],[22.811425781250023,40.57861328125],[22.922265625000023,40.590869140624996],[22.892871093750017,40.524267578125],[22.851367187500017,40.490624999999994],[22.896484375,40.39990234375],[23.09814453125,40.304296875],[23.31201171875,40.216455078124994],[23.328222656250006,40.08994140625],[23.395605468750006,39.98984375],[23.627343750000023,39.924072265625],[23.657519531250017,39.934472656249994],[23.674121093750017,39.958886718749994],[23.467089843750017,40.07392578125],[23.433203125000006,40.1154296875],[23.38642578125001,40.221972656249996],[23.42626953125,40.263964843749996],[23.66455078125,40.223828125],[23.835351562500023,40.022265624999996],[23.947070312500017,39.965576171875],[23.981835937500023,39.994042968749994],[24.000781250000017,40.024609375],[23.96748046875001,40.114550781249996],[23.917578125000006,40.155224609375],[23.82343750000001,40.205126953124996],[23.720507812500017,40.286279296874994],[23.727929687500023,40.329736328124994],[23.82343750000001,40.368017578125],[23.913183593750006,40.358789062499994],[24.056054687500023,40.303564453125],[24.158789062500006,40.280029296875],[24.232421875,40.215185546875],[24.343359375000006,40.147705078125],[24.29248046875,40.241796875],[24.212792968750023,40.327783203124994],[24.030566406250017,40.409326171874994],[23.932031250000023,40.40576171875],[23.866796875000006,40.4185546875],[23.831933593750023,40.48154296875],[23.87890625,40.544384765625],[23.778710937500023,40.627978515624996],[23.743261718750006,40.677001953125],[23.762792968750006,40.747802734375],[23.946093750000017,40.748339843749996],[24.082324218750017,40.724072265625],[24.234375,40.7861328125],[24.3837890625,40.912744140624994],[24.47705078125,40.94775390625],[24.556542968750023,40.935595703124996],[24.6787109375,40.869482421875],[24.79296875,40.85751953125],[25.004687500000017,40.967529296875],[25.1044921875,40.9947265625],[25.250097656250006,40.9328125],[25.325292968750006,40.943115234375],[25.49677734375001,40.88779296875],[25.85566406250001,40.844091796875],[26.0107421875,40.769140625],[26.038964843750023,40.7267578125],[26.067773437500023,40.683398437499996],[26.10546875,40.611328125],[26.224218750000006,40.618066406249994],[26.360937500000006,40.606347656249994],[26.578125,40.624658203124994],[26.792089843750006,40.626611328124994],[26.720312500000006,40.544238281249996],[26.44746093750001,40.44501953125],[26.355273437500017,40.390234375],[26.253808593750023,40.314697265625],[26.252343750000023,40.24814453125],[26.260156250000023,40.202392578125],[26.225976562500023,40.14169921875],[26.202734375000006,40.075390625],[26.271777343750017,40.096582031249994],[26.329980468750023,40.123388671875],[26.46796875000001,40.261474609375],[26.772070312500006,40.498046875],[26.974609375,40.564013671874996],[27.25800781250001,40.687353515625],[27.43017578125,40.83994140625],[27.499414062500023,40.97314453125],[27.747363281250017,41.01328125],[27.925195312500023,40.990576171875],[28.085546875000006,41.061328124999996],[28.172167968750017,41.080712890624994],[28.294921875,41.071484375],[28.780371093750006,40.974169921874996],[28.95625000000001,41.008203124999994],[28.995996093750023,41.0611328125],[29.032128906250023,41.140478515625],[29.057226562500006,41.229736328125],[28.94677734375,41.248388671875],[28.34638671875001,41.466357421874996],[28.197851562500006,41.554492187499996],[28.05029296875,41.729150390624994],[27.9873046875,41.854882812499994],[28.014453125000017,41.969042968749996],[27.982714843750017,42.047412109374996],[27.821386718750006,42.2080078125],[27.70820312500001,42.349951171875],[27.639550781250023,42.4009765625],[27.484765625000023,42.468066406249996],[27.753710937500017,42.70654296875],[27.818359375,42.716650390625],[27.88886718750001,42.74970703125],[27.896484375,43.020703125],[27.92890625000001,43.1861328125],[27.979296875000017,43.230517578124996],[28.03515625,43.26826171875],[28.133691406250023,43.39560546875],[28.319628906250017,43.42685546875],[28.465429687500006,43.389306640624994],[28.561816406250017,43.501318359375],[28.585351562500023,43.742236328124996],[28.590722656250023,43.797412109374996],[28.658593750000023,43.983837890625],[28.645410156250023,44.295654296875],[28.69921875,44.37421875],[28.85175781250001,44.506103515625],[28.88818359375,44.574755859374996],[28.807031250000023,44.5650390625],[28.813574218750006,44.602490234375],[28.846484375000017,44.636865234374994],[28.849023437500023,44.71630859375],[28.870410156250017,44.749951171875],[28.926171875000023,44.810009765625],[28.891503906250023,44.91865234375],[28.930566406250023,44.9658203125],[28.98066406250001,44.992919921875],[29.095312500000006,44.975048828125],[29.047753906250023,44.925683593749994],[29.069140625000017,44.871142578124996],[29.0810546875,44.798828125],[29.048242187500023,44.757568359375],[29.557519531250023,44.843408203124994],[29.60546875,44.915478515625],[29.635351562500006,44.979638671874994],[29.678613281250023,45.151660156249996],[29.689062500000006,45.193212890625],[29.705859375000017,45.259912109374994],[29.726953125000023,45.343310546874996],[29.670312500000023,45.540673828124994],[29.601171875000006,45.599999999999994],[29.601660156250006,45.682519531249994],[29.62841796875,45.722460937499996],[29.68505859375,45.754687499999996],[29.821191406250023,45.732080078124994],[29.901660156250017,45.752392578125],[30.006640625000017,45.79794921875],[30.184179687500006,45.849951171875],[30.219042968750017,45.866748046874996],[30.492968750000017,46.090136718749996],[30.511523437500017,46.105371093749994],[30.65673828125,46.266503906249994],[30.672265625000023,46.304003906249996],[30.7216796875,46.3662109375],[30.772851562500023,46.473046874999994],[30.796289062500023,46.552001953125],[31.136816406250006,46.624462890625],[31.3203125,46.6125],[31.402929687500006,46.628808593749994],[31.496875000000017,46.73837890625],[31.563378906250023,46.777294921875],[31.532128906250023,46.66474609375],[31.657031250000017,46.642431640625],[31.779589843750017,46.631640624999996],[31.872851562500017,46.649755859375],[31.901660156250017,46.721630859375],[31.912695312500006,46.926123046875],[31.86591796875001,47.003271484375],[31.8369140625,47.08701171875],[31.759179687500023,47.212841796875],[31.838183593750017,47.1572265625],[31.86474609375,47.095117187499994],[31.939550781250006,46.981982421874996],[31.96406250000001,46.854833984375],[31.944921875000006,46.784375],[31.97431640625001,46.708789062499996],[32.04433593750002,46.642480468749994],[32.12724609375002,46.597216796874996],[32.354101562500006,46.564843749999994],[32.57802734375002,46.615624999999994],[32.55253906250002,46.5919921875],[32.4189453125,46.5177734375],[32.361328125,46.474951171875],[32.131445312500006,46.509375],[31.8779296875,46.5216796875],[31.71601562500001,46.554980468749996],[31.55488281250001,46.554296875],[31.623632812500006,46.51025390625],[31.713671875000017,46.47177734375],[31.855761718750017,46.462451171874996],[32.00849609375001,46.429980468749996],[32.01308593750002,46.387158203125],[31.99169921875,46.364404296874994],[31.915917968750023,46.348681640624996],[31.842871093750006,46.346142578125],[31.77998046875001,46.324658203125],[31.83125000000001,46.281689453125],[31.925195312500023,46.287255859374994],[32.035742187500006,46.260986328125],[32.32988281250002,46.13037109375],[32.47675781250001,46.08369140625],[32.796875,46.131494140624994],[32.94179687500002,46.123779296875],[33.202246093750006,46.175732421875],[33.26347656250002,46.12568359375],[33.42988281250001,46.0576171875],[33.49882812500002,46.078857421875],[33.59414062500002,46.096240234374996],[33.63671875,46.032861328124994],[33.66484375000002,45.947070312499996],[33.46621093750002,45.837939453124996],[33.28007812500002,45.765234375],[33.14228515625001,45.74921875],[32.82802734375002,45.593017578125],[32.50800781250001,45.40380859375],[32.551855468750006,45.350390624999996],[32.611328125,45.328076171875],[32.77265625000001,45.358984375],[32.91865234375001,45.34814453125],[33.18691406250002,45.194775390625],[33.26152343750002,45.170751953125],[33.39248046875002,45.187841796875],[33.55517578125,45.09765625],[33.601171875000006,44.981494140624996],[33.61220703125002,44.9078125],[33.53007812500002,44.680517578125],[33.491308593750006,44.618603515625],[33.46269531250002,44.596826171874994],[33.45068359375,44.553662109375],[33.655859375000006,44.433203125],[33.75566406250002,44.39892578125],[33.90996093750002,44.387597656249994],[34.07441406250001,44.423828125],[34.28173828125,44.538427734375],[34.46992187500001,44.7216796875],[34.716894531250006,44.80712890625],[34.887792968750006,44.823583984375],[35.08769531250002,44.802636718749994],[35.15478515625,44.896337890625],[35.35781250000002,44.978417968749994],[35.47255859375002,45.098486328125],[35.56953125000001,45.1193359375],[35.67753906250002,45.102001953125],[35.75947265625001,45.070849609374996],[35.80361328125002,45.039599609374996],[35.8701171875,45.005322265625],[36.054785156250006,45.030810546874996],[36.22988281250002,45.0259765625],[36.39335937500002,45.065380859375],[36.42841796875001,45.153271484375],[36.450781250000006,45.232324218749994],[36.514257812500006,45.303759765624996],[36.57500000000002,45.3935546875],[36.42705078125002,45.433251953124994],[36.29033203125002,45.45673828125],[36.170507812500006,45.453076171875],[36.0771484375,45.424121093749996],[36.01289062500001,45.3716796875],[35.83349609375,45.401611328125],[35.7509765625,45.38935546875],[35.55800781250002,45.310888671875],[35.45751953125,45.316308593749994],[35.37392578125002,45.35361328125],[35.26015625000002,45.446923828124994],[35.02285156250002,45.700976562499996],[34.90664062500002,45.878808593749994],[34.85732421875002,45.987353515624996],[34.84375,46.073583984375],[34.849609375,46.189892578125],[34.96953125000002,46.242089843749994],[35.064062500000006,46.267236328124994],[35.23037109375002,46.440625],[35.2919921875,46.370703125],[35.29091796875002,46.314404296875],[35.28017578125002,46.2794921875],[35.2177734375,46.232177734375],[35.01455078125002,46.106005859374996],[35.055273437500006,46.10400390625],[35.13232421875,46.125878906249994],[35.20439453125002,46.169189453125],[35.25664062500002,46.203906249999996],[35.40019531250002,46.381396484374996],[35.8271484375,46.624316406249996],[36.02490234375,46.666796874999996],[36.19462890625002,46.6455078125],[36.27949218750001,46.658593749999994],[36.43203125000002,46.732568359374994],[36.55878906250001,46.7626953125],[36.68867187500001,46.764111328125],[36.79482421875002,46.714404296874996],[36.93203125000002,46.825146484375],[37.04755859375001,46.876220703125],[37.21855468750002,46.917333984375],[37.33984375,46.916894531249994],[37.54335937500002,47.074560546875],[37.828710937500006,47.095849609374994],[38.178320312500006,47.080224609374994],[38.21435546875,47.091455078124994],[38.48476562500002,47.175537109375],[38.577246093750006,47.239111328125],[38.76191406250001,47.261621093749994],[38.73603515625001,47.23583984375],[38.64433593750002,47.212207031249996],[38.55244140625001,47.150341796875],[38.66816406250001,47.143945312499994],[38.928320312500006,47.175683593749994],[39.02373046875002,47.272216796875],[39.19570312500002,47.268847656249996],[39.24453125000002,47.199511718749996],[39.29345703125,47.105761718749996],[39.2890625,47.0708984375],[39.27070312500001,47.044140625],[39.12675781250002,47.0234375],[38.80107421875002,46.906152343749994],[38.63076171875002,46.873046875],[38.43867187500001,46.8130859375],[38.48798828125001,46.732177734375],[38.5009765625,46.663671875],[38.34345703125001,46.6783203125],[38.22998046875,46.70126953125],[38.15947265625002,46.690673828125],[37.96796875000001,46.618017578125],[37.86738281250001,46.6337890625],[37.76650390625002,46.636132812499994],[37.8095703125,46.532080078125],[37.91386718750002,46.406494140625],[37.9775390625,46.382861328124996],[38.077734375000006,46.394335937499996],[38.31523437500002,46.241943359375],[38.492285156250006,46.09052734375],[38.400390625,46.080029296875],[38.31181640625002,46.095361328124994],[38.18359375,46.09482421875],[38.1328125,46.002832031249994],[38.07958984375,45.934814453125],[38.06972656250002,45.969873046874994],[38.073828125000006,46.01708984375],[38.014257812500006,46.047753906249994],[37.93310546875,46.001708984375],[37.840917968750006,45.799560546875],[37.66923828125002,45.654052734375],[37.612402343750006,45.564697265625],[37.609960937500006,45.49951171875],[37.634375000000006,45.486328125],[37.671875,45.48837890625],[37.672949218750006,45.429736328124996],[37.64716796875001,45.377197265625],[37.264257812500006,45.310937499999994],[37.21357421875001,45.272314453125],[37.103515625,45.302880859374994],[36.97783203125002,45.383593749999996],[36.86591796875001,45.427050781249996],[36.79375000000002,45.409716796874996],[36.72041015625001,45.371874999999996],[36.76162109375002,45.34833984375],[36.81103515625,45.3400390625],[36.94121093750002,45.289697265624994],[36.873046875,45.251757812499996],[36.619140625,45.185498046875],[36.62763671875001,45.151318359375],[36.65078125000002,45.12646484375],[36.944433593750006,45.069580078125],[37.20478515625001,44.971972656249996],[37.28408203125002,44.905029296875],[37.35234375000002,44.788378906249996],[37.41132812500001,44.7353515625],[37.4951171875,44.695263671875],[37.57246093750001,44.670849609375],[37.70488281250002,44.661376953125],[37.85146484375002,44.698828125],[38.181250000000006,44.419677734375],[38.31181640625002,44.374462890625],[38.635839843750006,44.318017578124994],[38.71728515625,44.2880859375],[39.32939453125002,43.897265624999996],[39.516699218750006,43.727880859375],[39.873632812500006,43.472802734374994],[39.97832031250002,43.419824218749994],[40.19062500000001,43.312402343749994],[40.46210937500001,43.145703125],[40.524023437500006,43.121044921875],[40.83662109375001,43.0634765625],[41.061621093750006,42.930859375],[41.12871093750002,42.828125],[41.41943359375,42.737646484375],[41.48876953125,42.659326171874994],[41.577734375000006,42.397851562499994],[41.66328125000001,42.146874999999994],[41.76298828125002,41.970019531249996],[41.7607421875,41.88486328125],[41.7587890625,41.817138671875],[41.701757812500006,41.705419921875],[41.51005859375002,41.517480468749994],[41.41435546875002,41.423632812499996],[41.083593750000006,41.261181640625],[40.95947265625,41.21162109375],[40.81953125000001,41.190234374999996],[40.6875,41.107421875],[40.265234375000006,40.961328124999994],[40.12841796875,40.943017578124994],[40.00019531250001,40.9771484375],[39.9111328125,40.966455078124994],[39.80791015625002,40.98251953125],[39.426367187500006,41.1064453125],[38.852148437500006,41.01767578125],[38.55693359375002,40.9365234375],[38.38105468750001,40.92451171875],[37.91005859375002,41.001904296875],[37.765625,41.078906249999996],[37.43095703125002,41.114111328125],[37.06621093750002,41.184423828125],[36.99199218750002,41.275390625],[36.77773437500002,41.3634765625],[36.647070312500006,41.3525390625],[36.58710937500001,41.32666015625],[36.50966796875002,41.262499999999996],[36.405371093750006,41.274609375],[36.278417968750006,41.3361328125],[36.17919921875,41.426562499999996],[36.0517578125,41.682568359375],[35.978125000000006,41.704833984375],[35.91982421875002,41.713720703125],[35.55800781250002,41.634033203125],[35.29775390625002,41.728515625],[35.20917968750001,41.794384765625],[35.1220703125,41.89111328125],[35.11406250000002,41.956982421875],[35.14101562500002,41.989501953125],[35.154882812500006,42.0275390625],[35.006445312500006,42.063281249999996],[34.75048828125,41.956835937499996],[34.192968750000006,41.963671874999996],[33.38134765625,42.017578125],[33.284765625000006,42.00458984375],[32.94667968750002,41.891748046874994],[32.54218750000001,41.806396484375],[32.30644531250002,41.72958984375],[32.08642578125,41.589208984375],[31.4580078125,41.32001953125],[31.3466796875,41.15791015625],[31.2548828125,41.1076171875],[30.81005859375,41.084863281249994],[30.34492187500001,41.196923828124994],[29.919335937500023,41.150830078125],[29.322265625,41.227734375],[29.14814453125001,41.221044921875],[29.094335937500006,41.17724609375],[29.0673828125,41.10166015625],[29.045507812500006,41.007568359375],[29.08222656250001,40.963427734374996],[29.113867187500006,40.937841796875],[29.259765625,40.847314453124994],[29.36474609375,40.80927734375],[29.800585937500017,40.760156249999994],[29.849218750000006,40.760107421875],[29.84492187500001,40.738085937499996],[29.507617187500017,40.708398437499994],[29.054101562500023,40.64912109375],[28.9580078125,40.63056640625],[28.787890625000017,40.534033203125],[28.841210937500023,40.503466796874996],[28.894628906250006,40.482421875],[28.974023437500023,40.4673828125],[29.05517578125,40.424169921875],[29.007128906250017,40.38974609375],[28.738867187500006,40.390869140625],[28.630273437500023,40.37646484375],[28.2890625,40.40302734375],[27.96259765625001,40.369873046875],[27.92890625000001,40.380419921874996],[27.96435546875,40.435302734375],[27.99482421875001,40.466601562499996],[27.989550781250017,40.489453125],[27.874902343750023,40.512939453125],[27.769140625000006,40.509619140625],[27.731835937500023,40.481494140624996],[27.848535156250023,40.381738281249994],[27.789355468750017,40.350878906249996],[27.72802734375,40.32880859375],[27.4755859375,40.319921875],[27.332617187500006,40.375927734375],[27.31416015625001,40.414892578125],[27.284570312500023,40.455615234374996],[27.121679687500006,40.45234375],[27.012109375000023,40.396337890625],[26.738085937500017,40.400244140625],[26.475390625000017,40.197265625],[26.313378906250023,40.025],[26.18134765625001,39.990087890625],[26.149804687500023,39.872851562499996],[26.154687500000023,39.656640624999994],[26.101367187500017,39.5689453125],[26.095996093750017,39.520800781249996],[26.113085937500017,39.4673828125],[26.35078125000001,39.48408203125],[26.48408203125001,39.520703125],[26.827050781250023,39.562890624999994],[26.899218750000017,39.549658203125],[26.910937500000017,39.517333984375],[26.813281250000017,39.41904296875],[26.710742187500017,39.339648437499996],[26.68183593750001,39.292236328125],[26.719335937500006,39.260644531249994],[26.853613281250006,39.115624999999994],[26.84931640625001,39.05673828125],[26.80830078125001,39.013916015625],[26.81494140625,38.960986328124996],[26.8662109375,38.92294921875],[26.920312500000023,38.934228515624994],[26.970117187500023,38.91904296875],[27.013671875,38.886865234374994],[26.9091796875,38.775781249999994],[26.790136718750006,38.736083984375],[26.763671875,38.709619140624994],[26.787695312500006,38.660205078124996],[26.795312500000023,38.626416015625],[26.837792968750023,38.557568359375],[26.906835937500006,38.481738281249996],[26.97041015625001,38.4478515625],[27.14423828125001,38.451953124999996],[27.0986328125,38.41572265625],[26.861425781250006,38.372949218749994],[26.769921875000023,38.38818359375],[26.727343750000017,38.418603515624994],[26.696386718750006,38.40537109375],[26.674218750000023,38.335742187499996],[26.64130859375001,38.352441406249994],[26.595019531250017,38.418603515624994],[26.6103515625,38.4869140625],[26.586523437500006,38.557031249999994],[26.513574218750023,38.6294921875],[26.441308593750023,38.6412109375],[26.377832031250023,38.624169921874994],[26.37226562500001,38.561914062499994],[26.4296875,38.440625],[26.416406250000023,38.36787109375],[26.343652343750023,38.370068359375],[26.29072265625001,38.277197265625],[26.332910156250023,38.242480468749996],[26.42792968750001,38.21435546875],[26.524707031250017,38.162255859374994],[26.582421875000023,38.149267578125],[26.62109375,38.1763671875],[26.68281250000001,38.19833984375],[26.807421875000017,38.138330078124994],[26.87861328125001,38.05478515625],[26.94384765625,38.062890624999994],[27.15869140625,37.986865234374996],[27.232421875,37.978662109374994],[27.254785156250023,37.88232421875],[27.224414062500017,37.725439453125],[27.07783203125001,37.6876953125],[27.067968750000006,37.65791015625],[27.14794921875,37.60361328125],[27.203906250000017,37.49140625],[27.21923828125,37.38916015625],[27.28955078125,37.348681640624996],[27.376269531250017,37.340722656249994],[27.40058593750001,37.30673828125],[27.520117187500006,37.24912109375],[27.535058593750023,37.163867187499996],[27.3681640625,37.122412109375],[27.300195312500023,37.126855468749994],[27.24970703125001,37.079150390624996],[27.262988281250017,36.9765625],[27.31103515625,36.981884765625],[27.348925781250017,37.019580078124996],[27.668359375000023,37.007421875],[28.133691406250023,37.0294921875],[28.24238281250001,37.029052734375],[28.224414062500017,36.996386718749996],[28.0830078125,36.920263671875],[28.00537109375,36.831982421875],[27.934472656250023,36.80927734375],[27.630859375,36.786669921874996],[27.5546875,36.75888671875],[27.466894531250006,36.746337890625],[27.453906250000017,36.712158203125],[27.540429687500023,36.684228515624994],[27.655859375000006,36.674609374999996],[27.803808593750006,36.736474609374994],[28.083984375,36.75146484375],[28.01416015625,36.670214843749996],[28.019433593750023,36.63447265625],[28.11152343750001,36.646386718749994],[28.195605468750017,36.686328124999996],[28.3037109375,36.811962890625],[28.48359375000001,36.80380859375],[28.717675781250023,36.70087890625],[28.81689453125,36.67529296875],[28.895898437500023,36.673583984375],[28.969628906250023,36.71533203125],[29.03828125000001,36.69345703125],[29.05810546875,36.638134765625],[29.065527343750006,36.590087890625],[29.116113281250023,36.5201171875],[29.14326171875001,36.397216796875],[29.2236328125,36.324462890625],[29.34833984375001,36.258837890624996],[29.689062500000006,36.156689453125],[29.78925781250001,36.16806640625],[30.08320312500001,36.249365234375],[30.23164062500001,36.30732421875],[30.29541015625,36.2876953125],[30.387304687500006,36.24326171875],[30.446093750000017,36.269873046875],[30.48359375000001,36.310400390625],[30.50605468750001,36.451123046875],[30.558496093750023,36.525830078125],[30.58203125,36.797167968749996],[30.64404296875,36.865673828125],[30.950292968750006,36.848681640624996],[31.240625000000023,36.821728515625],[31.3525390625,36.801074218749996],[31.777929687500006,36.61279296875],[32.02197265625,36.535302734374994],[32.13056640625001,36.449121093749994],[32.283789062500006,36.267871093749996],[32.37773437500002,36.183642578124996],[32.533789062500006,36.100732421874994],[32.79482421875002,36.035888671875],[32.92949218750002,36.095703125],[33.09951171875002,36.102978515625],[33.44179687500002,36.15283203125],[33.52275390625002,36.143994140625],[33.69472656250002,36.181982421875],[33.95488281250002,36.295214843749996],[34.0234375,36.340771484375],[34.29960937500002,36.60419921875],[34.60136718750002,36.784472656249996],[34.70361328125,36.816796874999994],[34.81123046875001,36.799267578125],[34.94316406250002,36.72568359375],[35.17617187500002,36.63486328125],[35.393164062500006,36.5751953125],[35.53740234375002,36.597021484375],[35.625585937500006,36.652783203125],[35.6611328125,36.72431640625],[35.73427734375002,36.763964843749996],[35.80156250000002,36.778076171875],[35.90458984375002,36.847607421875],[36.048925781250006,36.910595703125],[36.13515625000002,36.851611328124996],[36.18007812500002,36.8072265625],[36.18818359375001,36.743066406249994],[36.1884765625,36.658984374999996],[36.03173828125,36.522705078125],[35.8828125,36.40634765625],[35.81093750000002,36.309863281249996],[35.88710937500002,36.159082031249994],[35.95693359375002,35.99814453125],[35.892675781250006,35.916552734374996],[35.83964843750002,35.84921875],[35.76445312500002,35.571582031249996],[35.902441406250006,35.420703124999996],[35.916015625,35.350537109375],[35.918066406250006,35.29951171875],[35.94306640625001,35.223828125],[35.88994140625002,35.060302734375],[35.88789062500001,34.948632812499994],[35.89931640625002,34.852099609374996],[35.97626953125001,34.629199218749996],[35.97792968750002,34.547412109374996],[35.92138671875,34.493310546874994],[35.804296875000006,34.437402343749994],[35.64785156250002,34.2482421875],[35.61181640625,34.032177734375],[35.510839843750006,33.879736328125],[35.33574218750002,33.503466796874996],[35.25136718750002,33.392626953124996],[35.20351562500002,33.258984375],[35.15507812500002,33.160009765625],[35.10859375000001,33.08369140625],[35.07705078125002,32.967187499999994],[35.005859375,32.826611328125],[34.921875,32.614062499999996],[34.803808593750006,32.196337890624996],[34.67841796875001,31.895703124999997],[34.483984375000006,31.59228515625],[34.47734375000002,31.584863281249994],[34.387304687500006,31.483789062499994],[34.19814453125002,31.322607421875],[34.17626953125,31.303906249999997],[33.90253906250001,31.180957031249996],[33.66650390625,31.130419921874996],[33.3779296875,31.13095703125],[33.1943359375,31.084521484374996],[33.15673828125,31.126220703125],[33.1298828125,31.168164062499997],[32.90156250000001,31.1109375],[32.8544921875,31.117724609374996],[32.6845703125,31.074023437499996],[32.60332031250002,31.068749999999994],[32.532812500000006,31.100732421874994],[32.32353515625002,31.256054687499997],[32.250585937500006,31.294921875],[32.21621093750002,31.293749999999996],[32.242773437500006,31.246533203124997],[32.281835937500006,31.200878906249997],[32.20654296875,31.119042968749994],[32.10175781250001,31.092822265624996],[32.06562500000001,31.152978515624994],[32.00849609375001,31.220507812499996],[31.90205078125001,31.240185546874997],[31.771093750000006,31.292578125],[31.875878906250023,31.413720703124994],[31.892187500000006,31.482470703124996],[32.07607421875002,31.344482421875],[32.13603515625002,31.341064453125],[31.964257812500023,31.502099609374994],[31.888964843750017,31.541406249999994],[31.839257812500023,31.526318359374997],[31.606542968750006,31.455761718749997],[31.5244140625,31.458251953125],[31.193945312500006,31.587597656249997],[31.082910156250023,31.603320312499996],[31.05195312500001,31.591552734375],[31.030859375000006,31.507568359375],[31.001757812500017,31.462792968749994],[30.841406250000006,31.439892578124997],[30.700488281250017,31.403857421874996],[30.56298828125,31.4169921875],[30.884179687500023,31.522363281249994],[30.92353515625001,31.566845703124997],[30.57099609375001,31.472998046875],[30.395117187500006,31.4576171875],[30.34375,31.402734374999994],[30.312304687500017,31.35703125],[30.262304687500006,31.316845703124997],[30.22265625,31.2583984375],[30.127539062500006,31.255664062499996],[30.049414062500006,31.265429687499996],[29.929785156250006,31.227490234374997],[29.591601562500017,31.011523437499996],[29.428515625000017,30.927441406249997],[29.278906250000006,30.866943359375],[29.159960937500017,30.8345703125],[29.072070312500017,30.830273437499997],[28.972753906250006,30.856738281249996],[28.806933593750017,30.942675781249996],[28.51484375000001,31.050439453124994],[27.967578125000017,31.097412109375],[27.829980468750023,31.195019531249997],[27.6201171875,31.191748046875],[27.5400390625,31.212695312499996],[27.248046875,31.377880859374997],[26.768652343750006,31.470361328124994],[26.457324218750017,31.512109374999994],[25.89326171875001,31.620898437499996],[25.382226562500023,31.51279296875],[25.225488281250023,31.5337890625],[25.150488281250006,31.654980468749997],[25.115039062500017,31.712304687499994],[25.025000000000006,31.883349609374996],[24.95068359375,31.9537109375],[24.878515625000006,31.984277343749994],[24.683886718750017,32.015966796875],[24.479785156250017,31.996533203124997],[24.129687500000017,32.009228515625],[24.038964843750023,32.037011718749994],[23.8984375,32.127197265625],[23.797656250000017,32.15869140625],[23.28632812500001,32.213818359375],[23.106250000000017,32.331445312499994],[23.110449218750006,32.397412109375],[23.129687500000017,32.448144531249994],[23.090625000000017,32.61875],[22.916894531250023,32.687158203124994],[22.75410156250001,32.740527343749996],[22.5234375,32.7939453125],[22.340625000000017,32.8798828125],[22.187402343750023,32.918261718749996],[21.839453125000006,32.908642578125],[21.72138671875001,32.94248046875],[21.63593750000001,32.937304687499996],[21.424707031250023,32.799169921875],[21.318750000000023,32.777685546875],[21.062304687500017,32.775537109374994],[20.62109375,32.58017578125],[20.37060546875,32.43076171875],[20.121484375000023,32.21875],[20.03095703125001,32.107861328125],[19.973437500000017,31.999072265624996],[19.926367187500006,31.817529296874994],[19.961230468750017,31.556005859375],[20.02001953125,31.41064453125],[20.103808593750017,31.300537109375],[20.14111328125,31.195507812499997],[20.150976562500006,31.07861328125],[20.11152343750001,30.963720703125],[20.01318359375,30.800683593749994],[19.713281250000023,30.48837890625],[19.58984375,30.413769531249997],[19.29169921875001,30.2880859375],[19.12373046875001,30.26611328125],[18.936425781250023,30.290429687499994],[18.669824218750023,30.415673828124994],[18.1904296875,30.777294921874997],[17.949316406250006,30.851904296875],[17.830468750000023,30.927587890625],[17.349218750000006,31.081494140624997],[16.781542968750017,31.214746093749994],[16.450976562500017,31.227294921875],[16.123046875,31.264453124999996],[15.832226562500011,31.360986328124994],[15.705957031250023,31.426416015624994],[15.595800781250006,31.531103515625],[15.496386718750017,31.656787109374996],[15.4140625,31.834228515625],[15.363085937500017,31.97119140625],[15.359082031250011,32.15966796875],[15.266894531250017,32.311669921874994],[15.176562500000017,32.391162109374996],[14.513378906250011,32.511083984375],[14.423828125,32.55029296875],[14.237109375000017,32.68125],[14.155664062500023,32.709765624999996],[13.835351562500023,32.791796874999996],[13.647753906250017,32.798828125],[13.536328125000011,32.824267578124996],[13.283496093750017,32.9146484375],[13.138085937500023,32.897363281249994],[12.753515625000006,32.801074218749996],[12.427050781250017,32.8291015625],[12.279882812500006,32.858544921874994],[11.8134765625,33.093701171875],[11.657128906250023,33.118896484375],[11.504589843750011,33.181933593749996],[11.400585937500011,33.224902343749996],[11.338085937500011,33.20947265625],[11.234277343750023,33.23359375],[11.20263671875,33.24921875],[11.232128906250011,33.27158203125],[11.269921875000023,33.286328125],[11.257421875000006,33.308837890625],[11.150292968750023,33.36923828125],[11.084570312500006,33.562890624999994],[10.9580078125,33.626318359375],[10.8984375,33.53369140625],[10.828125,33.518896484375],[10.722753906250006,33.514404296875],[10.704296875000011,33.609667968749996],[10.713183593750017,33.689013671874996],[10.454296875000011,33.662499999999994],[10.305273437500006,33.728271484375],[10.158984375000017,33.850048828125],[10.049023437500011,34.056298828124994],[10.0400390625,34.14033203125],[10.064843750000023,34.21162109375],[10.118359375000011,34.280078124999996],[10.200390625000011,34.346044921875],[10.534863281250011,34.544726562499996],[10.69091796875,34.678466796875],[10.8662109375,34.884326171874996],[10.955859375000017,35.033642578125],[11.1201171875,35.240283203124996],[11.043261718750017,35.335107421874994],[11.031542968750017,35.453857421875],[11.000683593750011,35.551611328125],[11.004296875000023,35.633837890624996],[10.78369140625,35.7720703125],[10.68896484375,35.79951171875],[10.5908203125,35.887255859374996],[10.505761718750023,36.032421875],[10.4765625,36.175146484375],[10.487988281250011,36.2548828125],[10.525683593750017,36.32333984375],[10.642382812500017,36.41962890625],[10.798144531250017,36.493115234375],[10.967187500000023,36.743017578125],[11.056542968750023,36.841455078124994],[11.126660156250011,36.874072265624996],[11.077050781250023,36.966699218749994],[11.053906250000011,37.072509765625],[10.951367187500011,37.05927734375],[10.766210937500006,36.9302734375],[10.5712890625,36.879443359374996],[10.518164062500006,36.791357421875],[10.412304687500011,36.731835937499994],[10.293261718750017,36.781494140625],[10.334082031250006,36.865380859374994],[10.188769531250017,37.03388671875],[10.196386718750006,37.205859374999996],[10.08740234375,37.251269531249996],[9.988085937500017,37.257763671875],[9.875585937500006,37.254150390625],[9.87939453125,37.212841796875],[9.896386718750023,37.181640625],[9.830273437500011,37.1353515625],[9.783984375000017,37.21142578125],[9.815527343750006,37.254638671875],[9.838476562500006,37.308984374999994],[9.758886718750006,37.3302734375],[9.68798828125,37.340380859374996],[9.141992187500023,37.194628906249996],[9.058886718750017,37.155859375],[8.823535156250017,36.997607421874996],[8.576562500000023,36.93720703125],[8.127148437500011,36.9103515625],[7.910449218750017,36.856347656249994],[7.791601562500006,36.880273437499994],[7.607714843750017,36.999755859375],[7.432421875000017,37.05927734375],[7.204296875000011,37.0923828125],[7.238476562500011,36.968505859375],[7.143457031250023,36.943359375],[6.927539062500017,36.91943359375],[6.575878906250011,37.00302734375],[6.486523437500011,37.085742187499996],[6.327832031250011,37.046044921874994],[6.249121093750006,36.938330078125],[6.064746093750017,36.8642578125],[5.725488281250023,36.799609374999996],[5.424609375000017,36.675439453124994],[5.29541015625,36.648242187499996],[5.195605468750017,36.676806640624996],[4.995410156250017,36.808056640625],[4.877832031250023,36.86240234375],[4.758105468750017,36.896337890625],[3.7790039062500114,36.89619140625],[3.5205078125,36.7951171875],[2.9728515625000114,36.784472656249996],[2.846484375000017,36.7388671875],[2.5933593750000057,36.60068359375],[2.3428710937500057,36.610302734375],[1.9745117187500227,36.567578125],[1.2572265625000227,36.519580078124996],[0.9716796875,36.4439453125],[0.790820312500017,36.35654296875],[0.514941406250017,36.26181640625],[0.31220703125001137,36.162353515625],[0.15166015625001705,36.063134765624994],[0.047949218750005684,35.900537109374994],[-0.048242187499994316,35.832812499999996],[-0.18916015624998295,35.819091796875],[-0.35078124999998295,35.863183593749994],[-0.42612304687497726,35.8615234375],[-0.91748046875,35.668408203125],[-1.0876953124999886,35.578857421875],[-1.2053710937499886,35.495751953124994],[-1.3358398437499943,35.3642578125],[-1.4837402343749773,35.303076171875],[-1.6736328124999886,35.18310546875],[-1.913281249999983,35.09423828125],[-2.017773437499983,35.08505859375],[-2.2196289062499943,35.10419921875],[-2.4237304687499943,35.123486328125],[-2.6368164062499773,35.112695312499994],[-2.731396484374983,35.135205078125],[-2.8399414062499773,35.127832031249994],[-2.8695312499999943,35.172656249999996],[-2.925976562499983,35.287109375],[-2.95361328125,35.31513671875],[-2.957958984374983,35.363085937499996],[-2.9722167968749886,35.407275390624996],[-3.0630859374999773,35.317236328125],[-3.206005859374983,35.239111328125],[-3.394726562499983,35.211816406249994],[-3.5906249999999886,35.228320312499996],[-3.6932617187499943,35.27998046875],[-3.7879882812499943,35.244921874999996],[-3.982421875,35.243408203125],[-4.329980468749994,35.161474609375],[-4.628320312499994,35.206396484375],[-4.837207031249989,35.281298828124996],[-5.105371093749994,35.4677734375],[-5.252685546875,35.61474609375],[-5.337646484375,35.74521484375],[-5.337646484375,35.85654296875],[-5.27783203125,35.902734374999994],[-5.397363281249994,35.9298828125],[-5.522265624999989,35.86201171875],[-5.622851562499989,35.828906249999996],[-5.747949218749994,35.815966796874996],[-5.9248046875,35.785791015624994],[-5.957568359374989,35.68115234375],[-6.353124999999977,34.77607421875],[-6.755761718749994,34.13291015625],[-6.900976562499977,33.969042968749996],[-7.144677734374994,33.830322265625],[-7.562353515624977,33.640283203124994],[-8.301171874999994,33.374365234375],[-8.512841796874994,33.25244140625],[-8.596289062499977,33.187158203124994],[-8.836230468749989,32.920458984374996],[-9.245849609375,32.5724609375],[-9.249121093749977,32.48583984375],[-9.286572265624983,32.240576171875],[-9.347460937499989,32.086376953125],[-9.674951171874994,31.710986328124996],[-9.808691406249977,31.424609374999996],[-9.833349609374977,31.069628906249996],[-9.832421874999994,30.847265625],[-9.87548828125,30.717919921874994],[-9.853906249999994,30.644580078124996],[-9.773144531249983,30.603125],[-9.652929687499977,30.447558593749996],[-9.623828124999989,30.35263671875],[-9.667089843749977,30.109277343749994],[-9.743457031249989,29.958203124999997],[-9.852636718749977,29.809228515624994],[-10.010498046875,29.641406249999996],[-10.200585937499994,29.38037109375],[-10.486474609374994,29.06494140625],[-10.583243609678394,29],[32.63209140022494,29],[32.63808593750002,29.182177734374996],[32.59902343750002,29.321923828124994],[32.565039062500006,29.386328125],[32.39726562500002,29.5337890625],[32.35976562500002,29.630664062499996],[32.40859375000002,29.749316406249996],[32.48945312500001,29.851513671874997],[32.47304687500002,29.925439453124994],[32.56572265625002,29.973974609375],[32.64716796875001,29.7984375],[32.72148437500002,29.521777343749996],[32.766699218750006,29.449999999999996],[32.81171875000001,29.4],[32.87060546875,29.28623046875],[33.075781250000006,29.073046874999996],[33.11770511334366,29],[34.673490680803575,29],[34.736425781250006,29.27060546875],[34.84853515625002,29.43212890625],[34.904296875,29.477343749999996],[34.97343750000002,29.555029296875],[34.98222656250002,29.48447265625],[34.950781250000006,29.353515625],[34.866083661967764,29]]]]},"properties":{"source_attribution":"Natural Earth public domain land data, https://www.naturalearthdata.com/. Changes made: clipped to Europe + Mediterranean display bounds and converted to GeoJSON."}}
]}